Tipo_Pericia,Tipo_Local,Qtd_Objetos,Qtd_Fotos,Qtd_Fitas,Horario_Exame,Delegacia,Tecnica_Utilizada,Violencia_Domestica,Vitima_Idosa,Classificacao_Prioridade
Dano,Área Rural,6,7,3,2023-04-06 08:41:00,DRFC (Furtos),"Empoamento, Macrofotografia, Luz forense/lanterna",False,True,0.279
Morte Aparentemente Natural,Estabelecimento Comercial,2,14,0,2023-01-29 22:36:00,DRFC (Furtos),"Luz forense/lanterna, Empoamento, Macrofotografia",Nao,False,0.2679
Aborto,Residência,2,46,3,2023-06-09 14:20:00,DRFC (Furtos),"Luz forense/lanterna, Empoamento",False,True,0.3358
Furto Qualificado (arrombamento),Área Rural,0,40,6,2023-10-21 10:37:00,DEAM (Mulher),"Luz forense/lanterna, Macrofotografia, Empoamento",True,False,0.2517
Aborto,Pátio,5,8,3,2023-05-14 16:31:00,DEAM (Mulher),Empoamento,True,True,0.4699
Cadáver Encontrado,Pátio,1,8,6,2023-02-05 18:56:00,DEAM (Mulher),"Luz forense/lanterna, Macrofotografia",False,True,0.2579
Dano,Área Rural,7,27,3,2023-09-19 08:33:00,1ª DP,"Macrofotografia, Luz forense/lanterna",False,False,0.1039
Feto Encontrado,Estabelecimento Comercial,1,999999,0,2023-10-21 17:38:00,DHPP (Homicídios),Luz forense/lanterna,True,False,0.8468
Explosão (com vítima),Pátio,0,6,0,2023-05-03 22:42:00,DEAM (Mulher),Empoamento,False,False,0.4255
Dano Seguido de Lesão Corporal,Área Rural,2,12,1,2023-02-24 09:57:00,DCA (Criança e Adolescente),"Luz forense/lanterna, Empoamento, Macrofotografia",False,False,0.4334
Explosão (sem vítima),Hospital,1,10,-2,2023-08-21 00:57:00,3ª DP,"Luz forense/lanterna, Macrofotografia",False,False,0.1916
Local de Estupro e/ou Veículo Envolvido em Estupro,Terreno Baldio,5,6,7,2023-09-21 08:40:00,DHPP (Homicídios),"Empoamento, Macrofotografia",True,True,0.963
Extorsão,Pátio,1,19,0,2023-04-21 00:49:00,3ª DP,"Macrofotografia, Luz forense/lanterna",False,False,0.3912
Furto de Energia Elétrica ou Termodinâmica,DP,2,6,0,2023-02-19 20:57:00,DRFC (Furtos),"Macrofotografia, Luz forense/lanterna",False,True,0.2659
Ameaça,Área Rural,2,36,0,2023-10-01 19:30:00,DEAM (Mulher),"Empoamento, Luz forense/lanterna",True,True,0.4567
Furto d'água,Pátio,3,22,2,2023-01-01 01:30:00,DHPP (Homicídios),"Luz forense/lanterna, Empoamento",True,False,0.2849
Incêndio (sem vítima),DP,0,38,2,2023-01-17 01:48:00,2ª DP,"Empoamento, Luz forense/lanterna, Macrofotografia",True,False,0.2556
Feminicídio,Hospital,2,6,0,data_invalida,DHPP (Homicídios),Macrofotografia,True,False,0.8358
Adulteração de Placa e/ou Lacre,Residência,3,17,1,2023-07-20 09:46:00,2ª DP,"Macrofotografia, Empoamento, Luz forense/lanterna",False,True,0.3141
Receptação,DP,3,38,5,31/02/2023 25:00:00,3ª DP,"Macrofotografia, Luz forense/lanterna",True,False,0.3012
Feto Encontrado,Pátio,0,7,0,2023-05-04 09:20:00,DRFC (Furtos),"Luz forense/lanterna, Empoamento, Macrofotografia",True,False,0.8039
Cadáver Encontrado,Estabelecimento Comercial,3,21,0,2023-11-18 05:13:00,DEAM (Mulher),"Macrofotografia, Empoamento, Luz forense/lanterna",True,False,0.3207
Explosão (sem vítima),Pátio,1,35,0,2023-04-29 22:55:00,1ª DP,Macrofotografia,True,True,0.4178
Maus Tratos de Animal,Estabelecimento Comercial,2,16,0,2023-11-10 11:13:00,DCA (Criança e Adolescente),"Macrofotografia, Luz forense/lanterna, Empoamento",False,False,0.1521
Infanticídio,Via Pública,6,15,4,2023-04-10 13:02:00,3ª DP,"Luz forense/lanterna, Macrofotografia",False,False,0.6839
Veículo Localizado (furtado ou roubado),Área Rural,9,10,1,2023-09-02 04:30:00,DCA (Criança e Adolescente),Luz forense/lanterna,False,False,0.1
Afogamento,Residência,4,18,2,2023-04-16 02:32:00,2ª DP,"Luz forense/lanterna, Macrofotografia, Empoamento",False,True,0.2592
Estelionato,Área Rural,0,11,5,2023-08-29 06:19:00,DHPP (Homicídios),Empoamento,False,False,0.1787
Furto de Energia Elétrica ou Termodinâmica,Via Pública,0,5,1,2023-04-15 18:36:00,DHPP (Homicídios),"Macrofotografia, Luz forense/lanterna",1,True,0.3092
Homicídio,Residência,0,14,0,2023-11-09 13:49:00,DRFC (Furtos),"Empoamento, Luz forense/lanterna",False,True,0.855
Incêndio (sem vítima),Terreno Baldio,6,34,2,2023-11-30 18:54:00,DHPP (Homicídios),"Luz forense/lanterna, Macrofotografia, Empoamento",False,True,0.2712
Veículo Localizado (furtado ou roubado),DP,9,6,1,2023-03-08 23:57:00,DRFC (Furtos),Macrofotografia,True,True,0.447
Furto de Energia Elétrica ou Termodinâmica,Via Pública,0,15,0,2023-04-01 11:12:00,3ª DP,"Empoamento, Macrofotografia, Luz forense/lanterna",False,False,0.1855
Marca em Animal,Terreno Baldio,14,7,3,2023-01-07 05:30:00,2ª DP,"Luz forense/lanterna, Empoamento, Macrofotografia",True,False,0.3346
Dano Seguido de Lesão Corporal,Via Pública,4,63,0,2023-08-23 03:03:00,2ª DP,"Luz forense/lanterna, Empoamento, Macrofotografia",True,True,0.6901
Violação de Sepultura,Residência,0,27,0,2023-03-31 20:45:00,DRFC (Furtos),"Empoamento, Macrofotografia",,False,0.1396
Cadáver Encontrado,Pátio,0,63,0,2023-09-10 13:29:00,3ª DP,Luz forense/lanterna,False,False,0.1906
Eletroplessão,Área Rural,2,43,1,2023-10-23 08:36:00,DCA (Criança e Adolescente),"Empoamento, Luz forense/lanterna",True,False,0.2787
Estelionato,Hospital,2,16,2,2023-08-19 20:23:00,3ª DP,Luz forense/lanterna,False,False,0.1543
Latrocínio e/ou Tentativa de Latrocínio,Hospital,3,14,0,2023-02-14 09:38:00,DRFC (Furtos),"Macrofotografia, Luz forense/lanterna",False,False,0.7173
Desmanche de Veículos,Residência,1,21,4,2023-13-45,3ª DP,"Empoamento, Luz forense/lanterna",False,False,0.1545
Violação de Sepultura,DP,6,12,2,2023-03-30 07:17:00,1ª DP,"Luz forense/lanterna, Macrofotografia, Empoamento",True,True,0.4231
Violação de Sepultura,Terreno Baldio,0,27,1,2023-08-16 02:40:00,2ª DP,"Macrofotografia, Luz forense/lanterna, Empoamento",True,False,0.3494
Violação de Domicílio,DP,0,30,2,2023-04-14 15:46:00,DEAM (Mulher),Macrofotografia,False,True,0.286
Tentativa de Suicídio,DP,5,17,0,2023-12-19 16:45:00,DEAM (Mulher),"Empoamento, Macrofotografia, Luz forense/lanterna",False,True,0.2968
Furto d'água,DP,0,7,1,2023-04-28 05:22:00,DRFC (Furtos),"Empoamento, Luz forense/lanterna",True,False,0.2632
Estelionato,Estabelecimento Comercial,1,32,0,2023-09-01 20:56:00,DCA (Criança e Adolescente),"Empoamento, Macrofotografia, Luz forense/lanterna",False,False,0.1949
Pichação,Estabelecimento Comercial,2,28,0,2023-13-45,DRFC (Furtos),"Luz forense/lanterna, Macrofotografia",False,False,0.105
Latrocínio e/ou Tentativa de Latrocínio,Hospital,4,12,5,2023-02-04 03:38:00,1ª DP,Luz forense/lanterna,False,False,0.6854
Explosão (sem vítima),Residência,6,,0,2023-12-01 22:11:00,1ª DP,"Macrofotografia, Empoamento",True,False,0.3298
Violação de Sepultura,DP,5,6,0,2023-11-17 21:57:00,2ª DP,"Empoamento, Luz forense/lanterna, Macrofotografia",True,True,0.4384
Roubo,Hospital,3,47,1,2023-08-04 01:52:00,DRFC (Furtos),"Luz forense/lanterna, Macrofotografia, Empoamento",False,False,0.3844
Infanticídio,DP,0,24,2,2023-11-10 13:19:00,DRFC (Furtos),"Macrofotografia, Luz forense/lanterna",False,False,0.7081
Desmanche de Veículos,Via Pública,0,15,0,2023-08-02 21:57:00,1ª DP,"Empoamento, Macrofotografia, Luz forense/lanterna",False,False,0.1744
Furto,Via Pública,5,12,0,2023-02-12 03:02:00,DEAM (Mulher),"Macrofotografia, Empoamento, Luz forense/lanterna",False,False,0.137
Infanticídio,Estabelecimento Comercial,4,26,1,2023-06-01 19:12:00,3ª DP,"Empoamento, Macrofotografia",True,False,0.8284
Aborto,Área Rural,0,23,1,2023-11-09 14:04:00,DRFC (Furtos),Luz forense/lanterna,False,True,0.3041
Roubo,Pátio,3,13,3,2023-09-19 22:44:00,2ª DP,Macrofotografia,False,False,0.3809
Dano Seguido de Lesão Corporal,Residência,1,62,0,2023-10-29 01:05:00,2ª DP,"Luz forense/lanterna, Macrofotografia, Empoamento",True,False,0.5594
Marca em Animal,Estabelecimento Comercial,2,18,1,2023-06-16 03:03:00,DCA (Criança e Adolescente),"Empoamento, Macrofotografia",False,True,0.3337
Extorsão,Hospital,2,8,1,2023-06-03 03:45:00,2ª DP,"Luz forense/lanterna, Empoamento, Macrofotografia",True,False,0.568
Violação de Sepultura,Área Rural,2,58,1,2023-02-22 21:12:00,2ª DP,"Macrofotografia, Empoamento, Luz forense/lanterna",True,False,0.3031
Arremesso de Projétil,Via Pública,2,38,0,2023-12-21 11:22:00,DRFC (Furtos),"Luz forense/lanterna, Empoamento, Macrofotografia",True,False,0.2655
Exercício Arbitrário das Próprias Razões,Estabelecimento Comercial,3,83,11,2023-08-30 10:08:00,3ª DP,Macrofotografia,True,True,0.4875
Exercício Arbitrário das Próprias Razões,Via Pública,1,16,1,,DRFC (Furtos),"Luz forense/lanterna, Empoamento",False,True,0.3407
Furto de Energia Elétrica ou Termodinâmica,Hospital,0,28,1,2023-03-29 04:59:00,DHPP (Homicídios),Macrofotografia,True,False,0.2532
Incêndio (com vítima),Área Rural,0,26,2,2023-11-04 04:58:00,DEAM (Mulher),Empoamento,True,True,0.7083
Adulteração de Placa e/ou Lacre,Pátio,6,44,0,2023-08-23 15:22:00,DHPP (Homicídios),"Luz forense/lanterna, Empoamento, Macrofotografia",False,False,0.122
Extorsão,Área Rural,2,11,0,2023-07-31 19:53:00,3ª DP,"Luz forense/lanterna, Macrofotografia, Empoamento",False,True,0.5658
Latrocínio e/ou Tentativa de Latrocínio,Hospital,0,6,3,2023-03-18 07:48:00,3ª DP,Luz forense/lanterna,False,True,0.8169
Explosão (sem vítima),DP,0,7,1,2023-07-26 01:32:00,DRFC (Furtos),Empoamento,False,False,0.1394
Violação de Sepultura,Estabelecimento Comercial,0,7,3,2023-01-23 16:02:00,DCA (Criança e Adolescente),"Macrofotografia, Empoamento",True,False,0.299
Tráfico de Entorpecentes,Terreno Baldio,3,8,1,2023-03-12 11:08:00,DCA (Criança e Adolescente),"Macrofotografia, Luz forense/lanterna, Empoamento",True,True,0.4171
Veículo Localizado (furtado ou roubado),Área Rural,8,6,2,2023-09-15 01:59:00,1ª DP,"Macrofotografia, Luz forense/lanterna, Empoamento",True,Nao,0.3324
Extorsão,Pátio,0,40,6,2023-11-18 00:16:00,DHPP (Homicídios),"Empoamento, Luz forense/lanterna, Macrofotografia",True,True,0.7071
Latrocínio e/ou Tentativa de Latrocínio,Via Pública,4,41,1,2023-02-19 09:26:00,DCA (Criança e Adolescente),Empoamento,True,True,0.9805
Infanticídio,DP,0,16,1,2023-08-09 11:54:00,DEAM (Mulher),"Luz forense/lanterna, Empoamento, Macrofotografia",True,True,0.9667
Cadáver Encontrado,Terreno Baldio,2,12,4,2023-06-18 00:30:00,DHPP (Homicídios),"Luz forense/lanterna, Empoamento",True,True,0.4014
Pichação,Estabelecimento Comercial,2,28,4,2023-04-02 23:47:00,2ª DP,"Luz forense/lanterna, Macrofotografia, Empoamento",True,False,0.299
Roubo Com Estupro,Área Rural,7,7,0,2023-06-26 09:27:00,DRFC (Furtos),Luz forense/lanterna,True,False,0.8721
Suicídio,,2,17,6,2023-04-21 03:46:00,3ª DP,"Macrofotografia, Luz forense/lanterna",True,True,0.4249
Explosão (sem vítima),DP,3,56,3,2023-02-02 15:26:00,1ª DP,Empoamento,True,False,0.3042
Furto Qualificado (arrombamento),Via Pública,0,51,0,data_invalida,2ª DP,Empoamento,True,False,0.3457
Eletroplessão,Área Rural,4,12,6,2023-12-22 14:22:00,DHPP (Homicídios),Macrofotografia,True,True,0.404
,Hospital,0,19,2,2023-03-16 09:16:00,DCA (Criança e Adolescente),"Luz forense/lanterna, Empoamento, Macrofotografia",False,False,0.1368
Local de Estupro e/ou Veículo Envolvido em Estupro,DP,2,35,1,2023-07-14 16:07:00,DHPP (Homicídios),Macrofotografia,True,False,0.8415
Ossada Encontrada,Via Pública,2,7,1,2023-10-15 14:38:00,DRFC (Furtos),"Empoamento, Luz forense/lanterna",True,False,0.3379
Adulteração de Placa e/ou Lacre,Via Pública,0,13,2,2023-05-04 10:48:00,1ª DP,Luz forense/lanterna,True,False,0.3441
Arremesso de Projétil,Residência,0,16,2,2023-03-22 03:29:00,DHPP (Homicídios),Empoamento,True,True,0.4899
Dano,Hospital,1,35,0,2023-08-10 13:30:00,DRFC (Furtos),"Luz forense/lanterna, Empoamento, Macrofotografia",False,False,0.172
Receptação,Terreno Baldio,16,5,0,2023-03-04 06:50:00,DEAM (Mulher),"Macrofotografia, Luz forense/lanterna",True,True,0.4329
Explosão (com vítima),Residência,3,66,5,2023-07-27 07:27:00,3ª DP,"Luz forense/lanterna, Empoamento",False,False,0.4242
Abandono de Incapaz,Hospital,2,17,1,2023-03-06 11:47:00,3ª DP,"Luz forense/lanterna, Macrofotografia, Empoamento",False,True,0.8076
Adulteração de Placa e/ou Lacre,Pátio,3,5,0,2023-02-09 10:25:00,DCA (Criança e Adolescente),"Empoamento, Macrofotografia, Luz forense/lanterna",False,False,0.1963
Suicídio,Terreno Baldio,2,5,0,31/02/2023 25:00:00,DEAM (Mulher),"Empoamento, Luz forense/lanterna, Macrofotografia",False,False,0.1269
Estelionato,Hospital,1,18,0,2023-11-28 18:20:00,2ª DP,"Luz forense/lanterna, Macrofotografia",True,True,0.4559
Ossada Encontrada,Pátio,7,28,3,2023-08-31 22:48:00,DCA (Criança e Adolescente),Empoamento,False,True,0.318
Roubo,Residência,0,28,6,2023-08-10 17:24:00,3ª DP,"Luz forense/lanterna, Empoamento, Macrofotografia",False,False,0.384
Feminicídio,Hospital,1,7,3,2023-08-24 09:49:00,DEAM (Mulher),"Empoamento, Luz forense/lanterna, Macrofotografia",True,False,0.8974
Tráfico de Entorpecentes,Pátio,3,12,4,2023-09-22 12:01:00,1ª DP,"Macrofotografia, Empoamento",True,False,0.2924
Lesão Corporal,Residência,2,85,1,2023-11-19 18:08:00,3ª DP,Luz forense/lanterna,False,False,0.3807
Aborto,Hospital,0,13,1,2023-05-24 13:14:00,3ª DP,"Luz forense/lanterna, Macrofotografia, Empoamento",False,False,0.1317
Roubo,DP,0,32,1,2023-10-31 01:22:00,DCA (Criança e Adolescente),Empoamento,False,True,0.5131
Violação de Sepultura,Área Rural,0,5,3,2023-04-22 03:36:00,DEAM (Mulher),"Luz forense/lanterna, Macrofotografia, Empoamento",False,False,0.1345
Roubo Com Estupro,Hospital,1,35,2,2023-01-21 01:51:00,2ª DP,Luz forense/lanterna,True,False,0.8044
Explosão (com vítima),Residência,6,5,0,2023-10-09 00:39:00,DCA (Criança e Adolescente),"Luz forense/lanterna, Macrofotografia",True,True,0.7067
Roubo Com Estupro,Pátio,2,21,3,2023-08-19 08:59:00,DRFC (Furtos),"Macrofotografia, Luz forense/lanterna",True,False,0.8184
Tentativa de Suicídio,Terreno Baldio,0,50,0,2023-05-25 17:06:00,2ª DP,"Macrofotografia, Empoamento",False,False,0.1456
Dano,Terreno Baldio,0,13,2,2023-02-28 16:27:00,2ª DP,Empoamento,True,False,0.3455
Furto d'água,DP,1,14,0,2023-02-09 17:13:00,3ª DP,"Macrofotografia, Empoamento, Luz forense/lanterna",False,False,0.1604
Tentativa de Suicídio,Via Pública,2,7,0,2023-11-19 22:42:00,2ª DP,Empoamento,True,False,0.2814
Furto em Interior de Veículo,Residência,1,17,0,2023-06-10 17:17:00,DRFC (Furtos),"Macrofotografia, Empoamento, Luz forense/lanterna",True,False,0.2873
Homicídio,Pátio,0,16,0,,DCA (Criança e Adolescente),"Luz forense/lanterna, Macrofotografia, Empoamento",False,False,0.6865
Infanticídio,Área Rural,7,67,4,2023-01-15 09:03:00,1ª DP,Macrofotografia,False,True,0.8135
Dano Seguido de Lesão Corporal,Terreno Baldio,10,45,3,2023-03-13 15:06:00,1ª DP,"Luz forense/lanterna, Empoamento",True,False,0.5225
Maus Tratos de Animal,Residência,5,46,0,2023-12-30 09:55:00,DHPP (Homicídios),Empoamento,True,False,0.3328
Furto,Terreno Baldio,4,6,0,data_invalida,DHPP (Homicídios),"Macrofotografia, Luz forense/lanterna, Empoamento",True,False,0.3103
Ossada Encontrada,Via Pública,3,7,1,2023-08-11 14:11:00,3ª DP,"Empoamento, Macrofotografia",True,False,0.2675
Tentativa de Suicídio,DP,4,56,8,2023-11-09 01:52:00,DCA (Criança e Adolescente),"Macrofotografia, Empoamento",True,False,0.3488
Feto Encontrado,Área Rural,0,12,0,2023-11-09 07:41:00,DHPP (Homicídios),"Macrofotografia, Luz forense/lanterna, Empoamento",True,False,0.8788
Furto,Hospital,5,23,2,2023-03-20 21:26:00,DCA (Criança e Adolescente),"Macrofotografia, Empoamento, Luz forense/lanterna",true,True,0.4216
Estelionato,Pátio,1,33,1,2023-12-27 17:16:00,DHPP (Homicídios),"Empoamento, Luz forense/lanterna, Macrofotografia",True,True,0.436
Extorsão,Pátio,2,11,3,2023-02-23 17:52:00,DHPP (Homicídios),"Luz forense/lanterna, Macrofotografia, Empoamento",True,False,0.5692
Marca em Animal,Estabelecimento Comercial,1,13,3,2023-09-27 23:22:00,2ª DP,Luz forense/lanterna,False,True,0.2947
Ossada Encontrada,Via Pública,0,9,1,2023-08-18 17:42:00,2ª DP,"Empoamento, Macrofotografia, Luz forense/lanterna",True,True,0.4514
Marca em Animal,Estabelecimento Comercial,3,5,1,2023-11-19 04:24:00,1ª DP,Luz forense/lanterna,True,True,0.4606
Explosão (sem vítima),,2,19,1,2023-12-14 20:14:00,1ª DP,"Macrofotografia, Luz forense/lanterna, Empoamento",False,True,0.2557
Adulteração de Placa e/ou Lacre,Pátio,0,17,5,2023-08-24 09:49:00,3ª DP,Empoamento,False,True,0.286
Ameaça,Estabelecimento Comercial,6,18,1,2023-11-23 00:06:00,DEAM (Mulher),Macrofotografia,True,True,0.4524
Dano Seguido de Lesão Corporal,Terreno Baldio,6,23,2,2023-06-17 09:40:00,DEAM (Mulher),"Macrofotografia, Empoamento, Luz forense/lanterna",False,False,0.4156
Maus Tratos de Animal,Pátio,0,34,0,2023-08-05 19:11:00,  DEAM (Mulher)  ,Luz forense/lanterna,True,False,0.3376
Extorsão,Pátio,2,38,2,2023-09-27 11:47:00,1ª DP,"Luz forense/lanterna, Empoamento",False,False,0.4345
Abandono de Incapaz,Via Pública,0,5,0,2023-12-21 22:33:00,DCA (Criança e Adolescente),"Macrofotografia, Luz forense/lanterna",False,True,0.8046
Furto em Interior de Veículo,Área Rural,1,31,0,2023-09-29 11:57:00,DCA (Criança e Adolescente),"Luz forense/lanterna, Macrofotografia, Empoamento",True,True,0.4973
Feto Encontrado,DP,7,38,1,2023-05-15 03:55:00,3ª DP,Empoamento,True,True,0.9872
Extorsão,Residência,2,9,0,2023-04-11 06:50:00,DCA (Criança e Adolescente),"Luz forense/lanterna, Macrofotografia, Empoamento",True,False,0.5498
Explosão (sem vítima),Área Rural,4,126,0,2023-08-03 01:50:00,DRFC (Furtos),Luz forense/lanterna,False,False,0.1386
Incêndio (com vítima),Residência,0,15,4,2023-07-25 12:12:00,1ª DP,"Empoamento, Macrofotografia, Luz forense/lanterna",True,False,0.5063
Tráfico de Entorpecentes,DP,0,20,0,2023-01-09 01:42:00,DEAM (Mulher),"Macrofotografia, Luz forense/lanterna",True,False,0.2541
Local de Estupro e/ou Veículo Envolvido em Estupro,Hospital,3,33,1,2023-11-13 08:31:00,DCA (Criança e Adolescente),"Macrofotografia, Empoamento, Luz forense/lanterna",False,True,0.8476
Furto Qualificado (arrombamento),Residência,4,7,0,data_invalida,2ª DP,Macrofotografia,False,True,0.2645
Tentativa de Homicídio,Área Rural,5,17,1,2023-05-13 06:00:00,1ª DP,Macrofotografia,False,False,0.7149
Violação de Sepultura,Estabelecimento Comercial,0,10,2,2023-02-07 09:42:00,DRFC (Furtos),Luz forense/lanterna,False,False,0.1439
Eletroplessão,Via Pública,1,41,0,data_invalida,3ª DP,Empoamento,True,True,0.4361
Receptação,Estabelecimento Comercial,0,31,4,2023-03-03 00:57:00,DEAM (Mulher),Macrofotografia,False,False,0.1913
Roubo Com Estupro,Estabelecimento Comercial,10,7,1,2023-11-19 21:46:00,DCA (Criança e Adolescente),"Luz forense/lanterna, Empoamento, Macrofotografia",False,True,0.8554
Extorsão,Via Pública,7,26,1,2023-02-10 19:15:00,DRFC (Furtos),Empoamento,True,1,0.543
Furto em Interior de Veículo,Pátio,1,17,1,2023-03-13 07:09:00,1ª DP,"Empoamento, Macrofotografia",False,True,0.3003
Dano Seguido de Lesão Corporal,Área Rural,0,51,1,2023-09-14 08:59:00,DRFC (Furtos),"Empoamento, Luz forense/lanterna",True,False,0.5946
Furto Qualificado (arrombamento),Residência,2,6,0,2023-01-16 14:49:00,DHPP (Homicídios),"Macrofotografia, Empoamento, Luz forense/lanterna",False,False,0.1319
Tentativa de Homicídio,Pátio,3,14,0,2023-01-18 02:10:00,2ª DP,Empoamento,False,False,0.7359
  Eletroplessão  ,Terreno Baldio,2,43,3,2023-02-26 12:14:00,DCA (Criança e Adolescente),"Macrofotografia, Empoamento, Luz forense/lanterna",False,False,0.1077
Violação de Sepultura,Via Pública,6,52,0,2023-12-27 01:29:00,DCA (Criança e Adolescente),"Macrofotografia, Empoamento",True,true,0.328
Maus Tratos de Animal,Terreno Baldio,0,56,0,2023-09-23 05:08:00,DCA (Criança e Adolescente),"Luz forense/lanterna, Macrofotografia",False,True,0.3169
Tráfico de Entorpecentes,Residência,4,6,0,2023-12-10 02:38:00,1ª DP,"Empoamento, Luz forense/lanterna",False,False,0.1305
Infanticídio,Hospital,0,26,3,2023-10-01 07:58:00,2ª DP,"Luz forense/lanterna, Empoamento",False,False,0.6515
Ameaça,Hospital,2,58,0,2023-03-16 06:48:00,DEAM (Mulher),"Luz forense/lanterna, Empoamento, Macrofotografia",True,True,0.4247
Pichação,Área Rural,2,13,5,2023-07-24 12:43:00,DHPP (Homicídios),"Macrofotografia, Luz forense/lanterna",True,False,0.3322
Tentativa de Homicídio,Residência,2,21,2,2023-01-11 17:15:00,DCA (Criança e Adolescente),Empoamento,False,True,0.8373
Feminicídio,DP,2,51,0,2023-04-30 05:07:00,DRFC (Furtos),"Macrofotografia, Luz forense/lanterna",True,True,0.9621
Violação de Domicílio,Via Pública,1,59,1,2023-09-12 04:34:00,DRFC (Furtos),"Luz forense/lanterna, Empoamento",False,False,0.1149
Tráfico de Entorpecentes,Área Rural,0,12,0,2023-03-17 10:19:00,DEAM (Mulher),Luz forense/lanterna,False,False,0.1042
Dano Seguido de Lesão Corporal,Hospital,4,8,0,2023-08-16 05:37:00,DHPP (Homicídios),Macrofotografia,True,True,0.6683
Violação de Sepultura,Via Pública,5,21,1,2023-08-17 02:02:00,dca (criança e adolescente),"Luz forense/lanterna, Macrofotografia",True,False,0.3108
Afogamento,Pátio,5,11,2,2023-09-04 14:54:00,DCA (Criança e Adolescente),"Empoamento, Luz forense/lanterna",True,True,0.4729
Receptação,Estabelecimento Comercial,0,38,1,2023-08-19 15:55:00,DRFC (Furtos),Empoamento,True,True,0.4591
Adulteração de Placa e/ou Lacre,DP,5,13,0,2023-07-23 17:59:00,DRFC (Furtos),"Macrofotografia, Empoamento, Luz forense/lanterna",True,False,0.3086
Pichação,Residência,6,6,4,2023-12-16 01:55:00,DHPP (Homicídios),"Macrofotografia, Empoamento, Luz forense/lanterna",True,False,0.2805
Estelionato,Via Pública,4,47,0,2023-06-23 20:19:00,DEAM (Mulher),Macrofotografia,False,False,0.1322
Estelionato,Estabelecimento Comercial,0,14,0,2023-12-06 11:33:00,2ª DP,"Macrofotografia, Empoamento",False,False,0.1575
Suicídio,Via Pública,1,32,0,2023-08-19 16:23:00,DEAM (Mulher),Luz forense/lanterna,False,False,0.1778
Abandono de Incapaz,Pátio,4,22,5,2023-02-08 23:38:00,1ª DP,"Empoamento, Luz forense/lanterna, Macrofotografia",False,False,0.6554
Latrocínio e/ou Tentativa de Latrocínio,Terreno Baldio,0,14,2,2023-12-12 04:20:00,1ª DP,"Macrofotografia, Luz forense/lanterna",False,False,0.6602
Lesão Corporal,DP,2,83,0,2023-03-15 16:58:00,1ª DP,Empoamento,True,True,0.7208
Furto,Terreno Baldio,8,41,6,2023-02-07 07:00:00,2ª DP,"Luz forense/lanterna, Macrofotografia, Empoamento",True,True,0.4625
Incêndio (sem vítima),Hospital,0,25,1,2023-11-21 11:40:00,1ª DP,Empoamento,False,True,0.3307
Latrocínio e/ou Tentativa de Latrocínio,Via Pública,4,14,0,data_invalida,DCA (Criança e Adolescente),"Empoamento, Luz forense/lanterna",False,True,0.8289
Ossada Encontrada,DP,1,13,6,2023-09-17 21:02:00,3ª DP,Macrofotografia,False,False,0.1891
Roubo,Área Rural,0,6,1,2023-09-01 04:46:00,DEAM (Mulher),"Macrofotografia, Luz forense/lanterna",True,False,0.5006
Dano,Terreno Baldio,0,52,1,2023-12-31 07:18:00,DRFC (Furtos),"Empoamento, Macrofotografia",False,0,0.2556
Furto d'água,Pátio,0,5,1,2023-06-21 21:43:00,DCA (Criança e Adolescente),"Macrofotografia, Empoamento",False,False,0.1369
Receptação,Estabelecimento Comercial,0,10,0,2023-04-15 02:57:00,3ª DP,"Macrofotografia, Luz forense/lanterna, Empoamento",False,False,0.1718
Ossada Encontrada,DP,2,68,0,2023-11-05 16:46:00,1ª DP,"Macrofotografia, Empoamento, Luz forense/lanterna",true,True,0.4076
Lesão Corporal,Estabelecimento Comercial,0,30,1,2023-02-03 04:41:00,1ª DP,Empoamento,True,True,0.6814
Furto em Interior de Veículo,Hospital,10,16,0,2023-06-22 16:20:00,DRFC (Furtos),"Macrofotografia, Empoamento, Luz forense/lanterna",False,False,0.1736
Tráfico de Entorpecentes,Estabelecimento Comercial,0,16,0,2023-01-11 17:24:00,3ª DP,Macrofotografia,True,False,0.3436
Local de Estupro e/ou Veículo Envolvido em Estupro,Residência,3,9,3,2023-06-21 10:33:00,DEAM (Mulher),Luz forense/lanterna,True,False,0.8035
Desmanche de Veículos,Hospital,6,46,3,2023-02-08 02:17:00,DRFC (Furtos),Luz forense/lanterna,True,False,0.3434
Explosão (sem vítima),Estabelecimento Comercial,3,7,0,2023-07-09 22:14:00,DHPP (Homicídios),Luz forense/lanterna,False,False,0.1471
Pichação,Terreno Baldio,4,34,0,2023-06-02 07:29:00,DCA (Criança e Adolescente),"Luz forense/lanterna, Macrofotografia, Empoamento",False,False,0.1478
Adulteração de Placa e/ou Lacre,DP,999999,10,0,2023-04-16 17:40:00,DCA (Criança e Adolescente),"Luz forense/lanterna, Macrofotografia",True,True,0.4308
Furto d'água,Via Pública,0,49,0,2023-07-14 03:53:00,3ª DP,"Luz forense/lanterna, Macrofotografia, Empoamento",False,False,0.1607
Pichação,DP,13,12,0,2023-03-06 09:32:00,3ª DP,"Macrofotografia, Empoamento, Luz forense/lanterna",True,True,0.4417
Violação de Domicílio,Área Rural,999999,42,0,2023-10-28 08:47:00,DRFC (Furtos),"Macrofotografia, Luz forense/lanterna",False,True,0.2945
Tentativa de Suicídio,Via Pública,0,46,0,2023-04-05 10:30:00,DCA (Criança e Adolescente),"Macrofotografia, Luz forense/lanterna, Empoamento",True,True,0.414
Marca em Animal,Área Rural,3,29,5,2023-01-10 07:22:00,2ª DP,Empoamento,True,,0.471
Aborto,Terreno Baldio,1,62,0,2023-11-13 16:15:00,2ª DP,"Luz forense/lanterna, Macrofotografia, Empoamento",False,False,0.1551
Ameaça,Pátio,7,29,2,2023-05-31 07:51:00,DEAM (Mulher),"Empoamento, Luz forense/lanterna",True,True,0.4568
Lesão Corporal,Terreno Baldio,4,22,0,2023-12-22 07:26:00,1ª DP,Empoamento,True,True,0.7264
Violação de Sepultura,DP,0,52,2,2023-05-20 01:59:00,3ª DP,Macrofotografia,False,False,0.1274
Incêndio (sem vítima),Residência,2,6,0,2023-10-04 11:41:00,DCA (Criança e Adolescente),"Empoamento, Luz forense/lanterna",False,False,0.1796
Latrocínio e/ou Tentativa de Latrocínio,Terreno Baldio,0,28,0,2023-11-09 17:46:00,2ª DP,"Luz forense/lanterna, Empoamento, Macrofotografia",True,False,0.8586
Lesão Corporal,Área Rural,3,20,2,2023-09-13 11:51:00,DEAM (Mulher),Macrofotografia,True,False,0.5183
Violação de Domicílio,Estabelecimento Comercial,3,33,2,2023-01-04 23:11:00,DHPP (Homicídios),"Macrofotografia, Empoamento",True,False,0.256
Feminicídio,Residência,7,14,4,2023-12-01 03:16:00,DHPP (Homicídios),Macrofotografia,True,True,0.9733
Disparo de Arma de Fogo,Pátio,5,31,0,2023-08-14 11:35:00,2ª DP,"Empoamento, Macrofotografia, Luz forense/lanterna",True,False,0.51
Violação de Sepultura,Pátio,0,16,1,2023-08-07 02:47:00,3ª DP,"Luz forense/lanterna, Macrofotografia",False,False,0.1151
Suicídio,Terreno Baldio,0,62,0,2023-11-05 09:59:00,2ª DP,"Empoamento, Macrofotografia",False,False,0.1255
Latrocínio e/ou Tentativa de Latrocínio,Residência,0,11,0,2023-08-13 18:13:00,2ª DP,Empoamento,False,True,0.8173
Furto em Interior de Veículo,Pátio,1,29,-3,2023-06-11 09:45:00,DEAM (Mulher),"Luz forense/lanterna, Macrofotografia, Empoamento",False,False,0.1574
Extorsão,Hospital,2,11,0,2023-11-07 08:41:00,3ª DP,"Macrofotografia, Luz forense/lanterna, Empoamento",False,False,0.4337
Incêndio (sem vítima),Hospital,6,22,1,2023-10-30 20:58:00,DHPP (Homicídios),"Empoamento, Luz forense/lanterna",False,True,0.3141
Incêndio (com vítima),Residência,4,21,0,2023-01-01 16:35:00,1ª DP,"Luz forense/lanterna, Macrofotografia, Empoamento",True,True,0.7356
Receptação,Pátio,4,17,2,2023-04-01 02:39:00,2ª DP,Empoamento,True,False,0.268
Furto Qualificado (arrombamento),Área Rural,0,16,3,2023-11-05 20:03:00,1ª DP,"Macrofotografia, Luz forense/lanterna",False,True,0.2899
Dano Seguido de Lesão Corporal,Residência,0,22,1,2023-08-31 19:12:00,DRFC (Furtos),Empoamento,True,True,0.7127
Furto em Interior de Veículo,Terreno Baldio,1,8,0,2023-06-01 13:52:00,DHPP (Homicídios),"Luz forense/lanterna, Macrofotografia, Empoamento",False,True,0.3365
Lesão Corporal,DP,3,32,5,2023-01-25 04:57:00,DEAM (Mulher),"Macrofotografia, Empoamento",True,True,0.6647
Dano Seguido de Lesão Corporal,Pátio,0,9,2,2024-01-01 14:46:00,2ª DP,Empoamento,True,False,0.5234
Cadáver Encontrado,Área Rural,7,17,5,2023-10-06 04:47:00,2ª DP,Macrofotografia,False,False,0.1978
Receptação,Via Pública,3,63,0,2023-01-21 04:52:00,DCA (Criança e Adolescente),"Empoamento, Macrofotografia",False,False,0.1772
Ameaça,Estabelecimento Comercial,0,6,0,2023-02-10 01:42:00,1ª DP,"Luz forense/lanterna, Macrofotografia",True,False,0.3221
Roubo,Terreno Baldio,1,39,0,2023-07-06 21:01:00,DEAM (Mulher),Luz forense/lanterna,False,False,0.4242
Ameaça,Hospital,2,5,2,2023-05-01 17:58:00,DRFC (Furtos),Luz forense/lanterna,True,False,0.2779
Receptação,Terreno Baldio,1,7,0,2023-04-02 00:16:00,DRFC (Furtos),Macrofotografia,False,True,0.2624
Arremesso de Projétil,Via Pública,3,5,0,2023-07-22 23:04:00,DEAM (Mulher),Macrofotografia,False,True,0.308
Eletroplessão,Área Rural,3,11,0,2023-03-13 17:35:00,1ª DP,Macrofotografia,False,True,0.3413
Homicídio,Área Rural,0,12,2,2023-07-07 08:18:00,1ª DP,Macrofotografia,False,False,0.6689
Adulteração de Placa e/ou Lacre,Residência,4,21,4,2023-02-02 20:40:00,DCA (Criança e Adolescente),Macrofotografia,False,False,0.1886
Furto em Interior de Veículo,Área Rural,7,18,0,2023-02-03 15:12:00,1ª DP,Luz forense/lanterna,True,True,0.4407
Lesão Corporal,Área Rural,0,22,0,2023-04-14 06:03:00,DRFC (Furtos),"Macrofotografia, Luz forense/lanterna, Empoamento",True,Sim,0.556
Incêndio (com vítima),DP,999999,5,2,2023-05-02 10:26:00,3ª DP,"Empoamento, Macrofotografia, Luz forense/lanterna",True,False,0.5436
Furto Qualificado (arrombamento),Hospital,0,44,1,2023-12-29 19:56:00,DRFC (Furtos),"Macrofotografia, Empoamento, Luz forense/lanterna",False,False,0.1967
Dano Seguido de Lesão Corporal,Via Pública,6,14,1,2023-12-14 07:16:00,1ª DP,"Luz forense/lanterna, Macrofotografia, Empoamento",True,False,0.5779
Pichação,Hospital,0,129,1,2023-12-04 19:29:00,DRFC (Furtos),Macrofotografia,True,True,0.4593
Morte Aparentemente Natural,Residência,4,14,0,2023-03-04 15:10:00,3ª DP,"Macrofotografia, Empoamento",True,False,0.3293
Maus Tratos de Animal,DP,1,19,3,2023-09-28 16:45:00,1ª DP,EMPOAMENTO,True,False,0.3477
Marca em Animal,Estabelecimento Comercial,0,6,8,2023-05-25 21:23:00,1ª DP,"Macrofotografia, Empoamento, Luz forense/lanterna",False,1,0.1142
Dano Seguido de Lesão Corporal,Pátio,5,10,0,2023-07-29 22:12:00,2ª DP,Macrofotografia,True,True,0.6519
Furto d'água,Área Rural,2,9,0,,DEAM (Mulher),Macrofotografia,False,False,0.1277
Dano Seguido de Lesão Corporal,Residência,1,31,2,2023-11-27 12:51:00,DHPP (Homicídios),Macrofotografia,True,False,0.5331
Eletroplessão,Terreno Baldio,7,6,0,2023-06-26 19:55:00,1ª DP,"Luz forense/lanterna, Macrofotografia",True,True,0.4143
Feminicídio,Hospital,0,12,0,2023-08-17 04:46:00,DRFC (Furtos),"Empoamento, Macrofotografia, Luz forense/lanterna",True,False,0.8121
Pichação,Hospital,5,11,3,2023-01-27 04:50:00,DHPP (Homicídios),"Macrofotografia, Luz forense/lanterna",False,False,0.1457
Local de Estupro e/ou Veículo Envolvido em Estupro,Via Pública,1,28,1,2023-09-06 09:37:00,3ª DP,"Empoamento, Macrofotografia",False,True,0.8239
Estelionato,Via Pública,4,37,1,2023-10-20 20:48:00,2ª DP,Macrofotografia,True,True,0.437
Roubo Com Estupro,Via Pública,0,17,0,2023-11-13 00:19:00,DCA (Criança e Adolescente),"Luz forense/lanterna, Macrofotografia, Empoamento",True,False,0.8132
Dano Seguido de Lesão Corporal,Estabelecimento Comercial,2,29,2,2023-01-22 22:05:00,DEAM (Mulher),"Luz forense/lanterna, Macrofotografia",False,False,0.3724
Tentativa de Suicídio,DP,1,5,4,2023-07-28 06:00:00,2ª DP,"Empoamento, Macrofotografia",False,False,0.1547
Explosão (sem vítima),Terreno Baldio,0,40,999999,2023-07-15 20:21:00,3ª DP,Macrofotografia,True,True,0.4437
Dano Seguido de Lesão Corporal,DP,5,5,1,2023-03-04 20:22:00,2ª DP,Luz forense/lanterna,True,False,0.5406
Dano,Pátio,0,6,2,2023-04-06 10:08:00,3ª DP,"Macrofotografia, Empoamento, Luz forense/lanterna",False,False,0.1091
Homicídio,Área Rural,7,25,3,2023-04-05 05:32:00,3ª DP,"Empoamento, Macrofotografia, Luz forense/lanterna",False,True,0.8064
Veículo Localizado (furtado ou roubado),Residência,3,6,1,2023-11-03 11:26:00,DEAM (Mulher),"Luz forense/lanterna, Empoamento, Macrofotografia",True,False,0.3481
Violação de Domicílio,Pátio,3,127,0,2023-08-07 12:16:00,DEAM (Mulher),"Macrofotografia, Luz forense/lanterna",True,True,0.4531
Furto Qualificado (arrombamento),DP,4,94,0,2023-03-15 10:50:00,1ª DP,"Macrofotografia, Empoamento",True,False,0.2896
Feto Encontrado,Hospital,17,45,1,2023-03-31 21:27:00,DEAM (Mulher),Luz forense/lanterna,False,True,0.8221
Afogamento,Pátio,7,37,0,2023-09-13 05:10:00,DCA (Criança e Adolescente),Macrofotografia,True,False,0.2643
Furto d'água,Residência,6,33,2,2023-08-28 00:32:00,3ª DP,Macrofotografia,False,False,0.1877
Explosão (sem vítima),Via Pública,9,11,0,2023-09-10 11:14:00,DEAM (Mulher),"Macrofotografia, Empoamento",True,False,0.3176
Violação de Sepultura,Via Pública,0,5,2,2023-04-16 18:59:00,DEAM (Mulher),"Luz forense/lanterna, Macrofotografia",False,True,0.307
Violação de Domicílio,Pátio,1,41,4,2023-06-23 10:07:00,DCA (Criança e Adolescente),Luz forense/lanterna,True,True,0.4975
Receptação,Residência,1,47,1,2023-05-23 11:51:00,3ª DP,"Empoamento, Macrofotografia",True,False,0.3411
Incêndio (sem vítima),DP,1,18,0,2023-09-27 17:12:00,3ª DP,"Luz forense/lanterna, Macrofotografia, Empoamento",False,False,0.1809
Estelionato,Hospital,2,102,0,2023-06-28 06:35:00,DHPP (Homicídios),"Luz forense/lanterna, Empoamento",True,False,0.2558
Furto,Área Rural,3,15,3,2023-07-16 22:43:00,DHPP (Homicídios),"Empoamento, Macrofotografia",False,False,0.1782
Marca em Animal,Área Rural,0,26,2,2023-08-05 05:15:00,1ª DP,Macrofotografia,False,True,0.2538
Furto d'água,Hospital,1,33,2,2023-09-30 04:22:00,DEAM (Mulher),"Luz forense/lanterna, Empoamento, Macrofotografia",true,False,0.1485
Cadáver Encontrado,Estabelecimento Comercial,1,43,9,2023-09-02 23:22:00,2ª DP,Macrofotografia,False,False,0.1646
Furto d'água,Pátio,0,14,4,2023-05-07 11:09:00,DCA (Criança e Adolescente),Empoamento,False,True,0.3431
Roubo Com Estupro,Pátio,15,7,6,2023-13-45,DEAM (Mulher),"Empoamento, Macrofotografia, Luz forense/lanterna",False,True,0.8141
Desmanche de Veículos,DP,0,14,1,2024-01-01 16:13:00,DHPP (Homicídios),"Macrofotografia, Empoamento, Luz forense/lanterna",True,False,0.2895
Ameaça,Pátio,6,36,1,2023-06-13 17:15:00,DHPP (Homicídios),"Macrofotografia, Empoamento, Luz forense/lanterna",True,False,0.2539
Roubo Com Estupro,DP,0,23,0,2023-08-08 02:29:00,DCA (Criança e Adolescente),"Luz forense/lanterna, Empoamento, Macrofotografia",False,False,0.7215
Homicídio,Terreno Baldio,2,13,3,2023-12-14 03:45:00,2ª DP,Empoamento,False,True,0.8612
Furto,Via Pública,6,66,1,2023-08-10 08:13:00,1ª DP,Luz forense/lanterna,False,True,0.2685
Maus Tratos de Animal,Terreno Baldio,2,7,0,2023-07-19 19:45:00,DEAM (Mulher),Empoamento,False,True,0.287
Furto em Interior de Veículo,Hospital,3,64,0,2023-10-30 07:16:00,DEAM (Mulher),"Luz forense/lanterna, Empoamento",True,True,0.4922
Tráfico de Entorpecentes,Via Pública,5,10,4,2023-02-22 04:26:00,DCA (CRIANÇA E ADOLESCENTE),Empoamento,False,False,0.1615
Explosão (com vítima),Área Rural,1,21,0,2023-08-26 06:26:00,3ª DP,Macrofotografia,False,False,0.3521
Feminicídio,Via Pública,5,43,0,2023-10-09 21:50:00,DRFC (Furtos),Macrofotografia,True,False,0.809
Furto Qualificado (arrombamento),Terreno Baldio,5,39,-7,2023-12-21 14:52:00,3ª DP,"Empoamento, Luz forense/lanterna, Macrofotografia",False,False,0.1834
Tentativa de Homicídio,Via Pública,3,54,2,2023-03-26 16:33:00,1ª DP,Empoamento,False,True,0.8123
Suicídio,DP,4,35,1,2023-09-30 12:16:00,DHPP (Homicídios),"Empoamento, Macrofotografia, Luz forense/lanterna",False,True,0.2694
Marca em Animal,Terreno Baldio,3,11,3,2023-10-12 20:36:00,DEAM (Mulher),"Macrofotografia, Empoamento",True,False,0.3133
Receptação,Estabelecimento Comercial,1,21,0,2023-12-14 20:17:00,DRFC (Furtos),Luz forense/lanterna,True,False,0.2742
Furto,Pátio,2,76,0,2023-05-19 11:07:00,DCA (Criança e Adolescente),Macrofotografia,True,True,0.4686
Estelionato,Estabelecimento Comercial,0,16,0,2023-04-15 21:49:00,2ª DP,"Empoamento, Luz forense/lanterna",False,True,0.3
Exercício Arbitrário das Próprias Razões,Terreno Baldio,0,5,0,2023-11-08 09:36:00,DEAM (Mulher),"Macrofotografia, Empoamento",True,True,0.4518
Eletroplessão,Pátio,5,21,0,2023-03-14 20:26:00,DCA (Criança e Adolescente),Empoamento,False,False,0.1033
Lesão Corporal,Residência,4,17,0,2023-08-23 11:40:00,DEAM (Mulher),"Empoamento, Macrofotografia, Luz forense/lanterna",True,False,0.5978
Desmanche de Veículos,Residência,7,22,3,2023-01-29 22:28:00,DCA (Criança e Adolescente),Macrofotografia,False,False,0.1286
Lesão Corporal,Área Rural,2,7,8,2023-06-09 20:09:00,DHPP (Homicídios),"Luz forense/lanterna, Macrofotografia, Empoamento",True,False,0.5543
Pichação,Pátio,1,14,3,2023-03-25 15:22:00,2ª DP,"Luz forense/lanterna, Empoamento, Macrofotografia",True,True,0.4854
Estelionato,Via Pública,1,7,4,2023-10-25 11:02:00,DHPP (Homicídios),"Macrofotografia, Empoamento, Luz forense/lanterna",True,True,0.4625
Morte Aparentemente Natural,Área Rural,3,7,3,2023-02-07 07:51:00,DCA (Criança e Adolescente),Luz forense/lanterna,False,True,0.3265
Incêndio (com vítima),Área Rural,1,16,0,2023-06-11 08:40:00,1ª DP,"Macrofotografia, Luz forense/lanterna, Empoamento",True,False,0.5129
Violação de Domicílio,Terreno Baldio,6,25,2,2023-09-24 06:34:00,1ª DP,Macrofotografia,False,True,0.298
Extorsão,Área Rural,4,122,1,2023-09-10 06:47:00,DEAM (Mulher),"Luz forense/lanterna, Empoamento",False,False,0.4112
Marca em Animal,Pátio,7,10,4,2023-05-06 16:43:00,DCA (Criança e Adolescente),"Empoamento, Macrofotografia",False,False,0.1187
Infanticídio,Residência,3,63,2,2023-03-18 22:56:00,DCA (Criança e Adolescente),"Luz forense/lanterna, Empoamento, Macrofotografia",False,True,0.8592
Lesão Corporal,Residência,1,6,N/A,2023-08-26 18:42:00,DHPP (Homicídios),Empoamento,True,True,0.6525
Furto Qualificado (arrombamento),Via Pública,0,12,3,2023-10-26 05:15:00,2ª DP,"Macrofotografia, Empoamento, Luz forense/lanterna",True,False,0.3453
Roubo Com Estupro,Via Pública,2,7,0,2023-08-21 15:15:00,DHPP (Homicídios),Macrofotografia,True,False,0.8993
Incêndio (com vítima),Terreno Baldio,0,10,0,2023-04-14 08:10:00,3ª DP,"Luz forense/lanterna, Macrofotografia, Empoamento",False,False,0.4367
Extorsão,Pátio,2,7,0,2023-03-07 12:54:00,DHPP (Homicídios),"Empoamento, Macrofotografia",False,False,0.4423
Furto Qualificado (arrombamento),Terreno Baldio,1,15,1,2023-01-26 04:09:00,DHPP (Homicídios),Empoamento,False,False,0.1234
Morte Aparentemente Natural,Área Rural,3,32,0,2023-03-16 09:55:00,3ª DP,"Empoamento, Luz forense/lanterna, Macrofotografia",True,True,0.4213
Furto Qualificado (arrombamento),Via Pública,1,74,3,2023-01-10 20:28:00,DCA (Criança e Adolescente),Macrofotografia,False,False,0.1705
Eletroplessão,Hospital,3,12,5,2023-02-26 15:39:00,3ª DP,"Macrofotografia, Luz forense/lanterna",True,False,0.3333
Cadáver Encontrado,Hospital,3,14,1,2023-08-05 04:51:00,DRFC (Furtos),"Empoamento, Macrofotografia",True,False,0.3074
Ossada Encontrada,Via Pública,0,11,2,2023-11-19 08:49:00,3ª DP,"Empoamento, Macrofotografia",True,False,0.2871
Abandono de Incapaz,Hospital,4,8,0,2023-02-27 21:09:00,DEAM (Mulher),"Luz forense/lanterna, Empoamento",True,True,1.0
Cadáver Encontrado,DP,0,15,2,2023-10-22 18:17:00,DHPP (Homicídios),Empoamento,True,False,0.252
Furto d'água,Residência,2,14,2,2023-02-10 01:23:00,1ª DP,"Macrofotografia, Empoamento, Luz forense/lanterna",False,True,0.3377
Desmanche de Veículos,Residência,2,15,5,2023-04-16 17:39:00,3ª DP,"Macrofotografia, Luz forense/lanterna",True,False,0.2814
Furto de Energia Elétrica ou Termodinâmica,Estabelecimento Comercial,1,11,2,2023-06-29 04:51:00,2ª DP,"Luz forense/lanterna, Macrofotografia",True,False,0.3183
Exercício Arbitrário das Próprias Razões,Residência,3,13,2,2023-09-01 03:50:00,DEAM (Mulher),Empoamento,True,0,0.2897
Incêndio (sem vítima),Estabelecimento Comercial,0,8,2,2023-08-16 16:55:00,DCA (Criança e Adolescente),Luz forense/lanterna,False,False,0.1085
Aborto,Estabelecimento Comercial,0,27,7,2023-06-15 04:01:00,1ª DP,Empoamento,True,False,0.3398
Arremesso de Projétil,Hospital,7,85,2,2023-12-03 15:19:00,3ª dp,"Empoamento, Macrofotografia",False,False,0.1605
Furto de Energia Elétrica ou Termodinâmica,Hospital,1,7,0,2023-11-08 07:39:00,DRFC (Furtos),"Luz forense/lanterna, Empoamento",False,True,0.3102
Feto Encontrado,Estabelecimento Comercial,1,12,3,2023-07-27 18:10:00,3ª DP,"Empoamento, Luz forense/lanterna, Macrofotografia",True,False,0.8388
Afogamento,Hospital,2,13,1,2023-04-17 03:36:00,DEAM (Mulher),"Luz forense/lanterna, Macrofotografia",False,False,0.1768
Marca em Animal,Residência,4,17,6,2023-04-08 05:35:00,DHPP (Homicídios),Empoamento,False,False,0.1013
Feto Encontrado,Via Pública,2,10,4,2023-04-26 06:04:00,DRFC (Furtos),Luz forense/lanterna,True,False,0.8619
Maus Tratos de Animal,Área Rural,5,21,3,2023-09-24 17:21:00,DHPP (Homicídios),Macrofotografia,True,False,0.3103
Morte Aparentemente Natural,Pátio,8,11,0,2023-07-25 18:05:00,DRFC (FURTOS),"Luz forense/lanterna, Macrofotografia, Empoamento",True,False,0.264
Pichação,Residência,2,14,1,2023-02-10 01:40:00,1ª DP,"Luz forense/lanterna, Macrofotografia, Empoamento",True,False,0.295
Suicídio,Terreno Baldio,3,16,0,2023-10-13 15:14:00,DEAM (Mulher),Macrofotografia,False,True,0.2961
Aborto,DP,0,14,2,2023-04-15 11:48:00,DEAM (Mulher),Macrofotografia,True,True,0.4494
Explosão (com vítima),DP,0,31,3,2023-01-30 11:22:00,DHPP (Homicídios),"Luz forense/lanterna, Macrofotografia, Empoamento",True,False,0.5682
Desmanche de Veículos,Terreno Baldio,2,19,4,2023-10-19 13:27:00,DHPP (Homicídios),,True,False,0.3363
Disparo de Arma de Fogo,DP,6,21,1,2023-06-18 19:00:00,DRFC (Furtos),"Macrofotografia, Empoamento",False,False,0.4089
Tentativa de Homicídio,Hospital,2,45,1,2023-05-25 09:47:00,DEAM (Mulher),"Luz forense/lanterna, Macrofotografia",True,False,0.8087
Aborto,Estabelecimento Comercial,7,10,0,2023-03-09 22:30:00,DHPP (Homicídios),Luz forense/lanterna,True,False,0.2968
Tentativa de Homicídio,DP,1,6,1,2023-01-09 17:15:00,3ª DP,Empoamento,False,True,0.8786
Aborto,DP,0,9,8,2023-02-11 03:20:00,DHPP (Homicídios),Luz forense/lanterna,True,True,0.4045
Dano,Terreno Baldio,2,11,0,2023-05-11 03:54:00,2ª DP,"Luz forense/lanterna, Empoamento",False,True,0.2621
Tráfico de Entorpecentes,Hospital,1,14,0,2023-06-24 17:37:00,3ª DP,"Empoamento, Macrofotografia, Luz forense/lanterna",False,True,0.3151
Furto d'água,Hospital,0,15,1,2023-02-16 03:32:00,1ª DP,"Luz forense/lanterna, Macrofotografia",True,False,0.2742
Furto de Energia Elétrica ou Termodinâmica,Pátio,3,33,0,2023-12-16 09:24:00,DCA (Criança e Adolescente),Empoamento,False,False,0.1256
Pichação,DP,2,12,0,2023-05-19 18:56:00,1ª DP,Empoamento,False,False,0.1882
Dano,Área Rural,1,17,1,2023-02-22 20:01:00,DEAM (Mulher),Macrofotografia,True,False,0.2682
Infanticídio,Hospital,0,17,0,2023-10-31 22:29:00,2ª DP,Luz forense/lanterna,False,True,0.8093
Violação de Domicílio,Estabelecimento Comercial,3,34,1,2023-02-18 08:39:00,3ª DP,"Empoamento, Luz forense/lanterna",True,False,0.3494
Dano Seguido de Lesão Corporal,Estabelecimento Comercial,5,23,1,2023-10-16 09:29:00,DCA (Criança e Adolescente),Macrofotografia,True,False,0.5269
Explosão (sem vítima),Pátio,1,10,0,2023-12-27 05:54:00,3ª DP,"Luz forense/lanterna, Empoamento",False,False,0.1746
Adulteração de Placa e/ou Lacre,Hospital,2,12,1,2023-11-04 09:35:00,DHPP (Homicídios),Luz forense/lanterna,False,True,0.3324
Feminicídio,DP,11,17,1,2023-02-14 07:16:00,1ª DP,"Empoamento, Luz forense/lanterna, Macrofotografia",False,True,0.8779
Extorsão,Hospital,8,17,3,2023-11-29 02:04:00,DRFC (Furtos),Luz forense/lanterna,False,True,0.5908
Aborto,Hospital,0,34,0,2023-10-24 20:47:00,DHPP (Homicídios),"Luz forense/lanterna, Empoamento, Macrofotografia",True,False,0.2539
Explosão (com vítima),Área Rural,4,19,1,2023-01-19 23:21:00,DRFC (Furtos),Empoamento,False,False,0.4489
Abandono de Incapaz,Área Rural,0,39,0,2023-10-01 20:48:00,3ª DP,"Empoamento, Luz forense/lanterna, Macrofotografia",True,False,0.8436
Afogamento,Área Rural,2,33,0,2023-11-03 14:32:00,DHPP (Homicídios),Luz forense/lanterna,True,False,0.3289
Exercício Arbitrário das Próprias Razões,DP,0,51,0,2023-06-17 06:43:00,1ª DP,"Luz forense/lanterna, Empoamento, Macrofotografia",True,True,0.4046
Receptação,Hospital,7,22,0,2023-08-19 00:24:00,1ª DP,"Empoamento, Macrofotografia",False,False,0.145
Eletroplessão,Pátio,0,7,0,2023-05-28 15:48:00,DCA (Criança e Adolescente),"Macrofotografia, Luz forense/lanterna",True,True,0.4624
Eletroplessão,DP,0,5,0,2023-08-03 10:16:00,DRFC (Furtos),Luz forense/lanterna,True,False,0.3364
Disparo de Arma de Fogo,Hospital,3,11,1,2023-12-06 07:45:00,DRFC (Furtos),"Luz forense/lanterna, Macrofotografia",False,False,0.4495
Aborto,Área Rural,4,107,0,2023-06-13 08:51:00,3ª DP,"Empoamento, Macrofotografia, Luz forense/lanterna",False,False,0.1209
Roubo,Via Pública,1,31,2,2023-10-03 14:14:00,2ª DP,"Empoamento, Luz forense/lanterna",False,False,0.3739
Pichação,Área Rural,13,7,0,2023-07-23 04:56:00,DCA (Criança e Adolescente),"Macrofotografia, Luz forense/lanterna",True,True,0.4894
Furto d'água,Terreno Baldio,2,12,2,2023-08-24 12:26:00,DRFC (Furtos),Luz forense/lanterna,True,False,0.3182
Furto em Interior de Veículo,Hospital,2,7,N/A,2023-06-16 12:35:00,DRFC (Furtos),"Macrofotografia, Luz forense/lanterna, Empoamento",False,True,0.3333
Explosão (com vítima),Estabelecimento Comercial,1,10,4,2023-07-03 22:41:00,DCA (Criança e Adolescente),Luz forense/lanterna,False,False,0.3754
Aborto,Residência,3,44,0,2023-04-03 13:38:00,1ª DP,Empoamento,True,False,0.3255
Violação de Sepultura,Pátio,4,8,2,2023-10-17 22:30:00,2ª DP,"Macrofotografia, Empoamento",False,False,0.1309
Furto de Energia Elétrica ou Termodinâmica,Estabelecimento Comercial,7,6,0,2023-11-07 08:38:00,DHPP (Homicídios),Macrofotografia,False,False,0.1802
Tráfico de Entorpecentes,Estabelecimento Comercial,0,24,2,2023-03-21 19:35:00,DHPP (Homicídios),"Macrofotografia, Luz forense/lanterna, Empoamento",True,True,0.4764
Furto de Energia Elétrica ou Termodinâmica,Hospital,1,13,3,2023-07-07 10:00:00,DEAM (Mulher),"Macrofotografia, Empoamento, Luz forense/lanterna",True,True,0.4729
Morte Aparentemente Natural,Hospital,0,42,1,2023-09-01 13:35:00,2ª DP,"Empoamento, Macrofotografia, Luz forense/lanterna",True,True,0.4704
Tráfico de Entorpecentes,Pátio,1,29,2,2023-12-03 18:32:00,2ª DP,Empoamento,Nao,False,0.2587
Eletroplessão,Hospital,2,13,0,2023-02-12 17:07:00,1ª DP,"Empoamento, Macrofotografia, Luz forense/lanterna",True,False,0.3303
Furto em Interior de Veículo,DP,1,12,3,2023-06-09 12:16:00,DEAM (Mulher),"Macrofotografia, Empoamento, Luz forense/lanterna",True,False,0.3083
Eletroplessão,Residência,1,29,2,2023-05-14 08:18:00,3ª DP,"Luz forense/lanterna, Macrofotografia, Empoamento",True,False,0.3417
Suicídio,DP,4,38,2,2023-01-06 12:52:00,2ª DP,"Empoamento, Luz forense/lanterna, Macrofotografia",False,True,0.3083
Lesão Corporal,Terreno Baldio,0,30,2,2023-02-27 07:34:00,DHPP (Homicídios),"Luz forense/lanterna, Empoamento",False,False,0.3933
Disparo de Arma de Fogo,Área Rural,1,10,0,2023-04-15 10:09:00,DCA (Criança e Adolescente),"Macrofotografia, Empoamento, Luz forense/lanterna",True,False,0.5358
Estelionato,DP,4,11,1,2023-06-08 11:22:00,1ª DP,Macrofotografia,True,True,0.4387
Aborto,Pátio,2,15,1,2023-01-30 23:42:00,DCA (Criança e Adolescente),"Luz forense/lanterna, Empoamento, Macrofotografia",False,False,0.1327
Latrocínio e/ou Tentativa de Latrocínio,Hospital,2,5,5,2023-12-24 22:43:00,3ª DP,Macrofotografia,True,False,0.8818
Exercício Arbitrário das Próprias Razões,Pátio,2,16,5,2023-12-05 11:09:00,DHPP (Homicídios),Macrofotografia,True,True,0.4167
Tráfico de Entorpecentes,Hospital,1,137,1,2023-09-27 04:31:00,DRFC (Furtos),"Luz forense/lanterna, Empoamento",False,True,0.293
Roubo,Via Pública,3,13,4,2023-04-11 11:33:00,2ª DP,"Macrofotografia, Luz forense/lanterna",True,False,0.5387
Local de Estupro e/ou Veículo Envolvido em Estupro,Estabelecimento Comercial,1,8,N/A,2023-04-15 14:29:00,3ª DP,"Luz forense/lanterna, Macrofotografia, Empoamento",True,True,1.0
Eletroplessão,Via Pública,3,56,0,2023-03-30 04:51:00,3ª DP,Luz forense/lanterna,True,True,0.4582
Ossada Encontrada,DP,5,22,1,2023-11-16 16:23:00,DEAM (Mulher),"Macrofotografia, Luz forense/lanterna",False,False,0.1181
Furto Qualificado (arrombamento),DP,0,27,0,2023-01-01 23:27:00,1ª DP,"Empoamento, Luz forense/lanterna, Macrofotografia",True,False,0.2884
Marca em Animal,Estabelecimento Comercial,0,28,0,2023-01-02 14:06:00,2ª DP,"Luz forense/lanterna, Macrofotografia",False,False,0.1884
Pichação,DP,2,12,10,2023-06-26 17:27:00,1ª DP,"Luz forense/lanterna, Empoamento, Macrofotografia",True,False,0.2886
Dano,DP,1,9,0,2023-03-24 19:46:00,DHPP (Homicídios),"Macrofotografia, Luz forense/lanterna, Empoamento",False,True,0.3222
Marca em Animal,Hospital,0,34,0,2023-09-09 12:09:00,DCA (Criança e Adolescente),Macrofotografia,False,False,0.1903
Desmanche de Veículos,Residência,2,90,4,2023-10-29 09:07:00,DEAM (Mulher),"Luz forense/lanterna, Empoamento, Macrofotografia",True,False,0.2717
Ossada Encontrada,Área Rural,7,15,2,2023-12-20 09:30:00,2ª DP,"Macrofotografia, Empoamento, Luz forense/lanterna",False,True,0.2945
Furto de Energia Elétrica ou Termodinâmica,Via Pública,3,9,0,2023-04-10 12:01:00,DRFC (Furtos),"Luz forense/lanterna, Macrofotografia, Empoamento",True,False,0.32
Homicídio,DP,0,8,3,2023-02-02 16:22:00,1ª DP,"Empoamento, Luz forense/lanterna, Macrofotografia",False,False,0.682
Homicídio,PÁTIO,5,8,0,2023-04-23 09:12:00,DEAM (Mulher),"Empoamento, Macrofotografia",True,True,1.0
Veículo Localizado (furtado ou roubado),Pátio,1,26,1,2023-08-04 03:02:00,DHPP (Homicídios),Empoamento,False,False,0.1483
Disparo de Arma de Fogo,Estabelecimento Comercial,0,7,0,2023-01-21 08:23:00,DRFC (Furtos),"Luz forense/lanterna, Empoamento, Macrofotografia",False,True,0.5417
Furto em Interior de Veículo,Estabelecimento Comercial,1,10,2,2023-05-12 19:11:00,2ª DP,"Macrofotografia, Empoamento, Luz forense/lanterna",True,False,0.3309
feto encontrado,Residência,2,16,0,2023-09-08 05:57:00,2ª DP,"Empoamento, Luz forense/lanterna, Macrofotografia",True,False,0.8063
Extorsão,Via Pública,5,27,0,2023-12-24 18:07:00,DRFC (Furtos),"Luz forense/lanterna, Empoamento, Macrofotografia",True,False,0.5379
Maus Tratos de Animal,Pátio,1,6,0,2023-02-23 06:47:00,DHPP (Homicídios),"Luz forense/lanterna, Empoamento, Macrofotografia",True,True,0.4466
Furto,Estabelecimento Comercial,0,9,3,2023-01-05 07:54:00,DRFC (Furtos),"Macrofotografia, Empoamento",True,True,0.4423
Desmanche de Veículos,Pátio,1,32,3,2023-03-20 18:57:00,DCA (Criança e Adolescente),"Empoamento, Luz forense/lanterna",True,true,0.3366
Furto d'água,DP,999999,7,1,2023-06-05 14:51:00,DRFC (Furtos),Luz forense/lanterna,True,False,0.2867
Furto de Energia Elétrica ou Termodinâmica,Hospital,0,6,5,2023-08-16 03:09:00,DHPP (Homicídios),"Empoamento, Macrofotografia",True,False,0.3148
Latrocínio e/ou Tentativa de Latrocínio,Terreno Baldio,0,33,5,2023-06-04 10:15:00,3ª DP,"Macrofotografia, Empoamento, Luz forense/lanterna",True,False,0.8164
Infanticídio,Terreno Baldio,11,8,2,2023-06-21 14:27:00,1ª DP,"Macrofotografia, Empoamento",False,False,0.705
Cadáver Encontrado,Pátio,3,15,4,2023-07-26 07:57:00,1ª DP,"Luz forense/lanterna, Empoamento",False,True,0.3295
Arremesso de Projétil,Estabelecimento Comercial,1,7,1,2023-01-26 10:19:00,3ª DP,"Empoamento, Macrofotografia, Luz forense/lanterna",True,False,0.2907
Exercício Arbitrário das Próprias Razões,Área Rural,5,24,2,2023-08-11 20:14:00,DEAM (Mulher),"Luz forense/lanterna, Macrofotografia",True,False,0.2626
Explosão (sem vítima),Área Rural,1,52,1,2023-12-21 10:26:00,DEAM (Mulher),"Macrofotografia, Luz forense/lanterna",False,False,0.137
Tentativa de Suicídio,Hospital,1,67,2,2023-12-05 07:19:00,DRFC (Furtos),"Luz forense/lanterna, Empoamento",0,True,0.4228
Arremesso de Projétil,Pátio,0,5,1,2023-03-07 02:38:00,DCA (Criança e Adolescente),"Luz forense/lanterna, Empoamento, Macrofotografia",False,True,0.2516
Exercício Arbitrário das Próprias Razões,Residência,2,20,2,2023-11-17 01:44:00,DEAM (Mulher),"Empoamento, Luz forense/lanterna, Macrofotografia",False,False,0.1841
Roubo Com Estupro,Estabelecimento Comercial,0,61,2,2023-01-06 23:21:00,DCA (Criança e Adolescente),"Empoamento, Macrofotografia, Luz forense/lanterna",False,True,0.8966
Abandono de Incapaz,Terreno Baldio,0,42,0,2023-06-12 00:37:00,DEAM (Mulher),Luz forense/lanterna,True,True,0.9509
Tentativa de Suicídio,Estabelecimento Comercial,2,13,2,2023-01-10 01:37:00,DCA (Criança e Adolescente),"Empoamento, Luz forense/lanterna, Macrofotografia",1,False,0.2586
Furto d'água,Via Pública,0,21,6,2023-09-26 20:18:00,DCA (Criança e Adolescente),Macrofotografia,False,True,0.3313
Furto,Terreno Baldio,0,9,1,2023-11-04 15:34:00,3ª DP,"Empoamento, Luz forense/lanterna, Macrofotografia",True,False,0.2653
Dano,Estabelecimento Comercial,2,16,1,2023-12-22 03:59:00,DRFC (Furtos),"Empoamento, Macrofotografia",True,True,0.4665
Latrocínio e/ou Tentativa de Latrocínio,Hospital,0,9,1,2023-01-03 16:38:00,DHPP (Homicídios),Macrofotografia,True,False,0.8858
Disparo de Arma de Fogo,Pátio,1,48,2,2023-05-23 16:01:00,DCA (Criança e Adolescente),"Macrofotografia, Empoamento",False,True,0.5897
Cadáver Encontrado,Residência,0,15,2,2023-04-29 05:23:00,DEAM (Mulher),"Luz forense/lanterna, Empoamento",False,False,0.1877
Explosão (sem vítima),DP,17,7,0,2023-10-29 08:06:00,3ª DP,"Macrofotografia, Luz forense/lanterna",True,False,0.2945
Incêndio (com vítima),Residência,1,24,0,2023-01-21 12:16:00,DHPP (Homicídios),Macrofotografia,False,False,0.4002
Violação de Domicílio,DP,1,8,0,2023-07-04 12:14:00,DRFC (Furtos),Luz forense/lanterna,True,True,0.4984
Furto,Residência,1,32,6,2023-11-29 08:07:00,DHPP (Homicídios),"Luz forense/lanterna, Macrofotografia",False,True,0.2898
Extorsão,DP,0,26,2,2023-09-28 12:41:00,DRFC (Furtos),"Empoamento, Macrofotografia, Luz forense/lanterna",True,False,0.5205
Incêndio (com vítima),Estabelecimento Comercial,0,13,0,2023-02-18 21:08:00,DHPP (Homicídios),"Macrofotografia, Luz forense/lanterna",False,True,0.5474
Furto,Hospital,4,7,0,2023-12-18 22:49:00,2ª DP,"Empoamento, Macrofotografia, Luz forense/lanterna",True,False,0.2762
Receptação,Estabelecimento Comercial,1,10,4,2023-08-30 12:58:00,DRFC (Furtos),"Luz forense/lanterna, Macrofotografia",True,True,0.4109
Violação de Sepultura,Terreno Baldio,0,23,2,2023-01-25 18:55:00,DCA (Criança e Adolescente),"Empoamento, Macrofotografia, Luz forense/lanterna",True,False,0.3196
Furto de Energia Elétrica ou Termodinâmica,DP,1,8,0,2023-11-28 08:44:00,3ª DP,Macrofotografia,True,True,0.4919
Marca em Animal,Hospital,3,8,2,2023-08-29 09:43:00,DRFC (Furtos),"Empoamento, Macrofotografia, Luz forense/lanterna",False,False,0.1513
Extorsão,DP,1,13,4,2023-07-15 21:33:00,1ª DP,"Luz forense/lanterna, Empoamento",False,False,0.4396
Arremesso de Projétil,Área Rural,N/A,17,0,2023-02-20 08:59:00,DCA (Criança e Adolescente),Luz forense/lanterna,True,False,0.3179
Violação de Sepultura,Pátio,1,23,2,2023-08-01 00:26:00,DCA (Criança e Adolescente),Empoamento,False,True,0.2694
Exercício Arbitrário das Próprias Razões,Residência,3,9,6,2023-07-05 07:15:00,1ª DP,"Luz forense/lanterna, Macrofotografia",False,False,0.1197
Extorsão,Estabelecimento Comercial,1,27,1,,1ª DP,"Macrofotografia, Luz forense/lanterna",True,True,0.6656
Tráfico de Entorpecentes,DP,1,18,4,2023-11-07 17:02:00,DEAM (Mulher),Empoamento,False,True,0.3227
Furto,DP,0,14,0,2023-06-28 03:27:00,2ª DP,"Empoamento, Luz forense/lanterna",False,False,0.1793
Tentativa de Suicídio,Área Rural,1,30,4,2023-05-01 00:12:00,3ª DP,"Macrofotografia, Luz forense/lanterna, Empoamento",True,True,0.4944
Incêndio (sem vítima),Pátio,3,38,2,2023-09-15 08:34:00,DRFC (Furtos),"Empoamento, Luz forense/lanterna, Macrofotografia",False,False,0.1679
Veículo Localizado (furtado ou roubado),Via_Pública,0,8,1,2023-10-01 16:48:00,DEAM (Mulher),Luz forense/lanterna,True,False,0.2968
Estelionato,Via Pública,4,82,1,2023-07-31 10:14:00,2ª DP,"Luz forense/lanterna, Empoamento",False,False,0.1396
Furto de Energia Elétrica ou Termodinâmica,Pátio,0,6,0,2023-03-19 19:35:00,DRFC (Furtos),Empoamento,true,False,0.1573
Explosão (sem vítima),Hospital,0,11,1,2023-09-25 16:33:00,DEAM (Mulher),"Luz forense/lanterna, Empoamento",False,True,0.2833
Furto em Interior de Veículo,Área Rural,0,17,0,2023-12-26 02:53:00,DHPP (Homicídios),"Empoamento, Macrofotografia",True,True,0.4791
Veículo Localizado (furtado ou roubado),Pátio,0,31,0,2023-02-10 09:54:00,2ª DP,Luz forense/lanterna,True,True,0.482
Disparo de Arma de Fogo,Pátio,3,45,1,2023-11-29 02:28:00,2ª DP,"Empoamento, Luz forense/lanterna, Macrofotografia",False,False,0.3827
Adulteração de Placa e/ou Lacre,Via Pública,0,8,0,2023-03-14 18:54:00,DCA (Criança e Adolescente),"Empoamento, Macrofotografia, Luz forense/lanterna",False,False,0.1615
Adulteração de Placa e/ou Lacre,Área Rural,2,37,1,2023-10-04 23:47:00,DEAM (Mulher),"Macrofotografia, Luz forense/lanterna, Empoamento",True,False,0.2634
,Hospital,0,22,4,2023-10-21 06:57:00,DHPP (Homicídios),"Macrofotografia, Luz forense/lanterna, Empoamento",False,False,0.1257
Dano,Pátio,1,74,1,2023-12-31 11:44:00,DEAM (Mulher),"Luz forense/lanterna, Macrofotografia, Empoamento",False,True,0.3424
Feminicídio,Estabelecimento Comercial,3,9,1,2023-07-28 10:03:00,DHPP (Homicídios),Luz forense/lanterna,True,False,0.8634
Tentativa de Suicídio,Residência,9,11,1,2023-10-27 07:03:00,2ª DP,"Macrofotografia, Luz forense/lanterna, Empoamento",False,False,0.1616
Infanticídio,DP,1,22,12,2023-07-20 18:38:00,DHPP (Homicídios),"Empoamento, Luz forense/lanterna, Macrofotografia",False,False,0.7153
Aborto,Área Rural,6,71,9,2023-07-23 17:58:00,DRFC (Furtos),"Empoamento, Macrofotografia, Luz forense/lanterna",False,False,0.1265
Furto em Interior de Veículo,Área Rural,4,6,4,2023-10-27 12:03:00,DHPP (Homicídios),"Macrofotografia, Luz forense/lanterna, Empoamento",True,False,0.2675
Tentativa de Homicídio,DP,3,19,1,2023-06-28 15:11:00,2ª DP,Luz forense/lanterna,True,False,0.8262
Tentativa de Homicídio,Residência,3,16,2,2023-12-24 21:42:00,3ª DP,"Luz forense/lanterna, Empoamento, Macrofotografia",False,True,0.8318
Explosão (sem vítima),Terreno Baldio,2,25,1,2023-06-12 02:45:00,1ª DP,"Macrofotografia, Empoamento, Luz forense/lanterna",True,True,0.4698
Ameaça,Estabelecimento Comercial,1,6,2,2023-09-23 08:38:00,DHPP (Homicídios),"Luz forense/lanterna, Macrofotografia",True,True,0.459
Ossada Encontrada,Terreno Baldio,1,14,0,2023-10-06 13:12:00,1ª DP,"Luz forense/lanterna, Empoamento, Macrofotografia",True,True,0.4136
Homicídio,Terreno Baldio,1,7,1,2023-01-24 14:43:00,2ª DP,"Empoamento, Macrofotografia",False,True,0.8979
Arremesso de Projétil,Pátio,12,7,0,2023-12-05 19:10:00,1ª DP,"Luz forense/lanterna, Macrofotografia",True,False,0.3099
Homicídio,Pátio,0,19,3,2023-10-27 10:04:00,3ª DP,Luz forense/lanterna,True,True,1.0
Local de Estupro e/ou Veículo Envolvido em Estupro,Área Rural,3,7,0,2023-07-06 17:58:00,DCA (Criança e Adolescente),"Luz forense/lanterna, Macrofotografia",False,False,0.6907
Extorsão,Residência,1,10,0,2023-05-01 14:04:00,3ª DP,Macrofotografia,False,True,0.5359
Violação de Sepultura,Residência,0,19,2,2023-12-21 07:24:00,DRFC (Furtos),"Luz forense/lanterna, Empoamento",True,1,0.3146
Desmanche de Veículos,Terreno Baldio,1,43,2,2023-08-29 13:46:00,3ª DP,"Macrofotografia, Luz forense/lanterna",True,False,0.2971
Extorsão,Residência,1,32,0,2023-04-05 21:35:00,1ª DP,Macrofotografia,False,False,0.369
Furto d'água,Via Pública,6,23,1,2023-08-19 14:56:00,DRFC (Furtos),Macrofotografia,1,True,0.4829
Receptação,Hospital,0,40,3,2023-12-21 02:10:00,DCA (Criança e Adolescente),Macrofotografia,False,False,0.1734
Maus Tratos de Animal,Via Pública,0,35,2,2023-07-01 03:32:00,DEAM (Mulher),"Luz forense/lanterna, Macrofotografia, Empoamento",True,True,0.4705
Feminicídio,Hospital,2,34,2,2023-09-21 09:12:00,2ª DP,Luz forense/lanterna,True,False,0.8279
Ossada Encontrada,DP,5,14,2,2023-10-23 03:05:00,2ª DP,"Empoamento, Macrofotografia",False,False,0.1559
Pichação,DP,4,27,1,2023-11-06 19:13:00,3ª DP,"Empoamento, Macrofotografia",False,False,0.1559
Roubo,Área Rural,0,8,3,2023-03-11 23:30:00,1ª DP,"Luz forense/lanterna, Empoamento, Macrofotografia",False,True,0.5632
Morte Aparentemente Natural,Estabelecimento Comercial,1,13,0,2023-03-11 13:16:00,1ª DP,"Luz forense/lanterna, Empoamento",False,False,0.1676
Homicídio,Hospital,6,5,2,2023-07-22 14:58:00,DEAM (Mulher),"Empoamento, Luz forense/lanterna, Macrofotografia",False,True,0.8112
Dano Seguido de Lesão Corporal,Estabelecimento Comercial,0,45,5,2023-06-26 08:24:00,DRFC (Furtos),"Empoamento, Macrofotografia",False,False,0.4129
Feto Encontrado,Pátio,0,19,3,2023-02-08 20:20:00,DHPP (Homicídios),"Empoamento, Luz forense/lanterna, Macrofotografia",False,False,0.7085
Adulteração de Placa e/ou Lacre,Pátio,4,7,2,2023-12-16 01:53:00,3ª DP,Luz forense/lanterna,True,True,0.4856
Pichação,Via Pública,8,5,0,2023-11-25 08:47:00,dhpp (homicídios),"Empoamento, Macrofotografia",True,False,0.2504
Latrocínio e/ou Tentativa de Latrocínio,Estabelecimento Comercial,5,27,3,2023-01-30 09:46:00,DCA (Criança e Adolescente),"Luz forense/lanterna, Macrofotografia",True,False,0.8091
Tentativa de Suicídio,Estabelecimento Comercial,0,26,0,2023-10-21 00:07:00,3ª DP,"Empoamento, Macrofotografia",True,False,0.2983
Explosão (com vítima),DP,0,77,0,2023-10-06 21:49:00,DEAM (Mulher),"Empoamento, Luz forense/lanterna",False,True,0.5692
Roubo,Área Rural,0,47,2,2023-10-15 02:17:00,DEAM (Mulher),"Luz forense/lanterna, Empoamento",True,False,0.5904
Cadáver Encontrado,Área Rural,0,5,3,2023-06-28 21:07:00,DEAM (Mulher),"Luz forense/lanterna, Macrofotografia",True,False,0.2835
Afogamento,DP,0,46,1,2023-10-09 19:55:00,2ª DP,Empoamento,True,False,0.279
Morte Aparentemente Natural,Terreno Baldio,0,10,1,2023-09-09 02:21:00,DCA (Criança e Adolescente),"Luz forense/lanterna, Macrofotografia",True,True,0.4584
Violação de Domicílio,Estabelecimento Comercial,7,14,0,2023-01-12 20:17:00,1ª DP,Empoamento,False,1,0.1089
Tentativa de Homicídio,DP,0,10,0,2023-10-25 09:00:00,3ª DP,"Empoamento, Macrofotografia",True,True,1.0
Tentativa de Suicídio,DP,2,20,0,2023-01-05 13:57:00,DRFC (Furtos),Luz forense/lanterna,False,False,0.1739
Maus Tratos de Animal,Área Rural,2,11,1,2023-11-14 02:36:00,DCA (Criança e Adolescente),"Empoamento, Macrofotografia",False,False,0.1291
Lesão Corporal,Área Rural,5,29,0,,DEAM (Mulher),Macrofotografia,True,False,0.5571
Marca em Animal,Residência,0,36,0,2023-07-10 16:54:00,DEAM (Mulher),Macrofotografia,False,False,0.1729
Incêndio (sem vítima),Hospital,2,9,0,2023-10-30 01:48:00,DHPP (Homicídios),"Luz forense/lanterna, Macrofotografia",False,False,0.1056
Desmanche de Veículos,Pátio,1,5,2,2023-10-16 21:43:00,3ª DP,"Empoamento, Macrofotografia",False,False,0.1078
Violação de Sepultura,Pátio,-5,37,0,2023-05-08 08:19:00,DCA (Criança e Adolescente),"Macrofotografia, Empoamento, Luz forense/lanterna",False,False,0.1568
Violação de Domicílio,Residência,0,10,6,2023-02-04 19:25:00,DEAM (Mulher),"Macrofotografia, Luz forense/lanterna",False,True,0.3183
Feto Encontrado,Hospital,0,5,1,2023-01-05 20:54:00,1ª DP,Luz forense/lanterna,True,True,0.9866
Violação de Domicílio,Residência,1,20,5,2023-03-05 17:34:00,  1ª DP  ,"Empoamento, Macrofotografia, Luz forense/lanterna",False,False,0.1368
Afogamento,Área Rural,2,27,2,2023-10-31 06:15:00,DHPP (Homicídios),Luz forense/lanterna,False,False,0.101
Estelionato,Terreno Baldio,0,65,1,2023-02-08 12:28:00,DRFC (Furtos),"Empoamento, Luz forense/lanterna, Macrofotografia",True,False,0.2891
Furto,Pátio,10,15,0,2023-01-08 06:58:00,DHPP (Homicídios),"Macrofotografia, Luz forense/lanterna",False,False,0.1056
Tráfico de Entorpecentes,Hospital,0,5,0,2023-10-23 03:19:00,DHPP (Homicídios),"Macrofotografia, Empoamento",True,True,0.4772
Tentativa de Homicídio,Hospital,1,8,0,2023-08-10 12:59:00,DEAM (Mulher),"Empoamento, Macrofotografia",True,True,0.9508
Roubo,Hospital,6,7,1,2023-11-18 14:21:00,DCA (Criança e Adolescente),"Macrofotografia, Luz forense/lanterna, Empoamento",True,False,0.5544
Violação de Sepultura,Hospital,7,27,1,2023-12-11 19:58:00,1ª DP,"Luz forense/lanterna, Empoamento",True,True,0.4538
Homicídio,Pátio,2,5,1,2023-06-08 12:00:00,DRFC (Furtos),"Macrofotografia, Empoamento",False,True,0.884
Roubo Com Estupro,Terreno Baldio,4,20,0,2023-12-31 13:16:00,3ª DP,Macrofotografia,True,False,0.8982
Feminicídio,Terreno Baldio,15,17,0,2023-08-15 14:44:00,DRFC (Furtos),"Macrofotografia, Empoamento, Luz forense/lanterna",True,False,0.8302
Ameaça,Estabelecimento Comercial,1,112,0,2023-10-16 01:53:00,DEAM (Mulher),"Macrofotografia, Empoamento, Luz forense/lanterna",True,False,0.3226
Infanticídio,Hospital,0,21,1,2023-01-03 00:29:00,1ª DP,Luz forense/lanterna,True,False,0.8073
Roubo,Terreno Baldio,8,19,1,2023-06-28 17:55:00,DEAM (Mulher),Empoamento,True,False,0.5612
Desmanche de Veículos,Pátio,1,10,0,2023-12-14 13:46:00,2ª DP,"Empoamento, Macrofotografia, Luz forense/lanterna",False,False,0.1598
Incêndio (sem vítima),Via Pública,3,6,0,2023-02-27 20:14:00,2ª DP,"Luz forense/lanterna, Macrofotografia",True,False,0.3125
Incêndio (sem vítima),DP,0,16,0,2023-04-19 11:32:00,DRFC (Furtos),"Luz forense/lanterna, Macrofotografia, Empoamento",False,True,0.3456
Infanticídio,Pátio,0,8,0,2023-05-19 15:30:00,DCA (Criança e Adolescente),"Empoamento, Macrofotografia",True,True,0.9927
Extorsão,Estabelecimento Comercial,6,9,0,2023-02-19 11:40:00,2ª DP,"Macrofotografia, Luz forense/lanterna, Empoamento",False,False,0.4016
Ossada Encontrada,DP,7,63,2,2023-04-26 15:54:00,DCA (Criança e Adolescente),Luz forense/lanterna,True,True,0.4141
Exercício Arbitrário das Próprias Razões,Área Rural,1,8,1,2023-03-10 09:52:00,DCA (Criança e Adolescente),Macrofotografia,False,False,0.1261
Extorsão,Residência,0,55,0,2023-11-09 09:56:00,3ª DP,Macrofotografia,False,False,0.3974
Ossada Encontrada,Pátio,0,18,1,2023-06-06 22:45:00,1ª DP,Macrofotografia,True,False,0.275
Furto de Energia Elétrica ou Termodinâmica,Estabelecimento Comercial,7,22,1,2023-03-01 11:47:00,DHPP (Homicídios),"Luz forense/lanterna, Empoamento, Macrofotografia",True,False,0.2888
Roubo Com Estupro,Via Pública,0,13,1,2023-07-25 11:07:00,3ª DP,Macrofotografia,False,False,0.7031
Pichação,DP,2,11,0,2023-07-20 07:14:00,DEAM (Mulher),"Macrofotografia, Luz forense/lanterna, Empoamento",True,False,0.3035
Morte Aparentemente Natural,Pátio,3,27,6,2023-07-14 08:53:00,3ª DP,Empoamento,True,True,0.41
Furto em Interior de Veículo,Hospital,0,24,1,2023-06-30 15:49:00,DHPP (Homicídios),Empoamento,False,False,0.1345
Violação de Sepultura,Residência,1,20,1,2023-09-29 22:35:00,DCA (Criança e Adolescente),Empoamento,False,True,0.2763
Infanticídio,Área Rural,4,13,5,2023-03-14 20:11:00,DEAM (Mulher),"Empoamento, Luz forense/lanterna",True,False,0.8839
Morte Aparentemente Natural,Via Pública,3,30,2,2023-03-13 23:20:00,DCA (Criança e Adolescente),Empoamento,True,False,0.3058
Furto em Interior de Veículo,Estabelecimento Comercial,1,5,1,2023-04-14 19:09:00,DHPP (Homicídios),Luz forense/lanterna,True,False,0.2964
Tentativa de Homicídio,Área Rural,1,44,2,2023-02-25 05:53:00,2ª DP,Empoamento,True,False,0.8605
Ossada Encontrada,Residência,0,52,5,2023-08-21 13:03:00,DEAM (Mulher),"Empoamento, Luz forense/lanterna",False,True,0.2909
Explosão (sem vítima),Via Pública,1,28,2,2023-05-03 15:16:00,DHPP (Homicídios),"Empoamento, Macrofotografia",False,False,0.1857
Ossada Encontrada,Estabelecimento Comercial,4,30,1,2023-11-17 06:10:00,3ª DP,Empoamento,True,False,0.3494
EXPLOSÃO (SEM VÍTIMA),Área Rural,0,37,1,2023-11-01 03:41:00,3ª DP,"Empoamento, Luz forense/lanterna, Macrofotografia",False,True,0.2849
Dano Seguido de Lesão Corporal,Pátio,1,58,2,2023-10-01 10:07:00,DRFC (Furtos),Macrofotografia,False,False,0.3603
Explosão (sem vítima),Via Pública,3,5,5,2023-05-04 08:54:00,DCA (Criança e Adolescente),"Macrofotografia, Luz forense/lanterna",False,False,0.1584
Arremesso de Projétil,Via Pública,1,56,5,2023-03-09 12:52:00,DEAM (Mulher),Luz forense/lanterna,True,True,0.4632
Veículo Localizado (furtado ou roubado),Pátio,5,7,0,2023-11-09 04:47:00,3ª DP,"Macrofotografia, Luz forense/lanterna",True,False,0.3084
Cadáver Encontrado,Pátio,7,16,0,2023-08-15 03:15:00,DEAM (Mulher),"Empoamento, Macrofotografia, Luz forense/lanterna",False,True,0.3365
Latrocínio e/ou Tentativa de Latrocínio,Área Rural,5,15,0,2023-09-12 15:51:00,3ª DP,"Macrofotografia, Empoamento, Luz forense/lanterna",False,True,0.8241
Latrocínio e/ou Tentativa de Latrocínio,Terreno Baldio,1,68,1,2023-04-04 06:43:00,1ª DP,"Empoamento, Macrofotografia",True,False,0.8138
Tentativa de Suicídio,Pátio,0,6,2,2023-09-19 21:08:00,2ª DP,"Macrofotografia, Empoamento",True,True,0.4352
Violação de Sepultura,Via Pública,2,15,3,2023-05-11 21:08:00,DHPP (Homicídios),"Macrofotografia, Luz forense/lanterna",False,False,0.1014
Tentativa de Homicídio,Residência,1,26,0,2023-10-25 23:28:00,3ª DP,Empoamento,False,False,0.6805
Adulteração de Placa e/ou Lacre,Estabelecimento Comercial,1,25,5,2023-05-09 05:48:00,DCA (Criança e Adolescente),"Empoamento, Luz forense/lanterna",False,True,0.3477
Extorsão,Via Pública,2,48,1,2023-06-14 17:02:00,DCA (Criança e Adolescente),Macrofotografia,False,,0.5307
Ossada Encontrada,Hospital,0,9,15,2023-11-18 17:11:00,DEAM (Mulher),"Empoamento, Luz forense/lanterna",False,True,0.29
Arremesso de Projétil,Residência,4,9,0,,3ª DP,Macrofotografia,False,True,0.3478
Furto em Interior de Veículo,Hospital,0,17,0,2023-11-17 07:47:00,DCA (Criança e Adolescente),Luz forense/lanterna,False,True,0.3346
Veículo Localizado (furtado ou roubado),Terreno Baldio,0,17,1,2023-07-02 04:59:00,DRFC (Furtos),"Luz forense/lanterna, Macrofotografia",False,True,0.3364
Feminicídio,Residência,2,62,2,2023-01-21 12:49:00,DEAM (Mulher),"Luz forense/lanterna, Empoamento, Macrofotografia",True,False,0.8796
Desmanche de Veículos,Área Rural,0,30,0,2023-10-01 18:20:00,DCA (Criança e Adolescente),"Empoamento, Macrofotografia",False,True,0.317
Furto d'água,Hospital,8,13,0,2023-08-04 12:07:00,DHPP (Homicídios),"Macrofotografia, Luz forense/lanterna",True,False,0.3489
Veículo Localizado (furtado ou roubado),Estabelecimento Comercial,1,28,0,2023-09-23 01:57:00,DHPP (Homicídios),"Empoamento, Luz forense/lanterna, Macrofotografia",False,False,0.153
Veículo Localizado (furtado ou roubado),Via Pública,3,58,0,2023-06-11 15:17:00,DRFC (Furtos),"Empoamento, Luz forense/lanterna",False,False,0.1999
Dano Seguido de Lesão Corporal,Residência,0,7,4,2023-12-22 03:41:00,DCA (Criança e Adolescente),"Luz forense/lanterna, Empoamento",False,False,0.4028
Cadáver Encontrado,Pátio,2,7,0,2023-01-09 00:39:00,DCA (Criança e Adolescente),Empoamento,True,True,0.4329
Explosão (sem vítima),Área_Rural,0,16,0,2023-11-17 08:58:00,DRFC (Furtos),"Luz forense/lanterna, Empoamento, Macrofotografia",False,False,0.1741
Tentativa de Suicídio,Hospital,4,9,1,2023-02-05 01:32:00,3ª DP,"Empoamento, Luz forense/lanterna",True,True,0.4832
Homicídio,Estabelecimento Comercial,0,6,0,2023-09-25 04:02:00,DRFC (Furtos),"Macrofotografia, Empoamento",True,True,1.0
Exercício Arbitrário das Próprias Razões,Estabelecimento Comercial,1,25,0,2023-02-04 11:01:00,1ª DP,"Luz forense/lanterna, Macrofotografia, Empoamento",False,True,0.2687
Maus Tratos de Animal,Pátio,10,7,999999,2023-06-21 15:20:00,DCA (Criança e Adolescente),"Empoamento, Luz forense/lanterna",True,False,0.3203
Maus Tratos de Animal,Terreno Baldio,3,10,3,2023-01-18 22:12:00,DEAM (Mulher),"Macrofotografia, Empoamento, Luz forense/lanterna",False,True,0.3173
Desmanche de Veículos,Hospital,6,40,0,2023-07-19 00:32:00,DHPP (Homicídios),Empoamento,False,True,0.3453
Violação de Sepultura,Estabelecimento Comercial,6,74,4,2023-09-09 14:25:00,DRFC (Furtos),"Macrofotografia, Luz forense/lanterna",True,False,0.3118
Violação de Sepultura,DP,0,47,3,2023-08-08 01:59:00,DEAM (Mulher),Luz forense/lanterna,True,False,0.2534
Tentativa de Homicídio,Via Pública,9,21,0,2023-01-20 10:18:00,DHPP (Homicídios),Empoamento,False,False,0.7242
Furto em Interior de Veículo,Estabelecimento Comercial,0,13,5,2023-02-27 07:35:00,DCA (Criança e Adolescente),"Macrofotografia, Luz forense/lanterna, Empoamento",True,False,0.3102
Violação de Domicílio,Estabelecimento Comercial,1,38,0,2023-06-23 07:39:00,2ª DP,"Luz forense/lanterna, Empoamento",True,False,0.3043
Ameaça,Estabelecimento Comercial,1,7,1,2023-12-04 19:33:00,DCA (Criança e Adolescente),"Macrofotografia, Luz forense/lanterna, Empoamento",True,True,0.4827
Afogamento,Residência,3,16,3,2023-06-24 18:02:00,DCA (Criança e Adolescente),"Empoamento, Luz forense/lanterna",False,True,0.2571
Furto Qualificado (arrombamento),Pátio,0,17,1,2023-05-08 00:45:00,DCA (Criança e Adolescente),"Empoamento, Luz forense/lanterna, Macrofotografia",True,True,0.4621
Pichação,Via Pública,3,22,5,2023-10-18 05:13:00,DHPP (Homicídios),Macrofotografia,False,True,0.2558
Local de Estupro e/ou Veículo Envolvido em Estupro,Hospital,5,11,0,2023-06-28 07:52:00,1ª DP,"Luz forense/lanterna, Empoamento",False,False,0.7056
Furto d'água,Estabelecimento Comercial,2,45,0,2023-11-25 04:54:00,DHPP (Homicídios),Luz forense/lanterna,,False,0.1655
Desmanche de Veículos,DP,0,21,0,2023-06-08 21:03:00,DEAM (Mulher),"Empoamento, Macrofotografia, Luz forense/lanterna",True,False,0.253
Estelionato,Pátio,10,21,2,2023-03-02 18:11:00,DHPP (Homicídios),Luz forense/lanterna,True,False,0.2802
Suicídio,Terreno Baldio,0,39,4,2023-05-12 00:50:00,DHPP (Homicídios),Macrofotografia,False,False,0.1213
Dano Seguido de Lesão Corporal,Pátio,1,23,0,2023-03-02 03:40:00,3ª DP,Empoamento,True,True,0.6635
Cadáver Encontrado,Estabelecimento Comercial,2,9,0,2023-12-07 17:50:00,1ª DP,Empoamento,True,False,0.3172
Lesão Corporal,Via Pública,3,14,2,2023-09-05 01:18:00,1ª DP,"Luz forense/lanterna, Empoamento",True,False,0.5336
Local de Estupro e/ou Veículo Envolvido em Estupro,Via Pública,1,46,0,2023-11-13 23:48:00,2ª DP,"Luz forense/lanterna, Macrofotografia",,False,0.6602
Abandono de Incapaz,Hospital,0,15,0,2023-10-31 20:31:00,2ª DP,"Luz forense/lanterna, Macrofotografia, Empoamento",False,False,0.6924
Tentativa de Homicídio,Pátio,5,70,1,2023-06-25 05:03:00,3ª DP,"Empoamento, Luz forense/lanterna",True,True,1.0
Desmanche de Veículos,Área Rural,3,7,4,2023-03-28 08:08:00,DRFC (Furtos),"Luz forense/lanterna, Empoamento",True,False,0.3141
Ossada Encontrada,Hospital,0,9,2,2023-05-12 08:39:00,DCA (Criança e Adolescente),Luz forense/lanterna,True,False,0.3079
Abandono de Incapaz,DP,10,19,0,2023-06-08 13:16:00,DCA (Criança e Adolescente),Macrofotografia,False,False,0.7347
Incêndio (com vítima),Área Rural,7,17,1,2023-10-16 05:04:00,DCA (Criança e Adolescente),Luz forense/lanterna,False,False,0.3938
Eletroplessão,Residência,1,52,3,2023-10-13 14:17:00,DHPP (Homicídios),"Empoamento, Luz forense/lanterna, Macrofotografia",False,False,0.1636
Homicídio,Hospital,0,22,6,2023-03-19 03:47:00,DRFC (Furtos),"Empoamento, Macrofotografia, Luz forense/lanterna",True,False,0.8847
Local de Estupro e/ou Veículo Envolvido em Estupro,Via Pública,0,49,0,2023-04-02 13:23:00,1ª DP,"Macrofotografia, Luz forense/lanterna, Empoamento",False,False,0.7052
Furto Qualificado (arrombamento),Pátio,3,18,3,2023-06-01 19:04:00,DHPP (Homicídios),"Luz forense/lanterna, Empoamento, Macrofotografia",False,False,0.1712
Roubo Com Estupro,Terreno Baldio,4,11,1,2023-01-23 14:54:00,DCA (Criança e Adolescente),"Macrofotografia, Luz forense/lanterna, Empoamento",True,True,1.0
Latrocínio e/ou Tentativa de Latrocínio,Estabelecimento Comercial,13,10,1,2023-05-17 22:25:00,DRFC (Furtos),Macrofotografia,False,False,0.7208
Dano Seguido de Lesão Corporal,Via Pública,1,11,1,2023-08-31 08:31:00,2ª DP,"Macrofotografia, Empoamento, Luz forense/lanterna",False,False,0.4223
Feminicídio,Residência,10,25,5,2023-02-16 07:32:00,1ª DP,"Luz forense/lanterna, Macrofotografia, Empoamento",True,False,0.8104
Violação de Domicílio,Pátio,1,5,1,2023-02-12 13:06:00,1ª DP,Macrofotografia,False,True,0.309
Roubo Com Estupro,Área Rural,4,17,0,2023-06-13 01:15:00,DEAM (Mulher),"Empoamento, Macrofotografia, Luz forense/lanterna",True,False,0.887
Marca em Animal,Área Rural,0,26,10,2023-10-20 19:23:00,DRFC (Furtos),"Luz forense/lanterna, Empoamento, Macrofotografia",False,False,0.1706
Dano Seguido de Lesão Corporal,DP,0,6,0,2023-04-08 21:22:00,2ª DP,"Macrofotografia, Empoamento, Luz forense/lanterna",True,False,0.536
Tentativa de Suicídio,Pátio,0,15,1,2023-02-07 16:29:00,2ª DP,"Empoamento, Luz forense/lanterna, Macrofotografia",False,False,0.1833
Abandono de Incapaz,Hospital,13,20,2,2023-04-18 22:18:00,DHPP (Homicídios),"Luz forense/lanterna, Empoamento",True,True,0.9856
Estelionato,Via Pública,1,75,4,2023-10-09 07:51:00,2ª DP,"Empoamento, Luz forense/lanterna, Macrofotografia",False,False,0.1581
Incêndio (sem vítima),Hospital,2,87,2,2023-10-11 14:26:00,1ª DP,"Luz forense/lanterna, Empoamento, Macrofotografia",True,True,0.4665
Adulteração de Placa e/ou Lacre,Área Rural,N/A,30,1,2023-07-15 14:53:00,DRFC (Furtos),"Macrofotografia, Empoamento",True,False,0.28
Tentativa de Suicídio,Pátio,6,14,4,2023-03-26 08:15:00,3ª DP,Empoamento,True,True,0.4163
Furto,Terreno Baldio,1,17,0,2023-07-12 19:01:00,1ª DP,Empoamento,False,False,0.1678
Explosão (sem vítima),DP,1,24,0,2023-08-10 16:25:00,DRFC (Furtos),Luz forense/lanterna,True,False,0.3063
  Explosão (com vítima)  ,Terreno Baldio,6,5,1,2023-12-27 12:05:00,DRFC (Furtos),Luz forense/lanterna,False,True,0.5554
Veículo Localizado (furtado ou roubado),Terreno Baldio,1,18,3,2023-05-11 14:08:00,1ª DP,Macrofotografia,True,True,0.4759
Cadáver Encontrado,Estabelecimento Comercial,0,11,1,2023-06-22 05:27:00,DEAM (Mulher),"Macrofotografia, Luz forense/lanterna, Empoamento",True,False,0.2703
Lesão Corporal,Via Pública,1,6,0,2023-05-14 20:30:00,DRFC (Furtos),"Macrofotografia, Luz forense/lanterna, Empoamento",True,True,0.7159
Ossada Encontrada,Pátio,1,8,1,2023-05-07 00:03:00,3ª DP,"Macrofotografia, Luz forense/lanterna",False,False,0.1158
Lesão Corporal,Estabelecimento Comercial,3,53,0,2023-04-30 05:34:00,DCA (Criança e Adolescente),"Macrofotografia, Empoamento, Luz forense/lanterna",True,,0.5313
Furto,Via Pública,1,38,5,2023-06-04 23:07:00,1ª DP,"Luz forense/lanterna, Empoamento",True,True,0.4479
Adulteração de Placa e/ou Lacre,Hospital,10,21,0,2023-08-17 19:45:00,DHPP (Homicídios),"Empoamento, Luz forense/lanterna",True,False,0.2742
Tentativa de Suicídio,Pátio,3,9,4,2023-03-28 02:01:00,DRFC (Furtos),"Empoamento, Luz forense/lanterna",True,Nao,0.3197
Explosão (com vítima),Área Rural,1,19,1,2023-06-04 05:53:00,1ª DP,"Luz forense/lanterna, Empoamento, Macrofotografia",False,True,0.5339
Incêndio (com vítima),Residência,0,19,0,2023-05-28 09:01:00,DEAM (Mulher),"Empoamento, Luz forense/lanterna",False,True,0.5346
Furto em Interior de Veículo,Área Rural,0,28,1,2023-04-26 11:19:00,1ª DP,"Macrofotografia, Empoamento, Luz forense/lanterna",False,False,0.1321
Violação de Domicílio,Via Pública,1,57,0,2023-09-17 04:03:00,3ª DP,Empoamento,True,True,0.4411
Ossada Encontrada,Residência,0,15,0,2023-07-01 12:00:00,2ª DP,Macrofotografia,True,False,0.2791
Ameaça,Estabelecimento Comercial,1,32,0,2023-01-16 00:43:00,2ª DP,"Empoamento, Luz forense/lanterna",True,False,0.3071
Exercício Arbitrário das Próprias Razões,Estabelecimento Comercial,0,5,0,2023-08-29 03:33:00,DHPP (Homicídios),"Empoamento, Macrofotografia",True,False,0.3344
Adulteração de Placa e/ou Lacre,Terreno Baldio,0,-6,0,2023-01-13 08:09:00,DHPP (Homicídios),"Macrofotografia, Luz forense/lanterna",False,False,0.1224
Estelionato,Pátio,0,37,3,2023-10-06 22:46:00,DRFC (Furtos),"Luz forense/lanterna, Empoamento",True,False,0.2621
Aborto,DP,1,46,1,2023-11-16 17:58:00,DEAM (Mulher),"Empoamento, Luz forense/lanterna",False,False,0.1554
Furto,Residência,0,5,1,2023-10-10 06:02:00,3ª DP,"Empoamento, Macrofotografia, Luz forense/lanterna",False,False,0.1238
Arremesso de Projétil,DP,3,6,1,2023-11-21 13:11:00,2ª DP,Luz forense/lanterna,False,False,0.1831
Violação de Sepultura,Via Pública,0,10,1,2023-07-28 02:27:00,3ª DP,Macrofotografia,True,True,0.4143
Abandono de Incapaz,Hospital,9,26,0,2023-11-05 20:40:00,DHPP (Homicídios),Empoamento,True,True,0.9697
Adulteração de Placa e/ou Lacre,Estabelecimento Comercial,13,46,3,2023-03-12 21:53:00,DEAM (Mulher),"Macrofotografia, Luz forense/lanterna, Empoamento",True,False,0.2898
Tentativa de Suicídio,Terreno Baldio,2,18,2,2023-05-09 13:26:00,DHPP (Homicídios),Empoamento,False,True,0.2811
Cadáver Encontrado,Pátio,1,18,0,2023-08-02 21:15:00,DEAM (Mulher),"Empoamento, Luz forense/lanterna, Macrofotografia",True,False,0.348
Violação de Domicílio,DP,1,88,0,2023-07-04 11:57:00,DRFC (Furtos),Macrofotografia,True,False,0.3204
Morte Aparentemente Natural,Via Pública,7,10,2,2023-07-06 17:03:00,DHPP (Homicídios),Empoamento,False,False,0.1249
Roubo Com Estupro,Estabelecimento Comercial,0,53,5,2023-06-04 06:47:00,DCA (Criança e Adolescente),Empoamento,False,True,0.8805
  Local de Estupro e/ou Veículo Envolvido em Estupro  ,Hospital,3,38,2,2023-07-20 09:47:00,1ª DP,"Macrofotografia, Luz forense/lanterna",True,False,0.8802
Maus Tratos de Animal,Pátio,3,43,0,2023-10-03 23:33:00,DCA (Criança e Adolescente),Macrofotografia,False,False,0.1132
Ameaça,DP,1,8,2,2023-09-24 22:39:00,DHPP (Homicídios),"Macrofotografia, Empoamento, Luz forense/lanterna",True,False,0.2862
Violação de Domicílio,Via Pública,6,74,1,2023-04-12 19:04:00,DCA (Criança e Adolescente),"Macrofotografia, Empoamento, Luz forense/lanterna",False,False,0.1212
Extorsão,Pátio,0,12,0,2023-10-08 18:24:00,DRFC (Furtos),"Luz forense/lanterna, Empoamento, Macrofotografia",True,True,0.6563
Maus Tratos de Animal,Estabelecimento Comercial,2,21,1,2023-10-22 09:06:00,2ª DP,"Macrofotografia, Luz forense/lanterna, Empoamento",True,False,0.3137
Roubo Com Estupro,Pátio,1,39,2,2023-08-12 12:33:00,DCA (Criança e Adolescente),"Macrofotografia, Empoamento, Luz forense/lanterna",False,False,0.7127
Furto,Pátio,3,9,2,,DHPP (Homicídios),Macrofotografia,False,False,0.1939
Dano Seguido de Lesão Corporal,Residência,0,56,1,,DHPP (Homicídios),"Luz forense/lanterna, Macrofotografia",False,False,0.3523
Adulteração de Placa e/ou Lacre,Hospital,2,40,0,2023-05-08 16:49:00,DCA (Criança e Adolescente),"Empoamento, Luz forense/lanterna",True,True,0.4061
Incêndio (sem vítima),Área Rural,0,8,1,2023-06-27 06:40:00,DEAM (Mulher),Luz forense/lanterna,False,False,0.1454
Violação de Domicílio,Área Rural,6,22,1,2023-05-03 11:21:00,2ª DP,Macrofotografia,True,False,0.251
Morte Aparentemente Natural,Estabelecimento Comercial,1,21,2,2023-03-27 08:20:00,1ª DP,"Macrofotografia, Empoamento, Luz forense/lanterna",False,True,0.294
Furto Qualificado (arrombamento),Residência,1,19,0,2023-03-01 10:00:00,DCA (Criança e Adolescente),"Macrofotografia, Luz forense/lanterna, Empoamento",True,False,0.3474
Furto de Energia Elétrica ou Termodinâmica,DP,1,28,5,2023-03-11 00:09:00,DCA (Criança e Adolescente),"Macrofotografia, Luz forense/lanterna",True,True,0.4529
Afogamento,Terreno Baldio,3,19,0,2023-10-30 10:29:00,1ª DP,"Luz forense/lanterna, Macrofotografia",True,False,0.3135
Homicídio,Terreno Baldio,1,32,1,2023-05-13 18:40:00,DHPP (Homicídios),"Empoamento, Macrofotografia, Luz forense/lanterna",True,False,0.8589
Afogamento,Terreno Baldio,0,18,0,2023-10-03 10:45:00,DCA (Criança e Adolescente),"Empoamento, Luz forense/lanterna",True,True,0.4394
Explosão (com vítima),Hospital,5,10,2,2023-05-11 15:52:00,1ª DP,"Empoamento, Luz forense/lanterna, Macrofotografia",True,False,0.5164
Desmanche de Veículos,Estabelecimento Comercial,2,10,3,2023-06-16 12:33:00,2ª DP,"Luz forense/lanterna, Macrofotografia, Empoamento",True,False,0.2543
Veículo Localizado (furtado ou roubado),Via Pública,2,54,2,2023-10-20 23:22:00,DCA (Criança e Adolescente),Luz forense/lanterna,True,True,0.4089
Marca em Animal,Residência,0,11,0,2023-01-05 08:03:00,DRFC (Furtos),"Macrofotografia, Luz forense/lanterna",False,True,0.3421
Feminicídio,Área Rural,1,9,1,2023-11-27 20:17:00,DRFC (Furtos),"Luz forense/lanterna, Empoamento",True,False,0.8826
Exercício Arbitrário das Próprias Razões,Área Rural,1,8,0,2023-04-29 08:36:00,DEAM (Mulher),Luz forense/lanterna,False,False,0.1786
Furto,Pátio,15,50,0,2023-05-09 08:36:00,DRFC (Furtos),"Luz forense/lanterna, Empoamento",True,True,0.4033
Marca em Animal,Via Pública,0,20,5,2023-12-13 01:59:00,3ª DP,"Macrofotografia, Empoamento, Luz forense/lanterna",True,False,0.2928
Violação de Sepultura,Área Rural,1,40,0,2023-03-01 02:55:00,DRFC (Furtos),Empoamento,True,True,0.4154
Roubo Com Estupro,DP,2,57,0,2023-01-17 16:05:00,DRFC (Furtos),"Macrofotografia, Luz forense/lanterna, Empoamento",False,True,0.8285
Veículo Localizado (furtado ou roubado),Pátio,0,18,1,2023-02-08 21:56:00,,Luz forense/lanterna,False,False,0.1684
Cadáver Encontrado,Hospital,5,6,0,2023-05-28 13:45:00,1ª DP,"Empoamento, Macrofotografia",True,False,0.3261
Maus Tratos de Animal,Hospital,0,31,0,2023-03-13 01:41:00,3ª DP,"Empoamento, Luz forense/lanterna",True,True,0.447
Violação de Domicílio,Área Rural,0,43,6,2023-07-10 02:52:00,DHPP (Homicídios),"Macrofotografia, Luz forense/lanterna, Empoamento",True,True,0.4639
Receptação,Hospital,1,10,N/A,2023-09-08 13:50:00,DEAM (Mulher),"Luz forense/lanterna, Macrofotografia, Empoamento",False,True,0.3373
Dano,Área Rural,10,19,0,2023-01-26 22:15:00,3ª DP,Luz forense/lanterna,True,False,0.2777
Ossada Encontrada,Pátio,0,22,0,2023-08-17 02:57:00,DCA (Criança e Adolescente),Luz forense/lanterna,True,False,0.2632
Desmanche de Veículos,Terreno Baldio,3,20,5,2023-03-16 06:13:00,DEAM (Mulher),Macrofotografia,False,True,0.3351
Estelionato,Residência,1,8,1,2023-02-12 00:02:00,3ª DP,"Macrofotografia, Luz forense/lanterna, Empoamento",False,False,0.1923
Explosão (com vítima),Via Pública,1,23,2,2023-12-02 03:46:00,2ª DP,Empoamento,True,False,0.5173
Roubo Com Estupro,Terreno Baldio,0,61,1,2023-06-26 18:29:00,3ª DP,"Empoamento, Macrofotografia, Luz forense/lanterna",True,False,0.8428
Furto em Interior de Veículo,Estabelecimento Comercial,3,17,4,2023-01-14 00:23:00,1ª DP,"Empoamento, Macrofotografia",False,False,0.1807
Arremesso de Projétil,Área Rural,2,7,0,2023-03-31 12:15:00,1ª DP,"Empoamento, Luz forense/lanterna, Macrofotografia",True,True,0.4406
Pichação,Via Pública,0,6,1,2023-04-01 22:17:00,DEAM (Mulher),"Luz forense/lanterna, Macrofotografia, Empoamento",True,False,0.299
Local de Estupro e/ou Veículo Envolvido em Estupro,DP,1,48,9,2023-06-21 14:09:00,3ª DP,"Luz forense/lanterna, Macrofotografia",True,False,0.8033
Veículo Localizado (furtado ou roubado),Hospital,0,32,0,2023-04-18 17:22:00,DHPP (Homicídios),"Luz forense/lanterna, Empoamento",True,True,0.404
Tráfico de Entorpecentes,Terreno Baldio,0,5,1,2023-10-02 04:33:00,DCA (Criança e Adolescente),"Macrofotografia, Luz forense/lanterna, Empoamento",False,False,0.1554
Veículo Localizado (furtado ou roubado),Residência,8,7,0,2023-11-10 11:37:00,DCA (Criança e Adolescente),Empoamento,False,True,0.2916
Incêndio (sem vítima),Área Rural,2,10,0,2023-06-05 16:14:00,3ª DP,"Luz forense/lanterna, Macrofotografia",False,True,0.3031
Furto Qualificado (arrombamento),Estabelecimento Comercial,1,14,0,2023-11-07 08:57:00,DCA (Criança e Adolescente),"Empoamento, Luz forense/lanterna, Macrofotografia",False,False,0.1351
Tráfico de Entorpecentes,Hospital,2,69,2,,DCA (Criança e Adolescente),"Empoamento, Macrofotografia",True,False,0.2866
Disparo de Arma de Fogo,Via Pública,11,47,0,2023-08-16 00:02:00,2ª DP,"Macrofotografia, Empoamento",True,True,0.6796
Violação de Domicílio,Área Rural,0,33,3,2023-01-07 08:47:00,DEAM (Mulher),Empoamento,False,True,0.2908
Tentativa de Suicídio,Hospital,7,36,1,2023-11-18 15:35:00,DEAM (Mulher),,True,False,0.2864
Roubo,Residência,2,6,2,2023-03-03 16:24:00,2ª DP,"Macrofotografia, Luz forense/lanterna",False,False,0.4461
Explosão (sem vítima),Pátio,0,53,0,2023-11-29 17:00:00,3ª DP,Macrofotografia,True,False,0.3167
Estelionato,Terreno Baldio,2,73,1,2023-09-05 09:15:00,DRFC (Furtos),"Empoamento, Macrofotografia, Luz forense/lanterna",True,True,0.4334
Adulteração de Placa e/ou Lacre,Área Rural,3,10,2,2023-08-29 17:58:00,DEAM (Mulher),"Empoamento, Macrofotografia, Luz forense/lanterna",True,False,0.3093
Desmanche de Veículos,Hospital,2,67,2,2023-11-16 15:09:00,3ª DP,"Luz forense/lanterna, Macrofotografia, Empoamento",True,False,0.3329
Ameaça,Área Rural,2,-7,1,2023-09-05 08:21:00,2ª DP,Empoamento,True,False,0.3009
Eletroplessão,Estabelecimento Comercial,1,15,7,2023-06-08 06:43:00,1ª DP,Macrofotografia,False,False,0.1014
Ossada Encontrada,Hospital,5,33,0,2023-10-29 02:57:00,DEAM (Mulher),"Luz forense/lanterna, Empoamento, Macrofotografia",False,False,0.1952
Disparo de Arma de Fogo,Pátio,2,30,2,,DEAM (Mulher),"Luz forense/lanterna, Macrofotografia, Empoamento",True,True,0.6716
Tentativa de Suicídio,Via Pública,0,23,6,2023-11-13 11:06:00,DRFC (Furtos),Luz forense/lanterna,False,False,0.1291
Disparo de Arma de Fogo,Hospital,4,8,5,2023-12-03 03:49:00,DRFC (Furtos),"Macrofotografia, Empoamento",False,False,0.3944
Veículo Localizado (furtado ou roubado),Estabelecimento Comercial,1,-8,5,2023-06-20 23:18:00,2ª DP,"Luz forense/lanterna, Empoamento",True,True,0.4083
Roubo Com Estupro,Residência,0,10,1,2023-09-26 03:54:00,3ª DP,"Empoamento, Macrofotografia, Luz forense/lanterna",False,False,0.7326
Arremesso de Projétil,Área Rural,4,65,,2023-04-30 10:14:00,3ª DP,"Luz forense/lanterna, Macrofotografia",False,False,0.1212
Feto Encontrado,Terreno Baldio,1,11,0,2023-05-25 13:53:00,DCA (Criança e Adolescente),"Luz forense/lanterna, Empoamento, Macrofotografia",False,False,0.7424
Dano,Pátio,0,16,0,2023-09-17 08:54:00,DRFC (Furtos),"Empoamento, Macrofotografia, Luz forense/lanterna",True,False,0.3493
Eletroplessão,Terreno Baldio,6,70,1,2023-06-26 01:52:00,3ª DP,Luz forense/lanterna,False,False,0.172
Receptação,Hospital,2,37,4,2023-09-23 16:35:00,3ª DP,Macrofotografia,False,False,0.1702
Ossada Encontrada,Via Pública,0,28,0,2023-02-02 21:29:00,2ª DP,"Macrofotografia, Luz forense/lanterna",False,False,0.1465
Explosão (com vítima),Via Pública,5,6,2,2023-02-28 23:15:00,1ª DP,"Luz forense/lanterna, Empoamento",True,False,0.5425
Veículo Localizado (furtado ou roubado),DP,2,10,0,2023-12-16 00:25:00,DEAM (Mulher),Macrofotografia,True,False,0.3356
Morte Aparentemente Natural,Estabelecimento Comercial,1,12,4,2023-12-17 23:14:00,DHPP (Homicídios),Empoamento,True,True,0.4373
Furto de Energia Elétrica ou Termodinâmica,Hospital,1,22,1,2023-05-04 11:08:00,DEAM (Mulher),Empoamento,True,False,0.271
Latrocínio e/ou Tentativa de Latrocínio,DP,7,14,2,2023-10-10 21:52:00,DEAM (Mulher),"Macrofotografia, Empoamento",False,False,0.7458
Exercício Arbitrário das Próprias Razões,Estabelecimento Comercial,2,9,0,2023-07-13 03:07:00,1ª DP,"Empoamento, Luz forense/lanterna, Macrofotografia",True,True,0.4173
Aborto,Residência,4,45,0,2023-09-18 02:31:00,DCA (Criança e Adolescente),"Luz forense/lanterna, Empoamento",True,True,0.4328
incêndio (com vítima),Hospital,0,32,2,2023-06-11 13:26:00,1ª DP,Empoamento,True,False,0.5393
Feto Encontrado,Residência,1,11,2,2023-10-16 04:13:00,DRFC (Furtos),Macrofotografia,True,False,0.8011
Explosão (sem vítima),Hospital,0,97,3,2023-13-45,DRFC (Furtos),"Macrofotografia, Empoamento, Luz forense/lanterna",True,False,0.283
Adulteração de Placa e/ou Lacre,Estabelecimento Comercial,1,14,4,2023-12-31 00:50:00,DRFC (Furtos),Empoamento,True,False,0.2829
Ossada Encontrada,Via Pública,1,24,1,2023-02-15 01:15:00,DHPP (Homicídios),"Luz forense/lanterna, Macrofotografia, Empoamento",False,False,0.1148
Feminicídio,Hospital,0,35,0,2023-10-30 09:29:00,3ª DP,"Empoamento, Luz forense/lanterna, Macrofotografia",True,False,0.8745
Suicídio,Estabelecimento Comercial,4,17,0,2023-09-01 00:45:00,2ª DP,"Macrofotografia, Luz forense/lanterna, Empoamento",True,False,0.3284
Veículo Localizado (furtado ou roubado),Residência,0,29,1,2023-11-18 15:17:00,DRFC (Furtos),"Luz forense/lanterna, Macrofotografia, Empoamento",True,False,0.3206
Feminicídio,Residência,0,15,2,2023-02-14 22:20:00,DHPP (Homicídios),Empoamento,False,False,0.6856
Violação de Sepultura,Via Pública,2,14,1,2023-11-23 13:46:00,DHPP (Homicídios),"Macrofotografia, Empoamento, Luz forense/lanterna",False,True,0.2931
Explosão (sem vítima),Hospital,2,19,2,2023-05-14 22:04:00,DEAM (Mulher),"Luz forense/lanterna, Empoamento, Macrofotografia",False,False,0.1525
Abandono de Incapaz,Pátio,0,61,3,2023-06-29 01:16:00,3ª DP,"Empoamento, Luz forense/lanterna",False,False,0.7286
Feto Encontrado,Terreno Baldio,2,41,3,2023-07-09 10:21:00,3ª DP,Luz forense/lanterna,True,True,1.0
Explosão (com vítima),Residência,1,15,2,2023-01-10 14:35:00,DEAM (Mulher),"Luz forense/lanterna, Empoamento",True,True,0.6736
Ameaça,Área Rural,0,30,2,2023-10-28 21:13:00,DEAM (Mulher),Macrofotografia,True,False,0.2514
Furto Qualificado (arrombamento),Hospital,1,9,1,2023-08-22 20:08:00,3ª DP,"Luz forense/lanterna, Empoamento, Macrofotografia",False,True,0.3462
Aborto,Pátio,14,9,0,2023-03-20 12:33:00,3ª DP,"Empoamento, Luz forense/lanterna, Macrofotografia",False,True,0.3384
Pichação,Área Rural,1,7,1,2023-06-30 22:11:00,3ª DP,"Empoamento, Luz forense/lanterna, Macrofotografia",True,False,0.2868
Marca em Animal,Pátio,0,31,2,2023-11-04 13:54:00,3ª DP,"Empoamento, Macrofotografia, Luz forense/lanterna",False,False,0.1931
Receptação,DP,0,83,1,2023-05-30 21:07:00,DHPP (Homicídios),Empoamento,True,True,0.4023
Explosão (com vítima),Via Pública,1,36,0,2023-09-22 03:54:00,3ª DP,"Empoamento, Luz forense/lanterna",False,True,0.5336
Arremesso de Projétil,Pátio,1,27,0,2023-03-04 15:08:00,DCA (Criança e Adolescente),Macrofotografia,True,False,0.337
Dano Seguido de Lesão Corporal,Residência,3,11,2,2023-03-27 11:28:00,DRFC (Furtos),Luz forense/lanterna,True,False,0.514
Furto,Via Pública,2,20,0,31/02/2023 25:00:00,1ª DP,"Empoamento, Macrofotografia",True,False,0.3098
Aborto,Pátio,5,5,2,data_invalida,DEAM (Mulher),"Empoamento, Luz forense/lanterna, Macrofotografia",True,False,0.2839
Estelionato,Hospital,1,12,0,2023-02-06 20:04:00,2ª DP,Macrofotografia,True,False,0.291
Arremesso de Projétil,DP,2,47,0,2023-03-09 20:57:00,2ª DP,"Macrofotografia, Luz forense/lanterna, Empoamento",False,True,0.3382
Furto Qualificado (arrombamento),Residência,0,13,0,2023-06-22 15:51:00,2ª DP,"Macrofotografia, Luz forense/lanterna",True,False,0.3177
Furto Qualificado (arrombamento),Via Pública,2,15,2,2023-01-23 02:26:00,1ª DP,"Macrofotografia, Luz forense/lanterna, Empoamento",False,False,0.1507
Violação de Sepultura,Estabelecimento Comercial,5,58,0,2023-05-31 19:04:00,DHPP (Homicídios),Empoamento,True,True,0.4522
Latrocínio e/ou Tentativa de Latrocínio,Terreno Baldio,14,21,2,2023-10-08 16:44:00,3ª DP,Macrofotografia,False,False,0.6728
Aborto,Área Rural,0,31,0,2023-07-07 10:57:00,2ª DP,"Luz forense/lanterna, Empoamento, Macrofotografia",False,False,0.1601
Tráfico de Entorpecentes,Hospital,2,5,1,2023-01-13 05:56:00,DRFC (Furtos),Luz forense/lanterna,True,True,0.4885
Ameaça,DP,0,6,1,2023-09-12 16:16:00,DRFC (Furtos),"Macrofotografia, Luz forense/lanterna",true,False,0.2616
Afogamento,Residência,2,18,2,2023-05-21 01:16:00,DHPP (Homicídios),"Luz forense/lanterna, Empoamento, Macrofotografia",False,False,0.1103
Infanticídio,Pátio,12,44,3,2023-09-22 05:53:00,DRFC (Furtos),"Empoamento, Luz forense/lanterna",False,False,0.7049
Ameaça,Via Pública,0,15,1,2023-12-14 21:22:00,DCA (Criança e Adolescente),"Empoamento, Luz forense/lanterna",True,False,0.3212
Eletroplessão,DP,0,30,1,2023-01-03 16:03:00,DRFC (Furtos),"Empoamento, Macrofotografia",False,True,0.302
Explosão (com vítima),Via Pública,0,49,1,2023-05-17 11:18:00,1ª DP,Empoamento,True,False,0.5774
Marca em Animal,DP,1,32,0,2023-01-06 16:24:00,DHPP (Homicídios),"Luz forense/lanterna, Empoamento, Macrofotografia",True,False,0.3353
Afogamento,Pátio,2,26,4,2023-04-22 14:49:00,DEAM (Mulher),"Luz forense/lanterna, Empoamento",False,False,0.1479
Arremesso de Projétil,Estabelecimento Comercial,2,13,0,2023-02-13 18:49:00,3ª DP,"Empoamento, Macrofotografia, Luz forense/lanterna",True,False,0.3249
Veículo Localizado (furtado ou roubado),Hospital,0,27,2,2023-06-01 01:31:00,DCA (Criança e Adolescente),"Empoamento, Macrofotografia",False,False,0.1156
Tentativa de Homicídio,Via Pública,1,15,1,2023-02-27 14:26:00,DEAM (Mulher),"Empoamento, Luz forense/lanterna",True,False,0.8809
Infanticídio,DP,2,71,5,2023-11-19 05:52:00,DEAM (Mulher),"Macrofotografia, Luz forense/lanterna",False,True,0.8732
Local de Estupro e/ou Veículo Envolvido em Estupro,Via Pública,1,118,1,2023-05-23 05:11:00,2ª DP,"Luz forense/lanterna, Macrofotografia",True,True,1.0
Incêndio (sem vítima),Via Pública,1,12,0,2023-09-09 20:53:00,3ª DP,Empoamento,False,False,0.1834
Furto,Estabelecimento Comercial,3,12,1,2023-05-23 20:15:00,DCA (Criança e Adolescente),"Macrofotografia, Empoamento",False,False,0.1124
Dano Seguido de Lesão Corporal,Hospital,0,21,5,2023-03-03 16:08:00,3ª DP,"Luz forense/lanterna, Macrofotografia",False,True,0.5034
Arremesso de Projétil,DP,5,8,0,2023-05-15 20:45:00,2ª DP,"Empoamento, Luz forense/lanterna, Macrofotografia",True,False,0.3347
Morte Aparentemente Natural,Área Rural,3,14,2,2023-03-21 03:59:00,DEAM (Mulher),Empoamento,False,True,0.2732
Disparo de Arma de Fogo,Pátio,4,13,1,2023-09-19 12:46:00,1ª DP,"Empoamento, Luz forense/lanterna, Macrofotografia",True,False,0.5773
Incêndio (sem vítima),Residência,3,10,0,2023-02-08 17:09:00,DHPP (Homicídios),Luz forense/lanterna,False,True,0.3069
Suicídio,Residência,1,47,0,2023-10-04 14:16:00,2ª DP,"Luz forense/lanterna, Empoamento",True,True,0.4146
Cadáver Encontrado,Pátio,6,12,0,2023-08-29 07:56:00,DRFC (Furtos),"Empoamento, Macrofotografia",True,False,0.3227
Exercício Arbitrário das Próprias Razões,Pátio,6,5,0,2023-12-14 11:05:00,DCA (Criança e Adolescente),Luz forense/lanterna,False,False,0.1326
Furto de Energia Elétrica ou Termodinâmica,Pátio,3,16,0,2023-11-19 07:42:00,DCA (Criança e Adolescente),"Empoamento, Luz forense/lanterna",False,False,0.1532
Homicídio,DP,0,5,6,2023-11-20 19:05:00,DCA (Criança e Adolescente),"Empoamento, Macrofotografia, Luz forense/lanterna",False,False,0.7249
Extorsão,Terreno Baldio,0,10,0,2023-10-23 07:40:00,1ª DP,"Empoamento, Luz forense/lanterna",False,True,0.5157
Suicídio,Área Rural,6,21,0,2023-05-27 23:45:00,3ª DP,"Empoamento, Luz forense/lanterna, Macrofotografia",True,False,0.2645
Feminicídio,Via Pública,9,25,0,2023-08-08 05:14:00,DEAM (Mulher),Empoamento,True,False,0.8067
Afogamento,DP,0,17,3,2023-07-03 00:27:00,DEAM (Mulher),Empoamento,True,False,0.274
Feto Encontrado,Hospital,0,6,0,2023-01-23 19:17:00,DEAM (Mulher),"Macrofotografia, Luz forense/lanterna",True,True,1.0
Furto em Interior de Veículo,Hospital,1,8,1,2023-10-23 17:16:00,2ª DP,Luz forense/lanterna,True,True,0.4485
Marca em Animal,Pátio,0,50,1,2023-06-02 08:32:00,DCA (Criança e Adolescente),"Luz forense/lanterna, Macrofotografia",False,False,0.1374
Pichação,Hospital,2,5,0,2023-03-19 11:03:00,DCA (Criança e Adolescente),"Empoamento, Luz forense/lanterna, Macrofotografia",True,True,0.4533
Morte Aparentemente Natural,Residência,3,41,2,2023-01-22 17:57:00,DRFC (Furtos),Empoamento,True,False,0.3186
Furto Qualificado (arrombamento),DP,3,18,1,2023-08-26 00:57:00,2ª DP,Empoamento,True,False,0.298
Furto de Energia Elétrica ou Termodinâmica,Via Pública,0,19,0,2023-09-16 17:23:00,2ª DP,"Empoamento, Luz forense/lanterna",True,False,0.2893
Tentativa de Suicídio,Estabelecimento Comercial,1,59,1,2023-08-29 04:27:00,DCA (Criança e Adolescente),"Luz forense/lanterna, Macrofotografia",True,False,0.3157
Estelionato,Pátio,1,44,2,2023-06-27 06:29:00,1ª DP,"Luz forense/lanterna, Macrofotografia, Empoamento",True,False,0.2653
Arremesso de Projétil,Residência,4,48,0,2023-05-04 06:04:00,1ª DP,"Empoamento, Macrofotografia, Luz forense/lanterna",True,False,0.3054
Feto Encontrado,Hospital,0,37,4,2023-11-05 21:24:00,DEAM (Mulher),"Empoamento, Macrofotografia",True,True,1.0
Feto Encontrado,Pátio,2,6,0,2023-11-13 15:40:00,DCA (Criança e Adolescente),Macrofotografia,True,False,0.8889
Ossada Encontrada,Hospital,0,72,2,2023-06-14 21:17:00,2ª DP,"Empoamento, Macrofotografia",False,False,0.1888
Violação de Sepultura,Hospital,2,8,3,2023-10-12 15:37:00,DCA (Criança e Adolescente),"Empoamento, Luz forense/lanterna, Macrofotografia",False,True,0.2758
Ameaça,Estabelecimento Comercial,2,5,1,2023-02-15 10:00:00,DRFC (Furtos),"Macrofotografia, Empoamento, Luz forense/lanterna",False,False,0.1991
Exercício Arbitrário das Próprias Razões,Hospital,0,55,2,2023-01-23 08:29:00,DCA (Criança e Adolescente),"Luz forense/lanterna, Macrofotografia, Empoamento",True,true,0.2746
Furto Qualificado (arrombamento),Área Rural,1,18,1,2023-08-30 01:42:00,1ª DP,Empoamento,True,False,0.2529
Cadáver Encontrado,Área Rural,5,65,3,2023-02-27 01:28:00,2ª DP,"Macrofotografia, Empoamento",True,True,0.4314
Incêndio (com vítima),DP,0,32,0,2023-10-11 06:25:00,DRFC (Furtos),"Macrofotografia, Empoamento, Luz forense/lanterna",False,True,0.5416
Furto em Interior de Veículo,Estabelecimento Comercial,1,52,5,2023-12-21 09:46:00,DHPP (Homicídios),Empoamento,False,True,0.3342
Furto de Energia Elétrica ou Termodinâmica,Hospital,1,7,0,2023-07-11 16:44:00,DRFC (Furtos),"Empoamento, Luz forense/lanterna",True,False,0.2729
Latrocínio e/ou Tentativa de Latrocínio,Residência,6,22,0,2023-09-21 22:18:00,3ª DP,"Macrofotografia, Luz forense/lanterna, Empoamento",True,False,0.8652
Extorsão,Residência,0,24,3,2023-11-09 00:00:00,DCA (Criança e Adolescente),"Empoamento, Macrofotografia, Luz forense/lanterna",True,True,0.7444
Exercício Arbitrário das Próprias Razões,Hospital,1,18,2,2023-01-18 13:16:00,DHPP (Homicídios),"Macrofotografia, Empoamento",True,False,0.2539
Roubo Com Estupro,Residência,0,45,0,2023-03-18 04:10:00,DEAM (Mulher),"Luz forense/lanterna, Empoamento",False,True,0.8277
Marca em Animal,Terreno Baldio,6,33,3,2023-08-08 14:22:00,2ª DP,Luz forense/lanterna,False,True,0.25
Local de Estupro e/ou Veículo Envolvido em Estupro,DP,1,5,0,2023-08-28 10:23:00,DRFC (Furtos),"Empoamento, Macrofotografia, Luz forense/lanterna",False,True,0.8053
Adulteração de Placa e/ou Lacre,,2,35,3,2023-06-25 06:24:00,DHPP (Homicídios),Luz forense/lanterna,False,False,0.1959
Estelionato,Hospital,2,11,1,2023-07-20 04:19:00,DRFC (Furtos),Macrofotografia,True,False,0.2512
Morte Aparentemente Natural,Hospital,5,23,1,2023-03-14 20:18:00,1ª DP,Luz forense/lanterna,False,False,0.1867
Pichação,Terreno Baldio,0,10,0,2023-02-20 23:25:00,1ª DP,"Empoamento, Macrofotografia",True,False,0.3132
Abandono de Incapaz,Residência,0,19,0,2023-08-10 05:30:00,DHPP (Homicídios),"Empoamento, Macrofotografia",False,True,0.8418
Abandono de Incapaz,DP,3,34,1,2023-06-07 17:07:00,DRFC (Furtos),"Macrofotografia, Luz forense/lanterna",False,False,0.7114
Desmanche de Veículos,Estabelecimento Comercial,5,36,,2023-06-08 17:13:00,DCA (Criança e Adolescente),"Luz forense/lanterna, Empoamento, Macrofotografia",True,True,0.472
Explosão (sem vítima),Terreno Baldio,0,36,0,2023-04-25 16:56:00,DCA (Criança e Adolescente),"Luz forense/lanterna, Macrofotografia, Empoamento",True,False,0.3087
Ameaça,Via Pública,2,26,1,2023-02-11 13:07:00,3ª DP,Macrofotografia,True,False,0.3467
Extorsão,Hospital,3,9,9,2023-11-30 02:46:00,DHPP (Homicídios),"Macrofotografia, Empoamento",True,True,0.7393
Roubo,Hospital,4,45,0,2023-03-09 12:52:00,DEAM (Mulher),"Empoamento, Macrofotografia, Luz forense/lanterna",False,False,0.4457
Desmanche de Veículos,Residência,2,6,0,2023-11-03 04:28:00,DHPP (Homicídios),Macrofotografia,False,False,0.1653
Marca em Animal,DP,4,42,0,2023-12-16 03:32:00,DRFC (Furtos),"Empoamento, Macrofotografia",True,True,0.4381
Abandono de Incapaz,Estabelecimento Comercial,2,10,999999,2023-05-08 04:30:00,DRFC (Furtos),"Luz forense/lanterna, Macrofotografia",True,False,0.8408
Infanticídio,DP,5,10,1,2023-01-06 17:06:00,1ª DP,"Macrofotografia, Empoamento, Luz forense/lanterna",True,False,0.8001
Eletroplessão,Hospital,2,35,3,2023-06-12 21:56:00,2ª DP,"Macrofotografia, Empoamento, Luz forense/lanterna",False,False,0.1959
Estelionato,Terreno Baldio,1,8,2,2023-01-10 12:53:00,DCA (Criança e Adolescente),"Luz forense/lanterna, Macrofotografia",False,False,0.1624
Extorsão,Estabelecimento Comercial,0,14,0,2023-02-15 12:15:00,DEAM (Mulher),"Macrofotografia, Empoamento, Luz forense/lanterna",True,False,0.5024
Arremesso de Projétil,Pátio,4,6,0,2023-08-16 23:11:00,DCA (Criança e Adolescente),"Luz forense/lanterna, Empoamento, Macrofotografia",True,False,0.2882
Tentativa de Suicídio,Pátio,0,36,2,,DEAM (Mulher),"Luz forense/lanterna, Empoamento, Macrofotografia",True,False,0.2864
Eletroplessão,Área Rural,4,46,0,2023-05-31 07:52:00,2ª DP,"Empoamento, Luz forense/lanterna",False,True,0.3078
Aborto,Via Pública,19,50,0,2023-10-29 18:52:00,DEAM (Mulher),"Luz forense/lanterna, Macrofotografia, Empoamento",False,False,0.156
Incêndio (sem vítima),Residência,2,36,7,2023-10-15 05:19:00,3ª DP,"Macrofotografia, Empoamento, Luz forense/lanterna",True,True,0.471
Abandono de Incapaz,Residência,1,14,3,2023-06-07 18:46:00,3ª DP,"Luz forense/lanterna, Macrofotografia, Empoamento",True,False,0.8366
Cadáver Encontrado,Estabelecimento Comercial,0,14,0,2023-03-01 08:43:00,DEAM (Mulher),"Macrofotografia, Luz forense/lanterna, Empoamento",True,True,0.4127
Furto de Energia Elétrica ou Termodinâmica,Via Pública,3,7,1,2023-12-28 12:40:00,DCA (Criança e Adolescente),"Empoamento, Luz forense/lanterna",False,False,0.1108
Violação de Sepultura,Terreno Baldio,1,6,1,2023-03-19 18:44:00,DCA (Criança e Adolescente),"Luz forense/lanterna, Macrofotografia",True,True,0.4223
Eletroplessão,Estabelecimento Comercial,0,9,0,2023-03-09 20:28:00,1ª DP,"Luz forense/lanterna, Macrofotografia",True,False,0.314
Marca em Animal,DP,3,8,0,2023-04-13 05:11:00,DCA (Criança e Adolescente),"Luz forense/lanterna, Empoamento, Macrofotografia",False,False,0.1002
Arremesso de Projétil,Via Pública,1,29,5,2023-07-31 19:25:00,DEAM (Mulher),"Luz forense/lanterna, Macrofotografia",False,True,0.2749
Cadáver Encontrado,Via Pública,2,9,0,2023-09-11 02:41:00,DRFC (Furtos),Empoamento,False,False,0.133
Furto d'água,Residência,4,34,0,2023-01-13 00:52:00,2ª DP,"Empoamento, Macrofotografia, Luz forense/lanterna",True,False,0.3194
Estelionato,Terreno Baldio,0,72,2,2023-10-20 03:23:00,1ª DP,"Empoamento, Luz forense/lanterna, Macrofotografia",False,True,0.3093
Marca em Animal,Área Rural,0,26,1,2023-06-26 03:32:00,DRFC (Furtos),"Luz forense/lanterna, Macrofotografia",False,False,0.1786
Explosão (com vítima),Estabelecimento Comercial,10,46,4,,2ª DP,"Luz forense/lanterna, Macrofotografia",False,False,0.3831
Latrocínio e/ou Tentativa de Latrocínio,Residência,0,15,2,2023-01-29 17:14:00,1ª DP,"Macrofotografia, Empoamento, Luz forense/lanterna",False,False,0.7179
Feto Encontrado,Via Pública,1,19,0,2023-06-15 15:42:00,DHPP (Homicídios),Macrofotografia,False,True,0.8367
Incêndio (com vítima),Via Pública,0,7,5,2023-06-03 08:49:00,DRFC (Furtos),"Empoamento, Macrofotografia, Luz forense/lanterna",False,True,0.5912
Furto Qualificado (arrombamento),Residência,2,11,0,2023-09-06 22:03:00,DEAM (Mulher),"Luz forense/lanterna, Empoamento",True,True,0.4132
Dano Seguido de Lesão Corporal,Via Pública,4,9,3,2023-11-23 06:24:00,DCA (Criança e Adolescente),"Macrofotografia, Empoamento, Luz forense/lanterna",True,False,0.5374
Morte Aparentemente Natural,Via Pública,0,15,1,2023-10-18 01:42:00,2ª DP,Macrofotografia,False,False,0.1752
Furto,Área Rural,0,14,1,2023-08-14 10:25:00,DRFC (Furtos),"Macrofotografia, Empoamento",True,False,0.275
Desmanche de Veículos,Estabelecimento Comercial,0,18,0,2023-01-02 04:55:00,DRFC (Furtos),Macrofotografia,False,True,0.2971
Cadáver Encontrado,Área Rural,4,48,4,2023-10-27 03:40:00,2ª DP,Luz forense/lanterna,True,False,0.3004
Feminicídio,Residência,1,18,0,2023-04-21 04:34:00,3ª DP,"Macrofotografia, Empoamento",True,False,0.8544
Abandono de Incapaz,DP,5,7,0,2023-05-25 00:00:00,DRFC (Furtos),"Luz forense/lanterna, Empoamento, Macrofotografia",False,False,0.7469
Desmanche de Veículos,Terreno Baldio,2,60,2,2023-04-26 04:37:00,DRFC (Furtos),Luz forense/lanterna,False,False,0.133
Furto em Interior de Veículo,DP,9,23,0,2023-02-26 22:02:00,DCA (Criança e Adolescente),Macrofotografia,False,False,0.1494
Aborto,Estabelecimento Comercial,3,168,2,2023-03-12 11:31:00,DCA (Criança e Adolescente),"Luz forense/lanterna, Empoamento",True,True,0.4619
Infanticídio,DP,11,9,N/A,2023-11-16 05:29:00,2ª DP,"Luz forense/lanterna, Empoamento, Macrofotografia",True,True,1.0
Marca em Animal,Área Rural,4,9,1,2023-04-24 10:36:00,DCA (Criança e Adolescente),"Luz forense/lanterna, Macrofotografia",True,True,0.4677
Dano Seguido de Lesão Corporal,Estabelecimento Comercial,8,17,0,2023-01-30 16:39:00,DRFC (Furtos),"Macrofotografia, Luz forense/lanterna, Empoamento",True,False,0.5982
Infanticídio,Pátio,0,17,2,2023-07-09 11:02:00,DEAM (Mulher),"Macrofotografia, Luz forense/lanterna, Empoamento",False,False,0.7262
Disparo de Arma de Fogo,Via Pública,1,30,2,2023-08-05 19:58:00,2ª DP,"Luz forense/lanterna, Empoamento",True,True,0.6697
Desmanche de Veículos,Área Rural,9,28,4,2023-10-28 09:17:00,1ª DP,Luz forense/lanterna,True,False,0.3139
Adulteração de Placa e/ou Lacre,Terreno Baldio,1,112,1,2023-03-02 08:18:00,DHPP (Homicídios),"Macrofotografia, Empoamento, Luz forense/lanterna",False,False,0.1459
Maus Tratos de Animal,DP,8,41,4,2023-08-08 17:19:00,2ª DP,"Luz forense/lanterna, Macrofotografia, Empoamento",True,False,0.3206
Feto Encontrado,DP,8,10,0,2023-10-26 09:37:00,2ª DP,"Macrofotografia, Luz forense/lanterna",False,False,0.6572
Pichação,DP,5,13,0,2023-03-09 22:56:00,DEAM (Mulher),Empoamento,True,False,0.3091
Ossada Encontrada,Área Rural,5,16,0,2023-09-22 11:38:00,3ª DP,"Empoamento, Luz forense/lanterna, Macrofotografia",True,True,0.4002
Roubo Com Estupro,Hospital,2,9,1,2023-07-16 21:48:00,2ª DP,Macrofotografia,True,False,0.8972
Desmanche de Veículos,Residência,1,17,0,2023-04-16 21:29:00,DCA (Criança e Adolescente),"Empoamento, Luz forense/lanterna",True,False,0.2931
Furto em Interior de Veículo,Terreno Baldio,0,13,5,2023-09-03 08:14:00,1ª DP,Empoamento,True,True,0.4016
Homicídio,DP,5,14,2,2023-06-18 23:36:00,1ª DP,"Macrofotografia, Luz forense/lanterna",False,False,0.6596
Tentativa de Suicídio,DP,1,5,999999,2023-09-29 00:32:00,DCA (Criança e Adolescente),"Macrofotografia, Luz forense/lanterna, Empoamento",True,False,0.3477
Homicídio,Pátio,0,20,0,2023-02-10 15:30:00,DEAM (Mulher),"Empoamento, Luz forense/lanterna",False,False,0.7147
Furto em Interior de Veículo,Hospital,1,25,0,2023-10-27 00:53:00,1ª DP,"Macrofotografia, Luz forense/lanterna, Empoamento",true,True,0.2846
Marca em Animal,Área Rural,4,12,1,2023-05-26 06:55:00,DHPP (Homicídios),Empoamento,True,True,0.4154
Adulteração de Placa e/ou Lacre,Residência,1,46,0,2023-01-19 00:05:00,DEAM (Mulher),"Luz forense/lanterna, Empoamento, Macrofotografia",False,False,0.1495
Lesão Corporal,Área Rural,0,5,0,2023-10-26 00:33:00,DHPP (Homicídios),"Empoamento, Macrofotografia, Luz forense/lanterna",True,False,0.5768
Furto em Interior de Veículo,Hospital,0,8,0,2023-10-20 17:32:00,1ª DP,Luz forense/lanterna,False,False,0.1779
Marca em Animal,Hospital,1,11,0,2023-07-18 08:48:00,2ª DP,"Empoamento, Luz forense/lanterna, Macrofotografia",False,False,0.1125
Furto em Interior de Veículo,Estabelecimento Comercial,1,61,2,2023-01-10 08:00:00,3ª DP,"Macrofotografia, Luz forense/lanterna, Empoamento",True,False,0.2699
Cadáver Encontrado,Hospital,6,44,0,2023-02-23 12:12:00,DCA (Criança e Adolescente),"Macrofotografia, Luz forense/lanterna, Empoamento",True,False,0.3104
Ameaça,Hospital,11,8,0,2023-08-29 19:49:00,DEAM (Mulher),Empoamento,True,False,0.2501
Violação de Domicílio,Via Pública,2,9,0,2023-12-03 10:17:00,1ª DP,"Macrofotografia, Empoamento, Luz forense/lanterna",True,False,0.2916
Tráfico de Entorpecentes,Área Rural,8,12,5,2023-10-17 09:26:00,DCA (Criança e Adolescente),Macrofotografia,True,False,0.2818
Furto de Energia Elétrica ou Termodinâmica,Pátio,9,13,2,2023-08-20 13:38:00,DHPP (Homicídios),"Macrofotografia, Empoamento",False,True,0.2952
Roubo,Residência,5,8,6,2023-10-14 20:43:00,DHPP (Homicídios),"Empoamento, Luz forense/lanterna",False,False,0.3846
Local de Estupro e/ou Veículo Envolvido em Estupro,Terreno Baldio,7,20,3,2023-07-22 18:56:00,1ª DP,"Empoamento, Luz forense/lanterna",True,False,0.853
Disparo de Arma de Fogo,Via Pública,2,5,0,2023-07-19 18:52:00,DEAM (Mulher),"Luz forense/lanterna, Empoamento",True,False,0.5011
Roubo,Residência,13,23,2,2023-12-05 10:24:00,DEAM (Mulher),Empoamento,False,False,0.4181
Feminicídio,DP,3,N/A,2,2023-06-04 16:44:00,1ª DP,"Macrofotografia, Luz forense/lanterna, Empoamento",True,True,1.0
Infanticídio,Residência,8,40,0,2023-11-17 10:39:00,DRFC (Furtos),"Macrofotografia, Luz forense/lanterna, Empoamento",True,False,0.8023
Furto de Energia Elétrica ou Termodinâmica,Terreno Baldio,1,9,1,2023-06-11 02:04:00,DCA (Criança e Adolescente),Luz forense/lanterna,False,True,0.3248
Explosão (sem vítima),Área Rural,1,55,2,2023-06-25 12:12:00,3ª DP,"Macrofotografia, Empoamento",True,False,0.2689
Roubo Com Estupro,Estabelecimento Comercial,0,9,0,2023-07-25 05:21:00,DEAM (Mulher),"Empoamento, Luz forense/lanterna, Macrofotografia",True,False,0.8583
Adulteração de Placa e/ou Lacre,Hospital,0,11,0,2023-07-25 04:40:00,DEAM (Mulher),Luz forense/lanterna,False,False,0.1933
Cadáver Encontrado,Hospital,1,18,0,2023-05-13 15:19:00,1ª DP,"Luz forense/lanterna, Macrofotografia",True,True,0.4513
Extorsão,Hospital,2,31,2,2023-04-07 22:47:00,DHPP (Homicídios),"Macrofotografia, Luz forense/lanterna, Empoamento",False,False,0.3951
Homicídio,Pátio,0,31,6,2023-03-25 10:55:00,DRFC (Furtos),"Macrofotografia, Empoamento",False,True,0.8142
Dano Seguido de Lesão Corporal,Via Pública,0,88,0,2023-01-18 11:58:00,1ª DP,Macrofotografia,True,False,0.5434
Disparo de Arma de Fogo,Via Pública,7,60,2,2023-03-13 10:54:00,DCA (Criança e Adolescente),"Empoamento, Luz forense/lanterna",True,False,0.5147
Explosão (sem vítima),Residência,3,18,0,2023-02-21 09:03:00,DCA (Criança e Adolescente),"Macrofotografia, Luz forense/lanterna",False,False,0.1147
Tráfico de Entorpecentes,Terreno Baldio,3,28,0,2023-11-04 04:35:00,2ª DP,Luz forense/lanterna,False,True,0.303
Incêndio (com vítima),Estabelecimento Comercial,0,28,2,2023-08-16 21:49:00,DEAM (Mulher),"Macrofotografia, Luz forense/lanterna, Empoamento",False,True,0.5726
Infanticídio,Hospital,2,26,4,2023-07-10 01:37:00,DCA (Criança e Adolescente),Macrofotografia,False,False,0.7469
Latrocínio e/ou Tentativa de Latrocínio,Residência,0,7,0,2023-01-21 02:31:00,DHPP (Homicídios),"Empoamento, Luz forense/lanterna, Macrofotografia",False,True,0.872
Latrocínio e/ou Tentativa de Latrocínio,Hospital,4,35,0,2023-07-31 02:21:00,1ª DP,Macrofotografia,True,False,0.8705
Extorsão,Estabelecimento Comercial,2,11,0,2023-10-15 15:08:00,DRFC (Furtos),"Empoamento, Macrofotografia",True,False,0.5917
Violação de Domicílio,Pátio,0,11,0,2023-02-11 02:41:00,2ª DP,"Empoamento, Luz forense/lanterna, Macrofotografia",True,True,0.4657
Latrocínio e/ou Tentativa de Latrocínio,Pátio,2,30,0,2023-03-13 07:32:00,DCA (Criança e Adolescente),"Macrofotografia, Empoamento, Luz forense/lanterna",False,False,0.7269
Latrocínio e/ou Tentativa de Latrocínio,Estabelecimento Comercial,0,68,1,2023-07-10 15:06:00,DEAM (Mulher),Luz forense/lanterna,True,False,0.8862
Veículo Localizado (furtado ou roubado),Área Rural,1,27,3,2023-11-12 00:48:00,DCA (Criança e Adolescente),"Macrofotografia, Empoamento",True,True,0.431
Furto Qualificado (arrombamento),Estabelecimento Comercial,0,8,1,2023-10-14 18:02:00,DHPP (Homicídios),"Macrofotografia, Empoamento, Luz forense/lanterna",False,False,0.1342
Disparo de Arma de Fogo,Terreno Baldio,1,54,0,2023-12-29 23:01:00,DRFC (Furtos),"Empoamento, Luz forense/lanterna, Macrofotografia",True,True,0.662
Estelionato,Via Pública,4,39,5,2023-01-19 03:43:00,DRFC (Furtos),"Empoamento, Luz forense/lanterna",True,False,0.2577
Suicídio,Área Rural,14,12,1,2023-03-22 17:57:00,DHPP (Homicídios),"Macrofotografia, Luz forense/lanterna, Empoamento",False,False,0.1258
Furto de Energia Elétrica ou Termodinâmica,Via Pública,0,34,2,2023-02-25 05:03:00,DCA (Criança e Adolescente),"Luz forense/lanterna, Empoamento",False,False,0.108
Suicídio,Estabelecimento Comercial,2,56,3,2023-11-24 18:53:00,3ª DP,"Luz forense/lanterna, Macrofotografia, Empoamento",False,False,0.1528
Violação de Domicílio,Residência,9,18,1,2023-01-09 14:47:00,DEAM (Mulher),Macrofotografia,False,False,0.1296
Feto Encontrado,Área Rural,2,26,2,2023-11-07 01:35:00,DCA (Criança e Adolescente),"Luz forense/lanterna, Empoamento",True,True,0.9655
Adulteração de Placa e/ou Lacre,Hospital,12,5,2,2023-09-16 03:46:00,1ª DP,Empoamento,False,True,0.288
Tentativa de Homicídio,Área Rural,5,27,1,2023-06-24 22:42:00,2ª DP,Empoamento,True,False,0.841
Feminicídio,Estabelecimento Comercial,0,31,0,2023-11-23 16:23:00,DEAM (Mulher),Luz forense/lanterna,True,False,0.8472
Maus Tratos de Animal,Pátio,0,10,0,2023-11-01 10:18:00,2ª DP,Macrofotografia,False,True,0.3282
Suicídio,Estabelecimento Comercial,9,23,2,2023-08-04 23:40:00,DRFC (Furtos),"Empoamento, Macrofotografia, Luz forense/lanterna",False,False,0.1751
Latrocínio e/ou Tentativa de Latrocínio,Via Pública,0,9,0,2023-10-08 00:45:00,DRFC (Furtos),"Empoamento, Luz forense/lanterna, Macrofotografia",True,False,0.8973
Violação de Sepultura,Área Rural,0,6,0,2023-07-01 07:55:00,DRFC (Furtos),Empoamento,True,False,0.2969
Extorsão,Via Pública,1,24,2,2023-09-10 03:01:00,DEAM (Mulher),"Empoamento, Luz forense/lanterna, Macrofotografia",False,False,0.3933
Marca em Animal,Pátio,5,8,0,,2ª DP,Empoamento,False,False,0.1948
Furto em Interior de Veículo,Estabelecimento Comercial,2,8,1,2023-09-29 17:12:00,3ª DP,"Luz forense/lanterna, Empoamento, Macrofotografia",True,False,0.2817
Veículo Localizado (furtado ou roubado),Via Pública,2,10,0,2023-10-19 20:06:00,1ª DP,Luz forense/lanterna,False,False,0.1603
Suicídio,Hospital,5,28,0,2023-11-28 22:35:00,2ª DP,"Empoamento, Luz forense/lanterna",False,False,0.1758
Cadáver Encontrado,Hospital,1,8,2,2023-06-27 07:38:00,DRFC (Furtos),Macrofotografia,False,True,0.306
Lesão Corporal,Residência,4,10,3,2023-12-06 04:10:00,DEAM (Mulher),Macrofotografia,True,True,0.7355
Ossada Encontrada,Estabelecimento Comercial,0,9,1,2023-01-08 14:19:00,2ª DP,"Luz forense/lanterna, Empoamento, Macrofotografia",False,True,0.3447
Dano Seguido de Lesão Corporal,Terreno Baldio,0,13,2,2023-06-06 21:03:00,DRFC (Furtos),Macrofotografia,False,False,0.3776
Explosão (com vítima),Residência,1,24,5,2023-01-19 18:30:00,2ª DP,Empoamento,True,True,0.6611
Adulteração de Placa e/ou Lacre,DP,11,6,3,2023-01-26 12:14:00,3ª DP,Macrofotografia,False,True,0.2921
Roubo,Via Pública,0,10,1,2023-07-21 15:06:00,DCA (Criança e Adolescente),"Macrofotografia, Empoamento",False,False,0.4497
Furto,Terreno Baldio,0,32,1,2023-06-20 07:32:00,2ª DP,"Luz forense/lanterna, Empoamento, Macrofotografia",False,False,0.1895
Dano,Estabelecimento Comercial,1,16,2,2023-11-23 11:03:00,DEAM (Mulher),"Empoamento, Macrofotografia, Luz forense/lanterna",False,False,0.1805
Lesão Corporal,Área Rural,6,5,,2023-04-07 23:20:00,DHPP (Homicídios),Macrofotografia,True,False,0.5995
Homicídio,Estabelecimento Comercial,5,41,4,2023-05-19 11:08:00,DRFC (Furtos),Macrofotografia,False,False,0.7115
Feminicídio,Terreno Baldio,1,5,1,2023-12-18 04:32:00,DEAM (Mulher),Luz forense/lanterna,True,False,0.8116
Disparo de Arma de Fogo,Área Rural,2,22,1,2023-12-17 15:16:00,DEAM (Mulher),"Empoamento, Luz forense/lanterna, Macrofotografia",True,False,0.5032
Furto Qualificado (arrombamento),Via Pública,0,12,1,2023-02-09 02:09:00,2ª DP,"Macrofotografia, Empoamento, Luz forense/lanterna",False,True,0.3227
Suicídio,Estabelecimento Comercial,0,23,4,2023-06-17 12:22:00,DEAM (Mulher),"Empoamento, Macrofotografia, Luz forense/lanterna",True,False,0.297
Ameaça,Terreno Baldio,0,26,0,2023-07-07 02:37:00,2ª DP,Luz forense/lanterna,True,False,0.3394
Lesão Corporal,Área Rural,1,51,1,2023-05-25 08:28:00,DCA (Criança e Adolescente),"Empoamento, Luz forense/lanterna",True,False,0.5979
Disparo de Arma de Fogo,Hospital,0,42,1,2023-01-16 20:25:00,1ª DP,"Macrofotografia, Luz forense/lanterna",True,True,0.7192
Ameaça,Estabelecimento Comercial,0,7,1,2023-03-20 02:29:00,DEAM (Mulher),"Macrofotografia, Empoamento, Luz forense/lanterna",False,True,0.3037
Disparo de Arma de Fogo,Área Rural,6,34,4,2023-09-30 10:55:00,1ª DP,Empoamento,True,True,0.7361
Disparo de Arma de Fogo,Área Rural,0,7,0,2023-13-45,2ª DP,"Empoamento, Macrofotografia",True,False,0.583
Incêndio (sem vítima),DP,0,8,2,2023-12-23 23:18:00,DCA (Criança e Adolescente),"Macrofotografia, Empoamento",True,True,0.4175
Furto de Energia Elétrica ou Termodinâmica,Hospital,1,11,1,2023-01-21 15:02:00,DHPP (Homicídios),"Empoamento, Macrofotografia, Luz forense/lanterna",False,False,0.1774
Violação de Sepultura,Estabelecimento Comercial,0,9,0,2023-08-16 16:57:00,DCA (Criança e Adolescente),"Empoamento, Macrofotografia",False,True,0.3289
Maus Tratos de Animal,Estabelecimento Comercial,8,62,3,2023-06-11 21:48:00,1ª DP,Macrofotografia,True,False,0.2858
Furto d'água,Residência,10,18,1,2023-05-31 20:17:00,DEAM (Mulher),Luz forense/lanterna,False,False,0.1089
Furto Qualificado (arrombamento),Estabelecimento Comercial,4,32,0,2023-01-12 00:03:00,1ª DP,Luz forense/lanterna,False,False,0.1512
Arremesso de Projétil,Terreno Baldio,0,6,2,2023-05-15 11:16:00,DEAM (Mulher),"Luz forense/lanterna, Empoamento, Macrofotografia",True,True,0.4453
Eletroplessão,Pátio,8,7,1,2023-07-25 20:20:00,DHPP (Homicídios),Macrofotografia,False,False,0.1274
Local de Estupro e/ou Veículo Envolvido em Estupro,Via Pública,0,10,1,2023-10-17 15:42:00,2ª DP,Macrofotografia,False,False,0.6964
Furto em Interior de Veículo,Hospital,2,40,0,2023-07-24 14:58:00,DEAM (Mulher),Empoamento,True,False,0.3122
Dano Seguido de Lesão Corporal,Hospital,1,12,0,2023-12-24 04:57:00,3ª DP,Empoamento,True,True,0.6517
Incêndio (sem vítima),Residência,0,24,1,2023-05-28 07:56:00,DRFC (Furtos),"Macrofotografia, Empoamento",True,True,0.4698
Ossada Encontrada,Hospital,2,5,2,2023-12-05 05:33:00,DCA (Criança e Adolescente),"Empoamento, Luz forense/lanterna, Macrofotografia",True,False,0.3442
Afogamento,Hospital,5,39,5,2023-09-01 02:30:00,DRFC (Furtos),Luz forense/lanterna,False,True,0.3415
Explosão (sem vítima),Estabelecimento Comercial,0,26,0,2023-01-26 10:37:00,DRFC (Furtos),"Macrofotografia, Empoamento, Luz forense/lanterna",False,False,0.1578
Disparo de Arma de Fogo,DP,8,8,1,,3ª DP,"Empoamento, Luz forense/lanterna, Macrofotografia",False,False,0.4408
Tráfico de Entorpecentes,Estabelecimento Comercial,0,48,0,2023-01-13 11:21:00,2ª DP,"Luz forense/lanterna, Empoamento",True,False,0.3299
Furto,Área Rural,10,6,0,2023-01-23 20:54:00,DCA (Criança e Adolescente),"Macrofotografia, Luz forense/lanterna, Empoamento",True,True,0.4832
Furto,Área Rural,0,24,1,2023-04-14 20:05:00,DHPP (Homicídios),"Empoamento, Macrofotografia",True,False,0.3079
Receptação,Pátio,0,24,2,2023-07-29 04:18:00,DCA (Criança e Adolescente),Empoamento,True,False,0.3044
Violação de Sepultura,DP,4,5,4,2023-04-06 11:40:00,3ª DP,Luz forense/lanterna,True,False,0.2515
Receptação,Hospital,0,39,4,2023-09-02 13:48:00,3ª DP,"Empoamento, Luz forense/lanterna",False,False,0.1399
Feminicídio,Via Pública,0,51,3,2023-01-31 13:01:00,DEAM (Mulher),"Empoamento, Luz forense/lanterna",True,False,0.8221
Pichação,Área Rural,2,10,1,2023-03-09 11:02:00,DRFC (Furtos),"Empoamento, Luz forense/lanterna",True,False,0.3162
Feto Encontrado,Estabelecimento Comercial,0,7,1,2023-07-11 12:46:00,1ª DP,"Macrofotografia, Empoamento",True,False,0.8632
Tentativa de Suicídio,Área Rural,0,5,0,2023-04-06 10:27:00,DHPP (Homicídios),"Empoamento, Macrofotografia",False,True,0.2757
Disparo de Arma de Fogo,Hospital,0,8,1,2023-05-13 23:14:00,3ª DP,"Luz forense/lanterna, Empoamento, Macrofotografia",True,True,0.7384
Disparo de Arma de Fogo,Hospital,5,N/A,0,2023-02-19 22:26:00,DEAM (Mulher),"Empoamento, Macrofotografia, Luz forense/lanterna",True,True,0.6864
Arremesso de Projétil,Residência,1,7,0,2023-11-24 07:23:00,2ª DP,"Luz forense/lanterna, Macrofotografia, Empoamento",True,False,0.3381
Pichação,Hospital,2,16,8,2023-07-16 15:35:00,3ª DP,"Macrofotografia, Empoamento, Luz forense/lanterna",True,False,0.272
Maus Tratos de Animal,Residência,1,6,3,2023-09-09 11:41:00,DCA (Criança e Adolescente),"Luz forense/lanterna, Macrofotografia",True,False,0.2508
Estelionato,Área Rural,0,52,2,2023-10-04 00:45:00,1ª DP,Luz forense/lanterna,False,False,0.1013
Desmanche de Veículos,DP,0,19,0,2023-07-28 09:35:00,DCA (Criança e Adolescente),"Empoamento, Luz forense/lanterna",False,True,0.2801
Suicídio,DP,5,18,0,2023-10-16 11:28:00,DCA (Criança e Adolescente),"Empoamento, Luz forense/lanterna",False,False,0.1447
Receptação,Terreno Baldio,7,48,999999,2023-12-19 06:03:00,1ª DP,Macrofotografia,False,True,0.2951
Afogamento,Pátio,2,10,8,2023-06-26 11:23:00,DCA (Criança e Adolescente),"Luz forense/lanterna, Macrofotografia, Empoamento",True,True,0.4985
Ameaça,Terreno Baldio,1,10,2,2023-06-22 03:41:00,DEAM (Mulher),"Macrofotografia, Empoamento, Luz forense/lanterna",True,False,0.2509
Adulteração de Placa e/ou Lacre,Pátio,1,10,1,2023-12-18 06:59:00,2ª DP,Empoamento,True,False,0.3416
Roubo,DP,0,6,6,2023-10-31 09:11:00,DHPP (Homicídios),Empoamento,False,False,0.4332
Veículo Localizado (furtado ou roubado),Estabelecimento Comercial,2,7,2,2023-01-29 16:28:00,DHPP (Homicídios),"Luz forense/lanterna, Empoamento",True,False,0.2783
Tentativa de Homicídio,Área Rural,1,24,2,2023-09-24 06:50:00,DEAM (Mulher),"Macrofotografia, Empoamento, Luz forense/lanterna",True,False,0.8348
Homicídio,DP,0,24,1,31/02/2023 25:00:00,2ª DP,"Empoamento, Luz forense/lanterna, Macrofotografia",True,False,0.8643
Homicídio,DP,0,21,1,2023-04-19 02:22:00,DCA (Criança e Adolescente),"Macrofotografia, Luz forense/lanterna, Empoamento",False,False,0.7174
Tráfico de Entorpecentes,Residência,0,5,2,2023-11-08 06:49:00,DEAM (Mulher),"Macrofotografia, Empoamento",False,False,0.1858
Suicídio,Pátio,15,43,1,2023-07-29 00:56:00,1ª DP,Macrofotografia,False,False,0.1179
Furto de Energia Elétrica ou Termodinâmica,Pátio,4,10,1,,DHPP (Homicídios),"Empoamento, Luz forense/lanterna, Macrofotografia",False,False,0.1952
Eletroplessão,Hospital,5,39,10,2023-01-21 06:36:00,DRFC (Furtos),"Empoamento, Macrofotografia",True,True,0.4885
Morte Aparentemente Natural,Terreno Baldio,0,5,3,2023-10-13 21:44:00,DEAM (Mulher),"Luz forense/lanterna, Macrofotografia",False,,0.3461
Homicídio,Pátio,4,13,5,2023-01-15 07:53:00,DCA (Criança e Adolescente),Empoamento,False,False,0.7282
Morte Aparentemente Natural,Área Rural,4,51,1,2023-12-10 17:02:00,DEAM (Mulher),Macrofotografia,False,True,0.2534
Tentativa de Homicídio,Residência,3,,1,2023-04-22 21:44:00,2ª DP,Empoamento,True,True,0.9905
Feminicídio,Terreno Baldio,0,15,1,2023-10-28 17:51:00,2ª DP,"Luz forense/lanterna, Empoamento, Macrofotografia",True,False,0.808
Suicídio,Hospital,1,31,5,2023-03-17 08:52:00,DRFC (Furtos),"Luz forense/lanterna, Macrofotografia",False,True,0.2665
Explosão (com vítima),Terreno Baldio,3,39,5,2023-05-28 05:12:00,DCA (Criança e Adolescente),"Luz forense/lanterna, Macrofotografia",False,False,0.3698
Roubo Com Estupro,DP,5,28,4,2023-06-25 12:09:00,2ª DP,"Empoamento, Luz forense/lanterna",True,True,1.0
Morte Aparentemente Natural,Área Rural,3,25,1,2023-10-29 23:39:00,DRFC (Furtos),"Macrofotografia, Empoamento, Luz forense/lanterna",False,False,0.111
Receptação,DP,2,7,1,2023-05-10 06:18:00,3ª DP,Luz forense/lanterna,True,True,0.4212
Extorsão,Estabelecimento Comercial,1,9,5,2023-02-07 17:09:00,DEAM (Mulher),"Luz forense/lanterna, Empoamento, Macrofotografia",True,True,0.6733
Arremesso de Projétil,Hospital,0,6,7,2023-01-07 13:56:00,1ª DP,"Empoamento, Luz forense/lanterna, Macrofotografia",,False,0.2741
Lesão Corporal,Pátio,3,24,5,2023-04-21 22:12:00,DCA (Criança e Adolescente),Luz forense/lanterna,True,False,0.566
Feminicídio,Estabelecimento Comercial,2,15,0,2023-10-21 22:26:00,DCA (Criança e Adolescente),"Macrofotografia, Luz forense/lanterna",True,True,0.9993
Infanticídio,Terreno Baldio,1,9,0,2023-03-12 23:08:00,DCA (Criança e Adolescente),"Empoamento, Macrofotografia",False,True,0.8917
Dano Seguido de Lesão Corporal,Pátio,4,49,0,2023-02-09 18:55:00,DRFC (Furtos),"Luz forense/lanterna, Empoamento, Macrofotografia",False,True,0.5115
Incêndio (sem vítima),Via Pública,3,32,1,2023-04-17 16:42:00,DRFC (Furtos),"Luz forense/lanterna, Empoamento, Macrofotografia",True,False,0.2869
Incêndio (com vítima),DP,3,7,0,2023-07-31 07:16:00,DHPP (Homicídios),"Macrofotografia, Empoamento, Luz forense/lanterna",True,False,0.57
Lesão Corporal,Área Rural,2,5,0,2023-10-28 13:41:00,DRFC (Furtos),"Luz forense/lanterna, Macrofotografia, Empoamento",True,False,0.5048
Eletroplessão,Estabelecimento Comercial,1,10,4,2023-10-18 04:17:00,DHPP (Homicídios),"Macrofotografia, Luz forense/lanterna",True,False,0.3398
Furto em Interior de Veículo,Área Rural,1,5,0,2023-10-05 14:15:00,DEAM (Mulher),"Macrofotografia, Empoamento, Luz forense/lanterna",False,True,0.3181
Incêndio (com vítima),Área Rural,1,11,1,2023-06-07 10:26:00,2ª DP,Luz forense/lanterna,False,True,0.5982
Tráfico de Entorpecentes,Área Rural,2,9,3,2023-04-11 20:02:00,2ª DP,"Empoamento, Macrofotografia",True,False,0.3234
Local de Estupro e/ou Veículo Envolvido em Estupro,Área Rural,19,31,0,2023-09-02 03:44:00,1ª DP,Macrofotografia,True,True,0.9819
Local de Estupro e/ou Veículo Envolvido em Estupro,Pátio,3,23,1,2023-05-12 18:24:00,3ª DP,Luz forense/lanterna,False,False,0.7464
Exercício Arbitrário das Próprias Razões,Via Pública,2,13,2,2023-11-06 04:13:00,DHPP (Homicídios),"Empoamento, Macrofotografia, Luz forense/lanterna",True,True,0.4238
Adulteração de Placa e/ou Lacre,Via Pública,4,12,7,31/02/2023 25:00:00,DEAM (Mulher),"Empoamento, Macrofotografia",False,False,0.1437
Estelionato,Terreno Baldio,0,17,0,2023-03-21 19:22:00,DEAM (Mulher),"Empoamento, Luz forense/lanterna, Macrofotografia",False,False,0.1769
Tentativa de Homicídio,Via Pública,3,37,0,2023-03-31 00:27:00,DRFC (Furtos),Macrofotografia,,False,0.7168
Latrocínio e/ou Tentativa de Latrocínio,Estabelecimento Comercial,4,5,2,2023-10-02 16:13:00,DEAM (Mulher),"Luz forense/lanterna, Empoamento",False,1,0.8293
Arremesso de Projétil,Via Pública,1,7,1,2023-12-16 15:33:00,2ª DP,"Macrofotografia, Empoamento, Luz forense/lanterna",True,True,0.4901
Aborto,Via Pública,0,32,2,2023-01-20 14:38:00,3ª DP,Empoamento,True,False,0.3365
Furto d'água,Residência,2,47,1,2023-09-09 17:17:00,DRFC (Furtos),"Macrofotografia, Luz forense/lanterna, Empoamento",False,False,0.1065
Desmanche de Veículos,Terreno Baldio,0,29,1,2023-10-07 22:12:00,2ª DP,Empoamento,True,False,0.3092
Afogamento,Via Pública,2,25,1,2023-09-16 12:25:00,2ª DP,"Macrofotografia, Luz forense/lanterna, Empoamento",True,False,0.2936
Desmanche de Veículos,Residência,0,6,1,2023-10-13 00:41:00,DCA (Criança e Adolescente),"Luz forense/lanterna, Macrofotografia, Empoamento",False,False,0.1376
Violação de Sepultura,Terreno Baldio,4,22,3,2023-05-07 21:21:00,2ª DP,"Macrofotografia, Luz forense/lanterna",False,False,0.1402
Furto em Interior de Veículo,Hospital,1,22,7,2023-06-04 12:47:00,1ª DP,Macrofotografia,True,False,0.2717
Veículo Localizado (furtado ou roubado),Estabelecimento Comercial,0,22,0,2023-12-24 12:01:00,DEAM (Mulher),"Luz forense/lanterna, Macrofotografia, Empoamento",False,False,0.1334
Furto Qualificado (arrombamento),DP,5,31,0,2023-06-14 02:25:00,1ª DP,Luz forense/lanterna,True,False,0.3006
Violação de Domicílio,Estabelecimento Comercial,6,13,1,2023-11-10 15:20:00,2ª DP,"Luz forense/lanterna, Empoamento",True,False,0.283
Afogamento,Área Rural,0,62,0,2023-07-03 06:55:00,DRFC (Furtos),Macrofotografia,False,True,0.2777
Arremesso de Projétil,Via Pública,3,18,0,2023-11-20 00:03:00,2ª DP,Luz forense/lanterna,False,False,0.1929
Aborto,Área Rural,0,10,0,2023-05-30 08:08:00,DEAM (Mulher),"Macrofotografia, Empoamento, Luz forense/lanterna",True,False,0.2558
Furto d'água,Pátio,3,18,0,2023-04-14 23:24:00,DRFC (Furtos),"Macrofotografia, Empoamento, Luz forense/lanterna",True,True,0.418
Lesão Corporal,Estabelecimento Comercial,4,12,1,2023-12-17 21:02:00,DRFC (Furtos),"Macrofotografia, Empoamento, Luz forense/lanterna",False,False,0.3534
Explosão (com vítima),Terreno Baldio,9,36,1,2023-05-12 22:12:00,DEAM (Mulher),Luz forense/lanterna,False,True,0.5506
Eletroplessão,Residência,1,37,0,2023-11-30 06:41:00,DCA (Criança e Adolescente),Macrofotografia,True,True,0.4618
Roubo,Terreno Baldio,4,96,2,2023-01-24 03:03:00,1ª DP,Macrofotografia,True,True,0.7426
Tentativa de Homicídio,Pátio,0,N/A,0,2023-05-14 00:41:00,DHPP (Homicídios),"Macrofotografia, Empoamento",True,False,0.884
Abandono de Incapaz,Terreno Baldio,1,12,3,2023-02-03 19:47:00,3ª DP,"Macrofotografia, Luz forense/lanterna, Empoamento",False,True,0.8085
Feto Encontrado,DP,2,29,0,2023-11-11 21:02:00,DCA (Criança e Adolescente),Empoamento,False,False,0.7455
Suicídio,Hospital,2,16,0,2023-11-03 17:21:00,3ª DP,"Macrofotografia, Empoamento",False,True,0.2648
Arremesso de Projétil,Hospital,0,8,8,2023-03-08 18:32:00,3ª DP,"Luz forense/lanterna, Macrofotografia, Empoamento",True,False,0.2885
Ameaça,Terreno Baldio,0,21,1,2023-10-15 08:22:00,DRFC (Furtos),"Empoamento, Macrofotografia, Luz forense/lanterna",True,False,0.2792
Furto de Energia Elétrica ou Termodinâmica,Estabelecimento Comercial,0,5,0,2023-11-18 16:49:00,DEAM (Mulher),Macrofotografia,False,False,0.1641
Marca em Animal,Área Rural,-3,24,4,2023-08-28 12:26:00,3ª DP,Empoamento,True,False,0.3058
Eletroplessão,Via Pública,3,17,2,,2ª DP,Empoamento,False,True,0.3416
Ameaça,Pátio,3,93,3,2023-07-16 09:23:00,3ª DP,Luz forense/lanterna,True,False,0.2962
Adulteração de Placa e/ou Lacre,Via Pública,7,18,1,2023-05-13 04:34:00,DRFC (Furtos),"Empoamento, Luz forense/lanterna",True,False,0.3017
Tentativa de Suicídio,Pátio,3,7,3,2023-07-30 21:33:00,DEAM (Mulher),"Empoamento, Macrofotografia",True,True,0.406
Ossada Encontrada,Pátio,0,19,3,2023-08-31 08:19:00,DEAM (Mulher),Luz forense/lanterna,False,False,0.1192
Incêndio (sem vítima),Pátio,0,19,2,2023-03-29 19:43:00,DCA (Criança e Adolescente),"Macrofotografia, Luz forense/lanterna",False,False,0.1799
Eletroplessão,Residência,1,47,1,2023-10-03 15:44:00,DCA (Criança e Adolescente),"Empoamento, Luz forense/lanterna, Macrofotografia",True,True,0.4664
Morte Aparentemente Natural,Estabelecimento Comercial,2,25,0,2023-02-15 01:10:00,DCA (Criança e Adolescente),"Empoamento, Luz forense/lanterna",True,False,0.3395
Tráfico de Entorpecentes,Via Pública,5,114,3,2023-08-21 03:47:00,DHPP (Homicídios),Macrofotografia,False,False,0.1047
Receptação,Estabelecimento Comercial,0,39,2,2023-03-18 12:13:00,DCA (Criança e Adolescente),Luz forense/lanterna,False,False,0.1223
Furto de Energia Elétrica ou Termodinâmica,  Residência  ,0,7,1,2023-07-30 10:41:00,DRFC (Furtos),Luz forense/lanterna,True,True,0.4093
Furto Qualificado (arrombamento),Área Rural,3,32,0,2023-08-08 00:13:00,DRFC (Furtos),"Macrofotografia, Empoamento",False,False,0.1747
Receptação,Terreno Baldio,0,12,4,2023-11-16 05:14:00,3ª DP,"Luz forense/lanterna, Empoamento, Macrofotografia",False,False,0.1138
Veículo Localizado (furtado ou roubado),Estabelecimento Comercial,2,30,3,2023-07-03 11:03:00,1ª DP,"Macrofotografia, Empoamento, Luz forense/lanterna",False,False,0.1585
Marca em Animal,Área Rural,13,32,1,2023-09-08 23:39:00,1ª DP,Empoamento,False,True,0.2752
Exercício Arbitrário das Próprias Razões,Terreno Baldio,1,19,1,2023-07-15 12:03:00,DHPP (Homicídios),"Macrofotografia, Empoamento",False,False,0.1119
Exercício Arbitrário das Próprias Razões,Estabelecimento Comercial,2,40,5,2023-09-30 17:02:00,DEAM (Mulher),Luz forense/lanterna,False,True,0.2644
Explosão (sem vítima),Residência,1,6,3,2023-08-27 19:35:00,DHPP (Homicídios),Luz forense/lanterna,True,True,0.484
Latrocínio e/ou Tentativa de Latrocínio,Hospital,0,27,1,2023-03-03 19:52:00,DEAM (Mulher),Luz forense/lanterna,True,False,0.8711
Exercício Arbitrário das Próprias Razões,Hospital,7,18,0,2023-04-02 17:40:00,DHPP (Homicídios),"Empoamento, Macrofotografia",False,True,0.268
Furto em Interior de Veículo,Via Pública,1,16,4,2023-07-23 00:01:00,DRFC (Furtos),Luz forense/lanterna,True,False,0.2996
Dano Seguido de Lesão Corporal,DP,0,24,6,2023-09-09 06:22:00,DRFC (Furtos),Empoamento,False,False,0.4065
Desmanche de Veículos,Terreno Baldio,1,16,4,2023-05-15 00:24:00,DCA (Criança e Adolescente),Macrofotografia,True,False,0.2675
Homicídio,Residência,1,13,999999,2023-09-28 23:27:00,DHPP (Homicídios),Empoamento,False,False,0.6946
Arremesso de Projétil,Via Pública,2,22,2,2023-11-29 08:42:00,2ª DP,Empoamento,False,False,0.1991
Receptação,Pátio,4,49,5,2023-03-06 10:47:00,3ª DP,Luz forense/lanterna,True,False,0.3465
Veículo Localizado (furtado ou roubado),Pátio,1,31,4,2023-12-13 07:28:00,1ª DP,"Macrofotografia, Luz forense/lanterna, Empoamento",False,False,0.1857
Dano,DP,6,12,0,2023-03-07 00:24:00,1ª DP,Macrofotografia,False,False,0.1274
Arremesso de Projétil,Pátio,2,18,3,2023-12-05 23:16:00,DRFC (Furtos),"Empoamento, Macrofotografia",False,False,0.145
Incêndio (sem vítima),Pátio,0,8,1,2023-01-05 03:44:00,DCA (Criança e Adolescente),"Macrofotografia, Luz forense/lanterna",False,False,0.1099
Pichação,Residência,3,57,4,2023-02-01 04:55:00,1ª DP,"Empoamento, Macrofotografia",False,False,0.1754
Desmanche de Veículos,Via Pública,0,9,2,2023-01-17 19:25:00,DRFC (Furtos),"Luz forense/lanterna, Empoamento, Macrofotografia",True,True,0.4064
Local de Estupro e/ou Veículo Envolvido em Estupro,Área Rural,0,31,1,2023-05-28 20:36:00,DCA (Criança e Adolescente),"Luz forense/lanterna, Macrofotografia",True,False,0.8306
Pichação,Terreno Baldio,0,9,0,2023-07-26 13:40:00,DEAM (Mulher),Luz forense/lanterna,True,False,0.2989
Feto Encontrado,Residência,1,14,1,2023-11-16 07:50:00,DRFC (Furtos),"Luz forense/lanterna, Macrofotografia, Empoamento",True,False,0.8647
Dano,Terreno Baldio,12,73,0,2023-03-02 19:01:00,DEAM (Mulher),"Macrofotografia, Empoamento",True,False,0.2981
Marca em Animal,Terreno Baldio,1,34,0,2023-02-02 15:01:00,DCA (Criança e Adolescente),"Macrofotografia, Empoamento, Luz forense/lanterna",True,False,0.2811
Tentativa de Homicídio,DP,0,36,2,2023-12-24 07:33:00,DCA (Criança e Adolescente),Macrofotografia,True,False,0.8009
Eletroplessão,Terreno Baldio,3,6,5,2023-03-05 15:29:00,1ª DP,"Luz forense/lanterna, Macrofotografia, Empoamento",False,True,0.3072
Lesão Corporal,Residência,3,46,2,2023-08-04 17:25:00,2ª DP,"Luz forense/lanterna, Macrofotografia",True,False,0.5355
Eletroplessão,Residência,0,51,1,2023-05-31 13:08:00,DEAM (Mulher),Empoamento,False,False,0.1867
Ossada Encontrada,Via Pública,13,6,0,2023-10-13 07:54:00,DEAM (Mulher),Empoamento,True,True,0.4828
Arremesso de Projétil,Residência,7,6,0,2023-03-11 20:24:00,DEAM (Mulher),"Macrofotografia, Empoamento",True,False,0.3495
Roubo,Via Pública,6,94,2,2023-08-20 04:07:00,DRFC (Furtos),  Macrofotografia  ,False,False,0.4347
Feminicídio,Área Rural,3,5,2,2023-09-14 12:01:00,1ª DP,Macrofotografia,True,False,0.8005
Cadáver Encontrado,Pátio,0,8,1,2023-05-06 02:36:00,DRFC (Furtos),Empoamento,True,False,0.2924
Infanticídio,Pátio,1,18,0,2023-07-08 11:27:00,DEAM (Mulher),Empoamento,False,True,0.8846
Roubo,Hospital,0,51,0,2023-05-23 02:44:00,1ª DP,"Empoamento, Macrofotografia",False,False,0.438
Lesão Corporal,Terreno Baldio,8,6,1,2023-09-07 00:52:00,DEAM (Mulher),"Luz forense/lanterna, Empoamento",False,False,0.4203
Furto Qualificado (arrombamento),DP,0,14,0,2023-01-28 14:29:00,DEAM (Mulher),"Empoamento, Luz forense/lanterna",False,False,0.1204
Marca em Animal,Terreno Baldio,14,20,1,2023-07-03 12:00:00,DRFC (Furtos),"Empoamento, Luz forense/lanterna, Macrofotografia",True,False,0.2777
Roubo Com Estupro,Terreno Baldio,0,11,6,2023-07-19 11:28:00,3ª DP,"Macrofotografia, Luz forense/lanterna, Empoamento",False,False,0.7002
Lesão Corporal,Terreno Baldio,1,5,7,2023-02-19 02:45:00,3ª DP,"Empoamento, Macrofotografia, Luz forense/lanterna",False,True,0.5107
Desmanche de Veículos,Hospital,2,11,1,2023-01-08 04:57:00,DRFC (Furtos),"Macrofotografia, Empoamento, Luz forense/lanterna",False,False,0.1018
Exercício Arbitrário das Próprias Razões,Residência,7,25,4,2023-09-01 07:38:00,2ª DP,Macrofotografia,True,True,0.4534
Ameaça,Área Rural,1,76,0,2023-07-29 21:20:00,1ª DP,Luz forense/lanterna,True,False,0.2777
Violação de Sepultura,Terreno Baldio,2,5,7,2023-01-29 23:25:00,2ª DP,Luz forense/lanterna,False,True,0.3108
Morte Aparentemente Natural,Estabelecimento Comercial,0,10,6,2023-07-15 11:19:00,DHPP (Homicídios),"Empoamento, Macrofotografia, Luz forense/lanterna",False,True,0.3063
Receptação,Pátio,8,12,0,2023-12-09 12:23:00,DRFC (Furtos),"Luz forense/lanterna, Empoamento",True,False,0.34
Explosão (sem vítima),Área Rural,0,17,0,2023-03-18 02:01:00,DCA (Criança e Adolescente),"Empoamento, Luz forense/lanterna",True,False,0.2874
Violação_de_Domicílio,Residência,2,27,3,2023-09-18 01:57:00,DEAM (Mulher),"Macrofotografia, Empoamento",False,True,0.2596
Dano,Terreno Baldio,4,15,1,2023-03-04 01:18:00,2ª DP,Empoamento,True,False,0.316
Latrocínio e/ou Tentativa de Latrocínio,Terreno Baldio,0,16,1,2023-04-19 23:11:00,DRFC (Furtos),"Macrofotografia, Luz forense/lanterna, Empoamento",True,False,0.8465
Ossada Encontrada,,2,5,5,2023-04-07 03:14:00,DCA (Criança e Adolescente),Empoamento,False,False,0.1849
Lesão Corporal,Estabelecimento Comercial,1,30,1,2023-10-09 02:23:00,1ª DP,Macrofotografia,True,True,0.7478
Dano Seguido de Lesão Corporal,Hospital,0,15,0,data_invalida,DRFC (Furtos),"Empoamento, Macrofotografia, Luz forense/lanterna",False,False,0.3899
Furto de Energia Elétrica ou Termodinâmica,Via Pública,2,26,1,2023-05-10 00:46:00,DHPP (Homicídios),"Luz forense/lanterna, Macrofotografia",True,False,0.2509
Furto Qualificado (arrombamento),Via Pública,2,39,3,2023-06-05 14:06:00,1ª DP,"Macrofotografia, Luz forense/lanterna",True,True,0.4258
Incêndio (com vítima),Terreno Baldio,5,78,1,2023-05-06 07:35:00,DCA (Criança e Adolescente),"Macrofotografia, Luz forense/lanterna, Empoamento",True,True,0.6647
Marca em Animal,Estabelecimento Comercial,2,5,4,2023-05-26 22:16:00,DEAM (Mulher),"Macrofotografia, Luz forense/lanterna",True,True,0.4176
Infanticídio,Via Pública,2,6,4,2023-06-28 23:11:00,DEAM (Mulher),"Empoamento, Macrofotografia",True,False,0.8999
Maus Tratos de Animal,Via Pública,0,16,1,2023-05-01 01:17:00,DRFC (Furtos),Macrofotografia,True,False,0.2749
Tentativa de Suicídio,Pátio,3,14,0,2023-04-21 07:55:00,2ª DP,"Macrofotografia, Luz forense/lanterna",False,True,0.2778
Pichação,Via Pública,2,16,0,2023-06-25 00:59:00,DCA (Criança e Adolescente),"Empoamento, Luz forense/lanterna, Macrofotografia",True,False,0.3133
Furto em Interior de Veículo,DP,3,14,1,2023-08-23 23:31:00,DRFC (Furtos),"Empoamento, Macrofotografia",True,True,0.4733
Suicídio,Via Pública,0,7,9,2023-12-09 19:04:00,DEAM (Mulher),"Luz forense/lanterna, Empoamento, Macrofotografia",False,True,0.2599
Tráfico de Entorpecentes,Pátio,1,25,0,2023-10-09 18:09:00,DHPP (Homicídios),Empoamento,True,False,0.2678
Cadáver Encontrado,Pátio,0,24,,2023-08-04 23:24:00,DCA (Criança e Adolescente),"Empoamento, Macrofotografia, Luz forense/lanterna",True,False,0.3362
Furto em Interior de Veículo,Estabelecimento Comercial,1,36,0,2023-02-12 06:41:00,1ª DP,Luz forense/lanterna,True,False,0.2977
Marca em Animal,DP,0,26,1,2023-04-07 02:01:00,DHPP (Homicídios),Macrofotografia,False,False,0.1623
Adulteração de Placa e/ou Lacre,PÁTIO,1,70,0,2023-12-06 07:27:00,1ª DP,"Luz forense/lanterna, Macrofotografia",True,False,0.2927
Violação de Domicílio,Área Rural,0,7,1,2023-09-11 10:44:00,3ª DP,"Macrofotografia, Empoamento",False,False,0.1297
Estelionato,Estabelecimento Comercial,2,26,1,2023-06-06 07:07:00,DCA (Criança e Adolescente),"Luz forense/lanterna, Macrofotografia",True,False,0.303
Tentativa de Suicídio,Pátio,3,35,3,2023-10-20 15:09:00,1ª DP,"Macrofotografia, Luz forense/lanterna",False,False,0.1631
Local de Estupro e/ou Veículo Envolvido em Estupro,Estabelecimento Comercial,1,27,1,2023-05-24 00:26:00,2ª DP,"Macrofotografia, Empoamento",False,False,0.6633
Feminicídio,Hospital,2,13,7,2023-06-18 11:38:00,3ª DP,Empoamento,True,False,0.8698
Infanticídio,Estabelecimento Comercial,0,13,0,2023-01-12 15:37:00,1ª DP,"Luz forense/lanterna, Empoamento",True,True,1.0
Receptação,Área Rural,0,16,2,2023-12-31 03:27:00,2ª DP,"Luz forense/lanterna, Macrofotografia, Empoamento",False,True,0.2708
Lesão Corporal,Estabelecimento Comercial,4,999999,2,2023-07-17 06:10:00,DHPP (Homicídios),"Luz forense/lanterna, Empoamento, Macrofotografia",True,False,0.5627
Tráfico de Entorpecentes,Pátio,4,23,0,,DEAM (Mulher),"Macrofotografia, Luz forense/lanterna, Empoamento",False,False,0.1558
Furto de Energia Elétrica ou Termodinâmica,Via Pública,0,9,0,2023-10-11 12:45:00,DHPP (Homicídios),Empoamento,True,true,0.4874
Aborto,Pátio,1,,1,2023-04-29 13:59:00,DCA (Criança e Adolescente),Macrofotografia,True,False,0.2585
Roubo Com Estupro,Pátio,1,13,2,2023-09-01 20:46:00,1ª DP,"Empoamento, Luz forense/lanterna, Macrofotografia",True,True,0.9837
Receptação,DP,0,9,1,2023-07-21 04:02:00,DEAM (Mulher),"Empoamento, Macrofotografia, Luz forense/lanterna",True,True,0.4622
Ossada Encontrada,Via Pública,0,8,3,2023-07-03 16:28:00,1ª DP,Empoamento,True,False,0.2862
Roubo Com Estupro,DP,1,6,1,2023-11-15 01:50:00,3ª DP,"Macrofotografia, Empoamento",True,False,0.8553
Desmanche de Veículos,DP,1,38,2,2023-12-26 22:22:00,DHPP (Homicídios),"Macrofotografia, Luz forense/lanterna",False,False,0.1568
Eletroplessão,Via Pública,2,7,0,2023-05-04 19:37:00,2ª DP,"Luz forense/lanterna, Empoamento",False,False,0.1716
Furto de Energia Elétrica ou Termodinâmica,DP,4,47,2,2023-08-09 09:11:00,DCA (Criança e Adolescente),Macrofotografia,1,True,0.4443
Eletroplessão,Hospital,-5,31,2,2023-12-17 00:16:00,1ª DP,"Macrofotografia, Luz forense/lanterna",True,False,0.3194
Extorsão,Hospital,0,13,2,2023-05-27 12:10:00,DHPP (Homicídios),"Empoamento, Luz forense/lanterna",True,False,0.5953
Veículo Localizado (furtado ou roubado),Pátio,1,8,6,2023-08-28 05:05:00,DCA (Criança e Adolescente),Empoamento,False,False,0.1091
Furto d'água,Residência,4,7,1,2023-07-10 09:33:00,DEAM (Mulher),"Luz forense/lanterna, Empoamento, Macrofotografia",True,False,0.2987
Eletroplessão,Residência,1,46,1,2023-02-03 13:27:00,DEAM (Mulher),  Luz forense/lanterna  ,True,False,0.3425
Furto d'água,Terreno Baldio,8,44,1,2023-12-08 16:57:00,DEAM (Mulher),"Macrofotografia, Empoamento",False,,0.1195
Abandono de Incapaz,Pátio,1,50,0,2023-12-25 00:56:00,3ª DP,"Empoamento, Macrofotografia, Luz forense/lanterna",True,True,1.0
Extorsão,Estabelecimento Comercial,5,14,1,2023-05-17 08:30:00,2ª DP,"Empoamento, Luz forense/lanterna",True,True,0.7452
Tráfico de Entorpecentes,VIA PÚBLICA,3,33,1,2023-01-04 20:17:00,1ª DP,Macrofotografia,True,False,0.3089
Cadáver Encontrado,Via Pública,6,-10,6,2023-09-02 18:30:00,DCA (Criança e Adolescente),"Macrofotografia, Empoamento, Luz forense/lanterna",True,True,0.4041
Veículo Localizado (furtado ou roubado),Via Pública,1,9,0,2023-12-15 12:18:00,DRFC (Furtos),Macrofotografia,False,True,0.2989
Feto Encontrado,Área Rural,6,13,2,2023-03-25 03:55:00,2ª DP,"Luz forense/lanterna, Macrofotografia, Empoamento",False,False,0.6693
Estelionato,Via Pública,,45,5,2023-03-26 04:14:00,1ª DP,Luz forense/lanterna,True,True,0.4903
Explosão (sem vítima),Terreno Baldio,1,26,2,2023-02-10 15:44:00,DEAM (Mulher),"Empoamento, Macrofotografia, Luz forense/lanterna",False,False,0.1312
Tráfico de Entorpecentes,Terreno Baldio,0,41,0,2023-07-03 04:00:00,DRFC (Furtos),"Macrofotografia, Luz forense/lanterna",True,False,0.3284
Estelionato,Área Rural,1,5,1,2023-03-11 04:36:00,1ª DP,Luz_forense/lanterna,True,False,0.344
Furto em Interior de Veículo,Estabelecimento Comercial,1,11,0,2023-05-31 08:47:00,DRFC (Furtos),"Macrofotografia, Luz forense/lanterna",False,False,0.198
Veículo Localizado (furtado ou roubado),Hospital,5,13,2,2023-11-06 04:18:00,DCA (Criança e Adolescente),"Macrofotografia, Luz forense/lanterna",False,True,0.3287
Disparo de Arma de Fogo,Pátio,4,23,5,2023-01-14 19:15:00,DRFC (Furtos),Empoamento,True,False,0.5431
Marca em Animal,Pátio,0,53,3,2023-07-28 17:47:00,2ª DP,"Empoamento, Luz forense/lanterna, Macrofotografia",True,False,0.3256
Dano,Terreno Baldio,3,42,3,2023-12-17 03:32:00,1ª DP,"Macrofotografia, Luz forense/lanterna, Empoamento",False,False,0.1776
Homicídio,Via Pública,1,13,0,2023-09-23 16:30:00,1ª DP,Macrofotografia,False,True,0.8066
Roubo,Residência,1,19,0,2023-06-19 08:24:00,DEAM (Mulher),"Luz forense/lanterna, Macrofotografia, Empoamento",True,True,0.7226
Cadáver Encontrado,Hospital,4,22,0,2024-01-01 20:32:00,DEAM (Mulher),"Luz forense/lanterna, Empoamento, Macrofotografia",True,True,0.4925
Tráfico de Entorpecentes,Hospital,3,44,5,2023-07-28 08:55:00,3ª DP,"Luz forense/lanterna, Macrofotografia, Empoamento",True,False,0.3345
Roubo,Estabelecimento Comercial,5,10,0,2023-06-02 21:19:00,DEAM (Mulher),Empoamento,False,True,0.5139
Eletroplessão,Terreno Baldio,2,41,1,2023-01-10 07:46:00,DCA (Criança e Adolescente),"Luz forense/lanterna, Macrofotografia, Empoamento",False,True,0.2622
Explosão (com vítima),Pátio,2,7,1,2023-09-01 02:51:00,DRFC (Furtos),"Macrofotografia, Luz forense/lanterna, Empoamento",False,False,0.4255
Explosão (sem vítima),Pátio,3,12,0,2023-05-19 13:03:00,DCA (Criança e Adolescente),"Empoamento, Luz forense/lanterna, Macrofotografia",True,False,0.3044
Disparo de Arma de Fogo,Estabelecimento Comercial,0,58,3,2023-11-02 11:25:00,DRFC (Furtos),"Luz forense/lanterna, Empoamento",True,False,0.5791
Infanticídio,DP,2,11,0,2023-12-26 17:09:00,1ª DP,"Macrofotografia, Luz forense/lanterna, Empoamento",False,False,0.7043
Extorsão,Estabelecimento Comercial,4,19,3,2023-09-08 09:08:00,3ª DP,Macrofotografia,False,True,0.5333
Disparo de Arma de Fogo,Área Rural,2,23,3,2023-11-18 15:23:00,3ª DP,"Luz forense/lanterna, Empoamento",False,True,0.5391
Tentativa de Homicídio,Pátio,3,16,2,2023-04-12 23:45:00,3ª DP,Macrofotografia,False,False,0.7313
Explosão (sem vítima),Pátio,1,27,0,2023-06-26 13:25:00,DRFC (Furtos),"Luz forense/lanterna, Empoamento",False,True,0.3273
Homicídio,Pátio,1,37,2,2023-05-09 06:31:00,DEAM (Mulher),Macrofotografia,True,0,0.8313
Extorsão,Via Pública,2,26,0,2023-04-11 12:37:00,DRFC (Furtos),"Macrofotografia, Luz forense/lanterna",,True,0.7097
Cadáver Encontrado,DP,6,10,0,2023-06-23 01:34:00,DRFC (Furtos),"Luz forense/lanterna, Empoamento, Macrofotografia",False,False,0.1226
Adulteração de Placa e/ou Lacre,DP,5,6,0,2023-05-01 16:16:00,DEAM (Mulher),"Empoamento, Macrofotografia, Luz forense/lanterna",True,False,0.2572
Suicídio,Área Rural,0,15,1,2023-06-15 13:14:00,2ª DP,"Luz forense/lanterna, Macrofotografia",True,True,0.4907
Explosão (com vítima),Terreno Baldio,2,12,0,2023-03-17 01:35:00,DCA (Criança e Adolescente),Luz forense/lanterna,True,False,0.5738
Adulteração de Placa e/ou Lacre,Via Pública,1,24,5,2023-08-28 23:51:00,1ª DP,Luz forense/lanterna,True,False,0.304
Feminicídio,Hospital,6,17,0,2023-12-16 15:24:00,DCA (Criança e Adolescente),"Luz forense/lanterna, Macrofotografia, Empoamento",True,False,0.804
Tentativa de Homicídio,Via Pública,1,9,1,2023-05-11 10:32:00,DHPP (Homicídios),"Luz forense/lanterna, Macrofotografia, Empoamento",False,False,0.6582
Dano,Terreno Baldio,7,13,0,2023-02-27 17:26:00,DEAM (Mulher),Luz forense/lanterna,True,False,0.2689
Latrocínio e/ou Tentativa de Latrocínio,Estabelecimento Comercial,1,31,4,2023-01-17 01:55:00,1ª DP,"Macrofotografia, Empoamento",True,True,0.9689
Furto d'água,Via Pública,0,22,6,2023-04-12 13:31:00,DCA (Criança e Adolescente),"Empoamento, Luz forense/lanterna",False,False,0.177
Feminicídio,Via Pública,5,19,0,2023-05-18 17:45:00,DRFC (Furtos),"Luz forense/lanterna, Empoamento, Macrofotografia",True,False,0.8417
Disparo de Arma de Fogo,Pátio,2,21,1,2023-10-02 18:46:00,2ª DP,Empoamento,True,True,0.7333
Dano Seguido de Lesão Corporal,Terreno Baldio,2,8,1,2023-07-18 05:53:00,DCA (Criança e Adolescente),"Empoamento, Luz forense/lanterna",True,False,0.5901
Violação de Sepultura,Hospital,1,15,1,2023-09-11 17:51:00,DHPP (Homicídios),"Macrofotografia, Empoamento",False,False,0.1702
Afogamento,Estabelecimento Comercial,3,8,0,2023-07-02 12:33:00,DHPP (Homicídios),"Empoamento, Luz forense/lanterna",False,True,0.2852
Desmanche de Veículos,Residência,5,49,1,2023-06-07 08:28:00,DEAM (Mulher),Luz forense/lanterna,True,False,0.3236
Arremesso de Projétil,Área Rural,0,82,1,2023-07-02 17:10:00,2ª DP,"Empoamento, Macrofotografia, Luz forense/lanterna",False,False,0.12
Dano Seguido de Lesão Corporal,Pátio,2,5,0,2023-03-08 03:24:00,1ª DP,"Luz forense/lanterna, Empoamento",True,False,0.5712
Aborto,Residência,2,37,3,2023-08-03 22:18:00,1ª DP,"Macrofotografia, Empoamento",True,False,0.2742
Incêndio (sem vítima),DP,1,43,2,2023-02-24 17:11:00,DRFC (Furtos),"Luz forense/lanterna, Macrofotografia",True,True,0.4166
Latrocínio e/ou Tentativa de Latrocínio,Estabelecimento Comercial,0,13,1,2023-01-31 06:57:00,DEAM (Mulher),Luz forense/lanterna,True,False,0.8404
Tentativa de Homicídio,Hospital,0,20,0,2023-10-30 12:34:00,DCA (Criança e Adolescente),"Empoamento, Macrofotografia, Luz forense/lanterna",True,True,1.0
Furto Qualificado (arrombamento),Via Pública,0,52,1,2023-01-11 10:27:00,DEAM (Mulher),"Luz forense/lanterna, Empoamento, Macrofotografia",True,False,0.3409
Estelionato,Pátio,0,26,0,2023-07-01 21:23:00,3ª DP,"Empoamento, Macrofotografia",True,False,0.2866
Tentativa de Suicídio,Hospital,2,11,0,2023-01-19 02:42:00,DEAM (Mulher),"Macrofotografia, Luz forense/lanterna",True,False,0.3437
Furto Qualificado (arrombamento),Pátio,1,25,0,2023-04-17 06:27:00,DCA (Criança e Adolescente),"Macrofotografia, Empoamento, Luz forense/lanterna",False,False,0.1558
Abandono de Incapaz,Estabelecimento Comercial,0,16,999999,2023-03-14 04:14:00,DRFC (Furtos),"Empoamento, Luz forense/lanterna, Macrofotografia",True,False,0.8389
Dano,Estabelecimento Comercial,0,9,0,2023-07-01 12:29:00,DCA (Criança e Adolescente),"Macrofotografia, Empoamento",True,False,0.2752
Violação de Sepultura,Via Pública,1,5,0,2023-12-04 16:13:00,3ª DP,Luz forense/lanterna,True,True,0.469
Feminicídio,Pátio,0,8,0,2023-09-28 03:14:00,DRFC (Furtos),"Macrofotografia, Luz forense/lanterna",True,True,1.0
Desmanche de Veículos,Pátio,0,17,0,2023-09-05 15:52:00,1ª DP,"Macrofotografia, Luz forense/lanterna",False,True,0.3076
Roubo Com Estupro,DP,1,46,6,2023-13-45,2ª DP,"Luz forense/lanterna, Empoamento, Macrofotografia",False,False,0.7496
Suicídio,Via Pública,0,13,0,2023-05-23 12:44:00,3ª DP,"Empoamento, Macrofotografia",False,True,0.3083
Furto d'água,DP,2,22,0,2023-04-22 00:23:00,3ª DP,"Macrofotografia, Luz forense/lanterna, Empoamento",False,False,0.1676
Feto Encontrado,Área Rural,0,13,3,2023-09-10 22:01:00,DCA (Criança e Adolescente),"Macrofotografia, Luz forense/lanterna, Empoamento",True,True,1.0
Feminicídio,DP,5,7,1,2023-06-27 14:08:00,DHPP (Homicídios),"Empoamento, Luz forense/lanterna, Macrofotografia",true,False,0.812
Tráfico de Entorpecentes,Área Rural,1,20,0,2024-01-01 07:08:00,1ª DP,Luz forense/lanterna,True,False,0.2954
Aborto,Residência,8,31,4,2023-04-18 12:32:00,3ª DP,"Macrofotografia, Luz forense/lanterna",True,False,0.3306
Furto Qualificado (arrombamento),DP,1,54,0,2023-04-04 06:32:00,dca (criança e adolescente),"Macrofotografia, Empoamento, Luz forense/lanterna",True,False,0.2641
Exercício Arbitrário das Próprias Razões,Hospital,1,32,1,31/02/2023 25:00:00,DRFC (Furtos),"Luz forense/lanterna, Macrofotografia",False,False,0.1539
Veículo Localizado (furtado ou roubado),Terreno Baldio,0,8,4,2023-01-27 07:25:00,DRFC (Furtos),"Luz forense/lanterna, Macrofotografia, Empoamento",True,True,0.4298
Ossada Encontrada,Área Rural,5,6,3,2023-12-23 18:38:00,DEAM (Mulher),"Macrofotografia, Empoamento, Luz forense/lanterna",True,False,0.2723
Disparo de Arma de Fogo,Via Pública,4,11,0,2023-07-04 11:10:00,3ª DP,"Luz forense/lanterna, Empoamento",False,False,0.362
Tentativa de Homicídio,Hospital,1,33,1,2023-08-20 05:00:00,DEAM (Mulher),Macrofotografia,True,True,1.0
Furto,Residência,0,10,2,2023-12-19 01:23:00,DHPP (Homicídios),"Luz forense/lanterna, Empoamento",True,False,0.3015
Dano Seguido de Lesão Corporal,Terreno Baldio,4,103,1,2023-01-31 05:14:00,DEAM (Mulher),"Empoamento, Macrofotografia",True,False,0.5368
Cadáver Encontrado,Hospital,0,22,0,2023-04-30 21:15:00,1ª DP,"Empoamento, Macrofotografia, Luz forense/lanterna",True,True,0.4635
Estelionato,Área Rural,2,30,4,2023-03-14 19:50:00,DEAM (Mulher),Empoamento,True,False,0.3041
Suicídio,  Pátio  ,0,45,0,2023-01-12 07:33:00,3ª DP,"Macrofotografia, Luz forense/lanterna, Empoamento",True,False,0.2793
Suicídio,Área Rural,1,20,0,2023-08-08 03:29:00,DCA (Criança e Adolescente),Luz forense/lanterna,True,False,0.2807
Veículo Localizado (furtado ou roubado),Via Pública,4,10,1,2023-08-14 14:13:00,DCA (Criança e Adolescente),"Macrofotografia, Empoamento",True,False,0.3251
Pichação,Via Pública,7,24,0,2023-07-03 18:27:00,DRFC (Furtos),Empoamento,True,False,0.3119
Furto,Via Pública,14,13,0,2023-04-15 07:02:00,3ª DP,"Empoamento, Luz forense/lanterna, Macrofotografia",False,False,0.1048
Explosão (com vítima),DP,2,5,1,2023-09-23 15:59:00,DRFC (Furtos),Empoamento,True,False,0.5048
Disparo de Arma de Fogo,DP,0,8,0,2023-05-29 00:50:00,DCA (Criança e Adolescente),Empoamento,True,False,0.5392
Extorsão,Pátio,1,6,0,2023-12-05 20:38:00,1ª DP,"Empoamento, Luz forense/lanterna, Macrofotografia",0,True,0.7372
Estelionato,Área Rural,1,10,1,2023-12-03 10:13:00,1ª DP,Luz forense/lanterna,True,False,0.2798
Ossada Encontrada,Área Rural,6,N/A,0,2023-12-02 05:08:00,DEAM (Mulher),"Macrofotografia, Luz forense/lanterna, Empoamento",True,True,0.4687
Aborto,Via Pública,3,81,0,2023-02-20 20:46:00,3ª DP,"Macrofotografia, Empoamento",False,False,0.1089
Estelionato,Terreno Baldio,7,8,0,2023-06-15 17:07:00,DHPP (Homicídios),"Macrofotografia, Luz forense/lanterna",False,False,0.1436
Cadáver Encontrado,DP,0,6,5,2023-05-30 10:01:00,DCA (Criança e Adolescente),"Luz forense/lanterna, Empoamento, Macrofotografia",True,False,0.3202
Roubo,DP,4,10,2,2023-06-17 21:38:00,DRFC (Furtos),Macrofotografia,False,False,0.4409
Veículo Localizado (furtado ou roubado),DP,0,26,0,2023-08-30 20:17:00,2ª DP,Luz forense/lanterna,True,False,0.2942
Furto Qualificado (arrombamento),Pátio,2,6,1,2023-02-05 00:21:00,DHPP (Homicídios),Luz forense/lanterna,False,False,0.1421
Violação de Domicílio,Via Pública,0,42,1,2023-03-10 08:10:00,DCA (Criança e Adolescente),"Luz forense/lanterna, Macrofotografia, Empoamento",True,True,0.4209
Local de Estupro e/ou Veículo Envolvido em Estupro,Estabelecimento Comercial,14,9,0,2023-07-28 05:44:00,DEAM (Mulher),"Luz forense/lanterna, Macrofotografia",False,False,0.6545
Violação de Domicílio,Terreno Baldio,0,30,0,2023-03-17 20:06:00,DCA (Criança e Adolescente),Macrofotografia,True,True,0.4628
Furto Qualificado (arrombamento),Terreno Baldio,2,15,3,2023-09-29 02:57:00,3ª DP,"Luz forense/lanterna, Empoamento, Macrofotografia",True,True,0.4828
Eletroplessão,Estabelecimento Comercial,1,23,2,2023-06-15 00:34:00,3ª DP,"Macrofotografia, Empoamento",True,False,0.3365
Furto d'água,DP,2,12,1,2023-08-01 12:39:00,3ª DP,"Macrofotografia, Empoamento, Luz forense/lanterna",True,True,0.4134
Morte Aparentemente Natural,Hospital,2,16,0,2023-11-17 22:28:00,DEAM (Mulher),"Luz forense/lanterna, Empoamento, Macrofotografia",True,False,0.274
Tentativa de Homicídio,Pátio,1,11,1,2023-09-25 20:30:00,3ª DP,Empoamento,False,False,0.686
Abandono de Incapaz,Hospital,7,49,4,2023-04-04 00:32:00,DEAM (Mulher),"Luz forense/lanterna, Macrofotografia, Empoamento",True,True,1.0
Lesão Corporal,Área Rural,4,53,0,2023-06-11 16:06:00,DCA (Criança e Adolescente),"Macrofotografia, Empoamento",True,False,0.5337
Tentativa de Suicídio,Via Pública,1,19,3,2023-11-27 08:25:00,DCA (Criança e Adolescente),Empoamento,False,False,0.1928
Furto,Hospital,0,80,0,2023-08-19 06:56:00,2ª DP,"Empoamento, Macrofotografia",False,True,0.2573
Dano,Terreno Baldio,0,26,0,2023-07-19 17:30:00,DHPP (Homicídios),Macrofotografia,True,False,0.3429
Estelionato,Via Pública,16,17,1,2023-05-15 12:23:00,DEAM (Mulher),"Macrofotografia, Empoamento, Luz forense/lanterna",False,False,0.1279
  Infanticídio  ,Via Pública,5,23,1,2023-03-12 06:12:00,3ª DP,Empoamento,False,False,0.7264
Receptação,Hospital,5,13,0,2023-07-08 22:20:00,2ª DP,"Empoamento, Macrofotografia",True,True,0.4956
Explosão (sem vítima),DP,2,20,-8,2023-04-22 05:13:00,DHPP (Homicídios),"Luz forense/lanterna, Macrofotografia, Empoamento",False,False,0.1995
Abandono de Incapaz,Área Rural,2,14,0,2023-04-26 21:11:00,DEAM (Mulher),Luz forense/lanterna,True,True,1.0
Marca em Animal,Terreno Baldio,1,12,1,2023-01-10 10:40:00,DRFC (Furtos),"Luz forense/lanterna, Macrofotografia, Empoamento",True,False,0.3285
Maus Tratos de Animal,Terreno Baldio,1,25,4,2023-01-26 23:01:00,DEAM (Mulher),Empoamento,True,False,0.3251
Infanticídio,Terreno Baldio,6,8,0,2023-05-14 02:29:00,DRFC (Furtos),"Luz forense/lanterna, Macrofotografia, Empoamento",False,False,0.6652
Estelionato,Estabelecimento Comercial,0,6,2,2023-06-09 23:37:00,DHPP (Homicídios),"Empoamento, Macrofotografia, Luz forense/lanterna",True,False,0.2722
Extorsão,Hospital,2,25,0,2023-05-21 05:11:00,2ª DP,"Empoamento, Macrofotografia",True,False,0.5729
Adulteração de Placa e/ou Lacre,Hospital,0,65,1,2023-11-19 14:00:00,DCA (Criança e Adolescente),"Macrofotografia, Empoamento, Luz forense/lanterna",True,1,0.4899
Infanticídio,DP,2,47,3,2023-12-01 05:03:00,1ª DP,Luz forense/lanterna,False,False,0.7058
Feto Encontrado,Hospital,4,21,0,2023-07-31 12:37:00,DHPP (Homicídios),Luz forense/lanterna,True,False,0.8043
Cadáver Encontrado,Pátio,3,21,4,2023-10-07 10:27:00,2ª DP,"Empoamento, Luz forense/lanterna",False,True,0.3206
Afogamento,Via Pública,2,23,0,2023-01-09 13:49:00,2ª DP,"Macrofotografia, Luz forense/lanterna",False,True,0.2937
Roubo Com Estupro,Hospital,,17,4,2023-08-04 17:34:00,1ª DP,"Macrofotografia, Empoamento",False,False,0.7038
Tráfico de Entorpecentes,Área Rural,2,7,4,2023-09-17 23:50:00,3ª DP,"Luz forense/lanterna, Empoamento, Macrofotografia",False,True,0.3424
Arremesso de Projétil,Área Rural,6,51,8,2023-05-23 02:16:00,DRFC (Furtos),Macrofotografia,True,False,0.2931
Abandono de Incapaz,Residência,0,31,0,2023-03-15 01:46:00,2ª DP,Luz forense/lanterna,True,False,0.8449
Abandono de Incapaz,DP,2,26,0,2023-05-16 04:05:00,1ª DP,Luz forense/lanterna,True,True,1.0
Exercício Arbitrário das Próprias Razões,Via Pública,0,34,3,2023-09-13 16:09:00,DCA (Criança e Adolescente),"Macrofotografia, Empoamento, Luz forense/lanterna",True,True,0.484
Veículo Localizado (furtado ou roubado),Área Rural,9,7,0,2023-05-10 04:32:00,2ª DP,Macrofotografia,False,True,0.2847
Furto em Interior de Veículo,DP,7,15,3,2023-08-28 12:33:00,1ª DP,Luz forense/lanterna,True,False,0.3434
Latrocínio e/ou Tentativa de Latrocínio,Estabelecimento Comercial,1,18,2,2023-01-10 07:08:00,2ª DP,"Macrofotografia, Luz forense/lanterna",False,False,0.7123
Morte Aparentemente Natural,DP,2,23,2,2023-12-17 04:00:00,DEAM (Mulher),"Empoamento, Macrofotografia",False,True,0.3479
Maus Tratos de Animal,Área Rural,1,26,0,2023-08-22 08:18:00,DEAM (Mulher),"Luz forense/lanterna, Macrofotografia",True,False,0.3021
Adulteração de Placa e/ou Lacre,Área Rural,1,19,2,2023-01-13 09:58:00,3ª DP,"Empoamento, Macrofotografia, Luz forense/lanterna",True,True,0.4436
Arremesso de Projétil,Via Pública,5,46,4,2023-12-29 21:10:00,DCA (Criança e Adolescente),Empoamento,True,True,0.4717
Cadáver Encontrado,Área Rural,7,10,1,2023-12-02 08:56:00,2ª DP,"Macrofotografia, Empoamento, Luz forense/lanterna",False,False,0.186
Suicídio,Terreno Baldio,2,19,2,2023-05-15 11:55:00,DHPP (Homicídios),Empoamento,True,True,0.4058
Furto de Energia Elétrica ou Termodinâmica,Via Pública,N/A,13,1,2023-11-30 13:55:00,DRFC (Furtos),"Luz forense/lanterna, Empoamento, Macrofotografia",True,False,0.3119
Adulteração de Placa e/ou Lacre,Terreno Baldio,2,7,0,2023-04-10 16:07:00,1ª DP,"Macrofotografia, Empoamento",True,True,0.4265
Furto em Interior de Veículo,Estabelecimento Comercial,1,32,3,2023-03-16 22:01:00,DRFC (Furtos),"Empoamento, Macrofotografia, Luz forense/lanterna",True,True,0.4307
Tráfico de Entorpecentes,Terreno Baldio,7,12,0,2023-09-22 12:03:00,3ª DP,"Luz forense/lanterna, Macrofotografia",False,False,0.1829
Roubo Com Estupro,Estabelecimento Comercial,2,28,2,2023-12-06 23:04:00,2ª DP,"Luz forense/lanterna, Macrofotografia, Empoamento",False,False,0.7084
Furto d'água,DP,1,8,4,2023-01-03 13:18:00,3ª DP,"Luz forense/lanterna, Empoamento, Macrofotografia",True,False,0.2917
Desmanche de Veículos,Área Rural,0,13,0,2023-09-25 04:26:00,DRFC (Furtos),"Luz forense/lanterna, Macrofotografia, Empoamento",False,False,0.1613
Ossada Encontrada,Hospital,5,29,1,2023-09-04 09:02:00,3ª DP,"Empoamento, Macrofotografia",False,False,0.1539
Furto d'água,Área Rural,1,72,0,2023-10-01 20:49:00,DHPP (Homicídios),"Empoamento, Macrofotografia, Luz forense/lanterna",False,False,0.1242
Homicídio,Hospital,0,8,9,2023-06-30 18:51:00,DEAM (Mulher),Macrofotografia,True,True,0.9535
Lesão Corporal,Estabelecimento Comercial,0,10,1,2023-08-27 07:08:00,3ª DP,"Luz forense/lanterna, Macrofotografia",True,False,0.5227
Extorsão,Terreno Baldio,0,9,1,2023-10-05 04:05:00,DRFC (Furtos),"Macrofotografia, Luz forense/lanterna, Empoamento",True,True,0.7053
Latrocínio e/ou Tentativa de Latrocínio,DP,2,7,0,2023-06-13 18:02:00,2ª DP,"Empoamento, Macrofotografia",True,True,0.9859
Arremesso de Projétil,Área Rural,4,52,6,2023-03-23 15:26:00,DCA (Criança e Adolescente),"Empoamento, Macrofotografia",True,True,0.4947
Incêndio (com vítima),Via Pública,0,31,1,2023-01-10 23:00:00,DEAM (Mulher),"Empoamento, Luz forense/lanterna",True,False,0.5873
Extorsão,Via Pública,1,17,3,2023-01-05 19:06:00,DEAM (Mulher),"Macrofotografia, Empoamento, Luz forense/lanterna",True,Nao,0.7094
Pichação,Residência,1,18,1,2023-02-21 06:32:00,DCA (Criança e Adolescente),"Empoamento, Luz forense/lanterna",False,True,0.3387
Tentativa de Homicídio,Hospital,4,26,1,2023-06-30 04:49:00,DRFC (Furtos),Empoamento,True,False,0.8633
Explosão (sem vítima),DP,10,6,5,2023-02-22 14:24:00,1ª DP,Macrofotografia,False,False,0.154
Eletroplessão,Terreno Baldio,3,31,0,2023-06-12 17:52:00,2ª DP,"Luz forense/lanterna, Empoamento, Macrofotografia",False,False,0.1942
Explosão (sem vítima),Terreno Baldio,6,17,5,2023-09-07 01:45:00,3ª DP,"LUZ FORENSE/LANTERNA, MACROFOTOGRAFIA, EMPOAMENTO",True,False,0.3147
Latrocínio e/ou Tentativa de Latrocínio,Via Pública,2,22,5,2023-05-15 10:18:00,DCA (Criança e Adolescente),"Macrofotografia, Luz forense/lanterna",False,True,0.8904
Arremesso de Projétil,Hospital,0,999999,0,2023-10-31 05:25:00,DEAM (Mulher),"Empoamento, Luz forense/lanterna, Macrofotografia",False,False,0.1837
Lesão Corporal,Área Rural,8,8,0,2023-03-25 11:18:00,DEAM (Mulher),"Luz forense/lanterna, Macrofotografia",True,False,0.5621
Exercício Arbitrário das Próprias Razões,Pátio,4,45,5,2023-05-04 08:24:00,2ª DP,Macrofotografia,False,False,0.1678
Explosão (sem vítima),Terreno Baldio,5,23,2,2023-01-18 06:35:00,1ª DP,"Macrofotografia, Empoamento",true,True,0.3454
Homicídio,Terreno Baldio,0,58,1,2023-04-07 16:59:00,2ª DP,"Empoamento, Luz forense/lanterna",False,False,0.7456
Latrocínio e/ou Tentativa de Latrocínio,Estabelecimento Comercial,0,11,2,2023-11-03 12:13:00,2ª DP,Luz forense/lanterna,True,False,0.8766
Furto de Energia Elétrica ou Termodinâmica,DP,4,8,0,2023-03-08 14:14:00,DEAM (Mulher),"Empoamento, Luz forense/lanterna, Macrofotografia",True,False,0.313
Furto de Energia Elétrica ou Termodinâmica,Terreno Baldio,1,44,1,2023-12-13 09:24:00,3ª DP,"Macrofotografia, Luz forense/lanterna, Empoamento",False,False,0.1365
Violação de Domicílio,Hospital,0,9,3,2023-01-15 03:59:00,DCA (Criança e Adolescente),"Empoamento, Luz forense/lanterna, Macrofotografia",True,Nao,0.2739
Incêndio (sem vítima),Estabelecimento Comercial,2,17,4,2023-12-22 08:02:00,1ª DP,Macrofotografia,False,True,0.3278
Extorsão,Hospital,1,8,1,2023-12-25 08:58:00,1ª DP,"Empoamento, Macrofotografia",False,False,0.4334
Maus Tratos de Animal,Hospital,8,9,1,2024-01-01 02:47:00,DHPP (Homicídios),"Luz forense/lanterna, Empoamento",False,True,0.2932
Exercício Arbitrário das Próprias Razões,Hospital,N/A,14,0,2023-07-15 06:56:00,DCA (Criança e Adolescente),Empoamento,False,True,0.2746
Exercício Arbitrário das Próprias Razões,Área Rural,1,6,0,2023-05-03 19:45:00,3ª DP,"Luz forense/lanterna, Macrofotografia",False,False,0.1063
Disparo de Arma de Fogo,DP,3,16,1,2023-01-22 05:43:00,DEAM (Mulher),"Luz forense/lanterna, Macrofotografia",True,True,0.6944
Abandono de Incapaz,Residência,1,47,2,2023-04-24 12:14:00,DCA (Criança e Adolescente),"Empoamento, Luz forense/lanterna, Macrofotografia",False,False,0.7366
Aborto,Residência,1,6,1,2023-06-01 00:25:00,DEAM (Mulher),"Luz forense/lanterna, Empoamento",False,False,0.1063
Dano,Via Pública,2,24,2,2023-03-13 01:27:00,3ª DP,"Macrofotografia, Empoamento",True,true,0.3422
Roubo,Residência,8,9,1,2023-11-02 16:16:00,3ª DP,"Luz forense/lanterna, Macrofotografia",False,False,0.4179
Disparo de Arma de Fogo,DP,1,9,0,2023-01-08 00:04:00,1ª DP,"Macrofotografia, Luz forense/lanterna",False,True,0.5342
Furto Qualificado (arrombamento),Terreno Baldio,3,N/A,0,2023-08-06 21:32:00,DHPP (Homicídios),Luz forense/lanterna,False,True,0.2671
Suicídio,Área Rural,3,7,2,31/02/2023 25:00:00,2ª DP,"Luz forense/lanterna, Empoamento",False,False,0.1214
Lesão Corporal,Hospital,3,37,0,2023-03-29 04:44:00,3ª DP,"Macrofotografia, Luz forense/lanterna, Empoamento",False,True,0.5848
Abandono de Incapaz,Hospital,1,6,3,2023-08-16 21:39:00,2ª DP,"Macrofotografia, Empoamento, Luz forense/lanterna",True,False,0.8427
Ossada Encontrada,Terreno Baldio,0,6,0,2023-02-01 16:01:00,DHPP (Homicídios),"Macrofotografia, Empoamento",False,False,0.1874
Suicídio,Pátio,1,31,1,2023-13-45,DHPP (Homicídios),Luz forense/lanterna,False,False,0.1122
Afogamento,Terreno Baldio,0,26,5,2023-03-29 11:30:00,DCA (Criança e Adolescente),Macrofotografia,False,False,0.1458
Receptação,Hospital,3,27,0,2023-01-06 14:48:00,2ª DP,Luz forense/lanterna,True,False,0.2785
Estelionato,Hospital,2,19,2,2023-02-24 08:48:00,3ª DP,Empoamento,0,True,0.2977
Dano Seguido de Lesão Corporal,Via Pública,0,5,0,2023-05-18 04:39:00,DHPP (Homicídios),"Macrofotografia, Luz forense/lanterna, Empoamento",True,False,0.5286
Morte Aparentemente Natural,Via Pública,4,16,2,2023-05-02 07:05:00,1ª DP,"Macrofotografia, Luz forense/lanterna, Empoamento",False,False,0.1853
Furto,Pátio,1,6,0,31/02/2023 25:00:00,DHPP (Homicídios),"Luz forense/lanterna, Macrofotografia",True,True,0.4808
Ossada Encontrada,Residência,3,8,0,2023-07-13 15:40:00,DCA (Criança e Adolescente),Luz forense/lanterna,False,False,0.1578
Furto d'água,Estabelecimento Comercial,3,76,0,2023-02-04 11:44:00,DEAM (Mulher),"Empoamento, Luz forense/lanterna, Macrofotografia",True,True,0.4237
Latrocínio e/ou Tentativa de Latrocínio,Hospital,0,5,3,2023-03-02 04:21:00,3ª dp,"Luz forense/lanterna, Empoamento",False,True,0.8323
Dano,Residência,1,22,0,2023-09-22 10:56:00,DCA (Criança e Adolescente),"Luz forense/lanterna, Empoamento",False,True,0.2722
Estelionato,DP,2,13,0,2023-01-26 12:55:00,DHPP (Homicídios),Empoamento,False,True,0.3005
Extorsão,Terreno Baldio,0,17,2,2023-10-23 08:23:00,DRFC (Furtos),"Luz forense/lanterna, Empoamento",True,False,0.554
Ossada Encontrada,Área Rural,5,7,0,2023-07-01 17:11:00,1ª DP,Macrofotografia,False,False,0.1244
Abandono de Incapaz,Via Pública,5,43,0,2023-02-17 09:51:00,DHPP (Homicídios),"Luz forense/lanterna, Macrofotografia",True,False,0.8254
Veículo Localizado (furtado ou roubado),Área Rural,2,7,1,2023-03-26 12:53:00,2ª DP,"Luz forense/lanterna, Macrofotografia, Empoamento",False,False,0.1963
Morte Aparentemente Natural,Residência,4,34,4,2023-01-19 22:44:00,3ª_DP,"Luz forense/lanterna, Macrofotografia, Empoamento",True,True,0.4633
Desmanche de Veículos,Estabelecimento Comercial,2,18,0,2023-08-13 22:18:00,DHPP (Homicídios),"Empoamento, Macrofotografia",False,True,0.3087
Marca em Animal,Pátio,5,7,0,2023-02-19 08:08:00,DHPP (Homicídios),"Luz forense/lanterna, Macrofotografia",True,True,0.4295
Lesão Corporal,DP,0,5,1,2023-01-25 17:12:00,3ª DP,"Empoamento, Luz forense/lanterna, Macrofotografia",True,False,0.5213
Abandono de Incapaz,Pátio,1,14,0,2023-04-29 18:27:00,1ª DP,"Luz forense/lanterna, Empoamento, Macrofotografia",False,False,0.6674
Feminicídio,Estabelecimento Comercial,0,10,0,2023-07-18 08:02:00,DEAM (Mulher),Macrofotografia,True,False,0.8632
Roubo,Via Pública,3,18,1,2023-06-28 21:26:00,DRFC (Furtos),"Luz forense/lanterna, Macrofotografia",False,True,0.5965
Adulteração de Placa e/ou Lacre,Pátio,1,39,2,2023-04-15 03:53:00,3ª DP,"Empoamento, Luz forense/lanterna",False,False,0.1038
Latrocínio e/ou Tentativa de Latrocínio,Estabelecimento Comercial,3,41,0,2023-03-27 19:28:00,DHPP (Homicídios),"Empoamento, Luz forense/lanterna, Macrofotografia",False,False,0.6523
Abandono de Incapaz,Terreno Baldio,1,18,8,2023-08-18 10:56:00,DEAM (Mulher),"Empoamento, Macrofotografia, Luz forense/lanterna",True,True,0.9774
Furto d'água,Terreno Baldio,0,43,3,2023-08-04 19:44:00,2ª DP,Empoamento,False,False,0.1268
Tráfico de Entorpecentes,Hospital,1,87,0,2023-08-15 06:06:00,DHPP (Homicídios),"Macrofotografia, Empoamento, Luz forense/lanterna",True,True,0.4056
Feminicídio,Estabelecimento Comercial,4,12,0,2023-12-10 23:56:00,DEAM (Mulher),"Luz forense/lanterna, Macrofotografia",True,False,0.8502
Explosão (com vítima),Estabelecimento Comercial,4,17,0,31/02/2023 25:00:00,DEAM (Mulher),Macrofotografia,False,False,0.4039
Dano Seguido de Lesão Corporal,Hospital,5,24,3,2023-03-10 00:37:00,3ª DP,Macrofotografia,True,True,0.7107
Suicídio,Pátio,0,7,0,2023-07-09 07:30:00,DRFC (Furtos),Luz forense/lanterna,False,True,0.2924
Receptação,Estabelecimento Comercial,1,55,1,2023-06-10 07:01:00,DCA (Criança e Adolescente),"Luz forense/lanterna, Empoamento",False,False,0.1994
Incêndio (sem vítima),Residência,7,11,3,2023-12-17 12:56:00,1ª DP,"Luz forense/lanterna, Macrofotografia",False,False,0.1784
Furto em Interior de Veículo,Residência,1,52,1,2023-10-03 08:23:00,3ª DP,"Empoamento, Macrofotografia",False,False,0.1401
Incêndio (com vítima),Via Pública,1,23,3,2023-08-31 08:36:00,DEAM (Mulher),"Empoamento, Luz forense/lanterna",True,True,0.6704
Morte Aparentemente Natural,Estabelecimento Comercial,5,23,1,2023-03-08 04:25:00,DHPP (Homicídios),"Macrofotografia, Empoamento, Luz forense/lanterna",False,True,0.2865
Dano Seguido de Lesão Corporal,Estabelecimento Comercial,4,27,0,2023-09-24 07:32:00,DCA (Criança e Adolescente),"Macrofotografia, Luz forense/lanterna",False,False,0.3637
Eletroplessão,Residência,1,22,0,2023-11-29 09:51:00,DCA (Criança e Adolescente),"Macrofotografia, Empoamento",False,False,0.1419
Furto Qualificado (arrombamento),Via Pública,1,60,3,2023-03-14 04:57:00,1ª DP,"Luz forense/lanterna, Macrofotografia, Empoamento",False,False,0.1157
Lesão Corporal,Via Pública,0,7,2,2023-12-22 17:10:00,DCA (Criança e Adolescente),"Empoamento, Luz forense/lanterna",True,False,0.5481
Aborto,Terreno Baldio,6,31,1,2023-10-15 07:50:00,3ª DP,Empoamento,False,False,0.1321
Estelionato,Hospital,1,10,3,2023-10-16 21:32:00,DHPP (Homicídios),"Macrofotografia, Empoamento",True,False,0.325
Violação de Sepultura,DP,1,5,2,2023-07-08 18:47:00,DHPP (Homicídios),"Macrofotografia, Empoamento",False,True,0.3439
Furto de Energia Elétrica ou Termodinâmica,Terreno Baldio,9,35,1,2023-06-28 08:19:00,DRFC (Furtos),"Empoamento, Luz forense/lanterna, Macrofotografia",False,False,0.1434
EXERCÍCIO ARBITRÁRIO DAS PRÓPRIAS RAZÕES,Pátio,6,7,10,2023-04-19 19:29:00,2ª DP,Luz forense/lanterna,False,True,0.3035
Abandono de Incapaz,Área Rural,0,19,4,2023-04-29 19:12:00,2ª DP,"Luz forense/lanterna, Macrofotografia, Empoamento",True,False,0.861
Furto Qualificado (arrombamento),DP,6,7,3,2023-06-01 07:24:00,DEAM (MULHER),"Empoamento, Luz forense/lanterna, Macrofotografia",True,False,0.3253
Infanticídio,Via Pública,2,16,1,2023-02-02 02:44:00,DRFC (Furtos),"Luz forense/lanterna, Empoamento, Macrofotografia",False,False,0.687
Incêndio (sem vítima),DP,4,105,0,2023-12-31 15:35:00,3ª DP,"Macrofotografia, Empoamento",False,False,0.1189
Explosão (com vítima),Hospital,3,29,2,2023-06-01 21:09:00,3ª DP,"Macrofotografia, Empoamento",False,False,0.4218
Incêndio (com vítima),DP,5,24,0,2023-05-25 00:45:00,DCA (Criança e Adolescente),"Macrofotografia, Empoamento, Luz forense/lanterna",True,False,0.587
Feto Encontrado,DP,1,10,3,2023-12-11 10:37:00,1ª DP,"Macrofotografia, Empoamento, Luz forense/lanterna",True,True,1.0
Incêndio (sem vítima),Terreno Baldio,5,14,3,2023-11-29 03:10:00,1ª DP,Empoamento,False,False,0.1578
Tentativa de Suicídio,Área Rural,5,10,1,2023-12-21 22:16:00,1ª DP,"Empoamento, Luz forense/lanterna",False,False,0.157
Incêndio (com vítima),Área Rural,0,27,0,2023-04-17 03:40:00,3ª DP,Macrofotografia,True,False,0.5482
Adulteração de Placa e/ou Lacre,Via Pública,2,5,2,2023-11-28 21:25:00,DHPP (Homicídios),"Empoamento, Luz forense/lanterna, Macrofotografia",False,False,0.175
Incêndio (sem vítima),Pátio,10,21,5,2023-03-02 09:07:00,1ª DP,"Empoamento, Luz forense/lanterna, Macrofotografia",False,False,0.1539
Aborto,Área Rural,1,128,1,2023-06-22 10:34:00,1ª DP,Macrofotografia,True,False,0.337
Dano,Residência,1,21,0,2023-05-08 16:19:00,DCA (Criança e Adolescente),"Macrofotografia, Empoamento",True,True,0.478
Roubo,Pátio,3,-9,0,2023-11-16 05:58:00,3ª DP,Empoamento,False,True,0.5827
Homicídio,Via Pública,3,31,5,2023-06-20 14:57:00,DEAM (Mulher),"Empoamento, Luz forense/lanterna",False,False,0.6533
Veículo Localizado (furtado ou roubado),Área Rural,0,8,1,2023-11-03 03:04:00,3ª DP,"Macrofotografia, Luz forense/lanterna, Empoamento",True,False,0.3119
Maus Tratos de Animal,Pátio,3,8,0,2023-05-02 06:06:00,DHPP (Homicídios),Macrofotografia,True,False,0.3219
Tráfico de Entorpecentes,Área Rural,0,42,0,2023-01-14 14:11:00,DHPP (Homicídios),Luz forense/lanterna,True,False,0.2884
Desmanche de Veículos,Pátio,7,35,0,2023-07-18 23:31:00,DCA (Criança e Adolescente),"Macrofotografia, Empoamento, Luz forense/lanterna",False,True,0.2836
Desmanche de Veículos,Pátio,1,47,1,2023-10-28 14:25:00,2ª DP,"Empoamento, Macrofotografia",True,False,0.2572
Roubo,Via Pública,4,15,8,2023-11-04 19:23:00,DRFC (Furtos),"Empoamento, Luz forense/lanterna, Macrofotografia",False,True,0.5322
Afogamento,DP,0,28,1,2023-07-14 05:50:00,DHPP (Homicídios),"Empoamento, Macrofotografia",False,False,0.1783
Suicídio,Área Rural,0,14,1,2023-05-05 16:51:00,DCA (Criança e Adolescente),"Empoamento, Luz forense/lanterna",True,False,0.3165
Dano,Pátio,4,25,0,2023-05-10 00:04:00,DRFC (Furtos),Luz forense/lanterna,False,False,0.1873
Marca em Animal,Residência,1,16,1,2023-10-12 03:40:00,DHPP (Homicídios),Luz forense/lanterna,False,True,0.3177
Infanticídio,Estabelecimento Comercial,3,17,0,2023-07-20 13:06:00,DEAM (Mulher),Empoamento,False,False,0.7361
Furto em Interior de Veículo,Residência,0,48,2,2023-01-03 00:33:00,2ª DP,Luz forense/lanterna,True,False,0.3461
Maus Tratos de Animal,Área Rural,2,13,1,2023-01-06 14:29:00,DCA (Criança e Adolescente),Empoamento,True,False,0.3259
Disparo de Arma de Fogo,Pátio,1,11,0,2023-11-19 05:31:00,DHPP (Homicídios),"Empoamento, Macrofotografia, Luz forense/lanterna",True,False,0.5453
Furto,Estabelecimento Comercial,1,11,0,2023-12-20 01:24:00,1ª DP,"Macrofotografia, Empoamento, Luz forense/lanterna",False,True,0.3028
Furto,Residência,0,16,6,2023-03-17 06:39:00,DHPP (Homicídios),"Luz forense/lanterna, Macrofotografia",True,True,0.4202
Roubo Com Estupro,Terreno Baldio,2,18,1,2023-04-24 09:22:00,DCA (Criança e Adolescente),"Empoamento, Macrofotografia",True,False,0.8293
Ossada Encontrada,Área Rural,5,34,0,2023-04-28 06:08:00,3ª DP,"Macrofotografia, Empoamento, Luz forense/lanterna",False,True,0.3173
Incêndio (com vítima),Via Pública,0,8,0,2023-08-04 07:36:00,DEAM (Mulher),"Empoamento, Macrofotografia",True,False,0.5586
Pichação,DP,1,6,0,2023-09-21 19:52:00,1ª DP,"Macrofotografia, Luz forense/lanterna",False,True,0.3159
Suicídio,Residência,1,8,2,2023-10-31 14:46:00,1ª DP,"Macrofotografia, Empoamento",True,True,0.4344
Suicídio,Pátio,2,N/A,2,2023-11-25 21:32:00,1ª DP,"Empoamento, Macrofotografia, Luz forense/lanterna",False,False,0.1708
Furto Qualificado (arrombamento),Hospital,3,23,0,2023-07-27 14:28:00,2ª DP,"Macrofotografia, Luz forense/lanterna",False,False,0.127
Explosão (com vítima),Residência,4,15,-4,2023-11-24 06:22:00,2ª DP,Empoamento,True,False,0.5233
Dano Seguido de Lesão Corporal,DP,3,27,1,2023-11-22 05:57:00,DRFC (Furtos),Luz forense/lanterna,False,False,0.4283
Maus Tratos de Animal,Via Pública,-10,9,2,2023-07-21 18:48:00,DCA (Criança e Adolescente),"Luz forense/lanterna, Empoamento, Macrofotografia",False,False,0.1504
Maus Tratos de Animal,Hospital,3,73,0,2023-04-17 23:59:00,2ª DP,"Luz forense/lanterna, Macrofotografia",False,False,0.1125
Abandono de Incapaz,Pátio,4,39,2,2023-03-18 15:01:00,DHPP (Homicídios),"Luz forense/lanterna, Macrofotografia",True,True,0.9503
Estelionato,Terreno Baldio,3,19,0,2023-08-18 00:40:00,DRFC (Furtos),"Macrofotografia, Luz forense/lanterna, Empoamento",True,False,0.3403
Local de Estupro e/ou Veículo Envolvido em Estupro,DP,3,25,0,2023-05-30 22:11:00,DHPP (Homicídios),"Macrofotografia, Empoamento, Luz forense/lanterna",True,False,0.8478
Furto de Energia Elétrica ou Termodinâmica,Hospital,2,20,1,2023-03-09 06:44:00,DHPP (Homicídios),Empoamento,False,True,0.3178
Lesão Corporal,Estabelecimento Comercial,3,10,3,2023-12-21 00:57:00,DEAM (Mulher),"Macrofotografia, Luz forense/lanterna",True,True,0.6944
Morte Aparentemente Natural,DP,1,60,3,data_invalida,DHPP (Homicídios),Luz forense/lanterna,True,True,0.4758
Abandono de Incapaz,Pátio,1,41,0,2023-10-31 12:30:00,DHPP (Homicídios),"Luz forense/lanterna, Empoamento, Macrofotografia",False,True,0.8131
Local de Estupro e/ou Veículo Envolvido em Estupro,Estabelecimento Comercial,0,35,1,2023-09-19 12:37:00,DRFC (Furtos),"Luz forense/lanterna, Macrofotografia, Empoamento",True,True,1.0
Disparo de Arma de Fogo,Hospital,2,64,2,2023-01-30 03:26:00,2ª DP,"Empoamento, Macrofotografia",False,False,0.4175
Furto,Área Rural,1,34,4,2023-08-15 07:13:00,3ª DP,"Macrofotografia, Empoamento",False,True,0.2789
Exercício Arbitrário das Próprias Razões,Estabelecimento Comercial,1,32,0,2023-09-07 23:14:00,1ª DP,"Luz forense/lanterna, Macrofotografia",False,False,0.1687
Desmanche de Veículos,Residência,7,56,1,2023-09-08 20:41:00,DCA (Criança e Adolescente),"Luz forense/lanterna, Empoamento, Macrofotografia",False,True,0.3184
Pichação,Residência,0,13,0,2023-08-24 14:51:00,DCA (Criança e Adolescente),Macrofotografia,True,False,0.3443
Ossada Encontrada,Hospital,5,14,3,2023-02-18 14:53:00,2ª DP,"Macrofotografia, Luz forense/lanterna",True,False,0.312
Violação de Sepultura,DP,3,12,0,2023-05-18 12:02:00,1ª DP,"Macrofotografia, Empoamento",False,True,0.2903
Maus Tratos de Animal,Via Pública,3,11,0,2023-05-27 12:42:00,DEAM (Mulher),"Macrofotografia, Luz forense/lanterna, Empoamento",True,False,0.2861
Feto Encontrado,Pátio,5,6,2,2023-09-17 05:12:00,DCA (Criança e Adolescente),"Empoamento, Luz forense/lanterna, Macrofotografia",False,False,0.7023
Roubo,Via Pública,5,16,2,2023-08-03 18:30:00,DRFC (Furtos),Luz forense/lanterna,True,True,0.7184
Adulteração de Placa e/ou Lacre,Estabelecimento Comercial,3,19,0,2023-12-29 18:59:00,DCA (Criança e Adolescente),Luz forense/lanterna,False,False,0.1992
Roubo,Residência,1,5,1,2023-06-25 08:58:00,DEAM (Mulher),"Macrofotografia, Luz forense/lanterna",False,False,0.3874
Violação de Domicílio,Área Rural,0,6,5,2023-08-13 17:26:00,3ª DP,"Empoamento, Macrofotografia, Luz forense/lanterna",False,False,0.1627
Abandono de Incapaz,DP,10,48,0,2023-06-27 04:59:00,3ª DP,Macrofotografia,False,False,0.6966
Dano Seguido de Lesão Corporal,Via Pública,1,7,0,2023-07-23 10:39:00,DRFC (Furtos),"Luz forense/lanterna, Macrofotografia",True,False,0.599
Furto d'água,Via Pública,0,24,1,2023-03-09 17:50:00,3ª DP,"Luz forense/lanterna, Macrofotografia, Empoamento",False,False,0.1298
Local de Estupro e/ou Veículo Envolvido em Estupro,Área Rural,2,10,0,2023-07-10 17:13:00,DHPP (Homicídios),Luz forense/lanterna,True,False,0.8933
Tráfico de Entorpecentes,Via Pública,0,5,1,2023-05-29 21:54:00,3ª DP,"Macrofotografia, Luz forense/lanterna",False,False,0.1463
Afogamento,Residência,0,43,0,2023-10-23 13:57:00,DRFC (Furtos),"Luz forense/lanterna, Empoamento, Macrofotografia",False,False,0.1962
Cadáver Encontrado,Estabelecimento Comercial,1,10,1,2023-08-18 07:44:00,DHPP (Homicídios),"Macrofotografia, Luz forense/lanterna, Empoamento",True,False,0.2913
Feto Encontrado,DP,17,10,0,2023-12-05 11:50:00,1ª DP,Luz forense/lanterna,True,True,1.0
Pichação,Terreno Baldio,8,12,2,2023-03-14 03:20:00,DHPP (Homicídios),"Empoamento, Luz forense/lanterna, Macrofotografia",False,False,0.1166
Tentativa de Homicídio,Residência,3,15,7,2023-03-03 01:54:00,DHPP (Homicídios),"Luz forense/lanterna, Empoamento",True,False,0.8253
Disparo de Arma de Fogo,Via Pública,1,13,1,2023-01-20 03:58:00,1ª DP,"Empoamento, Macrofotografia, Luz forense/lanterna",False,False,0.3624
Tentativa de Suicídio,Área Rural,1,7,2,2023-12-21 02:35:00,2ª DP,"Empoamento, Luz forense/lanterna",True,True,0.4974
Afogamento,Área Rural,0,10,3,2023-06-16 12:59:00,2ª DP,"Luz forense/lanterna, Macrofotografia, Empoamento",False,False,0.1535
Roubo Com Estupro,Hospital,1,6,0,2023-07-07 22:18:00,1ª DP,Macrofotografia,False,False,0.6775
Tráfico de Entorpecentes,Hospital,2,5,3,2023-10-13 04:20:00,2ª DP,Macrofotografia,True,False,0.2886
Furto em Interior de Veículo,Residência,21,11,1,2023-07-14 01:27:00,DRFC (Furtos),"Luz forense/lanterna, Macrofotografia, Empoamento",False,False,0.1337
Local de Estupro e/ou Veículo Envolvido em Estupro,Via Pública,1,15,2,2023-08-30 04:46:00,1ª DP,"Macrofotografia, Empoamento",False,True,0.8421
Incêndio (com vítima),Pátio,6,14,0,2023-03-17 17:21:00,3ª DP,"Macrofotografia, Empoamento",False,True,0.5934
Incêndio (sem vítima),Terreno Baldio,4,27,3,2023-09-08 05:37:00,DRFC (Furtos),"Macrofotografia, Luz forense/lanterna, Empoamento",True,False,0.3162
Violação de Domicílio,Terreno Baldio,3,8,3,2023-01-11 01:49:00,DHPP (Homicídios),"Macrofotografia, Empoamento",False,False,0.1683
Feto Encontrado,DP,12,11,0,2023-12-28 04:45:00,DCA (Criança e Adolescente),Macrofotografia,False,False,0.7068
Exercício Arbitrário das Próprias Razões,Terreno Baldio,0,6,0,2023-12-11 00:33:00,1ª DP,"Luz forense/lanterna, Macrofotografia, Empoamento",False,False,0.1539
Ossada Encontrada,Estabelecimento Comercial,3,16,1,2023-07-14 14:00:00,DRFC (Furtos),"Luz forense/lanterna, Macrofotografia",True,True,0.4346
Furto d'água,Residência,1,10,0,2023-04-21 22:49:00,DEAM (Mulher),Macrofotografia,True,True,0.4886
Marca em Animal,DP,0,23,0,2023-02-21 16:47:00,DRFC (Furtos),"Luz forense/lanterna, Empoamento, Macrofotografia",True,True,0.4594
Ossada Encontrada,Pátio,3,28,1,2023-12-21 13:07:00,3ª DP,"Luz forense/lanterna, Empoamento, Macrofotografia",True,False,0.2674
Incêndio (com vítima),Hospital,1,8,0,2023-10-03 00:38:00,DCA_(Criança_e_Adolescente),"Luz forense/lanterna, Empoamento",False,True,0.5944
Adulteração de Placa e/ou Lacre,Área Rural,1,14,7,2023-07-25 20:09:00,3ª DP,Luz forense/lanterna,False,True,0.314
Veículo Localizado (furtado ou roubado),Área Rural,4,11,0,2023-08-20 03:14:00,3ª DP,"Macrofotografia, Luz forense/lanterna",False,False,0.108
Estelionato,Via Pública,0,41,5,2023-10-14 11:10:00,DEAM (Mulher),"Empoamento, Macrofotografia, Luz forense/lanterna",True,True,0.4578
Afogamento,Estabelecimento Comercial,1,26,0,31/02/2023 25:00:00,3ª DP,"Macrofotografia, Luz forense/lanterna, Empoamento",False,True,0.3183
Lesão Corporal,Via Pública,2,25,1,2023-03-04 08:07:00,1ª DP,Luz forense/lanterna,True,False,0.5064
Explosão (com vítima),DP,1,29,0,2023-10-25 05:41:00,DEAM (Mulher),Empoamento,False,False,0.4381
Disparo de Arma de Fogo,DP,2,28,0,2023-11-23 04:52:00,DCA (Criança e Adolescente),"Luz forense/lanterna, Macrofotografia, Empoamento",False,False,0.4036
Furto de Energia Elétrica ou Termodinâmica,Terreno Baldio,2,20,0,2023-04-29 15:54:00,2ª DP,"Luz forense/lanterna, Empoamento, Macrofotografia",True,False,0.3073
Suicídio,Residência,1,7,1,2023-11-17 16:44:00,2ª DP,"Macrofotografia, Luz forense/lanterna, Empoamento",True,False,0.2869
Dano,Pátio,9,29,0,2023-04-30 09:49:00,DHPP (Homicídios),"Luz forense/lanterna, Empoamento",True,True,0.4963
Furto de Energia Elétrica ou Termodinâmica,Pátio,4,6,0,2023-09-19 19:28:00,DEAM (Mulher),"Empoamento, Luz forense/lanterna, Macrofotografia",False,False,0.1131
Adulteração de Placa e/ou Lacre,Via Pública,0,15,2,2023-05-25 15:58:00,DEAM (Mulher),"Macrofotografia, Empoamento",False,False,0.1661
Tráfico de Entorpecentes,Estabelecimento Comercial,1,5,1,2023-01-21 19:29:00,DEAM (Mulher),"Macrofotografia, Luz forense/lanterna",False,True,0.317
Roubo,DP,2,11,4,2023-05-04 20:17:00,DEAM (Mulher),"Luz forense/lanterna, Macrofotografia, Empoamento",True,True,0.7154
Furto d'água,Pátio,6,60,3,2023-03-17 16:53:00,DRFC (Furtos),"Macrofotografia, Empoamento, Luz forense/lanterna",False,False,0.1771
Marca em Animal,Hospital,7,5,2,2023-10-20 07:11:00,1ª DP,Luz forense/lanterna,True,False,0.3302
Aborto,Hospital,4,17,2,2023-05-08 04:06:00,DCA (Criança e Adolescente),"Empoamento, Macrofotografia, Luz forense/lanterna",False,False,0.1871
Afogamento,Via Pública,6,50,2,2023-05-15 18:18:00,DCA (Criança e Adolescente),Luz forense/lanterna,True,True,0.4279
Feminicídio,Residência,0,5,0,2023-11-25 13:09:00,DRFC (Furtos),"Macrofotografia, Empoamento, Luz forense/lanterna",True,True,1.0
Adulteração de Placa e/ou Lacre,Hospital,1,12,1,2023-09-20 02:13:00,3ª DP,Luz forense/lanterna,False,True,0.3048
Tráfico de Entorpecentes,Hospital,0,36,0,2023-01-07 19:36:00,DRFC (Furtos),"Empoamento, Macrofotografia, Luz forense/lanterna",False,False,0.1393
Tentativa de Suicídio,Hospital,0,32,0,2023-09-15 02:09:00,1ª DP,Macrofotografia,True,True,0.4912
Tentativa de Homicídio,Via Pública,2,14,3,2023-12-22 20:44:00,2ª DP,Luz forense/lanterna,False,True,0.8943
Tráfico de Entorpecentes,Pátio,3,30,0,2023-13-45,DCA (Criança e Adolescente),"Macrofotografia, Empoamento, Luz forense/lanterna",True,False,0.254
Tentativa de Suicídio,Área Rural,0,10,2,2023-12-29 10:00:00,DHPP (Homicídios),Empoamento,True,True,0.4033
Infanticídio,Via Pública,5,6,4,2023-07-28 19:40:00,DHPP (Homicídios),Macrofotografia,True,True,1.0
Desmanche de Veículos,DP,3,16,3,2023-10-13 20:53:00,3ª DP,"Luz forense/lanterna, Empoamento, Macrofotografia",True,True,0.4905
Roubo,DP,3,18,2,,DRFC (Furtos),"Luz forense/lanterna, Empoamento, Macrofotografia",False,False,0.4457
Ossada Encontrada,Hospital,2,61,1,2023-11-22 20:25:00,DHPP (Homicídios),"Macrofotografia, Empoamento, Luz forense/lanterna",False,True,0.2672
Tráfico de Entorpecentes,Residência,5,10,11,2023-09-25 00:45:00,DCA (Criança e Adolescente),"Macrofotografia, Luz forense/lanterna, Empoamento",False,0,0.163
Tentativa de Homicídio,Área Rural,0,12,1,2023-04-28 13:24:00,DHPP (Homicídios),"Luz forense/lanterna, Empoamento, Macrofotografia",True,False,0.8737
Extorsão,Pátio,1,16,2,2023-11-03 00:00:00,DHPP (Homicídios),"Luz forense/lanterna, Empoamento, Macrofotografia",False,False,0.3549
Feto Encontrado,DP,2,5,0,2023-04-16 17:01:00,DCA (Criança e Adolescente),"Empoamento, Macrofotografia",True,True,0.9824
Homicídio,DP,4,12,0,2023-11-25 11:18:00,3ª DP,"Macrofotografia, Luz forense/lanterna, Empoamento",False,False,0.6832
Desmanche de Veículos,Via Pública,0,5,1,2023-05-17 13:10:00,1ª DP,"Empoamento, Luz forense/lanterna",True,False,0.2744
Aborto,Pátio,0,8,0,,2ª DP,"Luz forense/lanterna, Macrofotografia, Empoamento",False,False,0.1353
Violação de Domicílio,Hospital,0,20,0,2023-06-05 14:16:00,3ª DP,"Luz forense/lanterna, Macrofotografia, Empoamento",False,True,0.2763
Abandono de Incapaz,Residência,0,10,0,2023-03-09 12:30:00,1ª DP,Empoamento,False,False,0.7211
Desmanche de Veículos,Área Rural,9,60,0,2023-09-20 12:25:00,DHPP (Homicídios),Luz forense/lanterna,False,False,0.1832
Receptação,Estabelecimento Comercial,2,8,2,2023-10-21 07:02:00,1ª DP,"Luz forense/lanterna, Empoamento, Macrofotografia",False,False,0.1325
Explosão (com vítima),Pátio,0,22,6,2023-12-26 14:41:00,DCA (Criança e Adolescente),"Empoamento, Luz forense/lanterna",False,True,0.5462
Suicídio,Via Pública,3,19,3,2023-12-25 07:55:00,2ª DP,"Macrofotografia, Luz forense/lanterna, Empoamento",False,True,0.2704
Pichação,Via Pública,3,69,0,2023-04-05 06:48:00,1ª DP,"Empoamento, Luz forense/lanterna, Macrofotografia",False,False,0.1216
Pichação,Via Pública,0,5,6,2023-03-12 02:19:00,3ª DP,Luz forense/lanterna,False,False,0.1178
Feto Encontrado,Estabelecimento Comercial,3,7,2,2023-11-15 11:21:00,DCA (Criança e Adolescente),"Macrofotografia, Luz forense/lanterna, Empoamento",True,False,0.8245
Dano,Hospital,4,27,2,2023-01-12 11:12:00,1ª DP,"Empoamento, Luz forense/lanterna, Macrofotografia",True,False,0.3436
Eletroplessão,Estabelecimento Comercial,0,17,1,2023-03-21 07:01:00,DCA (Criança e Adolescente),Empoamento,False,True,0.2833
Tentativa de Suicídio,Pátio,1,30,2,31/02/2023 25:00:00,DCA (Criança e Adolescente),"Luz forense/lanterna, Macrofotografia, Empoamento",False,False,0.1779
Extorsão,Estabelecimento Comercial,1,31,1,2023-02-08 15:28:00,DEAM (Mulher),Macrofotografia,True,False,0.5837
Furto d'água,Residência,0,56,0,2023-07-21 05:27:00,DRFC (Furtos),"Luz forense/lanterna, Empoamento, Macrofotografia",True,False,0.2655
Furto Qualificado (arrombamento),Hospital,4,19,0,2023-02-20 21:21:00,3ª DP,Empoamento,True,False,0.315
Abandono de Incapaz,DP,2,5,0,2023-08-25 09:13:00,DCA (Criança e Adolescente),"Luz forense/lanterna, Macrofotografia, Empoamento",True,False,0.8734
Eletroplessão,DP,0,20,0,2023-09-26 03:22:00,1ª DP,Macrofotografia,False,True,0.2865
Abandono de Incapaz,Pátio,5,17,0,2023-09-07 15:34:00,2ª DP,"Empoamento, Luz forense/lanterna",False,False,0.6825
Eletroplessão,Residência,0,22,0,2023-08-16 22:43:00,DEAM (Mulher),luz forense/lanterna,True,False,0.3416
Tentativa de Suicídio,Estabelecimento Comercial,4,20,0,2023-09-02 22:32:00,DRFC (Furtos),"Empoamento, Luz forense/lanterna, Macrofotografia",False,False,0.1485
Violação de Domicílio,Pátio,1,11,5,2023-04-14 14:00:00,DEAM (Mulher),"Empoamento, Luz forense/lanterna",True,False,0.2981
Aborto,Área Rural,8,29,0,2023-11-25 05:41:00,DRFC (Furtos),"Luz forense/lanterna, Empoamento",False,False,0.1702
Furto,Hospital,1,41,2,2023-02-06 19:46:00,DHPP (Homicídios),"Macrofotografia, Luz forense/lanterna",True,False,0.3351
Maus Tratos de Animal,Via Pública,1,26,0,2023-09-06 12:09:00,2ª DP,"Macrofotografia, Luz forense/lanterna",True,False,0.3184
Furto,Pátio,0,6,0,2023-11-04 20:57:00,2ª DP,Luz forense/lanterna,True,False,0.2963
Lesão Corporal,DP,999999,9,3,2023-10-02 14:39:00,DHPP (Homicídios),"Macrofotografia, Luz forense/lanterna",False,False,0.4439
Dano Seguido de Lesão Corporal,Via Pública,5,6,0,2023-09-01 13:36:00,DHPP (Homicídios),Macrofotografia,True,False,0.5056
Tráfico de Entorpecentes,Hospital,4,13,1,2023-06-24 23:39:00,DEAM (Mulher),"Empoamento, Luz forense/lanterna, Macrofotografia",,True,0.2651
Dano,Terreno Baldio,0,49,0,2023-03-07 22:28:00,DRFC (Furtos),"Luz forense/lanterna, Empoamento, Macrofotografia",False,False,0.1096
Lesão Corporal,DP,4,8,0,2023-07-12 08:45:00,DCA (Criança e Adolescente),Macrofotografia,True,True,0.6806
Pichação,Residência,0,10,0,2023-05-21 11:52:00,DEAM (Mulher),Luz forense/lanterna,True,True,0.4674
Tentativa de Suicídio,DP,1,19,1,2023-10-11 05:14:00,2ª DP,Macrofotografia,True,False,0.3323
Furto d'água,Área Rural,6,7,3,2023-11-09 01:47:00,DRFC (Furtos),Luz forense/lanterna,False,True,0.3127
Violação de Domicílio,Residência,1,23,0,2023-04-17 21:41:00,3ª DP,"Luz forense/lanterna, Empoamento",False,False,0.1705
Arremesso de Projétil,Estabelecimento Comercial,1,9,0,2023-07-14 16:50:00,2ª DP,"Empoamento, Luz forense/lanterna, Macrofotografia",False,False,0.1377
Afogamento,Via Pública,0,15,2,2023-11-10 21:23:00,2ª DP,Empoamento,False,False,0.1988
Violação de Domicílio,DP,5,6,1,2023-11-14 12:28:00,DHPP (Homicídios),"Luz forense/lanterna, Macrofotografia",1,False,0.2595
Abandono de Incapaz,Estabelecimento Comercial,0,20,1,2023-02-14 06:05:00,2ª DP,Macrofotografia,True,False,0.8736
Ameaça,Via Pública,2,30,0,2023-07-27 00:35:00,DHPP (Homicídios),"Luz forense/lanterna, Empoamento, Macrofotografia",1,True,0.4531
Tráfico de Entorpecentes,Via Pública,3,11,0,2023-02-04 20:19:00,3ª DP,"Empoamento, Macrofotografia",True,False,0.2841
Ossada Encontrada,Área Rural,1,5,0,2023-08-09 20:48:00,1ª DP,"Empoamento, Macrofotografia",False,True,0.2504
Estelionato,Residência,0,59,6,2023-10-20 01:42:00,DRFC (Furtos),Luz forense/lanterna,True,False,0.3328
Explosão (com vítima),Área Rural,0,19,0,2023-11-12 07:01:00,1ª DP,"Luz forense/lanterna, Macrofotografia, Empoamento",True,Sim,0.7182
Morte Aparentemente Natural,Residência,1,31,2,2023-02-11 02:00:00,DEAM (Mulher),"Luz forense/lanterna, Empoamento, Macrofotografia",False,True,0.2568
Furto Qualificado (arrombamento),Residência,13,37,0,2023-05-31 16:06:00,1ª DP,Empoamento,True,False,0.3223
Abandono de Incapaz,Residência,7,61,0,2023-01-21 05:01:00,1ª DP,"Luz forense/lanterna, Macrofotografia",True,True,0.9677
Homicídio,DP,7,29,5,2023-11-18 16:29:00,DHPP (Homicídios),"Empoamento, Luz forense/lanterna, Macrofotografia",True,False,0.8673
Feminicídio,Pátio,1,8,3,2023-04-03 05:59:00,DRFC (Furtos),"Luz forense/lanterna, Macrofotografia",True,True,1.0
Roubo,Via Pública,4,15,1,2023-08-26 10:57:00,2ª DP,"Luz forense/lanterna, Empoamento, Macrofotografia",True,False,0.5857
Local de Estupro e/ou Veículo Envolvido em Estupro,Residência,2,25,0,2023-06-30 13:28:00,3ª DP,"Empoamento, Luz forense/lanterna",True,False,0.8695
Marca em Animal,Residência,16,38,0,2023-06-23 15:08:00,DRFC (Furtos),"Macrofotografia, Luz forense/lanterna",False,False,0.1276
Lesão Corporal,Estabelecimento Comercial,4,11,3,2023-06-20 21:29:00,1ª DP,Empoamento,True,False,0.5269
Suicídio,Hospital,4,17,0,2023-11-28 17:24:00,2ª DP,Empoamento,True,False,0.3301
Afogamento,Pátio,3,17,0,2023-03-20 02:52:00,DEAM (Mulher),Empoamento,False,False,0.1953
Suicídio,Hospital,0,21,0,2023-09-09 00:04:00,DEAM (Mulher),"Luz forense/lanterna, Empoamento",True,True,0.4545
Violação de Sepultura,Área Rural,0,83,0,2023-05-21 18:57:00,2ª DP,"Macrofotografia, Empoamento",False,False,0.1911
Local de Estupro e/ou Veículo Envolvido em Estupro,Pátio,3,6,2,2023-08-15 20:30:00,DCA (Criança e Adolescente),"Macrofotografia, Empoamento",False,False,0.7316
Eletroplessão,Área Rural,1,23,3,2023-10-22 23:26:00,DCA (Criança e Adolescente),LUZ FORENSE/LANTERNA,True,True,0.4724
Furto Qualificado (arrombamento),Área Rural,1,30,0,2023-09-04 14:11:00,DCA (Criança e Adolescente),"Luz forense/lanterna, Empoamento",True,False,0.3227
Furto d'água,Terreno Baldio,0,32,0,2023-09-25 06:44:00,3ª DP,Macrofotografia,True,False,0.2541
Tentativa de Suicídio,Pátio,0,13,0,2023-11-05 23:18:00,2ª DP,Empoamento,False,False,0.1509
Incêndio (sem vítima),Via Pública,3,31,1,2023-03-27 01:17:00,DHPP (Homicídios),"Luz forense/lanterna, Empoamento, Macrofotografia",False,False,0.1615
Pichação,Via Pública,3,26,0,2023-03-21 12:16:00,2ª DP,Macrofotografia,True,True,0.499
Ameaça,Pátio,0,49,0,2023-09-28 14:46:00,DRFC (Furtos),Luz forense/lanterna,False,True,0.2656
Roubo Com Estupro,Hospital,0,53,2,2023-02-15 19:20:00,3ª DP,Macrofotografia,False,True,0.847
Exercício Arbitrário das Próprias Razões,Via Pública,0,11,0,data_invalida,DRFC (Furtos),Empoamento,True,False,0.3013
Tentativa de Suicídio,Pátio,3,17,6,2023-03-14 20:37:00,DEAM (Mulher),"Empoamento, Luz forense/lanterna, Macrofotografia",False,True,0.2919
Latrocínio e/ou Tentativa de Latrocínio,Terreno Baldio,4,16,3,2023-02-01 23:00:00,DCA (Criança e Adolescente),"Macrofotografia, Luz forense/lanterna, Empoamento",False,False,0.7124
Abandono de Incapaz,Residência,2,35,2,2023-13-45,3ª DP,"Luz forense/lanterna, Macrofotografia, Empoamento",False,True,0.816
Abandono de Incapaz,Pátio,1,53,2,2023-04-29 23:14:00,DHPP (Homicídios),"Luz forense/lanterna, Empoamento, Macrofotografia",True,False,0.8886
Aborto,Estabelecimento Comercial,2,23,1,2023-12-28 06:48:00,1ª DP,"Macrofotografia, Empoamento, Luz forense/lanterna",True,True,0.4686
Incêndio (com vítima),Residência,9,5,2,2023-10-18 11:51:00,3ª DP,"Empoamento, Macrofotografia",False,True,0.5532
Incêndio (sem vítima),Via Pública,0,55,2,2023-06-13 13:13:00,2ª DP,"Luz forense/lanterna, Empoamento",False,False,0.1367
Tentativa de Suicídio,Área Rural,7,39,6,2023-12-23 18:32:00,3ª DP,"Luz forense/lanterna, Macrofotografia, Empoamento",True,False,0.3343
,Terreno Baldio,3,8,3,2023-05-04 00:05:00,DEAM (Mulher),"Luz forense/lanterna, Empoamento, Macrofotografia",False,False,0.1621
Furto em Interior de Veículo,Via Pública,0,28,1,2023-08-02 17:34:00,1ª DP,"Empoamento, Macrofotografia, Luz forense/lanterna",True,True,0.4258
Morte Aparentemente Natural,Via Pública,3,53,1,2023-03-09 23:52:00,1ª DP,"Macrofotografia, Luz forense/lanterna, Empoamento",False,1,0.3376
Receptação,DP,4,26,0,2023-05-11 01:09:00,DHPP (Homicídios),"Macrofotografia, Luz forense/lanterna",True,True,0.4874
Infanticídio,DP,2,83,2,2023-05-22 14:46:00,DRFC (Furtos),"Luz forense/lanterna, Empoamento, Macrofotografia",True,True,1.0
Eletroplessão,Hospital,0,7,0,2023-05-26 00:34:00,1ª DP,"Macrofotografia, Empoamento",False,False,0.1441
Ossada Encontrada,Via Pública,0,32,0,2023-05-13 07:33:00,DCA (Criança e Adolescente),"Luz forense/lanterna, Empoamento",True,True,0.4655
Suicídio,Terreno Baldio,5,13,2,2023-08-06 09:48:00,1ª DP,"Empoamento, Macrofotografia, Luz forense/lanterna",False,False,0.1087
Disparo de Arma de Fogo,Área Rural,0,7,0,2023-03-30 10:41:00,DCA (Criança e Adolescente),"Macrofotografia, Luz forense/lanterna, Empoamento",True,False,0.5001
Arremesso de Projétil,Residência,4,30,1,2023-09-05 09:51:00,1ª DP,Empoamento,True,False,0.2605
Estelionato,Residência,2,25,2,2023-12-12 10:19:00,2ª DP,Macrofotografia,True,False,0.3283
Lesão Corporal,Residência,0,13,0,2023-08-25 08:46:00,2ª DP,"Macrofotografia, Empoamento",True,False,0.5079
Feminicídio,Estabelecimento Comercial,1,9,0,2023-10-31 06:35:00,DHPP (Homicídios),"Luz forense/lanterna, Macrofotografia",False,False,0.7004
Incêndio (sem vítima),Terreno Baldio,1,-2,5,2023-12-26 11:25:00,DEAM (Mulher),Empoamento,True,False,0.3316
Morte Aparentemente Natural,Área Rural,1,24,0,2023-09-04 15:07:00,3ª DP,"Luz forense/lanterna, Empoamento",False,False,0.1549
Eletroplessão,Terreno Baldio,0,12,1,2023-05-12 22:32:00,DCA (Criança e Adolescente),"Empoamento, Luz forense/lanterna",True,False,0.2954
Explosão (com vítima),DP,0,32,5,2023-05-12 02:21:00,3ª DP,Luz forense/lanterna,True,True,0.7039
Feminicídio,DP,5,14,1,2023-03-21 02:24:00,2ª DP,Macrofotografia,True,False,0.8546
Feto Encontrado,Estabelecimento Comercial,0,9,0,2023-02-04 22:36:00,3ª DP,Macrofotografia,False,False,0.6906
Lesão Corporal,Hospital,0,37,6,2023-11-18 02:35:00,DRFC (Furtos),"Luz forense/lanterna, Empoamento",True,False,0.5332
Pichação,Área Rural,2,21,0,2023-13-45,3ª DP,"Empoamento, Luz forense/lanterna, Macrofotografia",False,True,0.2785
Marca em Animal,Pátio,0,8,0,2023-11-04 17:12:00,DEAM (Mulher),"Empoamento, Macrofotografia",False,False,0.1921
Roubo,Terreno Baldio,2,16,1,2023-11-20 03:42:00,3ª DP,Macrofotografia,True,False,0.5682
Tentativa de Suicídio,Pátio,3,48,2,2023-03-10 02:07:00,2ª DP,"Macrofotografia, Luz forense/lanterna",False,False,0.1804
Feto Encontrado,Hospital,1,49,0,2023-07-02 12:28:00,1ª DP,Empoamento,False,False,0.7015
Furto de Energia Elétrica ou Termodinâmica,Área Rural,2,6,0,2023-04-30 16:41:00,DCA (Criança e Adolescente),"Macrofotografia, Empoamento",False,False,0.1259
Furto Qualificado (arrombamento),DP,4,21,2,2023-12-06 09:43:00,2ª DP,Empoamento,0,True,0.3329
Marca em Animal,Residência,0,23,0,2023-11-16 13:33:00,1ª DP,"Macrofotografia, Empoamento, Luz forense/lanterna",False,True,0.2904
Estelionato,Área Rural,0,43,3,2023-11-08 12:39:00,2ª DP,"Macrofotografia, Empoamento, Luz forense/lanterna",True,True,0.4105
Explosão (com vítima),Estabelecimento Comercial,0,9,7,2023-06-05 08:03:00,1ª DP,Empoamento,True,True,0.6727
Extorsão,Via Pública,2,27,0,2023-07-03 16:20:00,DEAM (Mulher),Empoamento,False,true,0.5843
Explosão (sem vítima),Terreno Baldio,5,14,0,2023-03-29 00:57:00,2ª DP,"Luz forense/lanterna, Macrofotografia",False,False,0.1145
Ossada Encontrada,DP,2,22,0,2023-08-08 08:50:00,DCA (Criança e Adolescente),Macrofotografia,True,False,0.2754
Extorsão,Área Rural,3,6,3,2023-10-01 00:03:00,DRFC (Furtos),Luz forense/lanterna,True,True,0.7072
Explosão (com vítima),Estabelecimento Comercial,6,5,4,2023-02-08 19:08:00,2ª DP,"Luz forense/lanterna, Empoamento, Macrofotografia",True,False,0.5328
Eletroplessão,Via Pública,1,22,0,2023-08-02 21:07:00,3ª DP,Luz forense/lanterna,False,False,0.1662
Adulteração de Placa e/ou Lacre,DP,4,27,2,2023-09-27 15:04:00,2ª DP,"Empoamento, Luz forense/lanterna",False,False,0.1587
Maus Tratos de Animal,Estabelecimento Comercial,1,11,2,2023-08-05 03:38:00,DEAM (Mulher),Macrofotografia,True,False,0.2528
Furto Qualificado (arrombamento),Pátio,4,17,3,2023-08-14 09:53:00,1ª DP,"Empoamento, Luz forense/lanterna",True,False,0.3161
Receptação,Residência,7,5,0,2023-01-11 22:12:00,DCA (Criança e Adolescente),Empoamento,True,False,0.3056
Furto,Via Pública,0,29,6,2023-11-28 02:37:00,DHPP (Homicídios),Luz forense/lanterna,False,False,0.1599
Furto de Energia Elétrica ou Termodinâmica,DP,5,12,0,2023-07-21 07:48:00,DHPP (Homicídios),"Empoamento, Luz forense/lanterna",False,False,0.1734
Dano,Área_Rural,12,40,5,2023-03-13 00:20:00,DRFC (Furtos),"Macrofotografia, Luz forense/lanterna",False,False,0.1732
Estelionato,Área Rural,8,34,1,2023-01-07 04:43:00,1ª DP,Empoamento,True,True,0.4566
Adulteração de Placa e/ou Lacre,Residência,4,54,3,2023-02-11 11:42:00,3ª DP,"Luz forense/lanterna, Macrofotografia, Empoamento",False,False,0.1631
Marca em Animal,Via Pública,3,6,9,2023-11-05 09:34:00,DHPP (Homicídios),"Macrofotografia, Luz forense/lanterna",False,False,0.1444
Aborto,Terreno Baldio,9,7,2,2023-03-22 08:29:00,DEAM (Mulher),Macrofotografia,True,False,0.281
Morte Aparentemente Natural,Terreno Baldio,6,5,0,2023-12-15 10:15:00,1ª DP,Empoamento,False,False,0.1248
Local de Estupro e/ou Veículo Envolvido em Estupro,Terreno Baldio,3,11,3,2023-09-24 20:03:00,DCA (Criança e Adolescente),"Empoamento, Luz forense/lanterna",True,True,0.99
Marca em Animal,Pátio,6,19,0,2023-06-29 12:23:00,2ª DP,"Empoamento, Luz forense/lanterna",False,False,0.1955
Dano,Via Pública,6,28,0,2023-02-24 15:36:00,DRFC (Furtos),"Macrofotografia, Empoamento, Luz forense/lanterna",False,False,0.1628
Incêndio (com vítima),Pátio,1,6,2,2023-09-05 06:54:00,DCA (Criança e Adolescente),Empoamento,True,False,0.5665
Feto Encontrado,Pátio,0,25,0,2023-07-19 03:25:00,DEAM (Mulher),"Luz forense/lanterna, Empoamento",True,False,0.805
Feminicídio,Terreno Baldio,8,8,1,2023-04-23 08:40:00,DEAM (Mulher),"Empoamento, Macrofotografia",True,False,0.8889
Furto d'água,Hospital,0,8,7,2023-01-15 13:27:00,DCA (Criança e Adolescente),"Empoamento, Luz forense/lanterna",True,False,0.3266
Explosão (com vítima),Hospital,3,17,1,2023-04-16 02:53:00,2ª DP,Empoamento,False,True,0.5725
Disparo de Arma de Fogo,Pátio,2,17,0,2023-01-01 13:27:00,2ª DP,"Empoamento, Luz forense/lanterna",True,True,0.706
Exercício Arbitrário das Próprias Razões,Via Pública,10,9,1,2023-06-25 18:15:00,DRFC (Furtos),"Macrofotografia, Empoamento, Luz forense/lanterna",True,False,0.2901
Furto de Energia Elétrica ou Termodinâmica,Pátio,16,89,4,2023-05-24 19:29:00,DCA (Criança e Adolescente),"Macrofotografia, Empoamento, Luz forense/lanterna",False,True,0.289
Furto de Energia Elétrica ou Termodinâmica,Pátio,3,21,0,2023-01-05 00:13:00,2ª DP,"Empoamento, Macrofotografia, Luz forense/lanterna",True,True,0.4848
Latrocínio e/ou Tentativa de Latrocínio,Hospital,9,22,2,2023-10-29 17:04:00,DRFC (Furtos),"Macrofotografia, Luz forense/lanterna, Empoamento",False,False,0.6715
Incêndio (com vítima),Estabelecimento Comercial,1,26,1,2023-06-10 22:52:00,2ª DP,Macrofotografia,False,True,0.5575
Furto Qualificado (arrombamento),Via Pública,4,21,2,2023-04-27 01:35:00,DEAM (Mulher),Macrofotografia,True,False,0.2993
Exercício Arbitrário das Próprias Razões,Pátio,0,62,2,2023-01-19 05:14:00,DCA (Criança e Adolescente),"Empoamento, Luz forense/lanterna",True,False,0.2882
Marca em Animal,Terreno Baldio,2,18,0,2023-02-10 12:54:00,3ª DP,"Macrofotografia, Empoamento",True,False,0.2688
Eletroplessão,DP,2,31,1,2023-09-28 12:08:00,3ª DP,Empoamento,True,1,0.4127
Desmanche de Veículos,DP,4,49,0,2023-11-12 06:21:00,1ª DP,"Empoamento, Luz forense/lanterna",True,False,0.2702
Latrocínio e/ou Tentativa de Latrocínio,Terreno Baldio,10,43,3,2023-08-26 10:11:00,DEAM (Mulher),Luz forense/lanterna,False,True,0.8111
Local de Estupro e/ou Veículo Envolvido em Estupro,Hospital,1,91,0,2023-04-29 21:25:00,2ª DP,"Macrofotografia, Empoamento, Luz forense/lanterna",True,False,0.8428
Feto Encontrado,Pátio,0,37,1,2023-03-21 02:01:00,3ª DP,Macrofotografia,False,False,0.7255
Estelionato,Pátio,5,20,1,2023-03-12 03:42:00,DCA (Criança e Adolescente),"Luz forense/lanterna, Empoamento, Macrofotografia",False,True,0.3265
Furto Qualificado (arrombamento),Área Rural,0,29,7,2023-05-25 03:14:00,1ª DP,"Macrofotografia, Empoamento, Luz forense/lanterna",True,False,0.2889
Lesão Corporal,Hospital,1,33,999999,2023-06-21 16:10:00,3ª DP,"Luz forense/lanterna, Empoamento, Macrofotografia",True,False,0.5652
Afogamento,Terreno Baldio,0,14,0,2023-04-27 22:28:00,3ª DP,"Macrofotografia, Luz forense/lanterna",False,False,0.1526
Latrocínio e/ou Tentativa de Latrocínio,Área Rural,2,47,3,2023-08-16 01:41:00,DCA (Criança e Adolescente),"Luz forense/lanterna, Empoamento, Macrofotografia",False,True,0.8923
Estelionato,Terreno Baldio,2,21,4,2023-08-17 03:32:00,1ª DP,"Luz forense/lanterna, Empoamento, Macrofotografia",True,True,0.4508
Adulteração de Placa e/ou Lacre,Estabelecimento Comercial,2,24,1,2023-08-14 23:34:00,DCA (Criança e Adolescente),Empoamento,Sim,False,0.1297
Explosão (com vítima),Residência,2,39,0,2023-03-07 23:34:00,DEAM (Mulher),"Macrofotografia, Luz forense/lanterna",False,True,0.5694
Feto Encontrado,Área Rural,0,10,2,2023-01-22 18:24:00,DRFC (Furtos),Luz forense/lanterna,True,False,0.8154
Dano Seguido de Lesão Corporal,Hospital,4,70,1,2023-03-26 17:10:00,3ª DP,"Empoamento, Macrofotografia, Luz forense/lanterna",True,False,0.5615
Veículo Localizado (furtado ou roubado),Terreno Baldio,3,51,6,2023-03-19 03:17:00,3ª DP,Luz forense/lanterna,True,False,0.3355
Furto em Interior de Veículo,Residência,0,64,2,2023-04-08 03:34:00,1ª DP,"Empoamento, Luz forense/lanterna",True,False,0.3269
Explosão (com vítima),DP,2,17,3,2023-08-24 12:19:00,2ª DP,"Luz forense/lanterna, Macrofotografia",True,True,0.7357
Estelionato,Terreno Baldio,0,54,2,2023-02-07 02:14:00,2ª DP,Luz forense/lanterna,True,False,0.2531
Tentativa de Suicídio,Via Pública,7,12,8,2023-03-06 05:46:00,DCA (Criança e Adolescente),"Empoamento, Macrofotografia",False,False,0.1029
Cadáver Encontrado,Hospital,0,31,2,2023-12-26 04:14:00,3ª DP,"Empoamento, Macrofotografia, Luz forense/lanterna",False,False,0.168
Suicídio,DP,1,44,1,2023-06-10 10:11:00,DHPP (Homicídios),"Empoamento, Luz forense/lanterna",False,True,0.3128
Furto Qualificado (arrombamento),Pátio,1,48,0,2023-02-08 08:42:00,DCA (Criança e Adolescente),"Macrofotografia, Luz forense/lanterna",False,False,0.1527
Explosão (sem vítima),Terreno Baldio,0,21,0,2023-05-08 00:24:00,2ª DP,Macrofotografia,True,False,0.2821
Incêndio (com vítima),Estabelecimento Comercial,2,27,3,2023-07-22 21:47:00,DRFC (Furtos),Empoamento,True,False,0.5823
Tentativa de Homicídio,Terreno Baldio,1,20,7,2023-07-10 06:23:00,DRFC (Furtos),"Empoamento, Luz forense/lanterna",True,False,0.8117
Cadáver Encontrado,Via Pública,9,6,2,2023-03-12 07:39:00,2ª DP,"Luz forense/lanterna, Macrofotografia, Empoamento",False,True,0.2629
Morte Aparentemente Natural,DP,7,10,0,2023-11-26 22:10:00,DRFC (Furtos),Luz forense/lanterna,True,False,0.3128
Estelionato,Pátio,0,22,0,2023-04-23 21:40:00,1ª DP,"Macrofotografia, Luz forense/lanterna, Empoamento",False,True,0.2801
Incêndio (sem vítima),DP,8,5,0,2023-01-26 05:18:00,1ª DP,Luz forense/lanterna,True,False,0.2973
Furto Qualificado (arrombamento),Área Rural,0,20,0,2023-11-15 17:11:00,DRFC (Furtos),"Luz forense/lanterna, Empoamento",False,False,0.1331
Pichação,Terreno Baldio,5,32,0,2023-06-19 11:11:00,DRFC (Furtos),"Empoamento, Luz forense/lanterna, Macrofotografia",True,False,0.3452
Latrocínio e/ou Tentativa de Latrocínio,Estabelecimento Comercial,0,72,-7,2023-05-15 14:00:00,DCA (Criança e Adolescente),"Empoamento, Luz forense/lanterna",True,False,0.8501
Furto,DP,0,6,,2023-10-19 09:21:00,DRFC (Furtos),Luz forense/lanterna,True,False,0.343
Lesão Corporal,Área Rural,0,50,2,2023-08-06 11:43:00,1ª DP,Luz forense/lanterna,True,True,0.7333
Adulteração de Placa e/ou Lacre,DP,2,41,1,2023-09-01 06:25:00,3ª DP,"Macrofotografia, Empoamento",True,False,0.3135
Cadáver Encontrado,Via Pública,1,26,3,2023-03-31 13:04:00,DEAM (Mulher),"Empoamento, Luz forense/lanterna, Macrofotografia",False,True,0.2819
Suicídio,Área Rural,2,14,0,2023-10-19 14:31:00,DCA (Criança e Adolescente),Empoamento,False,False,0.1583
Furto,Área Rural,2,22,2,2023-06-15 22:47:00,DCA (Criança e Adolescente),"Macrofotografia, Luz forense/lanterna",True,False,0.3267
Explosão (com vítima),Via Pública,1,23,4,2023-12-17 15:14:00,DHPP (Homicídios),"Luz forense/lanterna, Macrofotografia, Empoamento",True,True,0.7401
Feto Encontrado,DP,9,13,3,2023-10-23 09:13:00,DHPP (Homicídios),"Macrofotografia, Luz forense/lanterna, Empoamento",False,False,0.7346
Veículo Localizado (furtado ou roubado),Área Rural,4,15,5,2023-10-06 00:24:00,DRFC (Furtos),"Luz forense/lanterna, Macrofotografia, Empoamento",False,False,0.1499
Violação de Sepultura,Residência,2,116,0,2023-05-09 14:22:00,DHPP (Homicídios),"Empoamento, Macrofotografia",False,False,0.1328
Dano,Hospital,1,11,2,2023-05-10 13:15:00,DEAM (Mulher),Macrofotografia,True,True,0.4621
Suicídio,Pátio,4,17,4,2023-04-22 13:45:00,3ª DP,Luz forense/lanterna,False,False,0.1092
Tráfico de Entorpecentes,Pátio,0,51,0,2023-03-20 21:25:00,3ª DP,"Macrofotografia, Empoamento, Luz forense/lanterna",False,False,0.1701
Receptação,Terreno Baldio,4,24,5,2023-08-11 17:57:00,1ª DP,Luz forense/lanterna,True,True,0.415
Aborto,Terreno Baldio,2,30,0,2023-04-09 17:32:00,DCA (Criança e Adolescente),"Luz forense/lanterna, Macrofotografia",True,False,0.3468
Aborto,Pátio,4,6,0,2023-03-24 20:33:00,1ª DP,Empoamento,False,False,0.1332
Tentativa de Homicídio,Pátio,9,25,0,2023-04-25 06:54:00,2ª DP,Macrofotografia,False,True,0.8906
Ameaça,Hospital,3,62,1,2023-10-21 07:46:00,DCA (Criança e Adolescente),Macrofotografia,True,False,0.3242
Incêndio (sem vítima),Residência,0,59,4,2023-10-17 13:45:00,3ª DP,"Empoamento, Macrofotografia",False,False,0.1513
Lesão Corporal,Residência,0,53,1,2023-01-28 10:18:00,2ª DP,"Macrofotografia, Luz forense/lanterna",True,False,0.5167
Pichação,Estabelecimento Comercial,3,13,1,2023-08-26 01:56:00,1ª DP,"Macrofotografia, Luz forense/lanterna",False,True,0.2518
Roubo Com Estupro,Pátio,0,20,3,2023-05-30 16:27:00,DRFC (Furtos),"Empoamento, Luz forense/lanterna, Macrofotografia",False,False,0.6516
Roubo,Área Rural,1,17,1,2023-12-03 07:09:00,3ª DP,"Empoamento, Luz forense/lanterna",False,False,0.3828
Adulteração de Placa e/ou Lacre,DP,1,22,1,2023-05-14 06:29:00,DHPP (Homicídios),"Luz forense/lanterna, Empoamento, Macrofotografia",True,False,0.3122
Latrocínio e/ou Tentativa de Latrocínio,Área Rural,10,48,3,2023-10-26 20:54:00,DHPP (Homicídios),Luz forense/lanterna,False,True,0.8342
Arremesso de Projétil,Estabelecimento Comercial,0,41,0,2023-11-06 20:46:00,DEAM (Mulher),"Empoamento, Luz forense/lanterna, Macrofotografia",True,False,0.3341
Morte Aparentemente Natural,Terreno Baldio,13,16,1,2023-10-01 23:06:00,DHPP (Homicídios),Luz forense/lanterna,False,False,0.193
Local de Estupro e/ou Veículo Envolvido em Estupro,Estabelecimento Comercial,1,5,1,2023-01-03 01:29:00,DRFC (Furtos),"Macrofotografia, Empoamento, Luz forense/lanterna",True,False,0.8414
Latrocínio e/ou Tentativa de Latrocínio,Hospital,0,15,3,2023-03-21 08:53:00,1ª DP,"Empoamento, Luz forense/lanterna, Macrofotografia",False,False,0.6812
Explosão (sem vítima),Estabelecimento Comercial,0,6,0,2023-01-01 10:49:00,3ª DP,"Luz forense/lanterna, Empoamento, Macrofotografia",True,True,0.49
Adulteração de Placa e/ou Lacre,DP,5,53,1,2023-05-01 18:26:00,2ª DP,"Empoamento, Luz forense/lanterna",False,False,0.1367
Maus Tratos de Animal,Via Pública,2,6,0,2023-05-14 07:44:00,DRFC (Furtos),Luz forense/lanterna,True,False,0.3364
Explosão (com vítima),Pátio,0,62,4,2023-03-24 09:51:00,DCA (Criança e Adolescente),"Empoamento, Macrofotografia",False,False,0.4077
Furto,DP,2,57,2,2023-03-31 03:35:00,2ª DP,"Macrofotografia, Luz forense/lanterna",False,False,0.1767
Eletroplessão,Área Rural,N/A,29,0,2023-04-27 02:34:00,DHPP (Homicídios),"Luz forense/lanterna, Empoamento, Macrofotografia",True,False,0.2889
Infanticídio,Terreno Baldio,999999,26,0,2023-09-26 04:28:00,2ª DP,Luz forense/lanterna,False,True,0.8974
Arremesso de Projétil,Pátio,1,15,1,2023-11-26 05:01:00,1ª DP,"Macrofotografia, Luz forense/lanterna, Empoamento",True,True,0.401
Tentativa de Homicídio,Estabelecimento Comercial,2,5,0,2023-05-03 21:25:00,3ª DP,Macrofotografia,False,True,0.8796
Arremesso de Projétil,Via Pública,1,34,6,2023-06-09 12:46:00,DRFC (Furtos),Empoamento,True,True,0.4529
Infanticídio,Área Rural,0,29,1,2023-04-19 03:56:00,2ª DP,"Macrofotografia, Luz forense/lanterna, Empoamento",True,False,0.896
Roubo,DP,3,39,3,2023-12-28 15:39:00,3ª DP,Luz forense/lanterna,True,False,0.5937
Suicídio,Via Pública,2,24,2,2023-12-15 15:23:00,DCA (Criança e Adolescente),"Empoamento, Luz forense/lanterna",True,False,0.3289
Roubo Com Estupro,Terreno Baldio,5,8,2,2023-04-26 18:45:00,DEAM (Mulher),Empoamento,True,True,0.9551
Pichação,Terreno Baldio,2,36,0,2023-05-05 18:48:00,3ª DP,"Empoamento, Macrofotografia, Luz forense/lanterna",False,False,0.168
Pichação,Área Rural,1,22,4,2023-10-07 22:23:00,2ª DP,"Empoamento, Macrofotografia, Luz forense/lanterna",True,True,0.4271
Ossada Encontrada,Via Pública,0,34,0,2023-12-24 04:29:00,DRFC (Furtos),"Luz forense/lanterna, Empoamento, Macrofotografia",True,False,0.2935
Feto Encontrado,DP,4,9,1,2023-05-18 15:27:00,DEAM (Mulher),"Macrofotografia, Luz forense/lanterna, Empoamento",False,False,0.7091
Adulteração de Placa e/ou Lacre,Pátio,1,7,6,2023-11-01 04:10:00,DRFC (Furtos),"Empoamento, Macrofotografia, Luz forense/lanterna",False,False,0.1183
Veículo Localizado (furtado ou roubado),DP,1,18,4,,1ª DP,Luz forense/lanterna,True,False,0.268
Furto de Energia Elétrica ou Termodinâmica,Pátio,2,13,3,2023-05-20 02:53:00,1ª DP,"Macrofotografia, Luz forense/lanterna",True,False,0.3221
Furto d'água,Terreno Baldio,1,8,3,2023-06-13 16:36:00,1ª DP,Luz forense/lanterna,False,True,0.2716
Eletroplessão,Estabelecimento Comercial,2,23,0,2023-12-03 20:36:00,3ª DP,"Macrofotografia, Luz forense/lanterna, Empoamento",True,True,0.4042
Suicídio,Hospital,4,18,1,31/02/2023 25:00:00,DEAM (Mulher),"Macrofotografia, Empoamento, Luz forense/lanterna",True,True,0.4408
Cadáver Encontrado,Residência,5,60,1,2023-06-11 02:15:00,1ª DP,"Macrofotografia, Luz forense/lanterna, Empoamento",False,True,0.3402
Feto Encontrado,Estabelecimento Comercial,4,29,2,2023-09-27 03:43:00,DCA (Criança e Adolescente),"Macrofotografia, Empoamento, Luz forense/lanterna",False,False,0.7399
Roubo,Terreno Baldio,2,59,5,2023-07-26 19:04:00,DEAM (Mulher),"Luz forense/lanterna, Macrofotografia, Empoamento",False,False,0.4499
Estelionato,Hospital,4,16,0,2023-11-21 14:58:00,DHPP (Homicídios),Empoamento,True,False,0.2711
Incêndio (sem vítima),DP,0,22,0,2023-07-07 05:07:00,DCA (Criança e Adolescente),"Luz forense/lanterna, Empoamento",False,False,0.1613
Incêndio (com vítima),Residência,0,22,1,2023-03-07 18:28:00,DRFC (Furtos),Empoamento,False,True,0.5148
Cadáver Encontrado,Estabelecimento Comercial,1,6,0,2023-07-29 12:05:00,DEAM (Mulher),Luz forense/lanterna,False,True,0.3341
Furto Qualificado (arrombamento),Pátio,0,35,0,2023-04-20 10:43:00,DHPP (Homicídios),Empoamento,False,True,0.3434
Furto em Interior de Veículo,Via Pública,18,17,0,2023-03-02 14:26:00,DHPP (Homicídios),"Empoamento, Macrofotografia",False,True,0.306
Disparo de Arma de Fogo,Estabelecimento Comercial,6,26,3,2023-08-14 07:41:00,3ª DP,"Luz forense/lanterna, Macrofotografia",True,True,0.6963
Tentativa de Suicídio,Residência,4,15,2,2023-08-15 23:17:00,DRFC (Furtos),"Macrofotografia, Empoamento",True,True,0.488
Tráfico de Entorpecentes,Terreno Baldio,1,38,0,2023-02-07 02:57:00,2ª DP,Macrofotografia,True,False,0.3215
Veículo Localizado (furtado ou roubado),ESTABELECIMENTO COMERCIAL,0,16,0,2023-04-19 16:49:00,2ª DP,Macrofotografia,False,True,0.2749
Infanticídio,Área Rural,0,67,0,2023-02-06 22:29:00,DCA (Criança e Adolescente),"Empoamento, Macrofotografia",False,True,0.8807
Dano Seguido de Lesão Corporal,Área Rural,1,5,1,2023-06-06 21:01:00,DEAM (Mulher),Empoamento,False,False,0.4493
Furto em Interior de Veículo,Residência,3,20,1,2023-05-02 03:16:00,3ª DP,Luz forense/lanterna,False,False,0.1263
Ossada Encontrada,Estabelecimento Comercial,0,21,6,2023-03-21 20:03:00,3ª DP,Macrofotografia,False,False,0.1563
Disparo de Arma de Fogo,Hospital,6,79,6,2023-08-13 10:22:00,3ª DP,"Empoamento, Luz forense/lanterna, Macrofotografia",True,False,0.5827
Tentativa de Suicídio,DP,2,22,0,2023-07-17 19:40:00,DEAM (Mulher),Luz forense/lanterna,False,False,0.1863
Latrocínio e/ou Tentativa de Latrocínio,Hospital,3,17,1,2023-12-07 11:01:00,2ª DP,"Macrofotografia, Luz forense/lanterna",False,True,0.8456
Abandono de Incapaz,Estabelecimento Comercial,2,57,2,2023-10-15 02:21:00,DCA (Criança e Adolescente),"Empoamento, Macrofotografia, Luz forense/lanterna",False,False,0.731
Morte Aparentemente Natural,Estabelecimento Comercial,1,15,0,2023-11-17 08:57:00,DEAM (Mulher),Empoamento,True,True,0.4882
Tentativa de Suicídio,Estabelecimento Comercial,1,57,3,2023-10-22 17:00:00,DHPP (Homicídios),"Macrofotografia, Empoamento",False,False,0.1901
Furto de Energia Elétrica ou Termodinâmica,Terreno Baldio,4,18,2,2023-02-13 08:24:00,DRFC (Furtos),"Empoamento, Macrofotografia, Luz forense/lanterna",True,False,0.3413
Marca em Animal,Terreno Baldio,3,41,1,2023-05-11 23:29:00,1ª DP,"Empoamento, Luz forense/lanterna",True,False,0.3295
Tentativa de Suicídio,DP,5,20,0,2023-04-13 09:48:00,3ª DP,"Macrofotografia, Empoamento, Luz forense/lanterna",True,False,0.306
Furto de Energia Elétrica ou Termodinâmica,Estabelecimento Comercial,3,10,1,2023-07-30 15:25:00,DEAM_(Mulher),Empoamento,False,True,0.3308
Violação de Sepultura,DP,1,19,5,2023-01-13 09:37:00,3ª DP,"Luz forense/lanterna, Empoamento, Macrofotografia",True,Sim,0.3156
Incêndio (com vítima),Residência,0,29,0,2023-07-09 08:36:00,DEAM (Mulher),"Empoamento, Luz forense/lanterna",False,False,0.3764
Suicídio,DP,3,41,3,2023-11-03 06:36:00,3ª DP,Macrofotografia,False,False,0.1522
Explosão (com vítima),Terreno Baldio,2,31,2,2023-09-11 03:11:00,1ª DP,"Macrofotografia, Luz forense/lanterna, Empoamento",False,True,0.5605
Tentativa de Homicídio,Residência,0,16,1,2023-11-27 07:23:00,DHPP (Homicídios),"Empoamento, Macrofotografia",True,False,0.8975
Roubo Com Estupro,Residência,6,7,0,2023-09-16 16:52:00,3ª DP,Luz forense/lanterna,False,False,0.6975
Desmanche de Veículos,Via Pública,0,6,1,,1ª DP,"Empoamento, Macrofotografia, Luz forense/lanterna",True,False,0.2602
Ossada Encontrada,Hospital,999999,12,0,2023-09-02 00:41:00,DHPP (Homicídios),"Luz forense/lanterna, Macrofotografia, Empoamento",False,False,0.1548
Roubo,Via Pública,13,10,0,2023-07-10 14:30:00,2ª DP,"Macrofotografia, Luz forense/lanterna",True,true,0.504
Ossada Encontrada,Área Rural,2,22,1,2023-04-07 03:56:00,2ª DP,"Empoamento, Luz forense/lanterna, Macrofotografia",True,False,0.2797
Explosão (com vítima),Residência,0,117,2,2023-03-10 21:12:00,DCA (Criança e Adolescente),"Macrofotografia, Luz forense/lanterna, Empoamento",True,False,0.5223
Arremesso de Projétil,Estabelecimento Comercial,1,31,1,2023-02-20 00:00:00,DHPP (Homicídios),Macrofotografia,False,False,0.1671
Marca em Animal,Área Rural,5,11,0,2023-08-04 02:35:00,DCA (Criança e Adolescente),Luz forense/lanterna,True,False,0.2987
Latrocínio e/ou Tentativa de Latrocínio,DP,2,21,0,2023-09-11 23:18:00,1ª DP,"Macrofotografia, Luz forense/lanterna, Empoamento",True,False,0.8933
Estelionato,Via Pública,4,34,2,2023-12-26 09:36:00,DEAM (Mulher),"Empoamento, Macrofotografia, Luz forense/lanterna",False,True,0.2522
Veículo Localizado (furtado ou roubado),Via Pública,4,12,0,2023-06-16 05:16:00,DRFC (Furtos),"Macrofotografia, Empoamento, Luz forense/lanterna",True,False,0.3272
Tentativa de Suicídio,Área Rural,4,9,0,2023-08-22 05:26:00,DEAM (Mulher),"Macrofotografia, Empoamento, Luz forense/lanterna",False,False,0.1817
Estelionato,Área Rural,3,5,2,2023-12-15 16:56:00,DHPP (Homicídios),"Luz forense/lanterna, Empoamento",False,False,0.1988
Explosão (sem vítima),Hospital,1,6,2,2023-02-23 16:37:00,DHPP (Homicídios),"Macrofotografia, Luz forense/lanterna, Empoamento",False,True,0.3372
Aborto,Área Rural,1,16,1,2023-01-16 10:50:00,3ª DP,Empoamento,False,False,0.1738
Violação de Sepultura,Hospital,4,9,2,2023-02-02 14:37:00,DRFC (Furtos),"Macrofotografia, Luz forense/lanterna, Empoamento",False,True,0.347
Tentativa de Homicídio,Área Rural,1,22,1,2023-06-19 17:10:00,DEAM (Mulher),"Luz forense/lanterna, Macrofotografia, Empoamento",False,True,0.8113
Feminicídio,Hospital,3,28,0,2023-06-14 05:27:00,DHPP (Homicídios),"Luz forense/lanterna, Macrofotografia, Empoamento",True,True,1.0
Abandono de Incapaz,Estabelecimento Comercial,0,13,0,2023-05-03 20:09:00,1ª DP,Macrofotografia,False,False,0.6845
Tráfico de Entorpecentes,Área Rural,0,11,0,2023-12-28 11:22:00,DEAM (Mulher),"Empoamento, Macrofotografia",True,True,0.4308
Ameaça,Área Rural,1,5,4,2023-09-28 12:15:00,DEAM (Mulher),Luz forense/lanterna,True,True,0.4189
Infanticídio,Hospital,1,8,0,2023-02-03 09:45:00,DRFC (Furtos),Empoamento,False,False,0.652
Explosão (sem vítima),DP,0,24,0,2023-10-10 06:01:00,DHPP (Homicídios),"Macrofotografia, Empoamento, Luz forense/lanterna",True,False,0.2516
Violação de Sepultura,Estabelecimento Comercial,0,23,0,2023-10-09 00:45:00,DCA (Criança e Adolescente),"Macrofotografia, Empoamento",False,True,0.2995
Pichação,Terreno Baldio,0,8,0,2023-03-27 21:24:00,DEAM (Mulher),"Luz forense/lanterna, Empoamento",False,True,0.2851
Eletroplessão,Via Pública,7,14,5,2023-08-15 02:59:00,DRFC (Furtos),Luz forense/lanterna,True,False,0.3006
Furto em Interior de Veículo,Área Rural,3,12,4,2023-05-30 00:06:00,DHPP (Homicídios),"Luz forense/lanterna, Empoamento, Macrofotografia",False,False,0.1955
Latrocínio e/ou Tentativa de Latrocínio,Área Rural,0,12,4,2023-08-12 22:25:00,DRFC (Furtos),"Empoamento, Macrofotografia",True,False,0.8226
Feminicídio,Estabelecimento Comercial,0,51,0,2023-10-18 12:47:00,DHPP (Homicídios),"Macrofotografia, Empoamento, Luz forense/lanterna",True,True,1.0
Aborto,Residência,7,88,2,2023-11-02 10:02:00,3ª DP,"Luz forense/lanterna, Macrofotografia, Empoamento",False,False,0.1335
Latrocínio e/ou Tentativa de Latrocínio,Área Rural,1,15,0,2023-07-11 07:32:00,DEAM (Mulher),"Empoamento, Luz forense/lanterna",False,False,0.7372
Adulteração de Placa e/ou Lacre,Hospital,0,43,0,2023-04-27 09:08:00,DEAM (Mulher),Macrofotografia,True,False,0.2565
Aborto,Área Rural,7,76,3,31/02/2023 25:00:00,DEAM (Mulher),"Macrofotografia, Empoamento",True,False,0.2658
Lesão Corporal,Residência,999999,77,1,2023-11-24 04:08:00,DEAM (Mulher),"Luz forense/lanterna, Macrofotografia, Empoamento",True,False,0.5505
Incêndio (com vítima),Hospital,1,26,0,2023-12-15 20:30:00,DEAM (Mulher),Empoamento,False,False,0.4434
Adulteração de Placa e/ou Lacre,DP,0,21,0,2023-05-11 12:55:00,3ª DP,"Luz forense/lanterna, Empoamento, Macrofotografia",False,False,0.1852
Tráfico de Entorpecentes,Via Pública,3,28,1,2023-03-23 17:48:00,2ª DP,"Macrofotografia, Luz forense/lanterna, Empoamento",True,False,0.3471
Morte Aparentemente Natural,Pátio,3,30,2,2023-05-27 04:11:00,  DEAM (Mulher)  ,Empoamento,False,True,0.2608
Marca em Animal,Via Pública,1,5,2,2023-06-25 15:39:00,DRFC (Furtos),"Empoamento, Macrofotografia, Luz forense/lanterna",False,False,0.1907
Suicídio,Pátio,21,22,1,2023-12-24 23:00:00,3ª DP,"Macrofotografia, Empoamento",True,True,0.4514
Afogamento,Estabelecimento Comercial,1,-7,0,2023-05-04 15:14:00,DRFC (Furtos),Luz forense/lanterna,False,False,0.1314
Furto d'água,Residência,5,9,12,2023-01-04 05:10:00,2ª DP,"Luz forense/lanterna, Macrofotografia",True,False,0.2745
Latrocínio e/ou Tentativa de Latrocínio,Pátio,0,5,9,2024-01-01 03:19:00,1ª DP,"Macrofotografia, Empoamento, Luz forense/lanterna",False,False,0.7262
Morte Aparentemente Natural,DP,1,105,3,2023-10-24 03:07:00,3ª DP,"Empoamento, Macrofotografia, Luz forense/lanterna",False,False,0.1131
Desmanche de Veículos,Pátio,0,37,2,2023-04-24 11:15:00,DRFC (Furtos),"Luz forense/lanterna, Empoamento",True,False,0.2695
Afogamento,Terreno Baldio,5,21,1,2023-04-30 03:26:00,DRFC (Furtos),"Luz forense/lanterna, Macrofotografia, Empoamento",True,False,0.275
Veículo Localizado (furtado ou roubado),Hospital,6,10,3,2023-09-22 23:14:00,2ª DP,"Empoamento, Luz forense/lanterna, Macrofotografia",True,True,0.4401
Morte Aparentemente Natural,Estabelecimento Comercial,4,33,5,2023-06-13 05:24:00,DHPP (Homicídios),"Luz forense/lanterna, Empoamento",True,False,0.2583
Pichação,Estabelecimento Comercial,0,18,0,2023-01-01 00:25:00,3ª DP,Luz forense/lanterna,False,True,0.345
Tráfico de Entorpecentes,Terreno Baldio,1,26,3,2023-07-16 07:21:00,1ª DP,"Macrofotografia, Luz forense/lanterna, Empoamento",True,False,0.3439
Homicídio,Via Pública,1,6,0,2023-03-24 09:38:00,DRFC (Furtos),"Macrofotografia, Empoamento",True,False,0.8246
Marca em Animal,Hospital,1,6,7,2023-09-22 19:36:00,2ª DP,"Luz forense/lanterna, Macrofotografia, Empoamento",True,False,0.2582
Disparo de Arma de Fogo,Residência,0,12,0,2023-11-16 22:56:00,DEAM (Mulher),Luz forense/lanterna,False,True,0.5516
Violação de Sepultura,Pátio,2,12,1,2023-06-18 23:53:00,DEAM (Mulher),Luz forense/lanterna,False,True,0.2759
Furto d'água,Estabelecimento Comercial,7,80,0,2023-10-24 19:07:00,DHPP (Homicídios),"Luz forense/lanterna, Empoamento",False,True,0.3245
Feto Encontrado,Área Rural,0,48,0,2023-08-01 13:28:00,1ª DP,"Luz forense/lanterna, Empoamento",True,False,0.8698
Dano Seguido de Lesão Corporal,Via Pública,2,16,1,2023-09-08 07:33:00,DRFC (Furtos),Empoamento,True,False,0.5553
Ameaça,Pátio,0,9,6,2023-03-25 02:32:00,2ª DP,Luz forense/lanterna,True,False,0.3422
Afogamento,Estabelecimento Comercial,3,9,0,2023-10-09 12:28:00,3ª DP,"Empoamento, Luz forense/lanterna",True,True,0.4381
Arremesso de Projétil,Via Pública,2,23,0,2023-10-29 18:16:00,1ª DP,"Empoamento, Luz forense/lanterna",False,False,0.1913
Eletroplessão,DP,5,9,0,2023-11-02 14:47:00,2ª DP,Luz forense/lanterna,True,False,0.263
Homicídio,Estabelecimento Comercial,0,92,0,2023-08-22 15:08:00,2ª DP,"Macrofotografia, Luz forense/lanterna",False,False,0.6781
Violação de Sepultura,Hospital,2,32,0,2023-06-28 18:54:00,DHPP (Homicídios),Macrofotografia,True,True,0.4918
Infanticídio,Hospital,0,52,1,2023-05-12 11:37:00,3ª DP,"Empoamento, Macrofotografia",True,True,0.9725
Tráfico de Entorpecentes,Hospital,1,23,1,2023-08-13 23:46:00,DRFC (Furtos),"Macrofotografia, Luz forense/lanterna, Empoamento",True,True,0.4421
Furto,Pátio,2,23,4,2023-03-02 15:50:00,DCA (Criança e Adolescente),Luz forense/lanterna,False,True,0.2758
Violação de Sepultura,DP,0,10,0,2023-11-19 03:16:00,DHPP (Homicídios),"Empoamento, Macrofotografia",True,False,0.2501
Violação de Domicílio,Via Pública,3,49,9,2023-04-12 04:44:00,DHPP (Homicídios),Luz forense/lanterna,False,False,0.1096
Violação de Sepultura,Pátio,4,30,1,2023-08-26 02:13:00,DRFC (Furtos),"Empoamento, Macrofotografia",True,False,0.2662
Desmanche de Veículos,Área Rural,3,135,0,2023-07-23 10:28:00,DEAM (Mulher),Luz forense/lanterna,False,True,0.2895
Infanticídio,Hospital,2,12,1,2023-07-04 02:25:00,1ª DP,"Luz forense/lanterna, Empoamento, Macrofotografia",True,False,0.8177
Exercício Arbitrário das Próprias Razões,Pátio,0,6,2,2023-03-10 16:15:00,DRFC (Furtos),"Luz forense/lanterna, Empoamento",True,False,0.2518
Violação de Sepultura,Pátio,6,51,0,2023-04-29 07:15:00,DEAM (Mulher),"Empoamento, Macrofotografia",False,False,0.1034
Explosão (sem vítima),DP,6,27,17,2023-06-23 01:02:00,1ª DP,"Luz forense/lanterna, Macrofotografia",False,False,0.1527
Furto em Interior de Veículo,Área Rural,2,15,0,2023-01-17 20:46:00,DCA (Criança e Adolescente),"Macrofotografia, Empoamento, Luz forense/lanterna",True,False,0.2976
Desmanche de Veículos,DP,6,13,3,2023-08-02 17:18:00,DEAM (Mulher),"Luz forense/lanterna, Macrofotografia, Empoamento",False,True,0.2677
Dano Seguido de Lesão Corporal,Hospital,9,18,1,2023-02-08 02:22:00,DEAM (Mulher),Empoamento,True,False,0.5583
Veículo Localizado (furtado ou roubado),Terreno Baldio,2,22,1,2023-10-30 08:01:00,DRFC (Furtos),"Empoamento, Macrofotografia, Luz forense/lanterna",True,True,0.4815
Explosão (com vítima),Estabelecimento Comercial,1,8,1,2023-04-01 03:00:00,DEAM (Mulher),Luz forense/lanterna,False,True,0.5453
Aborto,DP,3,999999,2,2023-06-29 07:11:00,DRFC (Furtos),"Macrofotografia, Empoamento, Luz forense/lanterna",False,False,0.1343
Violação de Domicílio,Área Rural,0,75,3,2023-04-03 11:30:00,DEAM (Mulher),Macrofotografia,False,False,0.1742
Incêndio (sem vítima),Hospital,1,42,1,2023-04-22 19:01:00,2ª DP,Empoamento,False,False,0.1823
Violação de Domicílio,Hospital,0,20,2,2023-10-03 21:08:00,DEAM (Mulher),Empoamento,False,False,0.1319
Homicídio,Área Rural,0,37,5,2023-12-31 13:54:00,1ª DP,Macrofotografia,True,True,0.9859
Infanticídio,Via Pública,2,16,0,2023-01-05 19:29:00,DHPP (Homicídios),"Luz forense/lanterna, Macrofotografia, Empoamento",True,False,0.819
Incêndio (com vítima),Terreno Baldio,0,18,0,2023-11-14 07:04:00,DEAM (Mulher),Luz forense/lanterna,True,False,0.5994
Tentativa de Homicídio,Residência,1,5,3,2023-06-12 07:20:00,2ª DP,"Macrofotografia, Luz forense/lanterna",True,True,1.0
Disparo de Arma de Fogo,Terreno Baldio,10,21,0,2023-03-11 13:08:00,DRFC (Furtos),Empoamento,True,True,0.6853
Ossada Encontrada,Terreno Baldio,1,24,0,,DRFC (Furtos),"Macrofotografia, Luz forense/lanterna",False,False,0.1743
Incêndio (com vítima),Residência,1,69,0,2023-12-15 06:32:00,1ª DP,Empoamento,True,True,0.6646
Suicídio,Terreno Baldio,4,20,1,2023-10-17 23:37:00,DHPP (Homicídios),"Empoamento, Macrofotografia",False,False,0.1885
Infanticídio,VIA PÚBLICA,6,114,0,2023-08-20 21:34:00,DHPP (Homicídios),Luz forense/lanterna,True,False,0.8879
Eletroplessão,Terreno Baldio,1,17,1,2023-08-28 13:53:00,DHPP (Homicídios),"Empoamento, Macrofotografia",True,True,0.491
Violação de Sepultura,Via Pública,1,21,0,2023-11-30 03:41:00,DRFC (Furtos),Luz forense/lanterna,False,False,0.1672
Explosão (com vítima),Estabelecimento Comercial,1,12,2,2023-06-11 20:15:00,DHPP (Homicídios),"Empoamento, Luz forense/lanterna, Macrofotografia",True,False,0.5456
Explosão (com vítima),Pátio,0,22,2,2023-02-22 04:07:00,DCA (Criança e Adolescente),Empoamento,False,False,0.404
Marca em Animal,Hospital,0,9,0,2023-04-16 00:34:00,3ª DP,Luz forense/lanterna,True,False,0.3175
Roubo Com Estupro,Hospital,0,11,3,2023-08-30 07:59:00,DCA (Criança e Adolescente),"Luz forense/lanterna, Macrofotografia, Empoamento",True,True,1.0
Latrocínio e/ou Tentativa de Latrocínio,Via Pública,0,38,1,2023-07-02 17:52:00,DEAM (Mulher),"Luz forense/lanterna, Empoamento",True,True,0.9868
Feto Encontrado,Hospital,6,14,0,2023-03-19 21:15:00,3ª DP,"Macrofotografia, Empoamento",True,False,0.8108
Explosão (com vítima),Pátio,3,31,1,2023-10-16 23:30:00,2ª DP,Luz forense/lanterna,True,False,0.573
Tentativa de Suicídio,Via Pública,11,7,0,2023-11-21 18:51:00,DEAM (Mulher),"Macrofotografia, Luz forense/lanterna",True,True,0.482
Receptação,Residência,6,113,0,2023-11-18 02:42:00,DCA (Criança e Adolescente),"Macrofotografia, Luz forense/lanterna, Empoamento",False,False,0.1583
Furto,Via Pública,4,66,N/A,2023-06-29 19:43:00,3ª DP,"Luz forense/lanterna, Macrofotografia, Empoamento",False,False,0.1556
Furto em Interior de Veículo,Via Pública,4,44,0,2023-10-27 06:31:00,DCA (Criança e Adolescente),"Luz forense/lanterna, Empoamento, Macrofotografia",True,,0.3245
Furto Qualificado (arrombamento),Residência,2,5,1,data_invalida,DCA (Criança e Adolescente),"Luz forense/lanterna, Empoamento",True,True,0.4875
Feminicídio,DP,6,9,7,2023-11-18 07:00:00,DEAM (Mulher),Luz forense/lanterna,True,False,0.8196
Tentativa de Homicídio,DP,1,7,0,2023-12-22 01:24:00,DEAM (Mulher),Empoamento,True,True,1.0
Violação de Sepultura,DP,0,24,0,2023-09-12 20:21:00,DEAM (Mulher),"Luz forense/lanterna, Empoamento, Macrofotografia",True,False,0.2621
Tentativa de Suicídio,Área Rural,2,27,3,2023-01-11 13:53:00,DHPP (Homicídios),Macrofotografia,False,False,0.1286
Cadáver Encontrado,Via Pública,1,,5,2023-10-12 22:07:00,2ª DP,"Luz forense/lanterna, Macrofotografia, Empoamento",True,False,0.3277
Furto d'água,,0,7,0,2023-08-04 01:48:00,3ª DP,"Empoamento, Luz forense/lanterna, Macrofotografia",True,True,0.4418
Tráfico de Entorpecentes,Pátio,2,6,2,2023-09-26 19:54:00,1ª DP,Macrofotografia,True,False,0.3134
Estelionato,Estabelecimento Comercial,2,73,2,2023-11-06 07:06:00,DRFC (Furtos),Luz forense/lanterna,True,True,0.4385
Adulteração de Placa e/ou Lacre,Pátio,0,53,1,2023-12-28 13:35:00,2ª DP,"Empoamento, Macrofotografia",False,True,0.2799
Afogamento,Estabelecimento Comercial,1,23,1,2023-12-11 16:55:00,2ª DP,"Macrofotografia, Luz forense/lanterna",False,True,0.2575
Furto de Energia Elétrica ou Termodinâmica,Via Pública,0,28,0,2023-05-31 12:18:00,2ª DP,"Luz forense/lanterna, Empoamento, Macrofotografia",False,False,0.129
Maus Tratos de Animal,Pátio,0,20,6,2023-10-29 22:00:00,DHPP (Homicídios),"Macrofotografia, Luz forense/lanterna, Empoamento",True,True,0.4192
Furto Qualificado (arrombamento),DP,5,51,0,2023-09-11 03:20:00,DRFC (Furtos),"Luz forense/lanterna, Empoamento",False,False,0.1191
Estelionato,Pátio,3,23,0,2023-07-30 01:50:00,DEAM (Mulher),"Macrofotografia, Luz forense/lanterna, Empoamento",False,True,0.2795
Suicídio,Terreno Baldio,1,6,3,2023-01-10 05:50:00,3ª DP,Macrofotografia,True,False,0.3127
Morte Aparentemente Natural,Estabelecimento Comercial,2,17,1,2023-12-16 18:06:00,DRFC (Furtos),"Empoamento, Luz forense/lanterna",False,True,0.3181
Afogamento,Área Rural,7,12,1,2023-03-25 09:36:00,DCA (Criança e Adolescente),"Empoamento, Macrofotografia, Luz forense/lanterna",False,False,0.1055
Extorsão,Terreno Baldio,2,6,6,2023-12-17 03:14:00,DEAM (Mulher),Empoamento,False,False,0.3759
Local de Estupro e/ou Veículo Envolvido em Estupro,Via Pública,0,13,2,2023-04-20 23:24:00,DRFC (Furtos),"Macrofotografia, Empoamento, Luz forense/lanterna",False,False,0.7038
Ossada Encontrada,Pátio,0,6,999999,2023-02-21 08:08:00,DEAM (Mulher),"Empoamento, Macrofotografia",True,False,0.26
Ossada Encontrada,Hospital,7,13,4,2023-02-05 07:30:00,3ª DP,"Luz forense/lanterna, Macrofotografia",True,False,0.3216
Furto Qualificado (arrombamento),Hospital,3,23,1,2023-09-10 20:24:00,DCA (Criança e Adolescente),"Macrofotografia, Luz forense/lanterna",True,True,0.4569
Dano,Estabelecimento Comercial,0,30,1,2023-04-14 20:25:00,DHPP (Homicídios),Luz forense/lanterna,True,False,0.3213
Abandono de Incapaz,Estabelecimento Comercial,0,12,0,2023-08-29 00:40:00,3ª DP,Luz forense/lanterna,False,True,0.8496
Disparo de Arma de Fogo,DP,6,12,2,2023-02-03 04:52:00,DEAM (Mulher),"Empoamento, Macrofotografia",True,True,0.6909
Dano,Hospital,0,21,0,2023-11-16 11:11:00,DHPP (Homicídios),"Luz forense/lanterna, Macrofotografia",True,True,0.456
Tráfico de Entorpecentes,DP,1,26,3,2023-12-09 02:16:00,1ª DP,Macrofotografia,False,False,0.155
Suicídio,Pátio,1,6,1,2023-04-11 18:16:00,DRFC (Furtos),Macrofotografia,True,False,0.3246
Aborto,Via Pública,5,18,1,2023-01-30 19:58:00,1ª DP,"Luz forense/lanterna, Empoamento, Macrofotografia",False,False,0.1741
Explosão (com vítima),Via Pública,4,37,1,2023-08-28 21:07:00,DHPP (Homicídios),"Macrofotografia, Empoamento",False,False,0.4083
Furto,DP,0,29,0,2023-01-04 08:58:00,DRFC (Furtos),"Empoamento, Luz forense/lanterna",True,False,0.2939
Estelionato,Pátio,4,43,7,2023-02-22 08:14:00,3ª DP,"Luz forense/lanterna, Macrofotografia, Empoamento",False,True,0.3209
Tráfico de Entorpecentes,Via Pública,,67,2,2023-04-09 17:09:00,DHPP (Homicídios),Macrofotografia,False,False,0.1559
Furto d'água,Hospital,4,46,0,2023-11-16 09:53:00,1ª DP,Luz forense/lanterna,True,True,0.4502
Roubo Com Estupro,DP,1,15,0,2023-04-01 04:49:00,3ª DP,"Luz forense/lanterna, Empoamento",True,False,0.8373
Tráfico de Entorpecentes,Pátio,0,30,0,2023-06-12 23:29:00,DCA (Criança e Adolescente),"Empoamento, Macrofotografia, Luz forense/lanterna",False,False,0.1952
Tráfico de Entorpecentes,Hospital,0,19,1,2023-07-23 20:43:00,DRFC (Furtos),Empoamento,False,Sim,0.1838
Marca em Animal,Via Pública,1,14,0,2023-06-18 14:01:00,1ª DP,"Luz forense/lanterna, Empoamento, Macrofotografia",True,True,0.4723
Arremesso de Projétil,Terreno Baldio,1,29,0,,2ª DP,Empoamento,True,True,0.4917
Maus Tratos de Animal,Pátio,0,22,6,2023-07-18 08:24:00,DCA (Criança e Adolescente),"Empoamento, Luz forense/lanterna",True,False,0.3396
Cadáver Encontrado,Pátio,8,19,1,2023-08-09 13:30:00,DEAM (Mulher),"Luz forense/lanterna, Macrofotografia, Empoamento",True,False,0.2918
Dano Seguido de Lesão Corporal,DP,2,8,1,2023-11-11 13:16:00,DRFC (Furtos),"Luz forense/lanterna, Empoamento, Macrofotografia",True,True,0.6566
Incêndio (sem vítima),DP,2,7,0,2023-10-23 22:58:00,1ª DP,"Empoamento, Macrofotografia, Luz forense/lanterna",False,False,0.1
Ameaça,Estabelecimento Comercial,4,40,1,31/02/2023 25:00:00,DRFC (Furtos),"Macrofotografia, Luz forense/lanterna, Empoamento",True,False,0.3258
Feminicídio,Via Pública,0,47,N/A,2023-02-09 01:51:00,2ª DP,Macrofotografia,True,False,0.8746
Estelionato,DP,4,14,0,2023-09-29 22:19:00,DRFC (Furtos),"Empoamento, Macrofotografia, Luz forense/lanterna",True,False,0.3303
Ossada Encontrada,Terreno Baldio,6,14,2,2023-04-19 04:30:00,,Empoamento,False,True,0.3078
Infanticídio,Estabelecimento Comercial,3,10,0,2023-06-27 15:03:00,3ª DP,"Macrofotografia, Luz forense/lanterna, Empoamento",True,False,0.8246
Cadáver Encontrado,Área Rural,1,12,0,2023-03-21 13:45:00,DHPP (Homicídios),"  Luz forense/lanterna, Macrofotografia  ",True,False,0.345
Furto d'água,Hospital,0,12,0,2023-01-18 19:53:00,DRFC (Furtos),"Empoamento, Macrofotografia",False,False,0.1061
Tentativa de Homicídio,Residência,0,N/A,2,2023-04-27 22:13:00,DRFC (Furtos),Macrofotografia,True,False,0.8349
Furto d'água,Estabelecimento Comercial,1,10,,2023-03-26 05:51:00,DRFC (Furtos),"Macrofotografia, Empoamento",False,True,0.2556
Furto,Residência,2,11,3,2023-04-16 14:02:00,1ª DP,"Luz forense/lanterna, Macrofotografia, Empoamento",False,True,0.2999
Dano Seguido de Lesão Corporal,Terreno Baldio,3,20,3,2023-11-08 18:10:00,DEAM (Mulher),"Macrofotografia, Empoamento",True,False,0.573
Dano,Pátio,0,10,2,2023-01-20 13:17:00,DCA (Criança e Adolescente),Luz forense/lanterna,True,True,0.4123
Morte Aparentemente Natural,DP,0,14,0,2023-04-11 10:27:00,DEAM (Mulher),"Empoamento, Macrofotografia",True,False,0.2692
Adulteração de Placa e/ou Lacre,Estabelecimento Comercial,5,38,1,2023-08-14 16:46:00,DRFC (Furtos),Macrofotografia,False,False,0.1055
Infanticídio,Hospital,5,52,2,2023-03-04 03:17:00,DHPP (Homicídios),"Empoamento, Luz forense/lanterna, Macrofotografia",False,False,0.7175
Morte Aparentemente Natural,Estabelecimento Comercial,1,14,0,2023-05-03 16:34:00,DRFC (Furtos),"Macrofotografia, Empoamento",False,False,0.1545
Eletroplessão,Terreno Baldio,2,13,0,2023-07-07 13:46:00,3ª DP,"Macrofotografia, Luz forense/lanterna",False,False,0.1115
Marca em Animal,Área Rural,5,61,0,2023-02-06 00:01:00,DCA (Criança e Adolescente),Empoamento,True,True,0.4064
Tentativa de Homicídio,Residência,1,19,1,2023-04-24 14:05:00,DEAM (Mulher),"Macrofotografia, Empoamento",False,True,0.8112
Disparo de Arma de Fogo,Pátio,3,25,1,2023-09-16 02:05:00,DHPP (Homicídios),Luz forense/lanterna,True,True,0.7162
Maus Tratos de Animal,Estabelecimento Comercial,3,54,0,2023-05-16 17:26:00,3ª DP,Macrofotografia,True,True,0.4596
Explosão (sem vítima),Terreno Baldio,0,11,0,2023-10-15 22:58:00,DEAM (Mulher),Empoamento,False,False,0.1495
Incêndio (com vítima),Residência,2,16,0,2023-07-17 04:18:00,DCA (Criança e Adolescente),"Luz forense/lanterna, Empoamento, Macrofotografia",False,True,0.5744
Furto em Interior de Veículo,Hospital,1,34,8,2023-04-11 11:30:00,DHPP (HOMICÍDIOS),"Luz forense/lanterna, Macrofotografia, Empoamento",True,True,0.4212
Estelionato,Terreno Baldio,1,36,0,2023-05-06 04:09:00,1ª DP,Empoamento,True,True,0.4988
Eletroplessão,Estabelecimento Comercial,2,20,1,2023-02-24 19:50:00,2ª DP,Luz forense/lanterna,False,True,0.2608
Furto Qualificado (arrombamento),Hospital,1,12,1,2023-12-22 11:31:00,DCA (Criança e Adolescente),"Macrofotografia, Empoamento",False,False,0.122
Infanticídio,Área Rural,2,88,5,2023-08-06 19:23:00,1ª DP,Luz forense/lanterna,False,False,0.7028
Morte Aparentemente Natural,Residência,1,20,4,2023-08-30 08:20:00,DRFC (Furtos),Macrofotografia,False,False,0.1135
Disparo de Arma de Fogo,Residência,0,17,1,2023-06-29 01:19:00,3ª DP,"Luz forense/lanterna, Macrofotografia, Empoamento",True,true,0.5772
Furto d'água,Estabelecimento Comercial,12,7,0,2023-04-05 09:53:00,DCA (Criança e Adolescente),Empoamento,False,False,0.1196
Veículo Localizado (furtado ou roubado),Residência,8,59,2,2023-09-24 15:04:00,1ª DP,Luz forense/lanterna,False,False,0.1998
Incêndio (com vítima),Área Rural,7,5,0,2023-11-29 03:15:00,DEAM (Mulher),"Empoamento, Macrofotografia",True,False,0.5733
Exercício Arbitrário das Próprias Razões,Hospital,3,62,6,2023-06-18 17:13:00,2ª DP,"Empoamento, Macrofotografia, Luz forense/lanterna",False,True,0.3452
Receptação,Área Rural,3,29,0,2023-02-13 15:59:00,DEAM (Mulher),Macrofotografia,False,False,0.1431
Violação de Domicílio,DP,10,28,1,2023-02-25 19:04:00,DCA (Criança e Adolescente),Empoamento,True,False,0.3367
Feminicídio,Terreno Baldio,0,49,0,31/02/2023 25:00:00,2ª DP,"Luz forense/lanterna, Macrofotografia, Empoamento",True,True,1.0
Veículo Localizado (furtado ou roubado),DP,0,33,1,2023-05-03 23:50:00,DRFC (Furtos),"Macrofotografia, Empoamento",False,False,0.1126
Explosão (com vítima),Hospital,3,12,1,2023-09-18 17:03:00,3ª DP,"Empoamento, Luz forense/lanterna",True,True,0.7167
Pichação,DP,0,15,2,2023-01-11 07:37:00,1ª DP,"Empoamento, Macrofotografia, Luz forense/lanterna",True,true,0.2937
Tentativa de Homicídio,Residência,0,23,6,2023-02-02 07:28:00,DHPP (Homicídios),"Empoamento, Macrofotografia, Luz forense/lanterna",True,False,0.8172
Marca em Animal,Área Rural,3,6,4,2023-05-20 08:10:00,2ª DP,"Empoamento, Luz forense/lanterna",False,False,0.1997
Adulteração de Placa e/ou Lacre,Estabelecimento Comercial,2,5,1,2023-07-11 17:54:00,1ª DP,"Macrofotografia, Empoamento, Luz forense/lanterna",False,False,0.1292
Incêndio (sem vítima),Hospital,16,16,2,2023-06-26 05:16:00,DHPP (Homicídios),"Macrofotografia, Empoamento",,True,0.3046
Abandono de Incapaz,Terreno Baldio,0,21,0,2023-09-09 05:55:00,3ª DP,"Empoamento, Luz forense/lanterna",True,False,0.8797
Morte Aparentemente Natural,Hospital,1,9,0,2023-01-08 13:04:00,1ª DP,Empoamento,True,False,0.2656
Afogamento,Residência,0,18,1,2023-11-22 09:53:00,3ª DP,"Luz forense/lanterna, Empoamento",False,False,0.1396
Dano,Hospital,0,10,2,2023-01-07 11:31:00,DHPP (Homicídios),Macrofotografia,False,True,0.3078
Infanticídio,Hospital,4,67,2,2023-06-20 04:17:00,1ª DP,Macrofotografia,False,True,0.8026
Lesão Corporal,Terreno Baldio,2,135,2,2023-11-15 18:22:00,3ª DP,"Luz forense/lanterna, Macrofotografia",False,True,0.5577
Local de Estupro e/ou Veículo Envolvido em Estupro,Hospital,0,30,1,2023-02-07 07:27:00,2ª DP,"Macrofotografia, Empoamento",False,False,0.6768
Maus Tratos de Animal,Residência,0,5,4,2023-10-19 07:26:00,3ª DP,"Macrofotografia, Luz forense/lanterna",True,True,0.4477
Maus Tratos de Animal,dp,2,38,2,2023-03-16 03:47:00,2ª DP,"Macrofotografia, Luz forense/lanterna",False,False,0.1656
Local de Estupro e/ou Veículo Envolvido em Estupro,Estabelecimento Comercial,9,33,0,2023-12-29 18:53:00,1ª DP,Luz forense/lanterna,,False,0.6511
Explosão (sem vítima),Terreno Baldio,6,21,3,2023-07-17 17:05:00,2ª DP,"Macrofotografia, Luz forense/lanterna, Empoamento",True,False,0.3207
Extorsão,Área Rural,20,44,0,2023-12-15 16:21:00,1ª DP,"Luz forense/lanterna, Empoamento, Macrofotografia",False,False,0.3697
Dano Seguido de Lesão Corporal,Estabelecimento Comercial,1,23,4,2023-02-26 05:24:00,2ª DP,"Luz forense/lanterna, Macrofotografia",True,True,0.728
Furto em Interior de Veículo,Terreno Baldio,0,7,0,2023-06-20 07:38:00,DHPP (Homicídios),"Luz forense/lanterna, Macrofotografia, Empoamento",True,True,0.4443
Eletroplessão,Estabelecimento Comercial,6,12,3,2023-12-05 12:17:00,DEAM (Mulher),"Macrofotografia, Luz forense/lanterna",True,True,0.4702
Furto d'água,Área Rural,1,15,0,2023-12-19 09:42:00,2ª DP,"Luz forense/lanterna, Macrofotografia",False,True,0.3228
Eletroplessão,Terreno Baldio,0,81,1,2023-08-30 02:35:00,DCA (Criança e Adolescente),"Luz forense/lanterna, Macrofotografia",True,True,0.4072
Aborto,Estabelecimento Comercial,1,8,0,2023-08-04 17:44:00,2ª DP,Macrofotografia,False,False,0.1092
,Pátio,2,129,9,2023-06-02 18:05:00,DCA (Criança e Adolescente),Empoamento,False,False,0.414
Extorsão,Estabelecimento Comercial,13,31,0,2023-01-03 02:24:00,DEAM (Mulher),"Luz forense/lanterna, Macrofotografia, Empoamento",True,True,0.659
Furto de Energia Elétrica ou Termodinâmica,DP,1,30,2,2023-10-25 12:12:00,DCA (Criança e Adolescente),"Macrofotografia, Empoamento",False,True,0.2715
Furto,Pátio,1,24,3,2023-02-01 10:09:00,1ª DP,"Macrofotografia, Empoamento, Luz forense/lanterna",True,False,0.2555
Infanticídio,Via Pública,1,11,0,2023-04-29 11:36:00,2ª DP,"Luz forense/lanterna, Macrofotografia, Empoamento",False,True,0.8807
Suicídio,Pátio,1,19,0,2023-05-17 20:52:00,DCA (Criança e Adolescente),"Empoamento, Macrofotografia, Luz forense/lanterna",True,False,0.3051
Homicídio,DP,4,51,1,2023-02-23 01:08:00,DRFC (Furtos),Luz forense/lanterna,True,True,0.976
Tentativa de Suicídio,Hospital,1,30,5,2023-07-21 01:33:00,DRFC (Furtos),"Empoamento, Luz forense/lanterna, Macrofotografia",True,False,0.3105
Furto em Interior de Veículo,Terreno Baldio,2,19,0,2023-05-27 00:19:00,DHPP (Homicídios),Luz forense/lanterna,True,False,0.3031
Suicídio,Hospital,0,46,0,2023-10-20 15:50:00,DHPP (Homicídios),"Luz forense/lanterna, Macrofotografia",False,False,0.1892
Furto em Interior de Veículo,Residência,0,37,1,2023-03-25 21:40:00,3ª DP,"Macrofotografia, Empoamento, Luz forense/lanterna",True,False,0.2745
Lesão Corporal,Terreno Baldio,3,17,5,2023-03-05 10:22:00,1ª DP,Macrofotografia,True,False,0.5888
Estelionato,Pátio,1,20,3,2023-12-27 18:21:00,3ª DP,Luz forense/lanterna,True,True,0.4205
Ameaça,Pátio,3,15,0,2023-07-10 22:14:00,DHPP (HOMICÍDIOS),Macrofotografia,False,False,0.161
Maus Tratos de Animal,Pátio,3,52,0,,1ª DP,"Macrofotografia, Empoamento, Luz forense/lanterna",False,True,0.3079
Violação de Sepultura,Hospital,1,14,1,2023-03-15 11:01:00,DRFC (Furtos),Macrofotografia,True,False,0.315
Furto Qualificado (arrombamento),Via Pública,0,29,0,2023-10-16 14:06:00,2ª DP,"Empoamento, Luz forense/lanterna",False,True,0.2989
Cadáver Encontrado,Área Rural,1,6,0,2023-05-27 06:15:00,1ª DP,"Macrofotografia, Luz forense/lanterna, Empoamento",False,False,0.1086
Pichação,DP,8,10,1,2023-05-11 18:29:00,2ª DP,"Luz forense/lanterna, Empoamento",True,False,0.3448
Violação de Sepultura,Pátio,3,48,2,2023-05-05 13:38:00,3ª DP,"Luz forense/lanterna, Macrofotografia, Empoamento",True,False,0.3133
Furto d'água,Via Pública,3,21,2,2023-05-16 13:22:00,1ª DP,"Macrofotografia, Empoamento, Luz forense/lanterna",True,False,0.2548
Furto Qualificado (arrombamento),Estabelecimento Comercial,0,9,0,2023-10-10 01:26:00,DRFC (Furtos),Luz forense/lanterna,False,True,0.254
Furto d'água,Terreno Baldio,0,83,0,2023-02-08 14:16:00,3ª DP,Macrofotografia,True,False,0.3299
Desmanche de Veículos,Área Rural,1,14,1,2023-09-25 08:26:00,DCA (Criança e Adolescente),"Empoamento, Macrofotografia",False,False,0.1186
Tentativa de Homicídio,Residência,1,13,0,2023-01-10 20:29:00,2ª DP,"Macrofotografia, Luz forense/lanterna, Empoamento",False,True,0.8804
Roubo Com Estupro,Hospital,4,12,1,data_invalida,DHPP (Homicídios),"Luz forense/lanterna, Empoamento, Macrofotografia",True,True,0.9517
Maus Tratos de Animal,Área Rural,3,58,0,2023-12-07 09:35:00,DRFC (Furtos),"Macrofotografia, Empoamento, Luz forense/lanterna",False,True,0.3097
Exercício Arbitrário das Próprias Razões,Pátio,3,36,N/A,2023-12-19 09:47:00,DHPP (Homicídios),"Macrofotografia, Luz forense/lanterna, Empoamento",True,False,0.3184
Furto de Energia Elétrica ou Termodinâmica,Hospital,4,5,1,2023-05-11 21:37:00,3ª DP,"Macrofotografia, Empoamento, Luz forense/lanterna",True,False,0.3321
Explosão (com vítima),Via Pública,0,27,0,2023-11-21 15:14:00,3ª DP,"Empoamento, Macrofotografia",False,False,0.3706
Marca em Animal,Área Rural,3,19,1,2023-03-17 03:48:00,DCA (Criança e Adolescente),Empoamento,True,False,0.2812
Disparo de Arma de Fogo,Residência,3,10,4,2023-12-23 03:13:00,2ª DP,"Empoamento, Macrofotografia, Luz forense/lanterna",False,True,0.5959
Abandono de Incapaz,Estabelecimento Comercial,0,13,10,2023-08-31 22:11:00,DCA (Criança e Adolescente),"Macrofotografia, Luz forense/lanterna",False,False,0.7164
Incêndio (sem vítima),Estabelecimento Comercial,3,39,2,2023-02-21 11:23:00,DRFC (Furtos),"Luz forense/lanterna, Empoamento, Macrofotografia",False,False,0.191
Lesão Corporal,Pátio,5,20,0,2023-09-03 02:22:00,DRFC (Furtos),"Macrofotografia, Luz forense/lanterna",True,False,0.567
Violação de Domicílio,DP,0,17,1,2023-03-29 07:06:00,2ª DP,"Empoamento, Luz forense/lanterna, Macrofotografia",False,False,0.1274
Aborto,Terreno Baldio,0,14,2,2023-08-14 19:24:00,DCA (Criança e Adolescente),"Empoamento, Macrofotografia, Luz forense/lanterna",True,True,0.4468
Maus Tratos de Animal,Terreno Baldio,5,57,5,2023-12-15 10:49:00,DRFC (Furtos),"Macrofotografia, Empoamento, Luz forense/lanterna",True,False,0.2855
Adulteração de Placa e/ou Lacre,Via Pública,0,28,0,2023-13-45,3ª DP,"Luz forense/lanterna, Macrofotografia, Empoamento",True,True,0.4016
Receptação,Área Rural,5,7,3,2023-01-16 19:36:00,DRFC (Furtos),"Macrofotografia, Empoamento",True,False,0.2622
Dano,Via Pública,1,9,0,2023-03-13 10:41:00,3ª DP,"Empoamento, Luz forense/lanterna",False,True,0.3426
Tentativa de Homicídio,Hospital,13,13,1,2023-10-03 01:26:00,2ª DP,"Macrofotografia, Luz forense/lanterna",True,False,0.8311
Homicídio,Hospital,1,16,0,2023-01-09 12:56:00,DRFC (Furtos),"Empoamento, Macrofotografia, Luz forense/lanterna",False,False,0.7098
Incêndio (sem vítima),Residência,4,42,0,2023-10-13 00:02:00,DEAM (Mulher),Empoamento,False,False,0.1676
Tráfico de Entorpecentes,Área Rural,8,13,0,2023-01-22 07:34:00,3ª DP,Luz forense/lanterna,False,True,0.2621
Marca em Animal,Estabelecimento Comercial,2,34,1,2023-03-02 00:02:00,DRFC (Furtos),Empoamento,True,False,0.2932
Ossada Encontrada,Terreno Baldio,0,13,0,2023-12-17 13:20:00,DCA (Criança e Adolescente),"Macrofotografia, Luz forense/lanterna, Empoamento",False,True,0.2944
Local de Estupro e/ou Veículo Envolvido em Estupro,Terreno Baldio,6,55,0,2023-07-09 03:02:00,DCA (Criança e Adolescente),"Empoamento, Macrofotografia, Luz forense/lanterna",True,True,1.0
Furto de Energia Elétrica ou Termodinâmica,Pátio,5,22,0,2023-06-27 01:57:00,3ª DP,"Macrofotografia, Luz forense/lanterna",True,False,0.2996
Marca em Animal,Estabelecimento Comercial,3,26,3,2023-07-31 12:05:00,DHPP (Homicídios),"Luz forense/lanterna, Empoamento, Macrofotografia",False,False,0.1988
Exercício Arbitrário das Próprias Razões,Terreno Baldio,0,17,2,,3ª DP,"Empoamento, Luz forense/lanterna, Macrofotografia",True,False,0.2549
Furto d'água,Residência,6,16,3,2023-04-04 04:22:00,2ª DP,"Macrofotografia, Luz forense/lanterna",False,False,0.1977
Adulteração de Placa e/ou Lacre,DP,3,7,7,2023-06-30 21:48:00,1ª DP,"Empoamento, Macrofotografia, Luz forense/lanterna",False,False,0.1389
Explosão (sem vítima),Hospital,0,40,5,2023-04-26 09:26:00,3ª DP,"Luz forense/lanterna, Empoamento",False,False,0.1843
Suicídio,Via Pública,1,22,0,2023-09-04 06:04:00,DRFC (Furtos),Luz forense/lanterna,True,False,0.2516
Local de Estupro e/ou Veículo Envolvido em Estupro,Terreno Baldio,5,34,4,2023-10-16 20:22:00,DRFC (Furtos),Luz forense/lanterna,False,False,0.6722
Morte Aparentemente Natural,Área Rural,1,52,5,2023-06-03 14:18:00,DRFC (Furtos),"Empoamento, Luz forense/lanterna, Macrofotografia",False,False,0.1301
Afogamento,Pátio,0,25,2,2023-02-23 22:59:00,DRFC (Furtos),"Luz forense/lanterna, Empoamento",True,True,0.4406
Tentativa de Homicídio,Residência,2,15,0,2023-08-31 00:32:00,2ª DP,Luz forense/lanterna,True,False,0.878
Lesão Corporal,DP,2,13,1,2023-02-10 20:35:00,1ª DP,Macrofotografia,False,False,0.4347
Tráfico de Entorpecentes,Residência,6,16,0,2023-12-25 22:12:00,2ª DP,"Luz forense/lanterna, Empoamento, Macrofotografia",True,False,0.3279
Dano Seguido de Lesão Corporal,Via Pública,0,11,0,2023-02-27 10:39:00,2ª DP,"Macrofotografia, Luz forense/lanterna, Empoamento",False,True,0.5216
Tentativa de Suicídio,Área Rural,6,38,2,2023-12-11 01:22:00,DRFC (Furtos),"Luz forense/lanterna, Macrofotografia, Empoamento",True,False,0.2748
Roubo Com Estupro,Hospital,4,5,1,2023-11-20 03:07:00,3ª DP,"Luz forense/lanterna, Empoamento",True,False,0.8403
Estelionato,Estabelecimento Comercial,3,22,0,2023-07-27 14:28:00,DEAM (Mulher),"Macrofotografia, Luz forense/lanterna",True,False,0.3322
Furto de Energia Elétrica ou Termodinâmica,DP,0,29,3,2023-04-26 09:05:00,3ª DP,"Empoamento, Macrofotografia, Luz forense/lanterna",True,False,0.2856
Violação de Domicílio,Estabelecimento Comercial,0,23,0,2023-05-17 13:50:00,DHPP (Homicídios),"Macrofotografia, Empoamento, Luz forense/lanterna",True,True,0.4696
Homicídio,Pátio,0,10,0,2023-03-30 23:41:00,DEAM (Mulher),"Luz forense/lanterna, Empoamento, Macrofotografia",False,False,0.682
Roubo Com Estupro,Área Rural,2,15,0,2023-03-12 01:40:00,DRFC (Furtos),"Macrofotografia, Luz forense/lanterna, Empoamento",True,False,0.8882
Disparo de Arma de Fogo,Hospital,0,22,3,2023-08-30 07:24:00,DHPP (Homicídios),Macrofotografia,True,True,0.678
Eletroplessão,Terreno Baldio,3,28,4,2023-08-08 05:11:00,2ª DP,Luz forense/lanterna,True,True,0.4897
Feminicídio,Terreno Baldio,0,11,0,2023-09-24 04:12:00,1ª DP,"Empoamento, Luz forense/lanterna, Macrofotografia",True,True,1.0
Extorsão,Via Pública,2,6,2,2023-11-16 16:10:00,DRFC (Furtos),"Luz forense/lanterna, Macrofotografia, Empoamento",True,False,0.5886
Ossada Encontrada,Hospital,0,39,1,2023-08-27 12:27:00,1ª DP,Macrofotografia,False,False,0.1595
Furto d'água,Estabelecimento Comercial,11,11,0,2023-04-28 11:28:00,1ª DP,"Macrofotografia, Empoamento",True,False,0.3185
Exercício Arbitrário das Próprias Razões,Via Pública,9,36,4,2023-10-13 23:19:00,DRFC (Furtos),"Macrofotografia, Luz forense/lanterna, Empoamento",False,True,0.3177
Marca em Animal,Hospital,2,40,3,2023-02-20 05:34:00,DCA (Criança e Adolescente),"Empoamento, Luz forense/lanterna, Macrofotografia",False,True,0.3391
Local de Estupro e/ou Veículo Envolvido em Estupro,DP,2,12,4,2023-08-12 07:35:00,3ª DP,"Empoamento, Macrofotografia, Luz forense/lanterna",False,False,0.7215
Dano Seguido de Lesão Corporal,Residência,8,6,0,2023-08-08 14:35:00,DCA (Criança e Adolescente),"Macrofotografia, Luz forense/lanterna, Empoamento",True,False,0.5072
Furto em Interior de Veículo,Pátio,0,10,0,2023-07-05 22:16:00,DEAM (Mulher),"Macrofotografia, Empoamento, Luz forense/lanterna",True,True,0.4092
Veículo Localizado (furtado ou roubado),Área Rural,2,10,3,2023-12-03 07:22:00,1ª DP,Macrofotografia,False,False,0.1967
Tráfico de Entorpecentes,DP,4,73,0,2023-07-13 03:07:00,2ª DP,Luz forense/lanterna,True,True,0.4099
Adulteração de Placa e/ou Lacre,Residência,0,32,1,data_invalida,DEAM (Mulher),"Macrofotografia, Empoamento, Luz forense/lanterna",False,False,0.1405
Explosão (sem vítima),Área Rural,3,21,3,2023-12-06 10:47:00,1ª DP,Empoamento,False,False,0.1124
Furto d'água,Hospital,3,24,2,2023-12-19 17:05:00,DRFC (Furtos),"Luz forense/lanterna, Macrofotografia, Empoamento",True,True,0.4206
Homicídio,Via Pública,4,17,6,2023-08-15 05:06:00,DEAM (Mulher),Luz forense/lanterna,False,True,0.888
Furto Qualificado (arrombamento),Via Pública,6,14,1,2023-07-08 02:59:00,1ª DP,"Luz forense/lanterna, Macrofotografia",,False,0.3445
Ossada Encontrada,Hospital,2,11,8,2023-04-26 17:07:00,3ª DP,Empoamento,False,False,0.1637
Violação de Domicílio,Estabelecimento Comercial,5,27,0,2023-11-02 18:50:00,DRFC (Furtos),"Luz forense/lanterna, Empoamento",True,True,0.4353
Furto em Interior de Veículo,Estabelecimento Comercial,8,19,0,2023-07-19 08:07:00,DRFC (Furtos),"Luz forense/lanterna, Empoamento",True,False,0.2518
Ameaça,Hospital,4,12,3,2023-06-13 18:16:00,3ª DP,"Macrofotografia, Empoamento",True,False,0.2599
Furto,Pátio,1,8,1,2023-07-17 23:42:00,DHPP (Homicídios),Macrofotografia,False,True,0.3291
Furto Qualificado (arrombamento),DP,6,14,2,2023-10-10 05:06:00,DHPP (Homicídios),Luz forense/lanterna,True,False,0.3375
Roubo Com Estupro,Área Rural,0,34,6,2023-12-31 09:07:00,DEAM (Mulher),"Macrofotografia, Empoamento, Luz forense/lanterna",False,False,0.6533
Veículo Localizado (furtado ou roubado),Pátio,1,13,0,2023-05-08 08:38:00,1ª DP,"Empoamento, Macrofotografia",True,True,0.4954
Ossada Encontrada,Pátio,4,100,2,2023-12-10 20:44:00,1ª DP,Empoamento,False,True,0.2542
Explosão (com vítima),Residência,1,9,0,2023-10-02 21:06:00,DRFC (Furtos),"Macrofotografia, Empoamento",False,True,0.5614
Adulteração de Placa e/ou Lacre,Pátio,3,34,2,2023-03-08 16:15:00,1ª DP,Luz forense/lanterna,False,True,0.2766
Receptação,Residência,0,8,4,2023-01-07 00:48:00,2ª DP,Macrofotografia,False,True,0.2569
Marca em Animal,Estabelecimento Comercial,1,90,0,2023-06-30 20:03:00,3ª DP,"Empoamento, Luz forense/lanterna, Macrofotografia",True,False,0.298
Furto de Energia Elétrica ou Termodinâmica,Área Rural,0,14,3,2023-06-05 07:44:00,DHPP (Homicídios),"Macrofotografia, Empoamento, Luz forense/lanterna",False,False,0.1035
Marca em Animal,Estabelecimento Comercial,0,10,4,2023-11-14 19:24:00,DEAM (Mulher),Macrofotografia,True,True,0.4438
Lesão Corporal,Via Pública,2,14,3,2023-03-05 11:39:00,2ª DP,"Macrofotografia, Empoamento, Luz forense/lanterna",True,False,0.5964
Homicídio,Via Pública,2,23,1,2023-07-05 21:04:00,2ª DP,"Luz forense/lanterna, Empoamento",True,False,0.8911
Receptação,Estabelecimento Comercial,2,30,8,2023-12-04 21:26:00,DRFC (Furtos),Macrofotografia,False,False,0.1993
Furto d'água,Via Pública,1,34,1,2023-10-22 10:20:00,DEAM (Mulher),Luz forense/lanterna,True,False,0.2886
Tentativa de Homicídio,Pátio,999999,25,3,2023-05-10 18:09:00,1ª DP,Empoamento,False,True,0.8291
Roubo,Estabelecimento Comercial,0,11,4,2023-07-05 15:46:00,DCA (Criança e Adolescente),"Luz forense/lanterna, Macrofotografia, Empoamento",True,False,0.5516
Estelionato,Residência,2,22,0,2023-01-06 10:30:00,3ª DP,Empoamento,False,False,0.1977
Cadáver Encontrado,Estabelecimento Comercial,14,6,6,2023-10-20 10:54:00,DRFC (Furtos),"Empoamento, Luz forense/lanterna, Macrofotografia",True,True,0.4182
Infanticídio,DP,3,9,0,2023-02-01 03:08:00,DRFC (Furtos),"Empoamento, Macrofotografia",False,False,0.6733
Dano,Estabelecimento Comercial,3,9,0,2023-09-04 04:16:00,DEAM (Mulher),"Macrofotografia, Luz forense/lanterna, Empoamento",True,False,0.3137
Afogamento,Terreno Baldio,4,36,1,2023-07-20 10:11:00,3ª DP,Empoamento,False,False,0.1209
Local de Estupro e/ou Veículo Envolvido em Estupro,Pátio,0,59,0,2023-09-26 18:14:00,DRFC (Furtos),"Luz forense/lanterna, Macrofotografia, Empoamento",True,False,0.8861
Tentativa de Homicídio,DP,11,8,0,2023-01-21 22:22:00,3ª DP,Luz forense/lanterna,True,False,0.8448
Explosão (sem vítima),DP,0,51,3,2023-08-06 19:17:00,1ª DP,"Empoamento, Macrofotografia, Luz forense/lanterna",True,False,0.2798
Ameaça,Via Pública,3,13,3,2023-04-12 08:43:00,1ª DP,Macrofotografia,True,False,0.2602
Estelionato,Hospital,0,13,2,2023-02-24 08:54:00,2ª DP,Macrofotografia,False,False,0.1332
Infanticídio,Terreno Baldio,2,31,1,2023-08-17 00:24:00,DHPP (Homicídios),"Macrofotografia, Empoamento",False,True,0.883
Suicídio,Estabelecimento Comercial,4,44,0,2023-10-31 20:45:00,DRFC (Furtos),Macrofotografia,True,False,0.3126
Veículo Localizado (furtado ou roubado),Estabelecimento Comercial,3,19,1,2023-03-24 14:42:00,DCA (Criança e Adolescente),"Macrofotografia, Luz forense/lanterna",False,False,0.1337
Roubo Com Estupro,Área Rural,0,5,1,2023-12-30 00:04:00,DRFC (Furtos),"Empoamento, Macrofotografia, Luz forense/lanterna",True,False,0.8609
Pichação,DP,2,23,2,2023-09-24 00:12:00,DEAM (Mulher),Luz forense/lanterna,False,True,0.3471
Explosão (com vítima),Terreno Baldio,9,26,3,2023-05-02 08:53:00,DHPP (Homicídios),"Macrofotografia, Luz forense/lanterna",False,True,0.5126
Marca em Animal,Área Rural,11,55,999999,2023-04-26 15:22:00,3ª DP,"Luz forense/lanterna, Macrofotografia",True,False,0.2991
Violação de Sepultura,Residência,3,8,1,2023-12-06 05:26:00,DRFC (Furtos),"Luz forense/lanterna, Macrofotografia, Empoamento",False,False,0.1071
Receptação,Residência,4,10,2,2023-04-17 16:01:00,DCA (Criança e Adolescente),"Luz forense/lanterna, Macrofotografia, Empoamento",True,False,0.3217
Violação de Domicílio,Residência,5,20,2,2023-04-13 16:29:00,DEAM (Mulher),"Luz forense/lanterna, Macrofotografia, Empoamento",True,False,0.2544
Furto Qualificado (arrombamento),Estabelecimento Comercial,0,8,2,2023-06-21 04:50:00,1ª DP,"Macrofotografia, Empoamento",True,True,0.4703
Roubo,Área Rural,0,31,0,2023-08-24 22:49:00,DRFC (Furtos),"Macrofotografia, Luz forense/lanterna",True,False,0.5287
Disparo de Arma de Fogo,Terreno Baldio,1,7,3,2023-01-13 23:07:00,DCA (Criança e Adolescente),"Macrofotografia, Empoamento",False,False,0.3517
Furto em Interior de Veículo,Via Pública,5,21,0,2023-03-07 22:27:00,3ª DP,"Luz forense/lanterna, Empoamento, Macrofotografia",True,False,0.2759
Afogamento,Estabelecimento Comercial,0,5,1,2023-04-09 14:28:00,3ª DP,Macrofotografia,False,False,0.1258
Feto Encontrado,DP,6,20,0,2023-05-16 04:09:00,3ª DP,"Luz forense/lanterna, Empoamento, Macrofotografia",False,True,0.8685
Exercício Arbitrário das Próprias Razões,Pátio,4,24,0,2023-03-10 05:35:00,DCA (Criança e Adolescente),Luz forense/lanterna,False,False,0.1082
Incêndio (sem vítima),Pátio,1,73,1,2023-08-06 22:04:00,DCA (Criança e Adolescente),"Empoamento, Luz forense/lanterna, Macrofotografia",False,True,0.3407
Feto Encontrado,Via Pública,1,12,4,2023-09-08 14:34:00,DCA (Criança e Adolescente),Luz forense/lanterna,False,False,0.7223
Suicídio,Área Rural,3,6,2,2023-06-10 00:23:00,2ª DP,Macrofotografia,True,,0.4942
Tentativa de Homicídio,Estabelecimento Comercial,0,39,0,2023-01-25 15:54:00,3ª DP,Luz forense/lanterna,False,False,0.6864
Veículo Localizado (furtado ou roubado),Hospital,0,11,2,2023-02-02 16:44:00,DRFC (Furtos),"Empoamento, Luz forense/lanterna",True,True,0.4763
Furto,Estabelecimento Comercial,1,10,0,2023-09-13 02:05:00,DRFC (Furtos),Luz forense/lanterna,True,True,0.4815
Estelionato,Terreno Baldio,3,6,1,2023-06-23 23:31:00,DCA (Criança e Adolescente),"Macrofotografia, Empoamento, Luz forense/lanterna",False,False,0.1175
Roubo Com Estupro,Área Rural,0,20,1,2023-07-21 20:38:00,DCA (Criança e Adolescente),Empoamento,True,False,0.8412
Infanticídio,DP,2,39,0,2023-05-03 17:25:00,3ª DP,"Macrofotografia, Luz forense/lanterna, Empoamento",False,True,0.8912
Homicídio,Hospital,9,34,7,2023-11-22 14:31:00,DCA (Criança e Adolescente),"Empoamento, Macrofotografia",True,True,1.0
Marca em Animal,Estabelecimento Comercial,2,18,0,2023-08-16 08:00:00,1ª DP,"Macrofotografia, Empoamento, Luz forense/lanterna",False,False,0.1762
Estelionato,DP,5,29,0,2023-01-11 19:20:00,DEAM (Mulher),"Empoamento, Macrofotografia, Luz forense/lanterna",True,True,0.4893
Roubo,Via Pública,1,12,7,2023-10-16 20:13:00,DRFC (Furtos),"Macrofotografia, Luz forense/lanterna",False,False,0.3673
Roubo Com Estupro,Hospital,4,89,0,2023-05-12 08:55:00,3ª DP,"Empoamento, Macrofotografia",False,True,0.8143
Roubo Com Estupro,Estabelecimento Comercial,1,43,1,2023-08-22 13:12:00,3ª DP,Luz forense/lanterna,True,False,0.8051
Roubo,Via Pública,2,31,1,2023-02-23 01:00:00,DHPP (Homicídios),Luz forense/lanterna,True,False,0.5259
Explosão (com vítima),Via Pública,4,5,0,2023-11-30 00:33:00,DEAM (Mulher),"Empoamento, Luz forense/lanterna",True,False,0.5156
Furto em Interior de Veículo,Pátio,3,-10,0,2023-09-09 22:35:00,DHPP (Homicídios),"Empoamento, Luz forense/lanterna",False,True,0.2502
Local de Estupro e/ou Veículo Envolvido em Estupro,Residência,0,28,1,2023-12-21 21:07:00,3ª DP,"macrofotografia, empoamento",True,False,0.8377
Disparo de Arma de Fogo,Terreno Baldio,0,31,1,2023-10-25 15:26:00,DRFC (Furtos),Macrofotografia,True,False,0.5284
Exercício Arbitrário das Próprias Razões,Área Rural,4,20,4,2023-05-26 00:27:00,DHPP (Homicídios),Macrofotografia,True,False,0.2769
Ossada Encontrada,Residência,0,22,0,,DRFC (Furtos),"Luz forense/lanterna, Macrofotografia",True,False,0.3249
Violação de Domicílio,Pátio,8,8,1,2023-06-18 07:45:00,DHPP (Homicídios),"Empoamento, Macrofotografia, Luz forense/lanterna",False,True,0.3073
Incêndio (com vítima),Hospital,1,5,0,2023-01-22 23:04:00,DEAM (Mulher),Empoamento,True,True,0.6626
Homicídio,Hospital,2,45,1,2023-08-12 00:50:00,DEAM (Mulher),"Empoamento, Macrofotografia",False,False,0.7245
Tentativa de Suicídio,Terreno Baldio,7,37,0,2023-02-01 23:12:00,DRFC (Furtos),"Macrofotografia, Luz forense/lanterna",False,False,0.1871
Desmanche de Veículos,Área Rural,0,12,2,2023-06-01 06:36:00,2ª DP,Empoamento,False,False,0.1102
Extorsão,Hospital,0,12,1,2023-09-15 19:23:00,DHPP (Homicídios),"Macrofotografia, Empoamento",False,True,0.5909
Estelionato,Terreno Baldio,11,33,7,2023-08-04 11:42:00,DRFC (Furtos),"Macrofotografia, Luz forense/lanterna",True,False,0.2867
Explosão (sem vítima),Hospital,0,29,0,2023-05-18 13:23:00,2ª DP,Luz forense/lanterna,True,False,0.2761
Furto,Terreno Baldio,1,8,1,2023-06-18 00:59:00,  DHPP (Homicídios)  ,"Empoamento, Macrofotografia, Luz forense/lanterna",False,False,0.1726
Marca em Animal,Hospital,9,22,2,2023-05-14 19:31:00,1ª DP,"Macrofotografia, Empoamento",True,False,0.3345
Morte Aparentemente Natural,Via Pública,0,14,0,2023-02-18 00:52:00,DHPP (Homicídios),Macrofotografia,True,False,0.2748
Violação de Domicílio,Área Rural,5,9,8,2023-10-02 21:07:00,DHPP (Homicídios),"Empoamento, Macrofotografia, Luz forense/lanterna",False,False,0.1716
Furto em Interior de Veículo,Estabelecimento Comercial,0,19,1,2023-04-12 04:44:00,2ª DP,"Empoamento, Luz forense/lanterna",True,True,0.4455
Eletroplessão,Área Rural,1,31,0,2023-12-25 05:29:00,3ª DP,"Empoamento, Luz forense/lanterna, Macrofotografia",True,True,0.4282
Lesão Corporal,Terreno Baldio,4,15,0,2023-06-04 18:43:00,DRFC (Furtos),"Macrofotografia, Luz forense/lanterna",True,True,0.6795
Abandono de Incapaz,Terreno Baldio,0,26,0,2023-12-24 05:15:00,3ª DP,Macrofotografia,False,False,0.7331
Furto,Estabelecimento Comercial,2,38,1,2023-04-14 12:16:00,1ª DP,Empoamento,False,True,0.2869
Homicídio,Terreno Baldio,0,52,1,2023-12-24 05:00:00,1ª DP,"Luz forense/lanterna, Empoamento, Macrofotografia",False,False,0.6737
Furto Qualificado (arrombamento),Estabelecimento Comercial,0,35,0,2023-05-28 18:45:00,2ª DP,"Empoamento, Luz forense/lanterna, Macrofotografia",True,False,0.34
Latrocínio e/ou Tentativa de Latrocínio,Área Rural,0,32,0,2023-10-16 21:39:00,3ª DP,"Macrofotografia, Luz forense/lanterna",True,False,0.8361
Feto Encontrado,Terreno Baldio,2,5,0,2023-11-23 13:20:00,DCA (Criança e Adolescente),"Luz forense/lanterna, Empoamento",False,False,0.7153
Eletroplessão,Pátio,5,29,1,2023-05-27 22:29:00,DRFC (Furtos),Macrofotografia,True,True,0.4433
Violação de Domicílio,DP,0,12,1,2023-03-29 19:03:00,2ª DP,"Luz forense/lanterna, Macrofotografia, Empoamento",True,False,0.3245
Homicídio,Pátio,3,5,1,2023-10-27 13:42:00,DRFC (Furtos),Empoamento,False,False,0.7064
Eletroplessão,Estabelecimento Comercial,7,14,0,2023-02-06 02:20:00,2ª DP,Macrofotografia,False,False,0.1191
Exercício Arbitrário das Próprias Razões,  Hospital  ,3,12,2,2023-09-22 14:05:00,3ª DP,"Macrofotografia, Empoamento, Luz forense/lanterna",False,False,0.1981
Furto,Residência,2,14,0,2023-02-03 06:57:00,2ª DP,"Macrofotografia, Luz forense/lanterna, Empoamento",True,False,0.3139
Aborto,Área Rural,1,42,5,2023-01-20 02:35:00,DHPP (Homicídios),"Macrofotografia, Empoamento, Luz forense/lanterna",True,False,0.2766
Eletroplessão,Terreno Baldio,0,14,2,2023-07-13 06:45:00,2ª DP,"Empoamento, Macrofotografia, Luz forense/lanterna",False,False,0.1082
Veículo Localizado (furtado ou roubado),Pátio,3,6,1,2023-10-22 14:58:00,3ª DP,Macrofotografia,False,False,0.1301
Tentativa de Suicídio,Estabelecimento Comercial,2,5,0,2023-03-11 08:38:00,2ª DP,"Empoamento, Luz forense/lanterna",False,False,0.1098
Incêndio (com vítima),Área Rural,0,17,1,2023-07-22 20:08:00,1ª DP,"Luz forense/lanterna, Macrofotografia",True,False,0.5745
Tráfico de Entorpecentes,Estabelecimento Comercial,0,7,1,2023-11-27 17:13:00,DRFC (Furtos),Luz forense/lanterna,False,False,0.1613
Adulteração de Placa e/ou Lacre,Área Rural,9,72,2,2023-02-05 12:34:00,2ª DP,"Empoamento, Macrofotografia, Luz forense/lanterna",False,False,0.1069
Roubo Com Estupro,Área Rural,0,11,0,2023-03-17 12:39:00,DEAM (Mulher),"Luz forense/lanterna, Empoamento",False,True,0.8873
Latrocínio e/ou Tentativa de Latrocínio,Terreno Baldio,1,24,1,2023-09-13 10:23:00,DRFC (Furtos),"Luz forense/lanterna, Macrofotografia, Empoamento",True,True,0.9955
Homicídio,Via Pública,15,22,0,2023-01-18 04:33:00,,"Luz forense/lanterna, Empoamento",True,False,0.8549
Maus Tratos de Animal,Terreno Baldio,4,9,0,2023-12-28 23:47:00,DEAM (Mulher),"Empoamento, Luz forense/lanterna",True,True,0.4771
Furto Qualificado (arrombamento),Terreno Baldio,6,14,0,2023-05-19 13:28:00,DRFC (Furtos),"Empoamento, Luz forense/lanterna, Macrofotografia",True,True,0.4143
Adulteração de Placa e/ou Lacre,Pátio,6,34,4,2023-04-01 08:36:00,DHPP (Homicídios),Macrofotografia,True,True,0.431
Explosão (com vítima),Área Rural,0,15,1,2023-10-10 07:49:00,DRFC (Furtos),Empoamento,True,True,0.6639
Latrocínio e/ou Tentativa de Latrocínio,DP,0,37,0,2023-05-31 15:35:00,2ª DP,Macrofotografia,True,False,0.8702
Feminicídio,DP,0,30,1,2023-05-01 11:50:00,DCA (Criança e Adolescente),"Macrofotografia, Empoamento",True,True,1.0
Afogamento,Via Pública,1,16,0,2023-02-13 01:07:00,DRFC (Furtos),Luz forense/lanterna,False,False,0.1539
Feto Encontrado,Residência,2,18,0,2023-01-21 02:37:00,2ª DP,"Empoamento, Macrofotografia, Luz forense/lanterna",True,False,0.8168
Estelionato,Hospital,7,42,0,2023-08-06 09:35:00,1ª DP,"Macrofotografia, Empoamento",True,False,0.2955
Roubo,Área Rural,5,14,4,2023-02-18 00:13:00,1ª DP,"Luz forense/lanterna, Empoamento, Macrofotografia",False,True,0.5073
Disparo de Arma de Fogo,DP,3,16,1,2023-10-03 00:24:00,3ª DP,"Luz forense/lanterna, Empoamento",True,False,0.5648
Furto d'água,Estabelecimento Comercial,1,29,0,2023-10-03 18:20:00,2ª DP,"Empoamento, Luz forense/lanterna",True,False,0.3251
Maus Tratos de Animal,Terreno Baldio,1,24,7,2023-09-16 05:42:00,DCA (Criança e Adolescente),Macrofotografia,True,False,0.3346
Desmanche de Veículos,Pátio,1,11,0,2023-12-18 06:07:00,DCA (Criança e Adolescente),"Empoamento, Macrofotografia",True,False,0.3434
Morte Aparentemente Natural,Pátio,0,37,2,2023-08-25 22:45:00,DRFC (Furtos),"Luz forense/lanterna, Empoamento, Macrofotografia",False,False,0.1194
Explosão (com vítima),Hospital,0,49,0,2023-09-13 07:20:00,DEAM (Mulher),"Luz forense/lanterna, Empoamento",True,False,0.5037
Marca em Animal,DP,0,30,0,2023-07-25 12:17:00,DRFC (Furtos),"Luz forense/lanterna, Macrofotografia, Empoamento",True,False,0.3151
Adulteração de Placa e/ou Lacre,DP,1,19,2,2023-02-24 13:09:00,1ª DP,Macrofotografia,True,False,0.3301
Furto Qualificado (arrombamento),Pátio,2,22,3,2023-01-08 16:38:00,DEAM (Mulher),"Macrofotografia, Empoamento",False,False,0.1177
Adulteração de Placa e/ou Lacre,Via Pública,7,8,1,2023-06-01 02:52:00,DEAM (Mulher),Empoamento,False,False,0.1542
Maus Tratos de Animal,Terreno Baldio,9,11,1,2023-10-24 06:17:00,DCA (Criança e Adolescente),Empoamento,True,False,0.2848
Exercício Arbitrário das Próprias Razões,Residência,0,32,2,2023-05-15 10:38:00,1ª DP,"Empoamento, Macrofotografia",False,False,0.1305
Pichação,Pátio,1,6,1,2023-02-19 07:00:00,1ª DP,Empoamento,True,False,0.3177
Cadáver Encontrado,Residência,0,50,2,2023-02-21 06:53:00,2ª DP,"Macrofotografia, Luz forense/lanterna",True,False,0.3438
Infanticídio,Via Pública,6,7,,2023-07-08 17:41:00,3ª DP,"Macrofotografia, Empoamento",False,False,0.6738
Latrocínio e/ou Tentativa de Latrocínio,Hospital,0,7,0,2023-12-17 02:38:00,DCA (Criança e Adolescente),"Macrofotografia, Empoamento",True,False,0.8506
Veículo Localizado (furtado ou roubado),Área Rural,0,14,0,2023-04-17 08:55:00,DHPP (Homicídios),Macrofotografia,True,False,0.3183
Afogamento,Residência,1,15,0,2023-06-04 15:43:00,2ª DP,Luz forense/lanterna,False,True,0.2868
Violação de Sepultura,Estabelecimento Comercial,4,19,5,2023-11-29 19:55:00,2ª DP,"EMPOAMENTO, MACROFOTOGRAFIA",True,False,0.3213
Ossada Encontrada,Residência,0,29,5,2023-01-06 04:45:00,2ª DP,Luz forense/lanterna,False,False,0.1305
Furto Qualificado (arrombamento),Área Rural,3,14,2,2023-05-12 19:24:00,1ª DP,Empoamento,True,True,0.4796
Tráfico de Entorpecentes,DP,1,22,7,2023-10-01 04:56:00,DCA (Criança e Adolescente),"Macrofotografia, Luz forense/lanterna, Empoamento",True,False,0.3445
Receptação,Estabelecimento Comercial,0,27,1,2023-06-26 13:35:00,DHPP (Homicídios),Luz forense/lanterna,False,False,0.1215
Eletroplessão,Via Pública,1,19,0,2023-04-12 14:36:00,DRFC (Furtos),"Empoamento, Macrofotografia",False,True,0.2801
Marca em Animal,Pátio,1,14,0,2023-03-03 20:36:00,DRFC (Furtos),Luz forense/lanterna,False,False,0.1495
Morte Aparentemente Natural,DP,2,18,2,data_invalida,3ª DP,Macrofotografia,False,False,0.1088
Morte Aparentemente Natural,Pátio,6,20,1,2023-03-25 10:28:00,2ª DP,"Luz forense/lanterna, Empoamento, Macrofotografia",True,False,0.2979
Extorsão,Residência,0,31,2,2023-09-06 03:28:00,DRFC (Furtos),"Macrofotografia, Empoamento, Luz forense/lanterna",False,False,0.4132
Ameaça,Pátio,0,56,0,data_invalida,DEAM (Mulher),"Luz forense/lanterna, Empoamento, Macrofotografia",True,False,0.316
Latrocínio e/ou Tentativa de Latrocínio,Estabelecimento Comercial,4,23,1,2023-09-26 13:55:00,DEAM (Mulher),"Empoamento, Luz forense/lanterna",False,True,0.8561
Furto de Energia Elétrica ou Termodinâmica,Pátio,4,19,0,2023-08-08 22:49:00,DEAM (Mulher),"Macrofotografia, Empoamento",False,False,0.1516
Cadáver Encontrado,Hospital,4,50,1,2023-11-30 02:31:00,DRFC (Furtos),"Luz forense/lanterna, Macrofotografia, Empoamento",False,False,0.1668
Estelionato,Estabelecimento Comercial,7,9,0,2023-10-08 12:52:00,2ª DP,Macrofotografia,True,True,0.4295
Roubo,Hospital,0,16,1,2023-06-27 02:07:00,3ª DP,"Macrofotografia, Empoamento, Luz forense/lanterna",False,False,0.4259
Cadáver Encontrado,Hospital,0,39,0,2023-12-17 19:54:00,1ª DP,EMPOAMENTO,False,True,0.2856
Aborto,Via Pública,3,14,0,31/02/2023 25:00:00,DEAM (Mulher),"Luz forense/lanterna, Macrofotografia",True,False,0.3076
Homicídio,Pátio,0,23,10,2023-11-13 15:31:00,1ª DP,Macrofotografia,False,False,0.7007
Ossada Encontrada,Área Rural,5,9,1,2023-04-28 19:06:00,2ª DP,Macrofotografia,True,False,0.3425
Tráfico de Entorpecentes,Área Rural,1,23,3,2023-01-30 02:20:00,DHPP (Homicídios),"Macrofotografia, Empoamento, Luz forense/lanterna",False,True,0.2717
Pichação,Via Pública,0,6,1,2023-06-15 07:30:00,DCA (Criança e Adolescente),"Macrofotografia, Empoamento",False,True,0.2872
Arremesso de Projétil,Estabelecimento Comercial,5,24,1,2023-02-05 11:55:00,2ª DP,"Macrofotografia, Empoamento",False,False,0.1237
Feminicídio,Hospital,1,24,0,2023-11-07 21:30:00,3ª DP,"Luz forense/lanterna, Empoamento",True,False,0.866
Furto,Estabelecimento Comercial,2,7,999999,2023-10-18 01:57:00,3ª DP,"Luz forense/lanterna, Macrofotografia",True,False,0.3226
Aborto,Pátio,0,46,1,2023-08-05 16:50:00,2ª DP,"Empoamento, Macrofotografia, Luz forense/lanterna",False,True,0.2691
Aborto,Terreno Baldio,0,16,3,2023-01-31 12:41:00,2ª DP,Luz forense/lanterna,False,True,0.3322
Suicídio,Estabelecimento Comercial,2,22,6,31/02/2023 25:00:00,2ª DP,"Luz forense/lanterna, Macrofotografia",True,True,0.4679
Afogamento,Via Pública,0,6,1,2023-03-28 20:09:00,DHPP (Homicídios),Luz forense/lanterna,True,False,0.26
Explosão (com vítima),Terreno Baldio,0,7,0,2023-10-02 17:10:00,1ª DP,Luz forense/lanterna,False,False,0.419
Aborto,Terreno Baldio,2,71,2,2023-08-22 13:36:00,DRFC (Furtos),"Luz forense/lanterna, Macrofotografia",False,False,0.1589
Feminicídio,Pátio,2,6,1,2023-09-29 02:06:00,DRFC (Furtos),"Luz forense/lanterna, Macrofotografia",True,True,0.9796
Incêndio (sem vítima),Hospital,0,10,0,2023-04-22 00:14:00,DRFC (Furtos),"Empoamento, Luz forense/lanterna, Macrofotografia",False,True,0.2587
Incêndio (sem vítima),Residência,2,35,0,2023-07-03 11:16:00,DEAM (Mulher),"Luz forense/lanterna, Empoamento, Macrofotografia",False,False,0.1418
Violação de Sepultura,DP,0,8,2,2023-02-14 13:14:00,3ª DP,"Empoamento, Luz forense/lanterna",True,False,0.3284
Furto de Energia Elétrica ou Termodinâmica,Via Pública,1,24,0,2023-01-03 04:55:00,DHPP (Homicídios),"Empoamento, Macrofotografia, Luz forense/lanterna",Nao,False,0.1411
Furto,Via Pública,0,24,3,2023-10-07 09:21:00,DEAM (Mulher),Macrofotografia,False,False,0.1318
Local de Estupro e/ou Veículo Envolvido em Estupro,Estabelecimento Comercial,1,5,0,2023-06-03 10:49:00,DHPP (Homicídios),"Macrofotografia, Empoamento",False,False,0.6607
Explosão (com vítima),DP,3,15,2,2023-06-28 00:54:00,DRFC (Furtos),"Empoamento, Luz forense/lanterna",True,True,0.6552
Maus Tratos de Animal,Via Pública,7,38,1,2023-07-19 06:51:00,2ª DP,"Empoamento, Macrofotografia, Luz forense/lanterna",False,False,0.1386
Afogamento,Pátio,1,7,0,2023-11-29 10:40:00,3ª DP,"Luz forense/lanterna, Macrofotografia, Empoamento",True,True,0.423
Exercício Arbitrário das Próprias Razões,Área Rural,4,7,1,2023-02-14 22:24:00,DCA (Criança e Adolescente),"Macrofotografia, Luz forense/lanterna",False,False,0.1933
Estelionato,Estabelecimento Comercial,1,38,2,2023-04-13 06:52:00,DRFC (Furtos),"Empoamento, Macrofotografia, Luz forense/lanterna",True,False,0.2685
Maus Tratos de Animal,Hospital,0,27,1,2023-07-14 18:26:00,DEAM (Mulher),Macrofotografia,False,Sim,0.1945
Arremesso de Projétil,Residência,0,37,0,2023-07-19 01:03:00,DHPP (Homicídios),Empoamento,True,True,0.4328
Disparo de Arma de Fogo,Área Rural,1,N/A,2,2023-10-06 12:30:00,DRFC (Furtos),"Empoamento, Macrofotografia, Luz forense/lanterna",True,False,0.5606
Veículo Localizado (furtado ou roubado),Estabelecimento Comercial,3,15,4,2023-02-27 19:56:00,3ª DP,"Macrofotografia, Empoamento, Luz forense/lanterna",False,True,0.2589
Aborto,DP,0,101,0,2023-10-05 18:11:00,3ª DP,Empoamento,True,False,0.3429
Roubo,DP,2,74,1,2023-04-24 18:57:00,DEAM (Mulher),"Macrofotografia, Luz forense/lanterna, Empoamento",True,False,0.5929
Receptação,Residência,0,98,0,2023-02-16 17:26:00,1ª DP,"Macrofotografia, Luz forense/lanterna",False,True,0.26
Feminicídio,Área Rural,11,12,1,2023-11-19 10:38:00,DEAM (Mulher),"Luz forense/lanterna, Empoamento",True,False,0.8173
Local de Estupro e/ou Veículo Envolvido em Estupro,Área Rural,2,39,1,2023-07-31 06:47:00,2ª DP,Luz forense/lanterna,True,True,0.9842
Aborto,Estabelecimento Comercial,3,25,0,2023-12-20 14:31:00,DRFC (Furtos),"Empoamento, Macrofotografia",False,False,0.1909
Adulteração de Placa e/ou Lacre,DP,1,67,2,2023-09-14 13:42:00,2ª DP,"Empoamento, Macrofotografia, Luz forense/lanterna",True,True,0.4992
Tentativa de Homicídio,Residência,5,5,1,2023-05-22 16:13:00,DHPP (Homicídios),Empoamento,True,True,0.9943
Explosão (com vítima),Residência,7,13,2,2023-11-20 04:39:00,3ª DP,Luz forense/lanterna,True,False,0.5838
Furto de Energia Elétrica ou Termodinâmica,Área Rural,2,12,3,2023-11-20 06:17:00,DRFC (Furtos),"Empoamento, Luz forense/lanterna, Macrofotografia",True,True,0.4651
Infanticídio,Área Rural,2,60,0,2023-01-07 00:35:00,1ª DP,"Empoamento, Macrofotografia",True,1,0.812
Violação de Sepultura,Área Rural,6,23,1,2023-09-20 12:52:00,1ª DP,Macrofotografia,True,True,0.4926
Explosão (com vítima),Estabelecimento Comercial,5,30,0,2023-03-05 06:50:00,3ª DP,"Empoamento, Luz forense/lanterna",False,True,0.5797
Eletroplessão,Estabelecimento Comercial,0,12,0,2023-10-02 02:47:00,DEAM (Mulher),"Empoamento, Macrofotografia",False,False,0.1398
Receptação,Via Pública,0,28,1,2023-05-09 09:06:00,DHPP (Homicídios),"Macrofotografia, Empoamento, Luz forense/lanterna",True,True,0.4117
Dano,Residência,1,11,1,2023-05-11 06:37:00,1ª DP,"Luz forense/lanterna, Empoamento, Macrofotografia",True,True,0.4346
Furto,Estabelecimento Comercial,4,20,2,2023-05-11 15:31:00,2ª DP,Macrofotografia,False,False,0.196
Disparo de Arma de Fogo,DP,2,52,1,2023-03-13 12:46:00,DEAM (Mulher),"Luz forense/lanterna, Empoamento",False,False,0.3724
Homicídio,DP,1,6,1,2023-02-27 00:37:00,2ª DP,Empoamento,False,False,0.6503
Exercício Arbitrário das Próprias Razões,DP,1,38,4,2023-02-15 20:51:00,DEAM (Mulher),"Empoamento, Macrofotografia, Luz forense/lanterna",True,False,0.2746
Roubo,Pátio,2,26,0,2023-06-27 11:41:00,2ª DP,Luz forense/lanterna,False,False,0.3964
Tentativa de Homicídio,Estabelecimento Comercial,0,15,0,2023-05-15 19:00:00,DCA (Criança e Adolescente),"Luz forense/lanterna, Empoamento, Macrofotografia",False,False,0.7366
Latrocínio e/ou Tentativa de Latrocínio,Pátio,4,32,0,2023-04-21 13:17:00,1ª DP,"Macrofotografia, Luz forense/lanterna, Empoamento",False,False,0.6946
Morte Aparentemente Natural,Área Rural,2,20,1,2023-08-30 12:51:00,DRFC (Furtos),"Macrofotografia, Empoamento, Luz forense/lanterna",False,True,0.2962
Aborto,Residência,0,47,2,2023-12-04 19:43:00,2ª DP,Luz forense/lanterna,True,True,0.447
Dano,Terreno Baldio,5,74,1,2023-05-08 00:54:00,DHPP (Homicídios),"Luz forense/lanterna, Empoamento, Macrofotografia",False,False,0.1234
Dano Seguido de Lesão Corporal,Residência,0,14,0,2023-10-14 21:47:00,1ª DP,"Luz forense/lanterna, Empoamento, Macrofotografia",True,False,0.5518
Desmanche de Veículos,Hospital,0,30,1,2023-07-17 19:15:00,DRFC (Furtos),Macrofotografia,True,False,0.289
Arremesso de Projétil,Área Rural,2,27,0,2023-06-18 03:29:00,DEAM (Mulher),"Macrofotografia, Empoamento",False,True,0.267
Homicídio,Terreno Baldio,1,35,5,2023-02-18 04:27:00,3ª DP,"Empoamento, Luz forense/lanterna",False,False,0.7446
Feto Encontrado,Hospital,2,5,2,2023-01-04 12:08:00,DCA (Criança e Adolescente),"Macrofotografia, Empoamento, Luz forense/lanterna",True,True,0.9836
Abandono de Incapaz,Área Rural,3,14,2,2023-07-22 15:33:00,3ª DP,"Luz forense/lanterna, Empoamento, Macrofotografia",True,True,1.0
Cadáver Encontrado,Hospital,1,22,0,2023-02-13 02:58:00,3ª DP,"Empoamento, Luz forense/lanterna, Macrofotografia",False,False,0.1838
Marca em Animal,Terreno Baldio,0,48,0,2023-11-07 08:42:00,3ª DP,Empoamento,True,False,0.3026
Receptação,Pátio,3,5,3,2023-11-26 14:44:00,2ª DP,"Macrofotografia, Luz forense/lanterna",True,False,0.3447
Violação de Sepultura,Área Rural,0,8,1,2023-02-06 07:28:00,1ª DP,"Macrofotografia, Empoamento",False,True,0.3083
Estelionato,Terreno Baldio,8,6,1,2023-03-05 14:32:00,2ª DP,Macrofotografia,False,False,0.1633
Latrocínio e/ou Tentativa de Latrocínio,Via Pública,7,5,4,2023-01-16 23:08:00,2ª DP,Macrofotografia,True,False,0.8525
Veículo Localizado (furtado ou roubado),Hospital,4,8,4,2023-02-26 05:43:00,DRFC (Furtos),Macrofotografia,False,True,0.2888
Violação de Sepultura,Terreno Baldio,1,8,2,2023-02-26 09:16:00,3ª DP,Macrofotografia,False,False,0.1719
Arremesso de Projétil,Hospital,0,20,0,2023-05-10 12:16:00,DEAM (Mulher),"Luz forense/lanterna, Empoamento",True,True,0.4171
Extorsão,Área Rural,0,13,0,2023-04-26 23:46:00,DCA (Criança e Adolescente),Luz forense/lanterna,True,True,0.6642
Roubo,Via Pública,0,56,0,2023-05-17 09:19:00,1ª DP,Empoamento,True,False,0.5634
Incêndio (com vítima),Pátio,19,12,0,2023-09-30 00:41:00,2ª DP,Luz forense/lanterna,False,False,0.3712
Infanticídio,Residência,0,31,0,2023-02-05 15:41:00,3ª DP,"Macrofotografia, Empoamento, Luz forense/lanterna",True,True,1.0
Furto,Hospital,1,27,0,2023-11-19 10:20:00,DEAM (Mulher),"Macrofotografia, Luz forense/lanterna",True,False,0.2872
Incêndio (com vítima),Hospital,1,12,1,2023-03-17 13:37:00,DEAM (Mulher),"Luz forense/lanterna, Empoamento, Macrofotografia",True,False,0.5401
Furto Qualificado (arrombamento),Estabelecimento Comercial,0,66,2,2023-03-28 08:42:00,DCA (Criança e Adolescente),"Empoamento, Macrofotografia, Luz forense/lanterna",True,False,0.2608
Furto Qualificado (arrombamento),Hospital,1,24,6,2023-11-08 18:32:00,DRFC (Furtos),"Empoamento, Luz forense/lanterna",False,True,0.3463
Incêndio (com vítima),Estabelecimento Comercial,0,10,1,2023-05-06 09:11:00,2ª DP,"Luz forense/lanterna, Macrofotografia, Empoamento",True,False,0.5933
Pichação,Hospital,3,7,1,2023-11-18 02:56:00,1ª DP,"Macrofotografia, Empoamento",True,False,0.2603
Desmanche de Veículos,Hospital,3,36,4,2023-08-09 15:10:00,2ª DP,"Macrofotografia, Luz forense/lanterna, Empoamento",True,False,0.3267
Feto Encontrado,Pátio,0,16,1,2023-05-02 01:06:00,DRFC (Furtos),"Empoamento, Luz forense/lanterna, Macrofotografia",False,False,0.7484
Infanticídio,Terreno Baldio,2,29,2,2023-02-18 20:27:00,3ª DP,"Macrofotografia, Luz forense/lanterna",True,True,1.0
Explosão (sem vítima),Estabelecimento Comercial,0,24,0,2023-02-01 01:50:00,3ª DP,"Luz forense/lanterna, Empoamento",False,False,0.1042
Violação de Domicílio,DP,1,12,2,2023-09-14 14:02:00,DRFC (Furtos),"Luz forense/lanterna, Macrofotografia",True,False,0.2784
Furto em Interior de Veículo,Estabelecimento Comercial,2,14,1,2023-12-29 01:01:00,DRFC (Furtos),Empoamento,False,False,0.118
Adulteração de Placa e/ou Lacre,Terreno Baldio,4,6,1,2023-10-01 11:17:00,DRFC (Furtos),Luz forense/lanterna,False,False,0.1821
Marca em Animal,Estabelecimento Comercial,3,10,1,2023-11-18 19:59:00,DHPP (Homicídios),"Empoamento, Macrofotografia, Luz forense/lanterna",True,False,0.2659
Adulteração de Placa e/ou Lacre,DP,2,7,3,2023-06-25 14:20:00,DEAM (Mulher),"Empoamento, Luz forense/lanterna, Macrofotografia",False,False,0.1231
Disparo de Arma de Fogo,Residência,0,77,1,2023-11-08 03:21:00,3ª DP,Luz forense/lanterna,False,False,0.411
Extorsão,Via Pública,6,31,7,2023-04-21 18:41:00,2ª DP,"Empoamento, Macrofotografia, Luz forense/lanterna",False,False,0.3865
Feminicídio,Terreno Baldio,2,12,1,2023-06-11 18:50:00,1ª DP,Macrofotografia,True,True,0.9852
Suicídio,Pátio,1,35,3,2023-11-05 00:24:00,DEAM (Mulher),"Empoamento, Luz forense/lanterna",False,True,0.293
Explosão (sem vítima),DP,2,9,2,2023-03-28 03:25:00,1ª DP,"Empoamento, Macrofotografia",True,False,0.2786
Disparo de Arma de Fogo,Residência,4,54,1,2023-12-23 04:02:00,1ª DP,"Empoamento, Macrofotografia, Luz forense/lanterna",False,True,0.537
Furto d'água,Via Pública,0,14,5,2023-04-06 01:03:00,1ª DP,Empoamento,False,False,0.129
Latrocínio e/ou Tentativa de Latrocínio,Terreno Baldio,2,45,0,2023-05-02 12:56:00,DHPP (Homicídios),"Macrofotografia, Empoamento, Luz forense/lanterna",False,True,0.8318
Dano,Via Pública,0,15,2,2023-12-13 16:10:00,DHPP (Homicídios),Macrofotografia,True,False,0.291
Latrocínio e/ou Tentativa de Latrocínio,Residência,0,23,4,2023-12-23 22:11:00,2ª DP,"Empoamento, Macrofotografia, Luz forense/lanterna",True,True,0.9592
Ossada Encontrada,Área Rural,1,6,3,2023-04-11 13:55:00,3ª DP,"Luz forense/lanterna, Empoamento",False,False,0.146
Explosão (sem vítima),Hospital,0,35,2,2023-01-20 00:17:00,2ª DP,"Luz forense/lanterna, Macrofotografia, Empoamento",False,False,0.1277
Ameaça,Pátio,0,5,0,2023-05-11 21:53:00,DCA (Criança e Adolescente),Luz forense/lanterna,True,False,0.2755
Violação de Sepultura,Terreno Baldio,4,5,0,2023-06-13 09:39:00,DCA (Criança e Adolescente),"Luz forense/lanterna, Macrofotografia, Empoamento",True,True,0.4004
Exercício Arbitrário das Próprias Razões,Estabelecimento Comercial,4,44,1,2024-01-01 05:32:00,2ª DP,Macrofotografia,False,False,0.1308
Arremesso de Projétil,Área Rural,1,22,4,2023-03-27 05:12:00,DHPP (Homicídios),"Macrofotografia, Empoamento",False,True,0.3304
Explosão (sem vítima),Área Rural,1,5,4,2023-07-03 13:11:00,2ª DP,"Luz forense/lanterna, Empoamento",False,True,0.3374
Furto d'água,Estabelecimento Comercial,4,55,1,2023-02-15 03:55:00,2ª DP,"Luz forense/lanterna, Macrofotografia, Empoamento",True,True,0.4924
Tráfico de Entorpecentes,Residência,0,13,1,2023-05-15 09:54:00,1ª DP,"Empoamento, Luz forense/lanterna",True,True,0.4643
Furto d'água,Estabelecimento Comercial,3,63,1,2023-07-05 00:23:00,DCA (Criança e Adolescente),Macrofotografia,False,False,0.1123
Maus Tratos de Animal,Área Rural,0,9,1,2023-04-28 00:20:00,DCA (Criança e Adolescente),"Empoamento, Macrofotografia",False,False,0.1122
Estelionato,Hospital,2,16,1,2023-05-31 14:16:00,DEAM (Mulher),Macrofotografia,True,False,0.3195
Furto,DP,3,5,1,2023-10-15 09:11:00,DRFC (Furtos),"Luz forense/lanterna, Macrofotografia, Empoamento",True,True,0.424
Tráfico de Entorpecentes,Via Pública,2,11,3,2023-09-13 08:45:00,DHPP (Homicídios),Empoamento,False,False,0.165
Suicídio,Estabelecimento Comercial,0,73,2,2023-12-24 23:27:00,DRFC (Furtos),"Empoamento, Macrofotografia",True,False,0.3278
Exercício Arbitrário das Próprias Razões,Residência,4,62,3,2023-01-26 14:10:00,3ª DP,"Macrofotografia, Luz forense/lanterna",True,False,0.3196
Desmanche de Veículos,Hospital,2,20,1,,3ª DP,"Macrofotografia, Luz forense/lanterna",False,False,0.1324
Veículo Localizado (furtado ou roubado),Área Rural,3,30,0,2023-01-05 09:25:00,DCA (Criança e Adolescente),"Empoamento, Luz forense/lanterna",True,True,0.461
Disparo de Arma de Fogo,Via Pública,6,70,2,2023-06-24 20:07:00,2ª DP,"Macrofotografia, Empoamento",True,False,0.5855
Roubo Com Estupro,Terreno Baldio,2,43,1,2023-10-13 09:44:00,DEAM (Mulher),Empoamento,True,False,0.809
Arremesso de Projétil,Área Rural,0,8,2,2023-08-06 11:38:00,DCA (Criança e Adolescente),"Macrofotografia, Luz forense/lanterna",False,False,0.1841
Exercício Arbitrário das Próprias Razões,Hospital,4,10,1,2023-07-29 15:55:00,DHPP (Homicídios),"Luz forense/lanterna, Macrofotografia",False,False,0.1863
  Suicídio  ,Hospital,4,20,1,2023-07-21 21:31:00,2ª DP,Luz forense/lanterna,False,False,0.1905
Roubo,Pátio,8,63,0,2023-11-13 22:51:00,DCA (Criança e Adolescente),"Luz forense/lanterna, Macrofotografia",1,True,0.5605
Violação de Domicílio,Terreno Baldio,7,35,2,2023-06-27 00:37:00,3ª DP,"Empoamento, Macrofotografia, Luz forense/lanterna",True,False,0.3167
Lesão Corporal,Residência,0,21,1,,DRFC (Furtos),Macrofotografia,True,True,0.7329
Explosão (com vítima),Hospital,1,15,0,2023-10-13 07:12:00,2ª DP,Empoamento,True,False,0.5259
Tentativa de Homicídio,Pátio,4,17,0,2023-11-16 18:44:00,DCA (Criança e Adolescente),"Empoamento, Luz forense/lanterna, Macrofotografia",True,False,0.8433
Latrocínio e/ou Tentativa de Latrocínio,DP,4,16,1,2023-03-24 12:24:00,DRFC (Furtos),"Macrofotografia, Empoamento",True,False,0.8172
Lesão Corporal,Residência,6,47,3,2023-01-02 23:49:00,DRFC (Furtos),"Empoamento, Macrofotografia",True,False,0.5156
Roubo Com Estupro,Via Pública,0,10,1,2023-09-09 06:11:00,2ª DP,Macrofotografia,True,False,0.8408
Latrocínio e/ou Tentativa de Latrocínio,Terreno Baldio,0,10,0,2023-02-24 23:33:00,2ª DP,"Macrofotografia, Luz forense/lanterna",True,False,0.8014
Tentativa de Homicídio,Área Rural,10,21,3,2023-03-17 10:42:00,DRFC (Furtos),"Macrofotografia, Luz forense/lanterna",False,true,0.8948
Violação de Sepultura,Via Pública,1,53,0,2023-05-10 12:27:00,2ª DP,"Luz forense/lanterna, Empoamento",False,True,0.303
Eletroplessão,DP,1,75,2,2023-04-09 14:06:00,2ª DP,"Macrofotografia, Empoamento",True,True,0.4481
Feminicídio,DP,1,23,0,2023-07-15 11:05:00,DHPP (Homicídios),"Luz forense/lanterna, Empoamento, Macrofotografia",True,True,0.9686
Violação de Domicílio,DP,N/A,19,0,2023-06-06 09:34:00,DEAM (Mulher),Luz forense/lanterna,False,False,0.1689
Tentativa de Suicídio,Terreno Baldio,4,27,0,2023-05-09 12:08:00,DCA (Criança e Adolescente),"Macrofotografia, Empoamento, Luz forense/lanterna",True,False,0.3289
Roubo Com Estupro,DP,1,58,1,2023-07-18 11:03:00,1ª DP,"Luz forense/lanterna, Macrofotografia",True,False,0.828
Adulteração de Placa e/ou Lacre,Residência,6,8,3,2023-08-15 15:49:00,DEAM (Mulher),Luz forense/lanterna,False,False,0.1991
Afogamento,Estabelecimento Comercial,5,85,0,2023-07-03 11:34:00,3ª DP,"Empoamento, Macrofotografia, Luz forense/lanterna",False,False,0.167
Furto d'água,Via Pública,2,15,0,2023-07-20 09:09:00,DCA (Criança e Adolescente),"Macrofotografia, Luz forense/lanterna",False,True,0.3321
Furto,Estabelecimento Comercial,2,6,3,2023-04-27 03:51:00,DHPP (Homicídios),Empoamento,True,False,0.3347
Feto Encontrado,Área Rural,0,74,1,2023-05-04 10:50:00,3ª DP,Empoamento,False,False,0.711
Roubo Com Estupro,Residência,1,15,0,2023-06-17 20:00:00,1ª DP,"Empoamento, Macrofotografia",False,True,0.8251
Adulteração de Placa e/ou Lacre,Estabelecimento Comercial,2,5,0,2023-12-18 18:11:00,1ª DP,Macrofotografia,False,True,0.2717
Tentativa de Suicídio,Área Rural,4,10,0,2023-10-30 05:55:00,2ª DP,"Empoamento, Luz forense/lanterna",False,False,0.1434
Desmanche de Veículos,Área Rural,1,8,0,2023-05-22 21:24:00,DRFC (Furtos),"Luz forense/lanterna, Macrofotografia, Empoamento",False,False,0.1782
Suicídio,Terreno Baldio,0,76,0,2023-09-02 00:55:00,DCA (Criança e Adolescente),"Macrofotografia, Luz forense/lanterna",False,False,0.1078
Exercício Arbitrário das Próprias Razões,DP,3,14,0,2023-10-19 23:23:00,DCA (Criança e Adolescente),Empoamento,True,True,0.4729
Disparo de Arma de Fogo,Terreno Baldio,4,30,0,2023-08-14 21:16:00,1ª DP,"Luz forense/lanterna, Macrofotografia",True,True,0.6874
Aborto,Estabelecimento Comercial,1,7,0,2023-03-15 08:09:00,DHPP (Homicídios),"Macrofotografia, Empoamento",True,False,0.2993
Furto em Interior de Veículo,DP,0,16,2,2023-08-05 20:37:00,DCA (Criança e Adolescente),"Macrofotografia, Luz forense/lanterna, Empoamento",False,False,0.1167
Tráfico de Entorpecentes,Residência,0,22,3,2023-01-05 18:01:00,DHPP (Homicídios),Luz forense/lanterna,True,True,0.4465
Tentativa de Suicídio,Terreno Baldio,3,10,2,2023-04-17 11:09:00,DRFC (Furtos),"Empoamento, Luz forense/lanterna",True,False,0.291
Estelionato,Pátio,1,22,1,2023-07-25 03:25:00,1ª DP,"Luz forense/lanterna, Macrofotografia",False,False,0.1406
Infanticídio,Pátio,0,9,3,,3ª DP,"Empoamento, Macrofotografia",True,True,1.0
Feminicídio,Via Pública,1,5,2,2023-11-27 07:49:00,2ª DP,"Empoamento, Macrofotografia",False,False,0.7223
Roubo Com Estupro,Hospital,0,23,3,2023-01-27 16:48:00,3ª DP,"Luz forense/lanterna, Empoamento",False,True,0.8645
Feminicídio,Hospital,1,49,3,2023-01-24 17:32:00,DEAM (Mulher),Macrofotografia,True,False,0.8293
Afogamento,Residência,6,52,1,2023-07-19 08:45:00,DEAM (Mulher),Luz forense/lanterna,True,True,0.4643
  Lesão Corporal  ,Pátio,0,18,0,2023-03-16 02:41:00,DHPP (Homicídios),Macrofotografia,True,False,0.5804
Pichação,Terreno Baldio,0,35,2,2023-04-24 16:44:00,2ª DP,"Macrofotografia, Luz forense/lanterna, Empoamento",False,False,0.1768
Disparo de Arma de Fogo,Área Rural,13,24,3,2023-03-05 07:09:00,2ª DP,"Luz forense/lanterna, Macrofotografia",True,False,0.5136
Incêndio (sem vítima),Estabelecimento Comercial,9,12,1,2023-03-07 05:03:00,DEAM (Mulher),Empoamento,False,False,0.1252
Pichação,Via Pública,1,11,1,2023-02-02 12:08:00,2ª DP,"Macrofotografia, Empoamento",False,True,0.2722
Explosão (sem vítima),Hospital,3,8,0,2023-05-28 12:05:00,DHPP (Homicídios),"Macrofotografia, Luz forense/lanterna, Empoamento",True,False,0.3443
Latrocínio e/ou Tentativa de Latrocínio,Via Pública,0,7,0,2023-05-15 18:37:00,DEAM (Mulher),"Luz forense/lanterna, Macrofotografia",False,True,0.839
Feto Encontrado,Pátio,0,10,2,2023-04-30 05:30:00,DRFC (Furtos),"Macrofotografia, Luz forense/lanterna",False,True,0.8465
Furto d'água,Terreno Baldio,6,13,5,2023-07-11 17:41:00,3ª DP,"Luz forense/lanterna, Empoamento",True,False,0.3074
Furto Qualificado (arrombamento),Via Pública,2,64,1,2023-10-31 09:14:00,3ª DP,"Empoamento, Luz forense/lanterna",True,False,0.2689
Dano,Área Rural,1,11,1,2023-04-24 04:48:00,DRFC (Furtos),Macrofotografia,False,True,0.2707
Morte Aparentemente Natural,Pátio,4,10,6,2023-10-28 09:06:00,DEAM (Mulher),Empoamento,False,True,0.2668
Furto de Energia Elétrica ou Termodinâmica,Hospital,2,15,0,2023-10-06 18:06:00,1ª DP,"Empoamento, Luz forense/lanterna, Macrofotografia",False,True,0.3084
Afogamento,Residência,1,45,1,2023-05-11 21:37:00,DHPP (Homicídios),"Macrofotografia, Empoamento",True,True,0.449
Estelionato,Hospital,2,11,2,2023-07-15 10:20:00,dca (criança e adolescente),"Macrofotografia, Luz forense/lanterna, Empoamento",False,False,0.1995
Local de Estupro e/ou Veículo Envolvido em Estupro,Área Rural,0,10,2,2023-02-25 22:16:00,DCA (Criança e Adolescente),"Luz forense/lanterna, Empoamento",False,False,0.741
Dano,Residência,3,12,0,2023-10-26 17:21:00,2ª DP,Macrofotografia,True,False,0.2957
Adulteração de Placa e/ou Lacre,Hospital,0,22,4,2023-09-06 01:11:00,DRFC (Furtos),"Luz forense/lanterna, Empoamento, Macrofotografia",True,False,0.258
Furto em Interior de Veículo,Hospital,2,6,2,2023-08-03 11:39:00,2ª DP,Empoamento,False,False,0.1382
Explosão (sem vítima),Área Rural,0,12,3,2023-11-22 23:11:00,3ª DP,"Macrofotografia, Luz forense/lanterna",False,False,0.1108
Cadáver Encontrado,Via Pública,2,19,0,2023-07-23 22:22:00,3ª DP,"Luz forense/lanterna, Empoamento",False,False,0.1637
Tentativa de Homicídio,Residência,5,38,0,2023-04-18 07:22:00,DHPP (Homicídios),"Empoamento, Luz forense/lanterna, Macrofotografia",False,False,0.6587
Furto d'água,Hospital,0,9,0,2023-03-08 15:16:00,DEAM (Mulher),"Luz forense/lanterna, Empoamento, Macrofotografia",False,False,0.1858
Homicídio,Pátio,0,11,1,2023-06-10 01:18:00,2ª DP,"Empoamento, Luz forense/lanterna, Macrofotografia",False,True,0.8943
Cadáver Encontrado,Via Pública,0,5,1,2023-04-10 21:06:00,2ª DP,"Luz forense/lanterna, Macrofotografia",True,False,0.3055
Roubo,Via Pública,0,81,2,2023-08-30 04:56:00,DCA (Criança e Adolescente),Luz forense/lanterna,False,False,0.4431
Arremesso de Projétil,Hospital,4,7,0,2023-01-04 13:28:00,DHPP (Homicídios),"Macrofotografia, Luz forense/lanterna, Empoamento",True,False,0.3268
Suicídio,Residência,3,17,3,2023-12-16 21:14:00,DRFC (Furtos),"Empoamento, Macrofotografia, Luz forense/lanterna",True,True,0.4796
Furto em Interior de Veículo,Pátio,2,16,0,2023-03-25 08:07:00,3ª DP,"Macrofotografia, Empoamento, Luz forense/lanterna",False,False,0.1929
Feminicídio,Residência,0,25,0,2023-08-25 15:14:00,DRFC (Furtos),"Empoamento, Macrofotografia",True,True,0.9607
Afogamento,Hospital,N/A,36,0,2023-03-04 02:07:00,3ª DP,Luz forense/lanterna,False,True,0.2792
Violação de Sepultura,Terreno Baldio,3,59,1,2023-12-10 12:34:00,3ª DP,"Macrofotografia, Luz forense/lanterna",False,False,0.1853
Tentativa de Suicídio,Hospital,0,84,3,2024-01-01 14:04:00,DCA (Criança e Adolescente),"Luz forense/lanterna, Empoamento, Macrofotografia",True,True,0.4819
Infanticídio,Estabelecimento Comercial,9,15,4,2023-06-18 11:48:00,DCA (Criança e Adolescente),"Empoamento, Luz forense/lanterna",False,False,0.6568
Ossada Encontrada,Hospital,4,15,0,2023-10-16 01:31:00,DHPP (Homicídios),"Macrofotografia, Empoamento, Luz forense/lanterna",False,True,0.3215
Feto Encontrado,Área Rural,1,7,5,2023-05-23 23:15:00,DHPP (Homicídios),"Macrofotografia, Luz forense/lanterna, Empoamento",False,False,0.736
Dano Seguido de Lesão Corporal,DP,1,8,3,2023-04-03 21:25:00,1ª DP,"Macrofotografia, Luz forense/lanterna",False,False,0.3987
Homicídio,Hospital,8,22,5,2023-08-08 04:06:00,1ª DP,"Empoamento, Luz forense/lanterna, Macrofotografia",True,False,0.8163
Explosão (com vítima),Área Rural,0,17,4,2023-07-06 22:32:00,DEAM (Mulher),Empoamento,False,False,0.4385
Pichação,Hospital,3,8,0,2023-03-11 23:17:00,DEAM (Mulher),Empoamento,False,False,0.1596
Pichação,Via Pública,0,30,2,2023-06-03 22:48:00,DRFC (Furtos),Macrofotografia,True,False,0.3456
Disparo de Arma de Fogo,Estabelecimento Comercial,2,8,0,2023-07-30 14:52:00,DCA (Criança e Adolescente),"Macrofotografia, Empoamento, Luz forense/lanterna",True,True,0.7133
Ameaça,Via Pública,2,38,0,2023-07-29 00:37:00,2ª DP,"Macrofotografia, Empoamento, Luz forense/lanterna",True,False,0.2549
Incêndio (com vítima),Área Rural,6,26,3,2023-11-02 19:09:00,DEAM (Mulher),Luz forense/lanterna,False,True,0.5828
Aborto,DP,2,70,1,2023-08-28 04:45:00,DRFC (Furtos),"Luz forense/lanterna, Empoamento, Macrofotografia",False,False,0.1459
Feminicídio,Hospital,4,20,3,2023-07-26 06:10:00,DEAM (Mulher),"Empoamento, Macrofotografia",False,False,0.6622
Lesão Corporal,Hospital,1,35,0,2023-12-03 21:23:00,DCA (Criança e Adolescente),Luz forense/lanterna,True,False,0.5687
Homicídio,Residência,0,24,1,2023-11-08 08:40:00,2ª DP,Macrofotografia,False,False,0.7206
Roubo,Terreno Baldio,-4,30,0,2023-01-14 19:39:00,2ª DP,"Macrofotografia, Empoamento, Luz forense/lanterna",False,False,0.4106
Explosão (com vítima),Via Pública,4,65,0,2023-06-16 02:16:00,1ª DP,Macrofotografia,True,True,0.6729
Tráfico de Entorpecentes,Pátio,1,9,1,2023-06-09 22:40:00,DHPP (Homicídios),Macrofotografia,True,True,0.4678
Furto Qualificado (arrombamento),Hospital,1,8,3,2023-07-17 00:48:00,2ª DP,"Luz forense/lanterna, Macrofotografia",True,True,0.4218
Adulteração de Placa e/ou Lacre,Residência,2,21,1,2023-12-13 12:05:00,DEAM (Mulher),"Macrofotografia, Luz forense/lanterna, Empoamento",False,False,0.1223
Explosão (com vítima),Área Rural,0,5,10,2023-07-01 08:24:00,2ª DP,"Luz forense/lanterna, Macrofotografia, Empoamento",False,False,0.3577
Arremesso de Projétil,Estabelecimento Comercial,10,18,3,2023-09-29 11:48:00,DEAM (Mulher),"Macrofotografia, Luz forense/lanterna, Empoamento",True,,0.3027
Tráfico de Entorpecentes,Via Pública,1,17,2,2023-06-03 01:15:00,DRFC (Furtos),Luz forense/lanterna,True,True,0.4161
Furto em Interior de Veículo,Hospital,0,39,6,2023-05-22 12:28:00,DRFC (Furtos),Empoamento,False,True,0.2887
Incêndio (sem vítima),Pátio,0,9,0,2023-04-25 04:15:00,1ª DP,"Empoamento, Luz forense/lanterna, Macrofotografia",False,False,0.1146
Maus Tratos de Animal,Pátio,0,23,2,2023-11-20 08:46:00,3ª DP,Macrofotografia,False,True,0.3005
Violação de Sepultura,DP,1,16,9,2023-06-04 07:44:00,1ª DP,"Empoamento, Luz forense/lanterna",True,True,0.4293
Homicídio,Residência,0,7,3,2023-05-30 16:11:00,DRFC (Furtos),"Empoamento, Luz forense/lanterna",True,True,0.9704
Desmanche de Veículos,DP,1,29,0,2023-03-05 11:40:00,DHPP (Homicídios),"Macrofotografia, Empoamento, Luz forense/lanterna",False,False,0.125
Eletroplessão,Pátio,1,31,1,2023-06-12 07:03:00,DRFC (Furtos),"Empoamento, Luz forense/lanterna, Macrofotografia",Nao,True,0.4164
Adulteração de Placa e/ou Lacre,Pátio,0,35,1,2023-02-26 19:09:00,DRFC (Furtos),"Empoamento, Luz forense/lanterna, Macrofotografia",True,False,0.3489
Furto d'água,Hospital,4,6,2,2023-04-15 03:48:00,DEAM (Mulher),"Empoamento, Macrofotografia, Luz forense/lanterna",True,True,0.4609
Exercício Arbitrário das Próprias Razões,Terreno Baldio,0,6,1,2023-04-06 12:05:00,DHPP (Homicídios),Luz forense/lanterna,True,False,0.322
Feminicídio,Residência,5,6,0,2023-06-14 11:29:00,2ª DP,"Luz forense/lanterna, Empoamento",True,False,0.89
Infanticídio,Hospital,3,39,6,2023-05-22 05:47:00,DCA (Criança e Adolescente),"Macrofotografia, Luz forense/lanterna, Empoamento",True,True,0.9909
Ameaça,Residência,3,107,0,2023-09-02 21:09:00,DHPP (Homicídios),"Luz forense/lanterna, Empoamento, Macrofotografia",False,False,0.1089
Ossada Encontrada,Área Rural,4,31,1,2023-11-15 22:19:00,3ª DP,"Luz forense/lanterna, Macrofotografia",False,False,0.1906
Furto,Hospital,1,78,1,2023-12-27 15:14:00,DRFC (Furtos),Luz forense/lanterna,True,False,0.2562
Incêndio (com vítima),Estabelecimento Comercial,0,7,0,2023-11-04 06:03:00,DEAM (Mulher),Luz forense/lanterna,True,False,0.582
Roubo,Hospital,1,13,1,2023-08-27 13:36:00,3ª DP,Luz forense/lanterna,True,False,0.5922
Violação de Domicílio,Terreno Baldio,7,49,1,2023-06-14 02:28:00,DHPP (Homicídios),"Luz forense/lanterna, Empoamento",True,True,0.4008
Furto d'água,Estabelecimento Comercial,0,15,5,2023-07-03 07:55:00,DHPP (Homicídios),"Empoamento, Luz forense/lanterna, Macrofotografia",True,False,0.3177
Explosão (sem vítima),Estabelecimento Comercial,5,36,9,2023-06-29 20:49:00,3ª DP,"Empoamento, Macrofotografia, Luz forense/lanterna",False,False,0.1734
Estelionato,Residência,2,5,3,2023-04-30 21:36:00,DCA (Criança e Adolescente),Luz forense/lanterna,False,True,0.316
Dano,Via Pública,0,29,0,2023-04-08 13:45:00,2ª DP,Empoamento,true,False,0.2572
Feto Encontrado,Hospital,0,63,1,2023-03-09 13:16:00,DHPP (Homicídios),Luz forense/lanterna,True,False,0.8655
Feto Encontrado,Residência,2,999999,0,2023-07-15 09:18:00,3ª DP,Luz forense/lanterna,True,False,0.8238
Lesão Corporal,Pátio,2,6,3,2023-09-27 19:40:00,1ª DP,"Empoamento, Macrofotografia",True,False,0.5643
Feto Encontrado,Residência,1,39,1,2023-08-30 06:47:00,1ª DP,"Luz forense/lanterna, Macrofotografia, Empoamento",True,False,0.8744
Aborto,Hospital,0,9,,2023-12-22 20:13:00,DHPP (Homicídios),"Empoamento, Luz forense/lanterna",True,False,0.3358
Morte Aparentemente Natural,Terreno Baldio,1,24,0,2023-11-22 23:59:00,DCA (Criança e Adolescente),"Macrofotografia, Empoamento",True,False,0.2651
Violação de Domicílio,Estabelecimento Comercial,3,8,0,2023-01-13 07:32:00,DEAM (Mulher),Macrofotografia,False,True,0.2991
Maus Tratos de Animal,Terreno Baldio,2,65,0,2023-05-03 13:54:00,DRFC (Furtos),"Luz forense/lanterna, Empoamento, Macrofotografia",False,Nao,0.1813
Homicídio,Pátio,6,31,3,2023-02-21 00:16:00,3ª DP,"Macrofotografia, Empoamento",True,True,1.0
Tráfico de Entorpecentes,Hospital,1,35,2,2023-13-45,DEAM (Mulher),"Empoamento, Macrofotografia, Luz forense/lanterna",True,False,0.3335
Explosão (com vítima),Residência,11,5,0,2023-12-31 23:23:00,3ª DP,"Luz forense/lanterna, Empoamento, Macrofotografia",False,False,0.4087
Dano Seguido de Lesão Corporal,DP,0,34,1,2023-10-23 04:21:00,DCA (Criança e Adolescente),"Macrofotografia, Empoamento, Luz forense/lanterna",True,False,0.5236
Marca em Animal,Residência,3,5,2,2023-09-24 21:58:00,DCA (Criança e Adolescente),"Empoamento, Macrofotografia",False,False,0.1733
Tentativa de Homicídio,Via Pública,4,9,3,2023-11-28 15:57:00,DEAM (Mulher),"Empoamento, Luz forense/lanterna, Macrofotografia",True,False,0.8898
Exercício Arbitrário das Próprias Razões,Terreno Baldio,2,6,0,2023-06-30 14:00:00,DRFC (Furtos),"Luz forense/lanterna, Empoamento, Macrofotografia",False,True,0.2505
Violação de Domicílio,Área Rural,4,14,0,2023-08-30 18:13:00,DEAM (Mulher),"Macrofotografia, Empoamento, Luz forense/lanterna",False,True,0.2513
Furto em Interior de Veículo,Via Pública,4,8,1,2023-01-03 18:19:00,DHPP (Homicídios),"Macrofotografia, Luz forense/lanterna",False,False,0.1042
Furto em Interior de Veículo,DP,1,24,2,2023-12-02 07:49:00,1ª DP,"Empoamento, Macrofotografia, Luz forense/lanterna",True,True,0.4193
Furto Qualificado (arrombamento),DP,11,39,0,2023-11-13 05:46:00,DRFC (Furtos),"Macrofotografia, Empoamento",True,True,0.4922
Aborto,  Terreno Baldio  ,3,87,1,2023-07-24 23:40:00,DHPP (Homicídios),"Luz forense/lanterna, Empoamento",True,False,0.3455
Feto Encontrado,Residência,3,11,0,2023-05-05 01:27:00,DCA (Criança e Adolescente),"Empoamento, Luz forense/lanterna, Macrofotografia",False,False,0.7431
Explosão (com vítima),Estabelecimento Comercial,0,23,1,2023-05-11 18:19:00,DEAM (Mulher),"Macrofotografia, Luz forense/lanterna",False,False,0.3959
Furto de Energia Elétrica ou Termodinâmica,Área Rural,0,7,1,31/02/2023 25:00:00,2ª DP,"Macrofotografia, Empoamento, Luz forense/lanterna",True,True,0.4927
Tentativa de Homicídio,DP,3,38,3,2023-12-23 06:17:00,DCA (Criança e Adolescente),Empoamento,True,False,0.87
Veículo Localizado (furtado ou roubado),Hospital,10,23,0,2023-01-30 06:04:00,1ª DP,"Macrofotografia, Luz forense/lanterna, Empoamento",True,True,0.4015
Disparo de Arma de Fogo,Pátio,4,7,0,2023-08-27 04:37:00,DCA (Criança e Adolescente),Macrofotografia,True,False,0.5499
Violação de Domicílio,Área Rural,3,12,1,31/02/2023 25:00:00,1ª DP,"Luz forense/lanterna, Empoamento, Macrofotografia",True,False,0.3221
Arremesso de Projétil,Via Pública,0,5,2,2023-11-17 10:35:00,DRFC (Furtos),"Macrofotografia, Empoamento",False,False,0.1119
Violação de Sepultura,Hospital,0,6,2,2023-02-22 23:42:00,1ª DP,"Empoamento, Macrofotografia",False,False,0.1885
Explosão (sem vítima),Hospital,3,7,9,2023-09-05 11:14:00,DHPP (Homicídios),"Luz forense/lanterna, Empoamento, Macrofotografia",True,False,0.3203
Extorsão,Estabelecimento Comercial,9,15,0,2023-03-05 05:41:00,DRFC (Furtos),"Empoamento, Luz forense/lanterna, Macrofotografia",True,False,0.5057
Maus Tratos de Animal,Estabelecimento Comercial,2,6,-10,2023-05-31 06:32:00,DEAM (Mulher),"Macrofotografia, Empoamento",True,False,0.2829
Adulteração de Placa e/ou Lacre,Residência,2,13,0,2023-07-11 08:02:00,DEAM (Mulher),"Luz forense/lanterna, Macrofotografia, Empoamento",True,True,0.4586
Homicídio,Via Pública,3,30,1,2023-03-23 23:27:00,1ª DP,Macrofotografia,False,True,0.8447
Veículo Localizado (furtado ou roubado),Área Rural,3,41,1,2023-02-04 14:09:00,2ª DP,"Luz forense/lanterna, Empoamento, Macrofotografia",False,True,0.29
Disparo de Arma de Fogo,Hospital,8,12,0,2023-03-23 17:23:00,DCA (Criança e Adolescente),"Luz forense/lanterna, Empoamento, Macrofotografia",True,True,0.6531
Tráfico de Entorpecentes,DP,2,28,0,2023-06-06 12:20:00,1ª DP,"Macrofotografia, Luz forense/lanterna",False,True,0.3446
Furto Qualificado (arrombamento),Estabelecimento Comercial,5,5,3,2023-10-18 23:08:00,3ª DP,"Macrofotografia, Luz forense/lanterna",True,False,0.316
Homicídio,Estabelecimento Comercial,0,7,1,2023-08-29 00:47:00,DHPP (Homicídios),Luz forense/lanterna,True,False,0.8722
Tentativa de Homicídio,Estabelecimento Comercial,0,25,0,2023-08-17 10:53:00,DCA (Criança e Adolescente),"Macrofotografia, Luz forense/lanterna, Empoamento",True,False,0.8465
Adulteração de Placa e/ou Lacre,Via Pública,1,25,1,2023-08-30 13:30:00,3ª DP,Empoamento,False,False,0.1228
Exercício Arbitrário das Próprias Razões,Estabelecimento Comercial,9,10,0,2023-11-24 11:57:00,DCA (Criança e Adolescente),"Empoamento, Luz forense/lanterna",True,False,0.266
Infanticídio,DP,13,15,0,2023-12-13 20:07:00,1ª DP,Macrofotografia,False,False,0.7437
Roubo Com Estupro,DP,5,22,1,2023-01-18 13:46:00,DRFC (Furtos),"Empoamento, Macrofotografia",True,False,0.8424
Furto de Energia Elétrica ou Termodinâmica,Pátio,0,36,1,2023-03-22 13:20:00,DRFC (Furtos),"Empoamento, Macrofotografia",True,False,0.3127
Veículo Localizado (furtado ou roubado),Estabelecimento Comercial,1,18,4,2023-02-12 21:07:00,2ª DP,"Empoamento, Luz forense/lanterna, Macrofotografia",True,False,0.2552
Homicídio,Terreno Baldio,6,120,1,2023-07-18 01:07:00,,Macrofotografia,False,True,0.8874
Furto de Energia Elétrica ou Termodinâmica,Terreno Baldio,5,15,0,2023-07-27 13:17:00,3ª DP,"Macrofotografia, Luz forense/lanterna, Empoamento",True,True,0.4554
Disparo de Arma de Fogo,Terreno Baldio,0,29,1,2023-04-16 09:52:00,2ª DP,"Empoamento, Macrofotografia",False,True,0.5219
Disparo de Arma de Fogo,Terreno Baldio,0,36,3,2023-10-05 02:10:00,DEAM (Mulher),"Macrofotografia, Empoamento, Luz forense/lanterna",True,True,0.7154
Furto,Pátio,0,26,2,2023-09-05 15:41:00,DRFC (Furtos),"Luz forense/lanterna, Empoamento, Macrofotografia",True,True,0.494
Extorsão,Pátio,0,33,2,2023-11-30 04:12:00,DHPP (Homicídios),"Luz forense/lanterna, Macrofotografia, Empoamento",False,True,0.5623
Dano,Estabelecimento Comercial,9,12,0,2023-06-28 13:11:00,DEAM (Mulher),Macrofotografia,False,False,0.1978
Infanticídio,Terreno Baldio,0,19,4,2023-11-29 12:09:00,DHPP (Homicídios),Empoamento,True,False,0.8418
Suicídio,Área Rural,3,13,0,2023-11-24 23:19:00,3ª DP,"Macrofotografia, Luz forense/lanterna",False,False,0.1309
Roubo Com Estupro,Hospital,4,5,4,2023-06-24 03:48:00,DRFC (Furtos),"Empoamento, Macrofotografia",False,False,0.6657
Explosão (com vítima),Via Pública,0,32,0,2023-10-19 22:24:00,DRFC (Furtos),"Empoamento, Luz forense/lanterna, Macrofotografia",False,False,0.4197
Roubo,Residência,3,33,0,2023-11-13 23:46:00,DCA (Criança e Adolescente),"Luz forense/lanterna, Empoamento, Macrofotografia",True,True,0.6939
Ossada Encontrada,DP,1,12,2,2023-12-29 10:41:00,2ª DP,Macrofotografia,True,False,0.2973
Incêndio (sem vítima),Terreno Baldio,0,10,1,2023-04-07 19:28:00,1ª DP,Luz forense/lanterna,False,False,0.14
Adulteração de Placa e/ou Lacre,Terreno Baldio,0,57,1,2023-01-05 06:13:00,2ª DP,Luz forense/lanterna,False,False,0.105
Exercício Arbitrário das Próprias Razões,Estabelecimento Comercial,0,9,1,2023-03-19 18:36:00,3ª DP,"Macrofotografia, Luz forense/lanterna",True,False,0.3263
Suicídio,Via Pública,3,14,0,2023-05-22 02:57:00,2ª DP,"Macrofotografia, Empoamento",True,True,0.4622
Feto Encontrado,Terreno Baldio,2,28,3,2023-09-25 19:56:00,DCA (Criança e Adolescente),"Empoamento, Macrofotografia",True,False,0.8508
Furto Qualificado (arrombamento),Residência,0,19,1,2023-01-16 23:18:00,DCA (Criança e Adolescente),Luz forense/lanterna,False,False,0.1243
Ossada Encontrada,Residência,1,24,5,2023-01-10 00:15:00,2ª DP,"Macrofotografia, Luz forense/lanterna",True,True,0.4804
Furto em Interior de Veículo,Via Pública,0,11,0,2023-03-01 20:35:00,1ª DP,"Empoamento, Luz forense/lanterna, Macrofotografia",True,False,0.3102
Ameaça,Hospital,6,69,0,2023-07-08 22:56:00,DEAM (Mulher),Macrofotografia,False,False,0.1672
Homicídio,Pátio,4,13,2,2023-07-06 00:58:00,DCA (Criança e Adolescente),"Macrofotografia, Luz forense/lanterna",False,False,0.7484
Adulteração de Placa e/ou Lacre,Terreno Baldio,2,19,1,2023-03-04 00:51:00,2ª DP,Luz forense/lanterna,False,False,0.1629
Exercício Arbitrário das Próprias Razões,Terreno Baldio,1,8,0,data_invalida,2ª DP,"Macrofotografia, Luz forense/lanterna",True,True,0.4677
Aborto,Estabelecimento Comercial,3,24,0,2023-03-05 20:01:00,1ª DP,Empoamento,False,False,0.1669
Abandono de Incapaz,DP,1,25,1,2023-09-15 21:34:00,DCA (Criança e Adolescente),"Luz forense/lanterna, Empoamento, Macrofotografia",False,True,0.8651
Explosão (com vítima),Terreno Baldio,9,12,2,2023-07-15 09:58:00,DHPP (Homicídios),"Luz forense/lanterna, Empoamento",False,True,0.5838
Pichação,Via Pública,3,23,1,2023-11-30 22:47:00,1ª DP,"Empoamento, Macrofotografia, Luz forense/lanterna",False,False,0.115
Ossada Encontrada,Via Pública,2,10,1,2023-08-13 17:53:00,2ª DP,"Luz forense/lanterna, Empoamento",False,True,0.2766
Receptação,Via Pública,1,13,0,2023-06-01 18:27:00,DRFC (Furtos),"Luz forense/lanterna, Macrofotografia",True,True,0.4805
Furto,Terreno Baldio,9,5,0,2023-06-19 07:45:00,2ª DP,Empoamento,True,False,0.3377
Furto de Energia Elétrica ou Termodinâmica,Hospital,0,11,1,2023-03-23 05:14:00,DHPP (Homicídios),"Luz forense/lanterna, Empoamento, Macrofotografia",True,False,0.2713
Desmanche de Veículos,Estabelecimento Comercial,1,5,2,2023-08-04 21:20:00,DHPP (Homicídios),"Macrofotografia, Empoamento",True,False,0.3377
Marca em Animal,Via Pública,2,33,1,2023-04-29 07:14:00,3ª DP,"Macrofotografia, Empoamento",False,False,0.1038
Tentativa de Homicídio,Via Pública,1,11,0,2023-05-01 20:06:00,2ª DP,"Empoamento, Macrofotografia",False,False,0.7263
Eletroplessão,Residência,1,21,5,2023-05-25 08:35:00,DEAM (Mulher),"Luz forense/lanterna, Empoamento",False,False,0.1471
Furto,DP,5,17,0,2023-11-15 15:59:00,1ª DP,"Luz forense/lanterna, Empoamento",True,True,0.4308
Roubo,DP,6,18,0,2023-03-10 16:24:00,2ª DP,"Macrofotografia, Empoamento",False,False,0.383
Aborto,DP,0,10,1,2023-05-06 02:12:00,2ª DP,Luz forense/lanterna,False,False,0.1706
Abandono de Incapaz,Hospital,0,24,3,2023-11-13 08:04:00,DRFC (Furtos),"Empoamento, Luz forense/lanterna, Macrofotografia",True,True,0.9665
Furto de Energia Elétrica ou Termodinâmica,Estabelecimento Comercial,0,41,4,2023-08-28 22:22:00,DEAM (Mulher),"Empoamento, Macrofotografia",True,True,0.4675
Furto d'água,DP,0,13,1,2023-02-28 14:14:00,2ª DP,"Luz forense/lanterna, Macrofotografia",False,False,0.1237
Ameaça,Via Pública,0,12,5,2023-03-04 00:49:00,DHPP (Homicídios),"Luz forense/lanterna, Macrofotografia",False,False,0.1998
Pichação,Hospital,1,7,0,2023-08-20 09:37:00,1ª DP,"Empoamento, Macrofotografia",False,True,0.3113
Roubo Com Estupro,Via Pública,3,5,3,2023-06-27 15:22:00,DEAM (Mulher),"Macrofotografia, Luz forense/lanterna, Empoamento",False,False,0.6751
Furto de Energia Elétrica ou Termodinâmica,Residência,1,42,1,2023-09-03 08:40:00,DHPP (Homicídios),"Macrofotografia, Luz forense/lanterna",True,False,0.2746
Tentativa de Homicídio,Pátio,0,31,1,2023-07-28 01:14:00,3ª DP,"Luz forense/lanterna, Empoamento, Macrofotografia",True,True,0.9944
Maus Tratos de Animal,Terreno Baldio,2,13,3,2023-04-28 20:01:00,2ª DP,"Empoamento, Luz forense/lanterna",False,False,0.1287
Arremesso de Projétil,Via Pública,2,11,6,2023-11-26 12:39:00,3ª DP,Empoamento,False,False,0.1673
Homicídio,Área Rural,0,5,0,2023-12-27 04:33:00,3ª DP,"Macrofotografia, Luz forense/lanterna, Empoamento",True,False,0.8537
Violação de Domicílio,Estabelecimento Comercial,2,13,,2023-04-09 05:37:00,1ª DP,"Macrofotografia, Empoamento",True,False,0.305
Afogamento,DP,3,14,0,2023-08-14 15:27:00,3ª DP,"Macrofotografia, Luz forense/lanterna",False,True,0.3372
Adulteração de Placa e/ou Lacre,Via Pública,9,40,0,2023-01-27 22:26:00,3ª DP,"Macrofotografia, Empoamento, Luz forense/lanterna",True,False,0.2817
Desmanche de Veículos,Residência,1,68,8,2023-06-16 06:56:00,DRFC (Furtos),"Empoamento, Macrofotografia, Luz forense/lanterna",True,True,0.4617
Furto de Energia Elétrica ou Termodinâmica,Hospital,0,5,2,2023-05-12 22:36:00,DEAM (Mulher),"Luz forense/lanterna, Empoamento",False,True,0.2967
Cadáver Encontrado,Estabelecimento Comercial,2,48,2,2023-02-09 07:36:00,1ª DP,Luz forense/lanterna,,True,0.4528
Morte Aparentemente Natural,Residência,2,12,0,2023-12-14 18:06:00,1ª DP,Luz forense/lanterna,False,True,0.2659
Estelionato,Área Rural,0,66,0,2023-04-08 15:34:00,DRFC (Furtos),"Empoamento, Luz forense/lanterna",True,False,0.297
Local de Estupro e/ou Veículo Envolvido em Estupro,Pátio,5,14,0,2023-07-03 19:37:00,1ª DP,Empoamento,True,True,1.0
Explosão (sem vítima),Área Rural,1,38,1,2023-12-02 07:28:00,DCA (Criança e Adolescente),Empoamento,False,False,0.1743
Disparo de Arma de Fogo,Área Rural,0,55,2,2023-01-04 10:50:00,DHPP (Homicídios),"Empoamento, Macrofotografia, Luz forense/lanterna",False,True,0.5105
Local de Estupro e/ou Veículo Envolvido em Estupro,DP,1,14,N/A,2023-10-25 15:45:00,DHPP (Homicídios),Luz forense/lanterna,False,False,0.6843
Suicídio,Terreno Baldio,2,13,1,2023-04-25 20:58:00,DEAM (Mulher),"Luz forense/lanterna, Empoamento",True,False,0.3368
Cadáver Encontrado,Via Pública,5,44,3,2023-11-27 02:35:00,DHPP (Homicídios),"Luz forense/lanterna, Empoamento",False,False,0.1322
Veículo Localizado (furtado ou roubado),DP,4,14,3,2023-12-30 23:52:00,DHPP (Homicídios),Macrofotografia,False,False,0.1642
Maus Tratos de Animal,Área Rural,1,40,2,2023-11-06 07:41:00,2ª DP,Luz forense/lanterna,True,False,0.2936
Lesão Corporal,Hospital,1,22,0,2023-12-07 20:53:00,1ª DP,"Empoamento, Macrofotografia",True,True,0.7221
Feto Encontrado,Hospital,14,27,0,2023-04-30 23:49:00,3ª DP,"Luz forense/lanterna, Empoamento, Macrofotografia",True,True,0.9555
Tentativa de Suicídio,DP,1,9,0,2023-01-23 15:09:00,DHPP (Homicídios),"Empoamento, Macrofotografia",False,False,0.1114
Estelionato,Área Rural,11,11,2,2023-03-03 10:58:00,1ª DP,"Empoamento, Luz forense/lanterna",True,False,0.3047
Receptação,Terreno Baldio,2,5,8,2023-04-29 23:17:00,1ª DP,"Empoamento, Macrofotografia, Luz forense/lanterna",True,False,0.3386
Maus Tratos de Animal,Via Pública,1,24,0,2023-09-07 16:14:00,DRFC (Furtos),Empoamento,True,True,0.4296
Ossada Encontrada,Hospital,0,27,0,31/02/2023 25:00:00,DEAM (Mulher),"Luz forense/lanterna, Empoamento, Macrofotografia",False,False,0.1257
Arremesso de Projétil,Via Pública,4,18,1,2023-07-05 13:33:00,3ª DP,Macrofotografia,True,False,0.2887
Furto de Energia Elétrica ou Termodinâmica,Pátio,0,5,2,2023-09-08 18:59:00,2ª DP,"Macrofotografia, Empoamento, Luz forense/lanterna",False,False,0.192
Incêndio (sem vítima),Via Pública,2,70,2,2023-11-22 03:44:00,2ª DP,"Macrofotografia, Empoamento",True,False,0.276
Dano,Estabelecimento Comercial,0,9,1,2023-11-02 14:52:00,DRFC (Furtos),Macrofotografia,True,False,0.3137
Morte Aparentemente Natural,DP,2,40,0,2023-06-04 04:43:00,3ª DP,"Luz forense/lanterna, Macrofotografia, Empoamento",True,False,0.3411
Adulteração de Placa e/ou Lacre,DP,4,8,0,2023-01-18 20:42:00,DRFC (Furtos),"Macrofotografia, Luz forense/lanterna, Empoamento",False,True,0.3345
Explosão (com vítima),Estabelecimento Comercial,0,5,4,2023-06-21 21:46:00,1ª DP,Macrofotografia,False,False,0.3573
Aborto,DP,2,5,0,2023-07-05 18:00:00,DEAM (Mulher),"Macrofotografia, Empoamento, Luz forense/lanterna",False,False,0.1178
Homicídio,Via Pública,5,32,10,2023-06-17 17:22:00,2ª DP,Empoamento,True,True,1.0
Desmanche de Veículos,Área Rural,5,17,0,2023-13-45,1ª DP,"Macrofotografia, Empoamento",False,False,0.1726
Arremesso de Projétil,DP,0,34,0,2023-11-15 14:49:00,DHPP (Homicídios),"Luz forense/lanterna, Macrofotografia",False,False,0.1305
Arremesso de Projétil,Área Rural,0,14,1,2023-06-29 17:16:00,DCA (Criança e Adolescente),"Luz forense/lanterna, Empoamento, Macrofotografia",True,False,0.2942
Estelionato,DP,1,21,0,2023-09-14 03:53:00,DHPP (Homicídios),Luz forense/lanterna,True,False,0.2657
Dano Seguido de Lesão Corporal,Estabelecimento Comercial,5,10,5,2023-12-29 13:07:00,DRFC (Furtos),Luz forense/lanterna,True,True,0.739
Incêndio (sem vítima),DP,1,999999,0,2023-01-21 21:05:00,DRFC (Furtos),Empoamento,True,True,0.4583
Morte Aparentemente Natural,Estabelecimento Comercial,2,-8,8,2023-12-02 09:26:00,DHPP (Homicídios),"Macrofotografia, Luz forense/lanterna, Empoamento",True,True,0.4403
Eletroplessão,DP,4,19,2,2023-08-07 21:28:00,DCA (Criança e Adolescente),"Macrofotografia, Empoamento",False,True,0.2951
Receptação,Residência,10,52,0,2023-03-24 05:57:00,DHPP (Homicídios),"Macrofotografia, Empoamento, Luz forense/lanterna",True,False,0.3154
Aborto,DP,4,24,9,2023-09-23 19:16:00,DCA (Criança e Adolescente),"Luz forense/lanterna, Empoamento",True,False,0.3423
Violação de Domicílio,Estabelecimento Comercial,9,37,1,2023-03-16 12:10:00,1ª DP,"Empoamento, Luz forense/lanterna",False,True,0.3368
Homicídio,Área Rural,7,14,6,2023-02-12 01:16:00,2ª DP,"Empoamento, Luz forense/lanterna",True,False,0.8011
Roubo Com Estupro,Residência,1,15,3,2023-04-17 23:37:00,DEAM (Mulher),"Empoamento, Macrofotografia",True,False,0.824
Explosão (sem vítima),Estabelecimento Comercial,10,31,0,2023-09-16 07:55:00,DEAM (Mulher),"Empoamento, Macrofotografia, Luz forense/lanterna",False,False,0.1319
Homicídio,Hospital,0,54,0,2023-11-24 20:43:00,DRFC (Furtos),Luz forense/lanterna,True,False,0.8273
Cadáver Encontrado,Terreno Baldio,0,17,0,2023-09-13 06:38:00,3ª DP,"Empoamento, Luz forense/lanterna, Macrofotografia",False,True,0.3035
Arremesso de Projétil,Terreno Baldio,1,14,2,2023-06-17 01:32:00,DHPP (Homicídios),"Macrofotografia, Empoamento",False,True,0.275
Eletroplessão,Terreno Baldio,0,5,0,2023-09-07 10:46:00,DEAM (Mulher),"Macrofotografia, Empoamento, Luz forense/lanterna",True,True,0.4107
Furto d'água,Terreno Baldio,9,46,3,2023-13-45,1ª DP,Luz forense/lanterna,True,True,0.4414
Arremesso de Projétil,Pátio,3,28,6,2023-10-17 12:56:00,DCA (Criança e Adolescente),Empoamento,True,True,0.4438
Furto Qualificado (arrombamento),Estabelecimento Comercial,0,15,0,2023-03-25 14:32:00,DCA (Criança e Adolescente),Macrofotografia,True,True,0.4061
Incêndio (sem vítima),Via Pública,0,32,0,2023-09-28 16:51:00,DEAM (Mulher),Luz forense/lanterna,False,True,0.3111
Latrocínio e/ou Tentativa de Latrocínio,Área Rural,0,31,0,2023-02-12 03:37:00,2ª DP,"Luz forense/lanterna, Empoamento",True,True,1.0
Violação de Domicílio,DP,6,17,3,2023-09-08 06:53:00,DCA (Criança e Adolescente),"Empoamento, Macrofotografia, Luz forense/lanterna",True,True,0.4106
Incêndio (com vítima),Área Rural,2,17,1,2023-12-11 22:50:00,2ª DP,"Empoamento, Luz forense/lanterna",True,False,0.5545
Violação de Domicílio,Via Pública,1,41,4,2023-04-05 23:34:00,DRFC (Furtos),"Macrofotografia, Luz forense/lanterna, Empoamento",True,True,0.4721
Ameaça,Área Rural,2,13,0,2023-06-12 17:21:00,DRFC (Furtos),"Macrofotografia, Luz forense/lanterna",True,False,0.2986
Feminicídio,Via Pública,1,27,1,2023-12-01 10:16:00,DEAM (Mulher),Empoamento,True,False,0.8608
Violação de Sepultura,DP,3,71,7,2023-08-04 22:15:00,DHPP (Homicídios),Empoamento,False,False,0.1375
Furto d'água,Área Rural,13,14,1,31/02/2023 25:00:00,DRFC (Furtos),Macrofotografia,True,True,0.4679
Roubo Com Estupro,Terreno Baldio,0,7,0,2023-04-19 15:24:00,1ª DP,"Luz forense/lanterna, Empoamento, Macrofotografia",True,True,0.9824
Tráfico de Entorpecentes,Estabelecimento Comercial,0,9,1,2023-05-04 09:28:00,DHPP (Homicídios),"Macrofotografia, Empoamento",False,True,0.3179
Receptação,Pátio,4,43,1,2023-06-02 16:29:00,DCA (Criança e Adolescente),Luz forense/lanterna,False,True,0.3146
Local de Estupro e/ou Veículo Envolvido em Estupro,Área Rural,0,47,2,2023-09-11 13:45:00,DEAM (Mulher),Empoamento,True,,0.8306
Arremesso de Projétil,DP,3,20,2,2023-12-14 11:11:00,DRFC (Furtos),"Empoamento, Macrofotografia",Sim,False,0.1676
Cadáver Encontrado,Hospital,3,41,0,2023-02-13 10:30:00,DHPP (Homicídios),"Empoamento, Macrofotografia",False,False,0.198
Tentativa de Suicídio,Terreno Baldio,5,41,0,2023-08-20 11:00:00,DHPP (Homicídios),Macrofotografia,True,True,0.4749
Explosão (com vítima),Pátio,1,37,1,2023-10-06 03:23:00,DCA (Criança e Adolescente),"Luz forense/lanterna, Macrofotografia, Empoamento",True,False,0.5769
Local de Estupro e/ou Veículo Envolvido em Estupro,Estabelecimento Comercial,13,32,1,2023-07-31 20:10:00,DEAM (Mulher),"Empoamento, Luz forense/lanterna",False,False,0.708
Incêndio (com vítima),Residência,1,16,2,2023-09-21 02:47:00,DRFC (Furtos),"Empoamento, Luz forense/lanterna",True,True,0.6977
Receptação,Residência,1,29,0,2023-11-30 04:10:00,DEAM (Mulher),Luz forense/lanterna,False,False,0.1346
Furto,Pátio,7,163,0,2023-09-15 23:36:00,DHPP (Homicídios),"Empoamento, Macrofotografia, Luz forense/lanterna",False,True,0.2557
Homicídio,Estabelecimento Comercial,5,11,2,2023-05-26 05:01:00,3ª DP,"Macrofotografia, Luz forense/lanterna",True,False,0.8553
Dano Seguido de Lesão Corporal,Estabelecimento Comercial,2,40,3,2023-04-29 00:47:00,DCA (Criança e Adolescente),"Macrofotografia, Empoamento, Luz forense/lanterna",True,False,0.5126
Latrocínio e/ou Tentativa de Latrocínio,Terreno Baldio,0,7,1,2023-03-05 05:18:00,1ª DP,Empoamento,True,False,0.8747
Feto Encontrado,Área Rural,0,14,3,2023-09-16 09:28:00,1ª DP,"Empoamento, Luz forense/lanterna",True,False,0.8464
Extorsão,Residência,9,13,2,2023-12-15 19:42:00,DCA (Criança e Adolescente),"Luz forense/lanterna, Empoamento, Macrofotografia",True,False,0.5989
Maus Tratos de Animal,Estabelecimento Comercial,0,29,1,2023-10-30 00:32:00,1ª DP,"Macrofotografia, Empoamento",True,True,0.4197
Arremesso de Projétil,Via Pública,0,70,2,2023-03-22 18:23:00,DHPP (Homicídios),"Macrofotografia, Luz forense/lanterna",True,False,0.2713
Local de Estupro e/ou Veículo Envolvido em Estupro,Estabelecimento Comercial,3,16,0,2023-09-23 18:10:00,DCA (Criança e Adolescente),"Luz forense/lanterna, Macrofotografia",True,True,1.0
Suicídio,Hospital,0,28,0,2023-01-20 00:32:00,2ª DP,Macrofotografia,False,False,0.1119
Roubo Com Estupro,Hospital,0,54,3,2023-12-06 11:52:00,DHPP (Homicídios),Luz forense/lanterna,True,False,0.871
Aborto,DP,2,50,1,2023-09-18 15:33:00,3ª DP,Macrofotografia,True,False,0.2545
Explosão (sem vítima),DP,1,49,6,2023-02-09 11:28:00,2ª DP,"Macrofotografia, Empoamento, Luz forense/lanterna",False,False,0.1058
Roubo Com Estupro,Terreno Baldio,1,12,1,2023-09-19 07:04:00,2ª DP,"Luz forense/lanterna, Macrofotografia",True,False,0.8478
Furto em Interior de Veículo,DP,1,15,2,2023-02-15 19:30:00,1ª DP,"Luz forense/lanterna, Empoamento",True,False,0.3432
Estelionato,Área Rural,0,11,0,2023-02-23 05:57:00,3ª DP,Luz forense/lanterna,True,True,0.4231
Lesão Corporal,Estabelecimento Comercial,2,12,6,2023-11-17 10:08:00,DHPP (Homicídios),"Luz forense/lanterna, Empoamento",True,False,0.5451
Roubo,Estabelecimento Comercial,5,7,3,2023-03-29 06:04:00,DRFC (Furtos),"Luz forense/lanterna, Empoamento",False,False,0.4021
Cadáver Encontrado,Área Rural,1,65,1,2023-01-01 01:11:00,1ª DP,"Luz forense/lanterna, Macrofotografia, Empoamento",False,False,0.1899
Estelionato,Terreno Baldio,9,41,0,2023-07-04 05:07:00,DHPP (Homicídios),"Empoamento, Macrofotografia",False,True,0.3392
Feto Encontrado,Pátio,4,12,0,2023-01-10 05:01:00,DRFC (Furtos),"Empoamento, Luz forense/lanterna, Macrofotografia",False,True,0.8616
Ossada Encontrada,Hospital,2,43,2,2023-12-07 07:21:00,3ª DP,"Luz forense/lanterna, Macrofotografia, Empoamento",False,False,0.1351
Extorsão,Terreno Baldio,1,35,5,2023-01-20 10:27:00,DRFC (Furtos),Macrofotografia,False,False,0.3669
Eletroplessão,Hospital,3,16,1,2023-03-10 22:37:00,1ª DP,Luz forense/lanterna,True,True,0.4548
Dano Seguido de Lesão Corporal,Estabelecimento Comercial,2,21,0,2023-03-27 21:04:00,DHPP (Homicídios),Empoamento,False,False,0.4293
afogamento,Estabelecimento Comercial,3,12,7,2023-12-10 16:31:00,DEAM (Mulher),"Macrofotografia, Luz forense/lanterna, Empoamento",False,True,0.3251
Infanticídio,Residência,1,63,0,2023-05-13 13:14:00,DEAM (Mulher),Macrofotografia,True,False,0.8669
Incêndio (sem vítima),Terreno Baldio,0,34,0,2023-01-03 18:13:00,1ª DP,"Empoamento, Luz forense/lanterna",True,False,0.2614
Receptação,Terreno Baldio,0,5,1,2023-09-01 00:43:00,DRFC (Furtos),"Macrofotografia, Empoamento, Luz forense/lanterna",False,False,0.1073
Desmanche de Veículos,Estabelecimento Comercial,1,19,0,2023-03-09 23:58:00,DEAM (Mulher),"Luz forense/lanterna, Macrofotografia",True,True,0.4509
Arremesso de Projétil,,3,10,3,2023-06-09 02:10:00,DHPP (Homicídios),Luz forense/lanterna,True,False,0.307
Extorsão,Estabelecimento Comercial,999999,21,0,2023-03-12 21:15:00,1ª DP,"Empoamento, Luz forense/lanterna, Macrofotografia",False,True,0.5656
Local de Estupro e/ou Veículo Envolvido em Estupro,Área Rural,2,20,2,2023-03-12 09:26:00,1ª DP,Empoamento,True,True,1.0
Violação de Domicílio,Terreno Baldio,0,7,2,2023-05-13 09:52:00,DCA (Criança e Adolescente),Macrofotografia,True,False,0.3466
Afogamento,Terreno Baldio,2,19,0,2023-01-11 01:46:00,DEAM (Mulher),"Empoamento, Luz forense/lanterna, Macrofotografia",False,False,0.1168
Maus Tratos de Animal,Área Rural,0,6,1,2023-02-04 02:10:00,3ª DP,"Macrofotografia, Luz forense/lanterna",True,False,0.2851
Disparo de Arma de Fogo,Área Rural,2,19,1,2023-04-23 10:18:00,DEAM (Mulher),"Luz forense/lanterna, Empoamento",True,False,0.5384
Explosão (com vítima),Área Rural,0,46,2,2023-08-12 05:57:00,DHPP (Homicídios),"Luz forense/lanterna, Macrofotografia, Empoamento",True,True,0.6854
Marca em Animal,Terreno Baldio,15,29,1,2023-03-28 22:23:00,DCA (Criança e Adolescente),Macrofotografia,True,False,0.2972
Furto,Pátio,0,6,0,2023-05-03 10:44:00,2ª DP,"Macrofotografia, Empoamento",False,False,0.1332
Ameaça,Terreno Baldio,6,49,3,,DCA (Criança e Adolescente),Empoamento,True,False,0.3491
Ameaça,Área Rural,0,15,3,2023-01-02 16:32:00,2ª DP,"Macrofotografia, Empoamento",True,True,0.4652
Roubo,Pátio,1,N/A,2,2023-04-25 05:58:00,2ª DP,"Macrofotografia, Luz forense/lanterna, Empoamento",True,True,0.6594
Violação de Domicílio,Terreno Baldio,4,25,5,2023-06-13 17:44:00,DEAM (Mulher),Luz forense/lanterna,True,False,0.3034
Veículo Localizado (furtado ou roubado),DP,0,14,1,2023-12-13 14:53:00,DCA (Criança e Adolescente),Macrofotografia,False,False,0.1952
Adulteração de Placa e/ou Lacre,Via Pública,2,43,1,2023-10-12 15:42:00,3ª DP,"Luz forense/lanterna, Macrofotografia, Empoamento",False,False,0.1124
Tráfico de Entorpecentes,Via Pública,1,20,0,2023-07-10 09:16:00,2ª DP,"Luz forense/lanterna, Macrofotografia, Empoamento",True,,0.4048
Explosão (com vítima),Via Pública,0,77,1,2023-01-20 00:34:00,2ª DP,"Luz forense/lanterna, Empoamento, Macrofotografia",False,False,0.3833
Tráfico de Entorpecentes,Área Rural,0,42,0,,2ª DP,"Luz forense/lanterna, Macrofotografia",False,True,0.275
Cadáver Encontrado,Residência,2,9,3,2023-09-14 21:06:00,DEAM (Mulher),"Macrofotografia, Empoamento",False,False,0.1572
Furto Qualificado (arrombamento),Estabelecimento Comercial,4,100,0,2023-12-07 22:24:00,DEAM (Mulher),"Empoamento, Luz forense/lanterna",True,True,0.42
Adulteração de Placa e/ou Lacre,Estabelecimento Comercial,4,29,0,2023-02-24 23:41:00,DEAM (Mulher),"Macrofotografia, Luz forense/lanterna, Empoamento",True,False,0.3371
Ossada Encontrada,Residência,0,6,3,2023-07-23 22:46:00,DHPP (Homicídios),"Luz forense/lanterna, Macrofotografia, Empoamento",True,False,0.2807
Disparo de Arma de Fogo,DP,0,31,2,2023-11-29 10:26:00,DHPP (Homicídios),"Macrofotografia, Luz forense/lanterna",True,Sim,0.5019
Local de Estupro e/ou Veículo Envolvido em Estupro,Pátio,1,37,0,2023-02-03 21:32:00,DHPP (Homicídios),Empoamento,True,True,1.0
Explosão (com vítima),Área Rural,2,31,2,2023-07-10 03:41:00,DCA (Criança e Adolescente),"Luz forense/lanterna, Macrofotografia",True,False,0.5041
Tentativa de Homicídio,Residência,20,9,1,2023-02-19 17:57:00,DHPP (Homicídios),"Luz forense/lanterna, Macrofotografia, Empoamento",False,True,0.8173
Tráfico de Entorpecentes,Área Rural,2,5,0,2023-09-22 03:45:00,3ª DP,"Empoamento, Luz forense/lanterna",False,False,0.1069
Roubo Com Estupro,Área Rural,3,27,3,2023-02-05 06:05:00,DHPP (Homicídios),Macrofotografia,,False,0.6924
Receptação,Pátio,1,6,4,2023-02-22 20:23:00,DHPP (Homicídios),"Luz forense/lanterna, Macrofotografia, Empoamento",False,False,0.1732
Aborto,Área Rural,1,26,2,data_invalida,2ª DP,"Luz forense/lanterna, Macrofotografia, Empoamento",True,True,0.4215
Suicídio,Terreno Baldio,1,8,4,2023-03-28 06:19:00,DEAM (Mulher),"Luz forense/lanterna, Empoamento",False,False,0.106
Suicídio,Estabelecimento Comercial,2,7,1,2023-07-19 01:53:00,2ª DP,"Empoamento, Macrofotografia, Luz forense/lanterna",True,False,0.3336
Incêndio (sem vítima),Pátio,14,50,1,2023-01-13 13:14:00,1ª DP,Empoamento,False,False,0.1896
Violação de Sepultura,Estabelecimento Comercial,1,35,2,2023-10-07 01:38:00,DRFC (Furtos),"Luz forense/lanterna, Empoamento, Macrofotografia",False,False,0.15
Furto d'água,DP,0,23,0,2023-09-05 21:14:00,2ª DP,"Luz forense/lanterna, Empoamento, Macrofotografia",False,False,0.1419
Feto Encontrado,Hospital,3,49,0,2023-10-08 14:15:00,DRFC (Furtos),Macrofotografia,True,False,0.8917
Incêndio (com vítima),Hospital,13,8,0,2023-11-01 14:43:00,DEAM (Mulher),Macrofotografia,True,False,0.5453
Incêndio (com vítima),Hospital,2,18,1,2023-04-16 23:24:00,DHPP (Homicídios),"Empoamento, Luz forense/lanterna",False,False,0.403
Explosão (sem vítima),Área Rural,0,52,5,2023-03-28 00:29:00,2ª DP,"Empoamento, Macrofotografia, Luz forense/lanterna",True,False,0.3321
Explosão (com vítima),Pátio,5,27,0,2023-10-26 09:55:00,DHPP (Homicídios),"Luz forense/lanterna, Macrofotografia",True,False,0.5506
Pichação,DP,N/A,27,3,2023-09-21 11:02:00,1ª DP,Macrofotografia,True,False,0.3037
,Área Rural,2,57,1,2023-11-26 11:24:00,DHPP (Homicídios),"Empoamento, Macrofotografia",False,False,0.1513
Desmanche de Veículos,Estabelecimento Comercial,3,46,4,2023-07-07 16:23:00,DEAM (Mulher),"Luz forense/lanterna, Empoamento, Macrofotografia",False,False,0.189
Cadáver Encontrado,Área Rural,1,12,0,2023-06-24 15:19:00,DHPP (Homicídios),"Empoamento, Macrofotografia, Luz forense/lanterna",False,False,0.1002
Exercício Arbitrário das Próprias Razões,DP,2,18,1,2023-07-27 21:57:00,DRFC (Furtos),"Macrofotografia, Empoamento, Luz forense/lanterna",True,True,0.4833
Furto Qualificado (arrombamento),Hospital,4,42,0,2023-08-02 12:37:00,3ª DP,"Luz forense/lanterna, Macrofotografia, Empoamento",True,True,0.4508
Tentativa de Suicídio,Hospital,4,22,0,2023-02-12 06:56:00,1ª DP,"Macrofotografia, Empoamento, Luz forense/lanterna",False,False,0.1123
Exercício Arbitrário das Próprias Razões,Estabelecimento Comercial,2,66,0,2023-06-08 04:04:00,3ª DP,"Empoamento, Luz forense/lanterna, Macrofotografia",True,True,0.4907
Explosão (com vítima),DP,5,64,0,2023-08-06 18:15:00,1ª DP,Luz forense/lanterna,True,False,0.5708
Aborto,Pátio,1,59,4,2023-10-31 17:28:00,1ª DP,"Macrofotografia, Luz forense/lanterna",False,True,0.3116
Pichação,Hospital,0,20,0,2023-01-02 17:03:00,2ª DP,"Luz forense/lanterna, Macrofotografia, Empoamento",False,True,0.2816
Feminicídio,Área Rural,0,7,2,2023-03-14 09:53:00,1ª DP,"Macrofotografia, Empoamento, Luz forense/lanterna",True,False,0.8977
Estelionato,Pátio,1,5,0,2023-12-31 14:54:00,DCA (Criança e Adolescente),"Luz forense/lanterna, Empoamento",True,True,0.4687
Furto Qualificado (arrombamento),Estabelecimento Comercial,0,83,1,2023-10-05 19:27:00,DRFC (Furtos),"Luz forense/lanterna, Macrofotografia",True,False,0.3051
Furto,Estabelecimento Comercial,1,9,2,2023-11-18 10:27:00,DCA (Criança e Adolescente),Empoamento,True,False,0.3043
Suicídio,DP,1,27,5,2023-11-24 22:09:00,2ª DP,"Macrofotografia, Luz forense/lanterna",False,False,0.1772
Incêndio (sem vítima),Estabelecimento Comercial,11,19,1,2023-07-20 02:46:00,2ª DP,Macrofotografia,False,False,0.1332
Latrocínio e/ou Tentativa de Latrocínio,Hospital,3,30,N/A,2023-12-24 19:57:00,2ª DP,Macrofotografia,False,True,0.8235
Receptação,Residência,1,11,1,2023-04-01 17:21:00,DHPP (Homicídios),Empoamento,False,True,0.3343
Feto Encontrado,Área Rural,8,24,2,2023-02-14 03:01:00,DRFC (Furtos),"Macrofotografia, Luz forense/lanterna",False,True,0.814
Eletroplessão,Estabelecimento Comercial,2,39,0,2023-09-12 03:08:00,2ª DP,"Luz forense/lanterna, Empoamento, Macrofotografia",True,True,0.4195
Arremesso de Projétil,Terreno Baldio,0,25,3,2023-10-14 06:48:00,DHPP (Homicídios),"Luz forense/lanterna, Empoamento",False,True,0.2881
Aborto,DP,0,16,1,2023-01-01 22:54:00,1ª DP,"Luz forense/lanterna, Empoamento, Macrofotografia",False,False,0.1617
Arremesso de Projétil,Hospital,4,14,0,2023-05-30 18:57:00,DHPP (Homicídios),"Luz forense/lanterna, Macrofotografia",True,False,0.3112
Violação de Sepultura,Área Rural,1,18,0,2023-05-30 23:24:00,DCA (Criança e Adolescente),Empoamento,False,False,0.1522
Eletroplessão,Hospital,0,27,0,2023-04-01 11:35:00,2ª DP,Macrofotografia,False,True,0.3436
Roubo,Residência,3,42,1,2023-08-01 23:54:00,DRFC (Furtos),"Macrofotografia, Luz forense/lanterna, Empoamento",False,True,0.5606
Homicídio,Terreno Baldio,6,10,0,2023-11-13 23:30:00,DCA (Criança e Adolescente),"Luz forense/lanterna, Macrofotografia, Empoamento",True,True,1.0
Disparo de Arma de Fogo,Via Pública,1,20,0,2023-10-30 16:51:00,1ª DP,"Luz forense/lanterna, Empoamento",False,False,0.3596
Cadáver Encontrado,Pátio,0,70,0,2023-12-06 14:51:00,DHPP (Homicídios),Empoamento,True,False,0.3123
Incêndio (com vítima),Estabelecimento Comercial,2,5,1,2023-06-15 09:43:00,DRFC (Furtos),"Macrofotografia, Luz forense/lanterna",True,Nao,0.5226
Suicídio,Via Pública,1,6,3,2023-01-17 21:57:00,DCA (Criança e Adolescente),"Luz forense/lanterna, Macrofotografia, Empoamento",True,False,0.3247
Eletroplessão,Hospital,1,36,0,2023-04-15 23:37:00,3ª DP,"Macrofotografia, Luz forense/lanterna",True,True,0.4636
Furto d'água,Pátio,1,24,4,2023-12-08 03:56:00,DRFC (Furtos),"Empoamento, Macrofotografia, Luz forense/lanterna",True,False,0.347
Roubo,Área Rural,2,26,0,2023-06-03 07:22:00,DEAM (Mulher),"Macrofotografia, Empoamento",True,False,0.5622
Feto Encontrado,Estabelecimento Comercial,0,23,2,2023-06-25 05:01:00,DEAM (Mulher),"Empoamento, Luz forense/lanterna",True,False,0.8174
Ameaça,Pátio,1,9,14,2023-05-24 22:12:00,DHPP (Homicídios),Empoamento,False,False,0.1497
Arremesso de Projétil,Estabelecimento Comercial,2,10,3,2023-05-10 03:38:00,DCA (Criança e Adolescente),"Macrofotografia, Luz forense/lanterna",True,True,0.4676
Extorsão,Estabelecimento Comercial,2,18,,2023-01-31 21:43:00,2ª DP,Luz forense/lanterna,False,False,0.3727
Furto em Interior de Veículo,Terreno Baldio,4,61,1,,1ª DP,Empoamento,False,False,0.1808
Ossada Encontrada,Via Pública,0,6,0,2023-01-29 20:38:00,DEAM (Mulher),Macrofotografia,False,False,0.123
Roubo,Via Pública,4,18,1,2023-07-02 02:03:00,DEAM (Mulher),"Empoamento, Luz forense/lanterna, Macrofotografia",True,False,0.5097
Receptação,Via Pública,5,31,0,2023-02-27 04:01:00,2ª DP,Empoamento,True,False,0.2593
Estelionato,Pátio,9,15,3,2023-03-05 18:05:00,DEAM (Mulher),"Macrofotografia, Empoamento, Luz forense/lanterna",False,False,0.1252
Arremesso de Projétil,Área Rural,7,11,0,2023-08-02 21:20:00,2ª DP,Empoamento,True,False,0.3268
Explosão (com vítima),Terreno Baldio,1,30,0,2023-07-16 00:12:00,2ª DP,"Luz forense/lanterna, Macrofotografia, Empoamento",True,True,0.7028
Furto Qualificado (arrombamento),Estabelecimento Comercial,0,10,0,2023-03-01 16:20:00,2ª DP,"Macrofotografia, Empoamento, Luz forense/lanterna",true,False,0.1643
Furto,Estabelecimento Comercial,2,37,0,2023-11-19 18:30:00,1ª DP,"Empoamento, Macrofotografia",False,True,0.3269
Veículo Localizado (furtado ou roubado),DP,0,14,1,2023-08-27 06:53:00,DHPP (Homicídios),"Macrofotografia, Empoamento",True,True,0.4631
Ossada Encontrada,DP,1,65,0,2023-09-13 02:32:00,1ª DP,"Empoamento, Luz forense/lanterna",False,False,0.1756
Roubo,Área Rural,1,9,0,2023-05-08 18:14:00,DCA (Criança e Adolescente),Luz forense/lanterna,True,False,0.525
Abandono de Incapaz,DP,4,5,10,2023-06-12 08:01:00,3ª DP,"Empoamento, Macrofotografia, Luz forense/lanterna",False,True,0.8688
Disparo de Arma de Fogo,Via Pública,0,17,2,2023-01-28 07:31:00,2ª DP,"Macrofotografia, Luz forense/lanterna",False,False,0.3862
Maus Tratos de Animal,Hospital,7,5,0,2023-03-03 00:51:00,1ª DP,"Luz forense/lanterna, Macrofotografia, Empoamento",True,True,0.4709
Furto d'água,Pátio,0,37,3,2023-12-16 11:00:00,3ª DP,Macrofotografia,True,False,0.2501
Furto Qualificado (arrombamento),Terreno Baldio,1,17,0,2023-08-27 03:14:00,3ª DP,"Luz forense/lanterna, Empoamento, Macrofotografia",True,True,0.4478
Ameaça,Hospital,4,37,0,2023-05-30 06:34:00,DEAM (Mulher),Empoamento,True,False,0.2856
Tentativa de Homicídio,Estabelecimento Comercial,1,6,1,2023-08-14 17:51:00,2ª DP,"Luz forense/lanterna, Empoamento",False,True,0.8801
Dano,Estabelecimento Comercial,0,40,0,2023-04-04 15:06:00,DHPP (Homicídios),Empoamento,True,False,0.2584
Tráfico de Entorpecentes,Hospital,0,9,1,2023-10-10 20:59:00,DRFC (Furtos),Luz forense/lanterna,False,False,0.1827
Pichação,Residência,5,26,1,2023-03-09 00:28:00,2ª DP,Luz forense/lanterna,False,False,0.129
Pichação,DP,2,7,1,2023-11-23 15:49:00,DHPP (Homicídios),Empoamento,True,True,0.418
Arremesso de Projétil,Terreno Baldio,0,8,1,2023-12-27 13:06:00,DCA (Criança e Adolescente),Luz forense/lanterna,False,False,0.136
Lesão Corporal,Via Pública,3,31,0,2023-05-13 02:36:00,DEAM (Mulher),Empoamento,True,True,0.6751
Incêndio (com vítima),Área Rural,0,27,4,2023-09-20 07:27:00,1ª DP,"Macrofotografia, Luz forense/lanterna, Empoamento",False,True,0.5105
Explosão (sem vítima),Residência,1,,0,2023-05-18 13:14:00,3ª DP,"Luz forense/lanterna, Macrofotografia",True,False,0.2584
Maus Tratos de Animal,Hospital,2,27,3,2023-10-31 12:28:00,DHPP (Homicídios),"Empoamento, Macrofotografia",False,True,0.314
Incêndio (sem vítima),Área Rural,1,18,0,2023-02-10 09:55:00,DHPP (Homicídios),Luz forense/lanterna,False,False,0.1405
Exercício Arbitrário das Próprias Razões,Via Pública,0,43,1,2023-09-08 14:39:00,DEAM (Mulher),"Macrofotografia, Empoamento, Luz forense/lanterna",True,True,0.4899
Furto d'água,Área Rural,6,33,0,2023-12-28 14:31:00,DEAM (Mulher),"Luz forense/lanterna, Empoamento",False,False,0.1065
Dano Seguido de Lesão Corporal,DP,2,14,0,2023-04-16 14:57:00,3ª DP,Empoamento,False,False,0.4219
Ossada Encontrada,Estabelecimento Comercial,5,30,2,31/02/2023 25:00:00,2ª DP,Macrofotografia,False,False,0.1926
Maus Tratos de Animal,Pátio,5,28,0,2023-08-14 00:05:00,DHPP (Homicídios),Luz forense/lanterna,True,True,0.4122
Maus Tratos de Animal,Pátio,1,7,1,2023-08-09 06:15:00,DRFC (Furtos),"Macrofotografia, Luz forense/lanterna",True,False,0.3413
Arremesso de Projétil,Hospital,5,40,1,2023-12-09 23:05:00,DCA (Criança e Adolescente),Macrofotografia,True,True,0.4859
Roubo Com Estupro,Área Rural,1,7,0,2023-03-09 14:54:00,1ª DP,"Luz forense/lanterna, Empoamento, Macrofotografia",False,False,0.6823
Dano,Residência,5,32,1,2023-03-09 00:11:00,DEAM (Mulher),Empoamento,False,False,0.1696
Exercício Arbitrário das Próprias Razões,pátio,5,9,4,2023-07-27 11:35:00,3ª DP,"Luz forense/lanterna, Empoamento",False,False,0.1541
Furto em Interior de Veículo,Terreno Baldio,0,9,1,2023-05-27 07:46:00,DEAM (Mulher),Empoamento,False,True,0.3379
Violação de Sepultura,Via Pública,2,19,0,2023-02-03 15:44:00,DRFC (Furtos),"Empoamento, Luz forense/lanterna, Macrofotografia",True,True,0.4199
Estelionato,Via Pública,3,8,1,2023-08-22 00:20:00,1ª DP,Macrofotografia,False,True,0.2855
Abandono de Incapaz,Hospital,1,36,1,2023-05-13 17:28:00,DCA (Criança e Adolescente),Empoamento,False,True,0.8509
Extorsão,Via Pública,0,29,0,2023-03-16 22:55:00,DEAM (Mulher),"Empoamento, Luz forense/lanterna",True,False,0.5714
Aborto,Terreno Baldio,2,46,2,data_invalida,2ª DP,"Luz forense/lanterna, Macrofotografia",False,False,0.1274
Veículo Localizado (furtado ou roubado),Terreno Baldio,2,25,0,2023-08-17 10:57:00,3ª DP,"Luz forense/lanterna, Macrofotografia, Empoamento",False,False,0.1443
Ameaça,Residência,1,12,2,2023-08-20 01:41:00,DHPP (Homicídios),Macrofotografia,True,True,0.4054
Pichação,Hospital,1,6,0,2023-09-06 09:16:00,DRFC (Furtos),"Empoamento, Luz forense/lanterna, Macrofotografia",False,False,0.1737
Furto d'água,Residência,2,10,1,2023-04-12 04:13:00,DEAM (Mulher),"Luz forense/lanterna, Macrofotografia, Empoamento",True,False,0.3281
Adulteração de Placa e/ou Lacre,Via Pública,0,28,0,2023-09-09 11:29:00,DRFC (Furtos),"Empoamento, Luz forense/lanterna",True,True,0.4878
Tentativa de Suicídio,Hospital,5,88,0,2023-06-25 13:14:00,1ª DP,Empoamento,True,False,0.2865
Latrocínio e/ou Tentativa de Latrocínio,Hospital,0,5,0,2023-09-15 07:12:00,DCA (Criança e Adolescente),"Macrofotografia,_Empoamento",False,True,0.8769
Afogamento,Estabelecimento Comercial,0,7,0,2023-07-27 21:20:00,2ª DP,"Macrofotografia, Empoamento",False,False,0.1008
Morte Aparentemente Natural,DP,0,10,1,2023-12-19 00:48:00,3ª DP,Empoamento,False,False,0.122
Feminicídio,Residência,10,10,1,2023-06-03 06:57:00,3ª DP,"Empoamento, Macrofotografia, Luz forense/lanterna",True,False,0.8739
Infanticídio,Pátio,1,31,1,2023-09-05 13:33:00,DRFC (Furtos),"Luz forense/lanterna, Macrofotografia",False,True,0.8208
Tentativa de Suicídio,Hospital,1,6,1,2023-08-30 00:22:00,DCA (Criança e Adolescente),"Luz forense/lanterna, Empoamento, Macrofotografia",False,False,0.1589
Adulteração de Placa e/ou Lacre,Residência,0,17,0,2023-05-30 15:43:00,DRFC (Furtos),"Luz forense/lanterna, Macrofotografia",True,False,0.3467
Extorsão,Pátio,4,5,3,2023-06-24 00:47:00,DRFC (Furtos),"Macrofotografia, Empoamento, Luz forense/lanterna",True,True,0.6911
Furto de Energia Elétrica ou Termodinâmica,Hospital,4,8,4,2023-06-24 23:04:00,DEAM (Mulher),"Empoamento, Macrofotografia",True,False,0.3254
Violação de Sepultura,Pátio,0,9,2,2023-02-15 22:04:00,3ª DP,Macrofotografia,True,False,0.2558
Violação de Sepultura,DP,1,26,0,2023-12-11 01:06:00,3ª DP,"Empoamento, Luz forense/lanterna",True,True,0.4498
Disparo de Arma de Fogo,Área Rural,1,12,1,2023-09-30 05:43:00,DRFC (Furtos),"Macrofotografia, Empoamento, Luz forense/lanterna",True,False,0.519
Violação de Domicílio,Terreno Baldio,7,21,0,2023-04-24 04:47:00,DRFC (Furtos),Luz forense/lanterna,True,False,0.342
Explosão (sem vítima),Terreno Baldio,3,7,1,2023-09-22 13:09:00,DRFC (Furtos),"Macrofotografia, Empoamento",True,False,0.3483
Afogamento,Área Rural,11,33,2,2023-12-16 21:54:00,DEAM (Mulher),Luz forense/lanterna,False,False,0.1818
Eletroplessão,Terreno Baldio,2,10,2,2023-09-30 18:00:00,3ª DP,Empoamento,False,False,0.1666
Furto em Interior de Veículo,Hospital,4,44,3,2023-06-27 18:09:00,2ª DP,Luz forense/lanterna,True,False,0.3083
Estelionato,Estabelecimento Comercial,1,7,1,2023-03-21 08:55:00,DEAM (Mulher),"Macrofotografia, Luz forense/lanterna",True,True,0.4286
Explosão (com vítima),Via Pública,2,5,999999,2023-07-06 11:03:00,DCA (Criança e Adolescente),"Empoamento, Macrofotografia, Luz forense/lanterna",True,False,0.5843
Homicídio,Via Pública,8,6,3,2023-01-03 10:56:00,DRFC (Furtos),"Macrofotografia, Empoamento, Luz forense/lanterna",True,False,0.8522
Disparo de Arma de Fogo,Hospital,1,56,3,2023-07-21 20:26:00,DEAM (Mulher),Macrofotografia,True,False,0.5931
Latrocínio e/ou Tentativa de Latrocínio,Terreno Baldio,1,20,4,2023-12-13 08:11:00,2ª DP,"Macrofotografia, Luz forense/lanterna, Empoamento",True,True,0.9717
Incêndio (com vítima),Terreno Baldio,0,40,1,2023-12-10 08:51:00,2ª DP,"Luz forense/lanterna, Macrofotografia",True,False,0.5005
Dano,Residência,2,22,0,2023-07-08 19:38:00,1ª DP,"Macrofotografia, Luz forense/lanterna, Empoamento",True,False,0.2868
Pichação,Residência,1,51,1,2023-08-02 14:26:00,2ª DP,"Luz forense/lanterna, Empoamento, Macrofotografia",True,False,0.2795
Aborto,DP,0,34,1,2023-01-14 13:02:00,3ª DP,Luz forense/lanterna,True,False,0.2709
Feminicídio,Residência,1,12,2,2023-03-24 23:41:00,3ª DP,"Macrofotografia, Luz forense/lanterna, Empoamento",True,False,0.8682
Tráfico de Entorpecentes,Pátio,4,10,1,2023-05-20 19:31:00,DEAM (Mulher),Macrofotografia,True,False,0.2523
Feminicídio,DP,1,7,6,2023-05-07 08:15:00,2ª DP,Empoamento,True,False,0.8001
Explosão (com vítima),Pátio,13,6,1,2023-01-09 12:05:00,DRFC (Furtos),"Empoamento, Luz forense/lanterna, Macrofotografia",True,True,0.712
Afogamento,Estabelecimento Comercial,0,9,0,2023-02-09 12:44:00,DCA (Criança e Adolescente),Empoamento,True,True,0.4693
Feto Encontrado,Pátio,0,17,6,2023-11-21 08:11:00,2ª DP,Luz forense/lanterna,False,True,0.8226
Furto Qualificado (arrombamento),Terreno Baldio,1,55,0,2023-09-05 03:11:00,DCA (Criança e Adolescente),"Macrofotografia, Luz forense/lanterna, Empoamento",False,False,0.1854
Infanticídio,Estabelecimento Comercial,2,40,5,2023-09-28 21:37:00,DRFC (Furtos),"Macrofotografia, Empoamento, Luz forense/lanterna",True,True,0.9532
Homicídio,Estabelecimento Comercial,0,17,0,2023-10-09 13:17:00,DRFC (Furtos),Macrofotografia,True,False,0.8563
Dano,DP,1,35,1,2023-04-30 02:33:00,2ª DP,"Empoamento, Macrofotografia",False,False,0.17
Tentativa de Suicídio,Área Rural,0,36,0,2023-08-23 08:11:00,DHPP (Homicídios),"  Luz forense/lanterna, Macrofotografia  ",False,False,0.1953
Estelionato,DP,0,7,0,2023-06-16 23:03:00,DHPP (Homicídios),"Macrofotografia, Luz forense/lanterna, Empoamento",False,False,0.1989
Ossada Encontrada,Estabelecimento Comercial,3,20,1,2023-07-26 00:27:00,3ª DP,"Luz forense/lanterna, Empoamento",False,False,0.1645
Infanticídio,Pátio,7,27,1,2023-07-31 08:14:00,dhpp (homicídios),"Empoamento, Luz forense/lanterna",False,True,0.863
Cadáver Encontrado,Hospital,0,36,1,2023-03-08 09:10:00,3ª DP,"Empoamento, Macrofotografia, Luz forense/lanterna",True,True,0.4805
Abandono de Incapaz,Área Rural,7,30,0,2023-01-28 20:22:00,DCA (Criança e Adolescente),Empoamento,True,False,0.8014
Dano,Estabelecimento Comercial,3,41,1,2023-06-18 03:33:00,1ª DP,Macrofotografia,False,True,0.3194
Receptação,Via Pública,0,12,2,2023-10-10 22:14:00,1ª DP,"Macrofotografia, Luz forense/lanterna, Empoamento",True,False,0.347
Disparo de Arma de Fogo,Via Pública,1,23,1,2023-10-19 06:04:00,DRFC (Furtos),"Macrofotografia, Luz forense/lanterna, Empoamento",False,True,0.5721
Arremesso de Projétil,Residência,0,17,3,2023-11-28 19:39:00,3ª DP,"Luz forense/lanterna, Macrofotografia, Empoamento",False,False,0.1287
Explosão (com vítima),Área Rural,2,12,1,2023-03-14 02:08:00,2ª DP,"Macrofotografia, Luz forense/lanterna, Empoamento",False,False,0.4017
Extorsão,Pátio,1,,2,2023-11-18 20:35:00,DCA (Criança e Adolescente),Luz forense/lanterna,True,True,0.6961
Dano,Área Rural,2,5,1,2023-05-12 02:41:00,DHPP (Homicídios),"Luz forense/lanterna, Empoamento, Macrofotografia",False,True,0.3215
Lesão Corporal,Pátio,1,67,6,2023-11-25 22:34:00,2ª DP,"Macrofotografia, Empoamento, Luz forense/lanterna",True,False,0.5935
Receptação,Pátio,7,13,3,2023-12-18 05:36:00,3ª DP,"Luz forense/lanterna, Macrofotografia",True,False,0.2819
Roubo Com Estupro,Hospital,1,8,3,2023-12-01 16:59:00,1ª DP,Luz forense/lanterna,True,True,1.0
Furto Qualificado (arrombamento),Pátio,4,11,1,2023-06-10 00:12:00,2ª DP,Macrofotografia,False,True,0.2517
Infanticídio,Área Rural,0,12,0,2023-04-08 04:12:00,DEAM (Mulher),"Macrofotografia, Luz forense/lanterna, Empoamento",False,True,0.8835
Tentativa de Homicídio,Residência,1,8,4,2023-05-03 13:10:00,DHPP (Homicídios),"Empoamento, Macrofotografia, Luz forense/lanterna",True,False,0.83
Feminicídio,Terreno Baldio,2,6,5,2023-10-29 04:32:00,DRFC (Furtos),"Luz forense/lanterna, Macrofotografia",True,False,0.8273
Infanticídio,DP,0,21,1,2023-10-15 03:04:00,DCA (Criança e Adolescente),"Empoamento, Macrofotografia",False,True,0.8425
Pichação,Via Pública,0,19,0,2023-06-30 08:15:00,DCA (Criança e Adolescente),"Empoamento, Macrofotografia",True,False,0.2649
Afogamento,Pátio,5,11,2,2023-05-26 19:42:00,1ª DP,"Empoamento, Macrofotografia",False,False,0.1579
Latrocínio e/ou Tentativa de Latrocínio,Área Rural,7,9,6,2023-09-05 12:57:00,DEAM (Mulher),"Macrofotografia, Luz forense/lanterna, Empoamento",True,False,0.8577
Ameaça,Hospital,4,89,0,2023-09-09 05:28:00,DCA (Criança e Adolescente),"Luz forense/lanterna, Macrofotografia",True,False,0.2843
Homicídio,DP,3,25,4,2023-04-29 11:09:00,2ª DP,"Empoamento, Luz forense/lanterna",,False,0.8334
Local de Estupro e/ou Veículo Envolvido em Estupro,Via Pública,0,29,6,2023-08-18 02:47:00,2ª DP,"Macrofotografia, Empoamento, Luz forense/lanterna",True,False,0.8772
Extorsão,Pátio,0,N/A,2,2023-02-01 06:08:00,1ª DP,"Macrofotografia, Luz forense/lanterna",True,True,0.6914
Roubo,Área Rural,3,12,4,2023-10-20 02:25:00,3ª DP,"Empoamento, Macrofotografia",True,False,0.5343
Ameaça,Terreno Baldio,4,11,5,2023-11-09 15:05:00,2ª DP,"Luz forense/lanterna, Macrofotografia",True,False,0.2562
Furto Qualificado (arrombamento),Pátio,7,48,9,2023-05-31 02:38:00,DCA (Criança e Adolescente),Luz forense/lanterna,False,False,0.1006
Furto,Via Pública,3,5,1,2023-06-30 15:50:00,  3ª DP  ,"Macrofotografia, Empoamento, Luz forense/lanterna",False,True,0.2987
Feto Encontrado,Pátio,7,11,2,2023-09-13 09:57:00,DEAM (Mulher),"Empoamento, Macrofotografia, Luz forense/lanterna",True,False,0.8955
Aborto,Estabelecimento Comercial,0,16,2,2023-01-04 12:25:00,DEAM (Mulher),Luz forense/lanterna,False,False,0.1697
Afogamento,Terreno Baldio,10,14,1,2023-11-08 15:25:00,1ª DP,Luz forense/lanterna,True,False,0.2667
Dano,Área Rural,8,6,0,2023-10-30 20:04:00,DCA (Criança e Adolescente),"Macrofotografia, Empoamento",False,False,0.1348
Veículo Localizado (furtado ou roubado),Residência,4,63,2,2023-02-02 13:48:00,3ª DP,"Macrofotografia, Empoamento, Luz forense/lanterna",True,True,0.4833
Local de Estupro e/ou Veículo Envolvido em Estupro,Via Pública,0,122,6,,2ª DP,"Empoamento, Luz forense/lanterna, Macrofotografia",False,False,0.6818
Feminicídio,Residência,11,29,1,2023-12-10 03:10:00,DRFC (Furtos),Macrofotografia,True,False,0.856
Disparo de Arma de Fogo,Pátio,10,8,0,2023-01-20 09:08:00,1ª DP,Macrofotografia,False,True,0.5715
Feminicídio,Hospital,0,7,2,2023-10-05 15:55:00,2ª DP,"Luz forense/lanterna, Empoamento",True,False,0.8323
Desmanche de Veículos,Hospital,2,9,1,2023-07-01 05:25:00,1ª DP,"Luz forense/lanterna, Macrofotografia",True,False,0.3405
Tentativa de Homicídio,Hospital,12,21,0,2023-01-19 12:44:00,DEAM (Mulher),"Macrofotografia, Luz forense/lanterna",True,False,0.822
Morte Aparentemente Natural,Área Rural,1,19,1,2023-09-18 15:51:00,DHPP (Homicídios),Empoamento,True,False,0.2944
Abandono de Incapaz,Hospital,0,21,3,2023-12-18 22:45:00,1ª DP,"Empoamento, Luz forense/lanterna",False,False,0.7278
Explosão (sem vítima),DP,0,94,2,2023-12-04 01:14:00,1ª DP,Macrofotografia,True,False,0.3037
Maus Tratos de Animal,Residência,0,26,2,2023-09-01 05:52:00,DEAM (Mulher),"Luz forense/lanterna, Macrofotografia",False,True,0.3223
FURTO,Área Rural,1,53,0,2023-07-31 22:49:00,DHPP (Homicídios),"Macrofotografia, Empoamento, Luz forense/lanterna",True,False,0.2923
Receptação,Área Rural,0,15,0,2023-04-16 21:40:00,DHPP (Homicídios),Empoamento,False,True,0.346
Latrocínio e/ou Tentativa de Latrocínio,Hospital,14,9,2,2023-09-05 01:51:00,DRFC (Furtos),"Luz forense/lanterna, Empoamento, Macrofotografia",False,True,0.8745
Pichação,Via Pública,0,46,2,2023-06-11 23:26:00,2ª DP,Macrofotografia,True,False,0.3264
Furto d'água,Hospital,3,32,7,2023-01-03 21:23:00,DHPP (Homicídios),"Luz forense/lanterna, Macrofotografia",False,False,0.1293
Disparo de Arma de Fogo,Terreno Baldio,5,41,4,2023-08-11 00:36:00,3ª DP,Macrofotografia,False,False,0.4421
Maus Tratos de Animal,Via Pública,2,54,4,2023-11-28 02:22:00,DRFC (Furtos),"Macrofotografia, Empoamento, Luz forense/lanterna",False,False,0.192
Incêndio (sem vítima),Terreno Baldio,5,15,6,2023-12-27 08:46:00,1ª DP,Macrofotografia,False,True,0.2884
Arremesso de Projétil,Via Pública,3,62,1,2023-07-03 08:33:00,DEAM (Mulher),"Luz forense/lanterna, Empoamento",True,False,0.2555
Eletroplessão,Área Rural,6,6,0,2023-03-04 22:25:00,DHPP (Homicídios),"Macrofotografia, Empoamento",False,True,0.2743
Exercício Arbitrário das Próprias Razões,Hospital,0,46,0,2023-05-23 09:36:00,3ª DP,"Empoamento, Macrofotografia",False,False,0.1581
Exercício Arbitrário das Próprias Razões,Hospital,5,10,1,2023-03-12 09:45:00,DEAM (Mulher),"Luz forense/lanterna, Macrofotografia, Empoamento",True,False,0.2752
Tráfico de Entorpecentes,Hospital,8,31,0,2023-03-16 05:10:00,1ª DP,"Macrofotografia, Luz forense/lanterna",False,False,0.1056
Latrocínio e/ou Tentativa de Latrocínio,DP,0,9,4,2023-09-23 20:30:00,DHPP (Homicídios),Empoamento,False,False,0.6541
Marca em Animal,Residência,5,19,N/A,2023-12-17 17:51:00,1ª DP,Macrofotografia,True,False,0.2505
Extorsão,Estabelecimento Comercial,2,55,0,2023-10-02 13:49:00,DRFC (Furtos),"Macrofotografia, Empoamento, Luz forense/lanterna",False,False,0.3606
Lesão Corporal,Hospital,3,5,2,2023-07-08 14:16:00,1ª DP,Macrofotografia,True,False,0.5303
Cadáver Encontrado,Estabelecimento Comercial,0,17,0,2023-06-01 09:07:00,DCA (Criança e Adolescente),Macrofotografia,True,False,0.3273
Pichação,Pátio,6,39,2,2023-09-10 02:54:00,DHPP (Homicídios),Luz forense/lanterna,True,False,0.268
Violação de Sepultura,Hospital,2,8,0,2023-12-29 21:46:00,DRFC (Furtos),"Macrofotografia, Luz forense/lanterna",False,False,0.1265
Roubo,DP,0,36,1,2023-09-29 18:56:00,DRFC (Furtos),Empoamento,False,True,0.5824
Furto de Energia Elétrica ou Termodinâmica,Estabelecimento Comercial,5,19,0,2023-06-28 21:38:00,2ª DP,"Luz forense/lanterna, Macrofotografia, Empoamento",False,False,0.1395
Explosão (sem vítima),Pátio,3,15,5,2023-03-03 07:10:00,DHPP (Homicídios),"Macrofotografia, Luz forense/lanterna",False,True,0.2934
Maus Tratos de Animal,Estabelecimento Comercial,4,16,0,2023-08-21 12:54:00,DRFC (Furtos),"Empoamento, Luz forense/lanterna, Macrofotografia",True,False,0.2548
Explosão (sem vítima),DP,1,7,0,2023-05-31 15:04:00,DEAM (Mulher),"Empoamento, Luz forense/lanterna",0,True,0.2863
Extorsão,Área Rural,2,34,0,2023-01-27 21:24:00,DEAM (Mulher),"Macrofotografia, Empoamento, Luz forense/lanterna",True,,0.5349
Homicídio,DP,2,5,6,2023-12-11 08:35:00,2ª DP,"Luz forense/lanterna, Empoamento, Macrofotografia",False,True,0.8464
Violação de Sepultura,Hospital,3,20,0,2023-12-14 17:36:00,DRFC (Furtos),Empoamento,True,False,0.2701
Dano Seguido de Lesão Corporal,Pátio,1,6,0,2023-06-19 14:11:00,1ª DP,"Luz forense/lanterna, Macrofotografia",False,True,0.5427
Furto,Estabelecimento Comercial,2,85,2,2023-06-24 09:22:00,2ª DP,Empoamento,False,True,0.2864
Veículo Localizado (furtado ou roubado),Estabelecimento Comercial,2,18,1,2023-08-02 23:29:00,2ª DP,Luz forense/lanterna,True,False,0.2899
Furto,Hospital,0,19,2,2023-09-06 23:34:00,2ª DP,"Empoamento, Luz forense/lanterna, Macrofotografia",False,False,0.1232
Ameaça,Hospital,5,33,1,2023-07-22 05:08:00,2ª DP,Luz forense/lanterna,True,False,0.3292
Ossada Encontrada,Hospital,0,31,1,2023-02-14 07:15:00,1ª DP,Luz forense/lanterna,False,False,0.1469
Homicídio,Residência,1,40,2,2023-07-19 17:18:00,DRFC (Furtos),Luz forense/lanterna,True,False,0.8804
Furto,Hospital,0,14,3,2023-05-06 03:03:00,3ª DP,"Luz forense/lanterna, Macrofotografia, Empoamento",True,False,0.2804
Morte Aparentemente Natural,Pátio,19,53,0,2023-05-09 02:54:00,DRFC (Furtos),"Luz forense/lanterna, Macrofotografia, Empoamento",False,False,0.1475
Ossada Encontrada,Terreno Baldio,2,47,0,2023-01-13 04:24:00,3ª DP,Empoamento,False,False,0.1414
Abandono de Incapaz,Residência,1,14,2,2023-10-08 01:18:00,DEAM (Mulher),"Macrofotografia, Luz forense/lanterna, Empoamento",True,True,1.0
Exercício Arbitrário das Próprias Razões,Hospital,1,29,3,2023-11-06 18:26:00,1ª DP,"Luz forense/lanterna, Empoamento, Macrofotografia",False,False,0.1712
Afogamento,Pátio,1,30,0,2023-08-06 05:48:00,3ª DP,"Macrofotografia, Luz forense/lanterna, Empoamento",True,False,0.3323
Morte Aparentemente Natural,Residência,2,5,0,2023-01-21 01:51:00,DEAM (Mulher),Luz forense/lanterna,True,False,0.2615
Furto d'água,Pátio,1,18,0,2023-07-27 09:48:00,DEAM (Mulher),"Macrofotografia, Empoamento",False,True,0.3174
Incêndio (sem vítima),Hospital,1,11,1,2023-10-13 14:24:00,DCA (Criança e Adolescente),"Luz forense/lanterna, Macrofotografia",True,False,0.2642
Incêndio (sem vítima),Residência,0,52,2,2023-11-04 16:17:00,3ª DP,Luz forense/lanterna,True,False,0.2794
Tráfico de Entorpecentes,Área Rural,0,37,0,2023-01-09 18:04:00,DRFC (Furtos),"Empoamento, Macrofotografia",True,True,0.4286
Feminicídio,Pátio,0,18,1,2023-01-22 19:40:00,DEAM (Mulher),"Empoamento, Luz forense/lanterna, Macrofotografia",False,False,0.7362
Morte Aparentemente Natural,Residência,2,22,0,2023-08-31 20:53:00,DEAM (Mulher),"Empoamento, Luz forense/lanterna",True,False,0.288
Abandono de Incapaz,Área Rural,3,16,2,data_invalida,1ª DP,Luz forense/lanterna,False,False,0.6524
Roubo,Estabelecimento Comercial,7,29,1,2023-12-30 13:05:00,1ª DP,"Empoamento, Luz forense/lanterna, Macrofotografia",True,True,0.69
Roubo Com Estupro,Estabelecimento Comercial,4,8,2,2023-12-18 01:23:00,DRFC (Furtos),Empoamento,False,False,0.659
Explosão (sem vítima),Hospital,-6,43,0,2023-02-19 01:25:00,DCA (Criança e Adolescente),"Luz forense/lanterna, Macrofotografia",True,False,0.2875
Violação de Sepultura,Via Pública,3,9,0,2023-13-45,DEAM (Mulher),"Macrofotografia, Luz forense/lanterna",False,True,0.3419
Feto Encontrado,Área Rural,1,25,0,2023-01-26 05:33:00,1ª DP,"Empoamento, Macrofotografia, Luz forense/lanterna",True,False,0.8658
Roubo,DP,3,20,0,2023-09-03 07:29:00,DCA (Criança e Adolescente),Luz forense/lanterna,False,True,0.5014
Suicídio,Estabelecimento Comercial,0,17,0,2023-12-20 22:35:00,DEAM (Mulher),"Empoamento, Macrofotografia",True,False,0.2802
Violação de Sepultura,Pátio,3,6,1,2023-03-01 03:28:00,DCA (Criança e Adolescente),Luz_forense/lanterna,True,True,0.4912
Furto de Energia Elétrica ou Termodinâmica,Via Pública,7,5,2,2023-02-15 23:29:00,DEAM (Mulher),Empoamento,True,True,0.4688
Explosão (com vítima),Terreno Baldio,2,39,1,2023-07-18 09:39:00,DRFC (Furtos),"Luz forense/lanterna, Empoamento, Macrofotografia",True,False,0.592
Lesão Corporal,Hospital,0,37,3,2023-06-07 09:50:00,DHPP (Homicídios),Luz forense/lanterna,True,False,0.5016
Eletroplessão,Residência,3,23,0,2023-07-14 07:31:00,DRFC (Furtos),Macrofotografia,True,False,0.3154
Furto em Interior de Veículo,DP,0,6,1,2023-06-02 21:26:00,DRFC (Furtos),"Macrofotografia, Empoamento",False,False,0.186
Marca em Animal,Via Pública,9,9,4,2023-12-08 11:25:00,DRFC (Furtos),"Luz forense/lanterna, Macrofotografia, Empoamento",False,True,0.2705
Ameaça,Pátio,2,29,1,2023-04-24 13:37:00,1ª DP,"Macrofotografia, Luz forense/lanterna",True,True,0.4919
Roubo Com Estupro,Estabelecimento Comercial,1,57,1,2023-05-11 03:39:00,2ª DP,Macrofotografia,False,False,0.6566
Incêndio (sem vítima),Residência,3,37,3,2023-08-02 11:28:00,1ª DP,Luz forense/lanterna,False,False,0.1311
Tentativa de Suicídio,DP,2,62,1,2023-11-15 19:44:00,DEAM (Mulher),"Luz forense/lanterna, Empoamento",False,False,0.1836
Adulteração de Placa e/ou Lacre,Pátio,2,44,0,2023-04-12 22:39:00,DEAM (Mulher),"Luz forense/lanterna, Macrofotografia",False,True,0.2522
Feto Encontrado,DP,2,22,6,2023-05-24 02:21:00,2ª DP,"Macrofotografia, Empoamento",False,False,0.6591
Abandono de Incapaz,Terreno Baldio,1,36,1,2023-02-13 11:15:00,DHPP (Homicídios),Luz forense/lanterna,True,True,1.0
Incêndio (com vítima),Área Rural,2,18,1,2023-04-07 11:24:00,2ª DP,"Luz forense/lanterna, Empoamento, Macrofotografia",False,True,0.5808
Arremesso de Projétil,Terreno Baldio,0,21,1,2023-09-11 01:56:00,2ª DP,"Empoamento, Macrofotografia, Luz forense/lanterna",True,True,0.4124
Exercício Arbitrário das Próprias Razões,Residência,1,41,4,2023-05-20 19:00:00,DEAM (Mulher),Luz forense/lanterna,True,True,0.4178
Roubo,Terreno Baldio,0,5,0,2023-13-45,3ª DP,"Empoamento, Macrofotografia, Luz forense/lanterna",True,False,0.5387
Furto d'água,Terreno Baldio,1,22,2,31/02/2023 25:00:00,2ª DP,Luz forense/lanterna,False,True,0.2642
Explosão (com vítima),Hospital,0,8,1,2023-08-23 22:17:00,1ª DP,Luz forense/lanterna,False,False,0.3543
Veículo Localizado (furtado ou roubado),Residência,3,18,,2023-08-27 22:27:00,DRFC (Furtos),"Macrofotografia, Empoamento",False,False,0.185
Latrocínio e/ou Tentativa de Latrocínio,Área Rural,3,7,5,2023-05-07 16:06:00,DEAM (Mulher),"Empoamento, Luz forense/lanterna, Macrofotografia",True,False,0.8607
Cadáver Encontrado,DP,0,14,1,2023-01-26 19:01:00,1ª DP,Macrofotografia,True,False,0.3358
Feminicídio,Residência,0,16,4,2023-07-25 00:39:00,DCA (Criança e Adolescente),Empoamento,True,False,0.8334
Local de Estupro e/ou Veículo Envolvido em Estupro,DP,2,28,1,2023-12-29 21:00:00,2ª DP,Macrofotografia,True,False,0.8583
Feminicídio,Estabelecimento Comercial,3,35,1,2023-06-26 17:02:00,DRFC (Furtos),"Luz forense/lanterna, Empoamento",True,False,0.8321
Dano,Via Pública,0,8,1,2023-11-15 03:36:00,3ª DP,"Luz_forense/lanterna,_Macrofotografia,_Empoamento",False,False,0.1513
Cadáver Encontrado,Terreno Baldio,0,14,2,2023-09-01 06:58:00,DRFC (Furtos),"Macrofotografia, Empoamento",False,True,0.2617
Eletroplessão,Pátio,3,18,0,2023-05-04 00:37:00,DCA (Criança e Adolescente),Luz forense/lanterna,False,True,0.3104
Furto em Interior de Veículo,Hospital,1,10,2,2023-10-01 06:12:00,DHPP (Homicídios),Empoamento,False,False,0.1846
Tentativa de Suicídio,Área Rural,1,18,2,2023-08-27 14:27:00,1ª DP,"Macrofotografia, Luz forense/lanterna, Empoamento",True,False,0.3146
Furto de Energia Elétrica ou Termodinâmica,Terreno Baldio,1,22,1,2023-07-28 14:10:00,1ª DP,"Empoamento, Macrofotografia, Luz forense/lanterna",False,False,0.1249
Veículo Localizado (furtado ou roubado),Pátio,9,58,0,2023-11-22 12:05:00,DHPP (Homicídios),"Luz forense/lanterna, Empoamento",False,False,0.1095
Arremesso de Projétil,Via Pública,3,30,7,2023-04-15 09:28:00,2ª DP,"Macrofotografia, Empoamento, Luz forense/lanterna",True,False,0.2779
Infanticídio,Hospital,5,15,0,2023-04-01 20:49:00,DCA (Criança e Adolescente),"Luz forense/lanterna, Macrofotografia, Empoamento",True,True,0.9755
Extorsão,Pátio,2,16,0,2023-03-03 13:17:00,DRFC (Furtos),Macrofotografia,False,False,0.3667
Furto em Interior de Veículo,Hospital,0,7,6,2023-11-02 04:25:00,1ª DP,Empoamento,False,True,0.2697
Violação de Sepultura,Terreno Baldio,4,5,0,2023-01-31 15:34:00,1ª DP,"Luz forense/lanterna, Macrofotografia",False,False,0.1426
Feminicídio,Residência,0,20,2,2023-03-30 13:47:00,DEAM (Mulher),Luz forense/lanterna,False,False,0.6944
Violação de Domicílio,Terreno Baldio,8,22,0,2023-05-08 10:31:00,DEAM (Mulher),"Empoamento, Macrofotografia, Luz forense/lanterna",True,False,0.2904
Feminicídio,Residência,0,10,5,2023-01-11 17:58:00,1ª DP,Luz forense/lanterna,True,False,0.865
Receptação,Terreno Baldio,13,19,1,2023-09-01 05:58:00,2ª DP,Macrofotografia,False,False,0.1136
Suicídio,Estabelecimento Comercial,2,25,1,2023-02-24 02:36:00,3ª DP,"Luz forense/lanterna, Empoamento, Macrofotografia",True,False,0.3469
Suicídio,Pátio,1,27,0,2023-12-29 05:18:00,1ª DP,"Luz forense/lanterna, Macrofotografia",True,False,0.2932
Eletroplessão,Pátio,3,13,0,2023-10-24 06:49:00,DHPP (Homicídios),Macrofotografia,True,True,0.479
Cadáver Encontrado,Área Rural,1,16,0,2023-05-09 21:14:00,3ª DP,Luz forense/lanterna,True,True,0.4501
Furto de Energia Elétrica ou Termodinâmica,Hospital,1,10,2,2023-08-12 00:34:00,DRFC (Furtos),"Macrofotografia, Luz forense/lanterna, Empoamento",False,Sim,0.1683
Abandono de Incapaz,Via Pública,1,28,0,2023-03-11 01:40:00,DRFC (Furtos),"Luz forense/lanterna, Macrofotografia, Empoamento",False,True,0.8957
Exercício Arbitrário das Próprias Razões,Residência,1,23,0,2023-02-10 14:41:00,DCA (Criança e Adolescente),"Luz forense/lanterna, Macrofotografia",True,False,0.3442
Violação de Domicílio,Via Pública,7,75,1,2023-08-14 07:52:00,2ª DP,Luz forense/lanterna,True,False,0.2886
Furto d'água,Área Rural,8,37,3,2023-06-08 07:04:00,3ª DP,Empoamento,True,False,0.2758
Arremesso de Projétil,Estabelecimento Comercial,2,11,2,2023-03-04 10:55:00,2ª DP,"Macrofotografia, Luz forense/lanterna",True,False,0.3323
Ossada Encontrada,Terreno Baldio,2,9,0,2023-12-23 02:57:00,DRFC (Furtos),"Empoamento, Macrofotografia",True,True,0.4372
Arremesso de Projétil,Área Rural,2,22,0,2023-04-20 14:44:00,3ª DP,"Empoamento, Macrofotografia, Luz forense/lanterna",True,False,0.3134
Receptação,Via Pública,0,14,1,2023-04-23 12:59:00,3ª DP,"Luz forense/lanterna, Macrofotografia",True,True,0.4789
Desmanche de Veículos,DP,5,25,1,2023-02-10 23:58:00,DEAM (Mulher),"Luz forense/lanterna, Macrofotografia, Empoamento",False,True,0.3286
Ossada Encontrada,Estabelecimento Comercial,4,38,3,2023-12-30 06:00:00,2ª DP,"Macrofotografia, Empoamento, Luz forense/lanterna",False,False,0.1492
Furto d'água,Via Pública,2,48,0,2023-06-25 01:20:00,1ª DP,Empoamento,False,False,0.1095
Feto Encontrado,Estabelecimento Comercial,0,26,0,2023-10-25 03:34:00,1ª DP,Luz forense/lanterna,False,False,0.7083
Eletroplessão,Pátio,9,13,1,2023-06-21 17:03:00,3ª DP,Macrofotografia,False,False,0.1337
Pichação,Residência,999999,20,0,2023-05-14 12:41:00,2ª DP,"Macrofotografia, Empoamento, Luz forense/lanterna",True,True,0.4064
Explosão (sem vítima),Estabelecimento Comercial,1,25,1,2023-08-29 02:18:00,DCA (Criança e Adolescente),"Luz forense/lanterna, Empoamento, Macrofotografia",True,True,0.4803
Receptação,Área Rural,1,11,0,2023-11-07 17:18:00,3ª DP,"Luz forense/lanterna, Macrofotografia, Empoamento",True,True,0.4142
Feto Encontrado,Via Pública,0,12,0,2023-04-19 01:30:00,3ª DP,"Luz forense/lanterna, Macrofotografia",False,False,0.7066
Feto Encontrado,Residência,0,67,2,2023-04-25 01:44:00,DRFC (Furtos),Macrofotografia,True,True,1.0
Tentativa de Homicídio,Terreno Baldio,3,16,3,,DHPP (Homicídios),"Luz forense/lanterna, Empoamento",False,False,0.6829
Ossada Encontrada,Residência,2,69,2,2023-11-21 01:17:00,3ª DP,Empoamento,True,False,0.2938
Arremesso de Projétil,Via Pública,2,17,1,2023-08-08 16:33:00,3ª DP,"Macrofotografia, Empoamento, Luz forense/lanterna",False,True,0.2979
Dano Seguido de Lesão Corporal,Via Pública,2,15,0,2023-05-09 04:18:00,2ª DP,"Empoamento, Luz forense/lanterna",True,True,0.7227
Desmanche de Veículos,Hospital,0,7,0,2023-03-30 06:09:00,DRFC (Furtos),Luz forense/lanterna,False,False,0.1335
Explosão (com vítima),Área Rural,0,18,0,31/02/2023 25:00:00,3ª DP,"Macrofotografia, Luz forense/lanterna, Empoamento",True,True,0.7335
Tentativa de Suicídio,Via Pública,0,15,3,2023-05-04 22:34:00,DEAM (Mulher),"Macrofotografia, Empoamento, Luz forense/lanterna",True,False,0.3011
Morte Aparentemente Natural,Estabelecimento Comercial,2,999999,0,2023-09-27 22:56:00,DHPP (Homicídios),"Macrofotografia, Empoamento",True,False,0.3246
Marca em Animal,DP,0,29,0,2023-04-11 10:20:00,2ª DP,Luz forense/lanterna,True,True,0.4856
Tentativa de Suicídio,DP,19,24,0,2023-04-10 16:17:00,3ª DP,Macrofotografia,False,True,0.3292
Explosão (com vítima),Pátio,0,13,3,2023-08-10 11:22:00,DEAM (Mulher),"Empoamento, Luz forense/lanterna, Macrofotografia",True,True,0.6948
Furto Qualificado (arrombamento),Hospital,4,10,7,2023-12-31 04:22:00,DCA (Criança e Adolescente),Empoamento,True,True,0.437
Marca em Animal,Pátio,0,24,2,2023-11-30 21:53:00,DCA (Criança e Adolescente),Macrofotografia,True,True,0.4651
Eletroplessão,Via Pública,8,7,0,2023-08-14 21:19:00,DHPP (Homicídios),"Macrofotografia, Luz forense/lanterna",True,False,0.2946
Disparo de Arma de Fogo,Terreno Baldio,7,11,0,2023-06-03 06:09:00,3ª DP,"Empoamento, Luz forense/lanterna",True,True,0.7017
Dano Seguido de Lesão Corporal,Residência,2,8,1,2023-11-12 07:09:00,1ª DP,luz forense/lanterna,True,False,0.5364
Explosão (sem vítima),Residência,9,28,1,2023-11-12 22:57:00,2ª DP,"Luz forense/lanterna, Macrofotografia",False,False,0.148
Furto d'água,DP,0,7,0,2023-11-27 15:43:00,3ª DP,"Empoamento, Luz forense/lanterna",False,True,0.3191
Feminicídio,Estabelecimento Comercial,0,20,0,2023-10-07 07:19:00,DCA (Criança e Adolescente),Macrofotografia,True,False,0.81
Afogamento,Pátio,9,20,2,2023-05-30 11:43:00,2ª DP,"Macrofotografia, Empoamento",True,False,0.2649
Explosão (com vítima),Estabelecimento Comercial,2,25,1,2023-07-20 05:38:00,DHPP (Homicídios),Empoamento,False,False,0.4377
Arremesso de Projétil,Pátio,0,26,1,2023-11-16 08:29:00,DRFC (Furtos),"Macrofotografia, Empoamento, Luz forense/lanterna",True,False,0.2882
Dano,Pátio,0,17,0,2023-09-14 15:24:00,DHPP (Homicídios),Luz forense/lanterna,False,False,0.1803
Feminicídio,Estabelecimento Comercial,3,9,2,2023-01-27 23:47:00,3ª DP,"Macrofotografia, Luz forense/lanterna, Empoamento",False,True,0.8692
Feto Encontrado,Área Rural,5,29,0,2023-01-28 12:21:00,2ª DP,Luz forense/lanterna,True,True,0.9584
Tentativa de Suicídio,Estabelecimento Comercial,5,26,2,2023-08-01 13:32:00,DCA (Criança e Adolescente),Macrofotografia,False,False,0.1733
Latrocínio e/ou Tentativa de Latrocínio,DP,2,N/A,0,2023-08-18 22:00:00,DCA (Criança e Adolescente),"Macrofotografia, Luz forense/lanterna",False,False,0.686
Roubo,Pátio,14,34,0,2023-04-20 21:16:00,3ª DP,"Empoamento, Luz forense/lanterna, Macrofotografia",False,True,0.5053
Adulteração de Placa e/ou Lacre,Área Rural,2,13,2,2023-11-27 11:48:00,DCA (Criança e Adolescente),"Luz forense/lanterna, Empoamento, Macrofotografia",True,False,0.3275
Dano Seguido de Lesão Corporal,Área Rural,0,100,5,2023-04-18 04:03:00,DHPP (Homicídios),"Empoamento, Macrofotografia",False,True,0.5911
Dano,Terreno Baldio,0,28,1,2023-11-07 08:05:00,1ª DP,Empoamento,False,False,0.1486
Marca em Animal,Estabelecimento Comercial,2,6,0,2023-01-27 11:31:00,DHPP (Homicídios),"Macrofotografia, Empoamento, Luz forense/lanterna",True,False,0.2809
Dano,Via Pública,0,20,3,2023-10-18 20:39:00,DRFC (Furtos),Luz forense/lanterna,False,False,0.1512
Explosão (com vítima),Estabelecimento Comercial,1,21,0,2023-03-31 19:48:00,DHPP (Homicídios),Macrofotografia,False,False,0.4014
Infanticídio,Pátio,1,7,4,2023-01-25 00:02:00,3ª DP,"Empoamento, Luz forense/lanterna",False,False,0.7044
Extorsão,DP,1,10,0,2023-06-20 17:53:00,2ª DP,"Empoamento, Luz forense/lanterna",True,True,0.6911
Furto em Interior de Veículo,Estabelecimento Comercial,15,10,1,2023-07-11 05:09:00,2ª DP,"Macrofotografia, Luz forense/lanterna, Empoamento",False,False,0.1871
Furto em Interior de Veículo,Residência,3,14,0,2023-10-22 05:59:00,2ª DP,"Macrofotografia, Empoamento",1,False,0.2824
Furto d'água,Pátio,0,39,3,2023-07-19 08:05:00,DHPP (Homicídios),"Empoamento, Macrofotografia, Luz forense/lanterna",False,True,0.329
Homicídio,Hospital,4,10,0,2023-08-29 04:35:00,3ª DP,Empoamento,False,False,0.7174
Marca em Animal,Hospital,10,34,4,2023-03-14 10:25:00,DHPP (Homicídios),Luz forense/lanterna,False,False,0.1149
Veículo Localizado (furtado ou roubado),DP,1,27,2,2023-08-15 04:51:00,DRFC (Furtos),"Macrofotografia, Empoamento, Luz forense/lanterna",False,True,0.2951
Furto d'água,DP,0,81,3,2023-06-24 20:10:00,2ª DP,"Empoamento, Macrofotografia",False,False,0.1382
Lesão Corporal,Residência,3,64,0,2023-02-07 01:44:00,DCA (Criança e Adolescente),Luz forense/lanterna,True,True,0.7271
Dano Seguido de Lesão Corporal,DP,2,150,0,2023-06-02 15:54:00,DHPP (Homicídios),"Macrofotografia, Luz forense/lanterna",False,True,0.5159
Adulteração de Placa e/ou Lacre,Via Pública,0,15,10,2023-10-07 06:03:00,DHPP (Homicídios),"Macrofotografia, Luz forense/lanterna, Empoamento",True,True,0.4894
Homicídio,DP,2,10,1,2023-11-17 05:14:00,2ª DP,Macrofotografia,True,False,0.8593
Explosão (sem vítima),Terreno Baldio,999999,28,2,2023-08-01 15:35:00,DRFC (Furtos),Macrofotografia,False,False,0.1096
Cadáver Encontrado,Pátio,0,7,6,2023-06-24 14:38:00,DEAM (Mulher),Luz forense/lanterna,False,True,0.2668
Extorsão,Hospital,3,8,1,2023-07-14 03:03:00,1ª DP,"Macrofotografia, Empoamento",True,True,0.6666
Explosão (sem vítima),Pátio,6,32,2,2023-11-04 11:55:00,1ª DP,"Macrofotografia, Luz forense/lanterna",False,False,0.1522
Adulteração de Placa e/ou Lacre,Hospital,-4,7,1,2023-04-24 14:38:00,DHPP (Homicídios),Empoamento,True,False,0.3343
Desmanche de Veículos,Pátio,4,9,0,2023-03-13 01:02:00,3ª DP,"Empoamento, Luz forense/lanterna, Macrofotografia",True,False,0.284
Abandono de Incapaz,Área Rural,0,51,0,2023-04-02 00:12:00,2ª DP,"Luz forense/lanterna, Macrofotografia",False,True,0.8627
Feminicídio,Pátio,1,20,0,2023-04-05 07:05:00,3ª DP,Luz forense/lanterna,True,False,0.8158
Arremesso de Projétil,Estabelecimento Comercial,5,68,0,31/02/2023 25:00:00,3ª DP,Empoamento,True,False,0.3086
Ameaça,Hospital,1,6,0,2023-08-23 23:29:00,DCA (Criança e Adolescente),"Empoamento, Macrofotografia, Luz forense/lanterna",True,True,0.4554
Dano Seguido de Lesão Corporal,Estabelecimento Comercial,2,26,0,2023-07-19 00:36:00,2ª DP,Empoamento,False,False,0.4315
Homicídio,Pátio,0,8,1,2023-10-14 10:04:00,3ª DP,"Macrofotografia, Luz forense/lanterna",False,False,0.7435
Incêndio (sem vítima),Terreno Baldio,2,28,0,2023-02-21 10:17:00,DHPP (Homicídios),Macrofotografia,False,False,0.1359
Extorsão,DP,2,13,1,2023-10-11 06:12:00,1ª DP,"Luz forense/lanterna, Empoamento",False,False,0.3909
Pichação,Hospital,1,6,3,2023-07-21 20:20:00,DCA (Criança e Adolescente),Macrofotografia,True,True,0.4925
Abandono de Incapaz,Residência,0,46,2,2023-02-05 08:39:00,DCA (Criança e Adolescente),"Macrofotografia, Luz forense/lanterna",True,False,0.8961
Furto d'água,Hospital,2,37,3,2023-01-30 22:40:00,1ª DP,Empoamento,True,True,0.4724
Disparo de Arma de Fogo,Terreno Baldio,2,30,0,2023-02-19 15:40:00,DEAM (Mulher),Luz forense/lanterna,True,True,0.6971
Ameaça,Hospital,7,40,1,2023-01-30 15:56:00,1ª DP,"Luz forense/lanterna, Macrofotografia, Empoamento",True,True,0.4117
Roubo Com Estupro,Área Rural,1,26,3,2023-02-23 21:29:00,3ª DP,"Empoamento, Macrofotografia",False,False,0.7005
Violação de Sepultura,Pátio,6,7,1,2023-01-31 08:22:00,1ª DP,"Macrofotografia, Luz forense/lanterna, Empoamento",True,False,0.3048
Feto Encontrado,Pátio,0,8,0,2023-11-23 02:08:00,DEAM (Mulher),"Empoamento, Luz forense/lanterna",True,True,1.0
Dano,Pátio,9,5,0,2023-11-21 06:17:00,2ª DP,Macrofotografia,True,False,0.3109
Furto,Residência,1,11,0,2023-08-14 00:24:00,1ª DP,"Luz forense/lanterna, Empoamento, Macrofotografia",False,True,0.2906
Receptação,Residência,0,7,0,2023-12-01 01:55:00,DHPP (Homicídios),Luz forense/lanterna,False,True,0.3033
Disparo de Arma de Fogo,Hospital,0,41,4,2023-10-20 10:20:00,2ª DP,"Luz forense/lanterna, Macrofotografia, Empoamento",False,False,0.4222
Pichação,Terreno Baldio,1,24,2,2023-09-21 16:00:00,DHPP (Homicídios),"empoamento, macrofotografia",False,True,0.3061
Eletroplessão,Via Pública,4,13,1,2023-07-30 11:11:00,1ª DP,Luz forense/lanterna,True,False,0.3428
Receptação,Área Rural,1,22,1,2023-06-06 09:10:00,DCA (Criança e Adolescente),Empoamento,True,False,0.3345
Furto de Energia Elétrica ou Termodinâmica,DP,2,49,1,2023-04-03 01:29:00,DHPP (Homicídios),Macrofotografia,True,True,0.4184
Feto Encontrado,Pátio,5,20,0,2023-09-16 21:09:00,DEAM (Mulher),"Macrofotografia, Empoamento",False,true,0.7455
Estelionato,Pátio,4,10,1,2023-10-25 03:29:00,2ª DP,"Macrofotografia, Luz forense/lanterna, Empoamento",True,False,0.3472
Disparo de Arma de Fogo,Pátio,2,33,1,2023-04-08 08:04:00,2ª DP,"Macrofotografia, Luz forense/lanterna",False,False,0.4234
Dano Seguido de Lesão Corporal,DP,9,25,4,2023-09-20 03:47:00,2ª DP,"Luz forense/lanterna, Empoamento",True,Nao,0.5101
Extorsão,Pátio,-3,11,0,2023-11-09 22:29:00,DCA (Criança e Adolescente),"Macrofotografia, Empoamento, Luz forense/lanterna",False,True,0.5659
  Homicídio  ,Estabelecimento Comercial,3,8,2,2023-06-04 11:09:00,DEAM (Mulher),Luz forense/lanterna,False,False,0.6662
Abandono de Incapaz,Área Rural,2,7,-10,2023-02-11 19:28:00,DCA (Criança e Adolescente),"Empoamento, Luz forense/lanterna, Macrofotografia",True,False,0.8608
Eletroplessão,Estabelecimento Comercial,5,32,0,2023-02-16 04:19:00,1ª DP,"Luz forense/lanterna, Macrofotografia, Empoamento",False,False,0.1092
Violação de Domicílio,Residência,6,28,3,2023-05-09 11:43:00,2ª DP,"Luz forense/lanterna, Empoamento, Macrofotografia",True,True,0.469
Disparo de Arma de Fogo,Área Rural,2,33,2,2023-08-18 05:12:00,DEAM (Mulher),"Luz forense/lanterna, Macrofotografia, Empoamento",False,False,0.3628
Furto Qualificado (arrombamento),Terreno Baldio,4,10,1,2023-06-13 19:14:00,DEAM (Mulher),Luz forense/lanterna,False,True,0.3216
Roubo,Via Pública,5,7,1,2023-11-12 12:19:00,1ª DP,Empoamento,True,Nao,0.6643
Afogamento,Estabelecimento Comercial,7,12,5,2023-06-17 01:59:00,DRFC (Furtos),Luz forense/lanterna,True,False,0.256
Aborto,Terreno Baldio,1,16,N/A,2023-11-30 18:08:00,DCA (Criança e Adolescente),"Luz forense/lanterna, Empoamento",True,False,0.3479
Estelionato,Via Pública,11,34,4,2023-12-08 16:53:00,DRFC (Furtos),"Empoamento, Luz forense/lanterna, Macrofotografia",True,False,0.3384
Tráfico de Entorpecentes,Terreno Baldio,3,16,1,2023-06-06 04:31:00,DEAM (Mulher),"Empoamento, Luz forense/lanterna, Macrofotografia",True,False,0.308
Tentativa de Suicídio,Hospital,5,31,0,2023-05-01 00:10:00,2ª DP,"Empoamento, Luz forense/lanterna, Macrofotografia",True,False,0.3014
Furto d'água,Área Rural,3,5,0,2023-03-22 05:24:00,3ª DP,Empoamento,False,False,0.1062
Explosão (com vítima),Via Pública,1,5,3,2023-02-06 07:57:00,2ª DP,Luz forense/lanterna,False,True,0.5837
Explosão (com vítima),Pátio,2,26,0,2023-11-11 08:34:00,DEAM (Mulher),"Empoamento, Luz forense/lanterna",Nao,False,0.5735
Desmanche de Veículos,Hospital,1,15,4,2023-01-28 11:50:00,1ª DP,Empoamento,True,True,0.4072
Tentativa de Homicídio,Estabelecimento Comercial,1,-5,1,2023-04-29 11:35:00,DEAM (Mulher),Empoamento,False,False,0.7053
Violação de Domicílio,DP,4,21,2,2023-05-19 00:16:00,DCA (Criança e Adolescente),"Empoamento, Macrofotografia, Luz forense/lanterna",False,False,0.1567
Marca em Animal,DP,1,5,0,2023-04-22 07:34:00,2ª DP,"Macrofotografia, Empoamento",False,False,0.1487
Dano,Terreno Baldio,2,97,0,2023-02-23 14:03:00,1ª DP,Empoamento,True,True,0.462
Adulteração de Placa e/ou Lacre,Pátio,2,53,1,2023-04-04 03:57:00,DCA (Criança e Adolescente),"Empoamento, Luz forense/lanterna, Macrofotografia",False,False,0.1773
Furto,Via Pública,0,29,5,2023-07-21 18:13:00,3ª DP,"Macrofotografia, Luz forense/lanterna, Empoamento",False,False,0.1588
Dano,Hospital,9,35,1,2023-06-22 12:04:00,3ª DP,"Empoamento, Luz forense/lanterna",Nao,False,0.2844
Tentativa de Suicídio,Residência,0,24,0,2023-03-28 18:19:00,2ª DP,"Luz forense/lanterna, Empoamento",True,False,0.3148
Lesão Corporal,Hospital,2,24,0,2023-03-12 22:42:00,1ª DP,"Empoamento, Luz forense/lanterna, Macrofotografia",True,False,0.5775
Tentativa de Suicídio,Área Rural,0,11,0,2023-01-20 14:34:00,2ª DP,Luz forense/lanterna,False,False,0.1339
Dano Seguido de Lesão Corporal,Pátio,1,38,1,2023-04-15 08:00:00,2ª DP,"Macrofotografia, Empoamento, Luz forense/lanterna",False,True,0.5653
Feto Encontrado,Via Pública,2,16,0,2023-07-12 18:14:00,1ª DP,"Empoamento, Luz forense/lanterna",False,False,0.7388
Marca em Animal,Pátio,1,48,2,2023-08-13 20:25:00,DCA (Criança e Adolescente),Macrofotografia,True,False,0.3129
Lesão Corporal,Hospital,3,9,1,2023-04-29 16:20:00,DRFC (Furtos),"Macrofotografia, Luz forense/lanterna",True,False,0.5626
Afogamento,Terreno Baldio,5,13,0,2023-10-17 00:12:00,DHPP (Homicídios),"Empoamento, Macrofotografia",True,False,0.2539
Dano Seguido de Lesão Corporal,Pátio,1,38,0,2023-09-30 02:34:00,3ª DP,"Luz forense/lanterna, Empoamento, Macrofotografia",False,False,0.3554
Infanticídio,Residência,0,11,0,2023-04-11 08:07:00,3ª DP,Luz forense/lanterna,True,True,1.0
Morte Aparentemente Natural,Residência,1,54,0,2023-07-25 12:21:00,DRFC (Furtos),"Macrofotografia, Luz forense/lanterna, Empoamento",True,0,0.3161
Furto,Área Rural,3,34,0,2023-03-05 17:42:00,3ª DP,"Empoamento, Macrofotografia",True,False,0.2755
Marca em Animal,Pátio,0,33,2,2023-03-04 21:30:00,3ª DP,"Luz forense/lanterna, Macrofotografia, Empoamento",False,True,0.2528
Local de Estupro e/ou Veículo Envolvido em Estupro,Via Pública,2,100,4,2023-07-09 11:06:00,DRFC (Furtos),Macrofotografia,False,False,0.6677
Estelionato,Terreno Baldio,5,13,0,2023-01-28 20:47:00,2ª DP,"Luz forense/lanterna, Empoamento",False,True,0.326
Exercício Arbitrário das Próprias Razões,Pátio,0,29,0,2023-12-07 10:07:00,DRFC (Furtos),"Macrofotografia, Empoamento, Luz forense/lanterna",True,True,0.4684
Latrocínio e/ou Tentativa de Latrocínio,Hospital,3,23,1,2023-03-18 14:40:00,DCA (Criança e Adolescente),Luz forense/lanterna,False,False,0.7347
Infanticídio,Área Rural,1,20,2,2023-09-18 19:58:00,2ª DP,"Empoamento, Macrofotografia",False,False,0.7275
Pichação,Terreno Baldio,0,22,2,2023-12-04 01:32:00,3ª DP,"Macrofotografia, Empoamento",True,False,0.3066
Marca em Animal,Área Rural,1,16,0,data_invalida,DHPP (Homicídios),"Luz forense/lanterna, Macrofotografia, Empoamento",False,False,0.1502
Pichação,Terreno Baldio,1,8,0,2023-08-24 13:44:00,1ª DP,"Empoamento, Macrofotografia, Luz forense/lanterna",True,False,0.2991
Incêndio (sem vítima),Pátio,1,24,0,2023-07-15 06:04:00,DHPP (Homicídios),"Macrofotografia, Luz forense/lanterna",False,False,0.1478
Abandono de Incapaz,Estabelecimento Comercial,2,36,3,2023-12-11 06:09:00,DRFC (Furtos),"Empoamento, Luz forense/lanterna",False,False,0.736
Estelionato,DP,1,12,0,2023-05-07 14:45:00,DCA (Criança e Adolescente),Luz forense/lanterna,Sim,True,0.4453
Violação de Domicílio,Via Pública,1,16,0,2023-06-05 19:09:00,DHPP (Homicídios),"Macrofotografia, Luz forense/lanterna",False,False,0.1474
Arremesso de Projétil,DP,7,16,1,2023-05-24 19:33:00,DRFC (Furtos),"Luz forense/lanterna, Macrofotografia, Empoamento",True,False,0.297
Violação de Sepultura,Terreno Baldio,0,70,,2023-06-24 07:58:00,DRFC (Furtos),"Empoamento, Luz forense/lanterna",False,False,0.1295
Roubo Com Estupro,Área Rural,7,20,3,2023-08-25 18:27:00,DRFC (Furtos),"Empoamento, Macrofotografia, Luz forense/lanterna",True,False,0.8053
Homicídio,Estabelecimento Comercial,5,40,0,2023-03-02 06:39:00,1ª DP,"Luz forense/lanterna, Macrofotografia, Empoamento",False,False,0.6831
Estelionato,Residência,0,31,0,2023-08-16 19:47:00,DCA (Criança e Adolescente),"Macrofotografia, Luz forense/lanterna, Empoamento",True,True,0.4018
Estelionato,Estabelecimento Comercial,2,26,1,2023-08-15 12:14:00,2ª DP,"Macrofotografia, Luz forense/lanterna",False,True,0.2945
Tráfico de Entorpecentes,Estabelecimento Comercial,3,18,0,2023-05-07 15:28:00,DRFC (Furtos),"Empoamento, Macrofotografia, Luz forense/lanterna",False,False,0.1913
Maus Tratos de Animal,Residência,3,17,9,2023-06-29 14:04:00,DRFC (Furtos),"Empoamento, Macrofotografia, Luz forense/lanterna",False,True,0.3259
Infanticídio,Pátio,3,15,1,2023-02-11 03:02:00,2ª DP,"Luz forense/lanterna, Empoamento, Macrofotografia",False,False,0.7113
Lesão Corporal,Área Rural,1,14,1,2023-03-23 10:05:00,2ª DP,"Macrofotografia,_Luz_forense/lanterna",True,False,0.5487
Incêndio (sem vítima),Terreno Baldio,3,9,0,2023-01-22 05:06:00,DHPP (Homicídios),"Empoamento, Luz forense/lanterna, Macrofotografia",True,False,0.288
Eletroplessão,Terreno Baldio,7,21,1,2023-10-16 06:50:00,DEAM (Mulher),"Luz forense/lanterna, Macrofotografia, Empoamento",True,False,0.2904
Infanticídio,Área Rural,1,20,0,2023-09-14 14:22:00,1ª DP,"Empoamento, Luz forense/lanterna",False,False,0.6776
Adulteração de Placa e/ou Lacre,Hospital,0,6,2,2023-01-31 18:03:00,DHPP (Homicídios),Luz forense/lanterna,True,True,0.4293
Estelionato,Terreno Baldio,3,5,1,2023-11-08 04:35:00,2ª DP,"Empoamento, Luz forense/lanterna",True,True,0.4846
Estelionato,Terreno Baldio,0,12,0,2023-03-21 16:27:00,DHPP (Homicídios),"Macrofotografia, Empoamento",False,False,0.1874
Suicídio,Residência,10,11,1,2023-08-20 13:53:00,3ª DP,Macrofotografia,1,False,0.1013
Roubo Com Estupro,Estabelecimento Comercial,4,37,1,2023-12-20 08:17:00,DCA (Criança e Adolescente),"Macrofotografia, Empoamento, Luz forense/lanterna",False,False,0.6934
Abandono de Incapaz,Estabelecimento Comercial,3,36,2,2023-06-18 15:05:00,DEAM (Mulher),"Empoamento, Macrofotografia",False,False,0.728
Infanticídio,Via Pública,1,5,2,2023-04-19 20:27:00,2ª DP,Empoamento,True,False,0.8782
Feto Encontrado,Hospital,0,18,0,2023-10-04 02:25:00,1ª DP,"Luz forense/lanterna, Empoamento",False,False,0.6646
Suicídio,Via Pública,0,41,0,2023-07-08 07:39:00,3ª DP,"Luz forense/lanterna, Macrofotografia, Empoamento",False,False,0.1381
Disparo de Arma de Fogo,Hospital,2,29,1,2023-09-25 09:45:00,3ª DP,"Macrofotografia, Empoamento, Luz forense/lanterna",False,False,0.4436
Morte Aparentemente Natural,Hospital,3,9,1,2023-07-31 15:56:00,DRFC (Furtos),"Luz forense/lanterna, Macrofotografia",False,True,0.3194
Feminicídio,Pátio,0,7,2,2023-07-08 22:09:00,DRFC (Furtos),Empoamento,True,False,0.824
Pichação,DP,2,20,0,2023-04-17 09:25:00,2ª DP,"Luz forense/lanterna, Empoamento",False,False,0.1231
Tráfico de Entorpecentes,Via Pública,4,36,0,2023-10-29 21:40:00,DEAM (Mulher),Luz forense/lanterna,True,True,0.4105
Incêndio (sem vítima),Residência,7,69,3,2023-07-03 05:43:00,DHPP (Homicídios),"Empoamento, Macrofotografia, Luz forense/lanterna",True,True,0.4115
Marca em Animal,Área Rural,1,28,1,2023-05-08 10:48:00,3ª DP,Macrofotografia,True,False,0.2816
Furto,Estabelecimento Comercial,5,5,0,31/02/2023 25:00:00,3ª DP,"Macrofotografia, Empoamento, Luz forense/lanterna",True,False,0.2511
Tentativa de Homicídio,Área Rural,5,23,1,2023-10-26 17:51:00,2ª DP,"Luz forense/lanterna, Empoamento, Macrofotografia",True,True,1.0
Feto Encontrado,Via Pública,2,11,0,2023-05-27 00:42:00,3ª DP,Luz forense/lanterna,False,False,0.6948
Furto de Energia Elétrica ou Termodinâmica,Terreno Baldio,12,27,0,2023-08-31 20:01:00,DEAM (Mulher),Macrofotografia,False,False,0.1737
Roubo,Área Rural,1,14,2,2023-10-05 10:35:00,1ª DP,"Luz forense/lanterna, Macrofotografia, Empoamento",True,True,0.748
Lesão Corporal,Pátio,0,29,2,2023-12-11 22:54:00,DHPP (Homicídios),Macrofotografia,True,False,0.5244
Extorsão,DP,1,13,0,2023-09-30 18:12:00,DRFC (Furtos),Luz forense/lanterna,False,False,0.4346
Estelionato,DP,1,31,0,2023-07-20 18:22:00,DHPP (Homicídios),"Luz forense/lanterna, Empoamento, Macrofotografia",False,False,0.1853
Furto de Energia Elétrica ou Termodinâmica,Estabelecimento Comercial,999999,15,2,2023-03-18 15:14:00,3ª DP,"Empoamento, Macrofotografia, Luz forense/lanterna",True,False,0.2801
Maus Tratos de Animal,Hospital,2,19,4,,3ª DP,"Luz forense/lanterna, Empoamento, Macrofotografia",True,False,0.2791
Arremesso de Projétil,DP,2,35,2,2023-05-25 21:51:00,3ª DP,"Macrofotografia, Empoamento, Luz forense/lanterna",False,True,0.2932
Marca em Animal,Residência,3,19,N/A,2023-10-09 10:53:00,DEAM (Mulher),"Empoamento, Macrofotografia, Luz forense/lanterna",True,False,0.3189
Ossada Encontrada,Via Pública,1,67,2,2023-02-04 07:41:00,DCA (Criança e Adolescente),Macrofotografia,False,False,0.1541
Receptação,Hospital,0,21,0,2023-06-18 23:21:00,DCA (Criança e Adolescente),"Luz forense/lanterna, Macrofotografia, Empoamento",False,True,0.3397
Incêndio (com vítima),Via Pública,1,19,4,2023-08-12 12:51:00,1ª DP,Empoamento,True,False,0.5987
Homicídio,Estabelecimento Comercial,8,13,4,2023-11-11 19:11:00,DEAM (Mulher),"Macrofotografia, Luz forense/lanterna",False,True,0.8083
Veículo Localizado (furtado ou roubado),Área Rural,5,22,1,2023-01-13 20:54:00,3ª DP,"Empoamento, Macrofotografia, Luz forense/lanterna",False,False,0.1355
Dano,Área Rural,4,23,0,2023-03-21 06:02:00,3ª DP,Luz forense/lanterna,True,True,0.4057
Adulteração de Placa e/ou Lacre,Residência,6,6,0,2023-10-13 21:42:00,2ª DP,"Macrofotografia, Luz forense/lanterna, Empoamento",False,True,0.3121
Veículo Localizado (furtado ou roubado),Residência,N/A,10,4,2023-01-14 17:05:00,2ª DP,"Empoamento, Macrofotografia",False,True,0.335
Incêndio (sem vítima),Pátio,2,18,3,2023-06-22 19:01:00,DHPP (Homicídios),Empoamento,True,False,0.304
Lesão Corporal,Área Rural,5,43,0,2023-13-45,2ª DP,Luz forense/lanterna,True,False,0.5481
Eletroplessão,DP,2,9,1,2023-07-23 05:39:00,DRFC (Furtos),Empoamento,True,True,0.4384
Morte Aparentemente Natural,Residência,3,32,0,2023-11-25 17:41:00,3ª DP,Luz forense/lanterna,False,False,0.1145
Eletroplessão,Via Pública,0,8,3,2023-11-23 00:22:00,DHPP (Homicídios),"Luz forense/lanterna, Empoamento",True,False,0.2656
Cadáver Encontrado,Hospital,1,19,1,2023-01-23 17:24:00,DEAM (Mulher),Luz forense/lanterna,True,False,0.304
Exercício Arbitrário das Próprias Razões,Pátio,1,52,1,2023-10-28 20:19:00,DCA (Criança e Adolescente),"Luz forense/lanterna, Macrofotografia",True,False,0.2827
Cadáver Encontrado,Terreno Baldio,1,12,1,2023-01-31 09:38:00,DHPP (Homicídios),"Luz forense/lanterna, Empoamento",False,False,0.1591
Roubo Com Estupro,Via Pública,0,43,4,2023-03-08 12:12:00,DCA (Criança e Adolescente),Empoamento,False,False,0.7382
Feto Encontrado,Área Rural,10,36,0,2023-04-24 20:42:00,DCA (Criança e Adolescente),"Empoamento, Macrofotografia",True,False,0.8212
Furto d'água,Via Pública,N/A,30,8,2023-10-13 08:22:00,DHPP (Homicídios),"Luz forense/lanterna, Macrofotografia",False,False,0.1855
Violação de Sepultura,Pátio,2,6,1,2023-09-24 16:45:00,DEAM (Mulher),"Empoamento, Luz forense/lanterna",False,False,0.1307
Furto d'água,DP,1,86,3,2023-07-23 20:20:00,1ª DP,"Empoamento, Luz forense/lanterna",True,True,0.4243
Violação de Domicílio,Residência,8,14,1,2023-11-26 07:10:00,3ª DP,EMPOAMENTO,True,True,0.4245
Tráfico de Entorpecentes,Via Pública,1,6,1,2023-01-27 11:29:00,2ª DP,"Empoamento, Luz forense/lanterna",True,False,0.2767
Exercício Arbitrário das Próprias Razões,Área Rural,5,21,3,2023-09-07 20:05:00,1ª DP,"Luz forense/lanterna, Empoamento",True,False,0.2771
Furto,Área Rural,0,27,2,2023-03-01 09:06:00,DEAM (Mulher),"Macrofotografia, Luz forense/lanterna",True,False,0.2508
Ossada Encontrada,Pátio,2,7,,2023-01-30 20:19:00,DCA (Criança e Adolescente),Macrofotografia,False,True,0.2844
Arremesso de Projétil,Área Rural,10,30,2,2023-03-18 22:22:00,2ª DP,"Luz forense/lanterna, Macrofotografia",False,False,0.1622
Extorsão,Área Rural,7,39,1,2023-09-30 17:41:00,DRFC (Furtos),Luz forense/lanterna,True,False,0.5327
Ameaça,Terreno Baldio,3,23,0,2023-04-12 11:20:00,DHPP (Homicídios),"Empoamento, Macrofotografia, Luz forense/lanterna",True,False,0.2908
Dano,Área Rural,2,5,0,2023-01-03 20:43:00,3ª DP,"Luz forense/lanterna, Macrofotografia",True,False,0.3301
Ameaça,Residência,5,10,0,2023-03-26 20:45:00,DRFC (Furtos),"Macrofotografia, Empoamento, Luz forense/lanterna",True,True,0.4646
Marca em Animal,Terreno Baldio,0,7,1,2023-02-24 20:35:00,DCA (Criança e Adolescente),"Luz forense/lanterna, Macrofotografia, Empoamento",True,False,0.2711
Explosão (com vítima),Via Pública,0,18,1,2023-04-28 08:10:00,3ª DP,"Macrofotografia, Empoamento",False,False,0.4229
Latrocínio e/ou Tentativa de Latrocínio,Pátio,1,27,4,2023-11-30 22:01:00,3ª DP,"Macrofotografia, Luz forense/lanterna",False,False,0.7405
Incêndio (com vítima),Via Pública,0,7,0,2023-01-10 13:29:00,3ª DP,Empoamento,False,True,0.5523
Exercício Arbitrário das Próprias Razões,Área Rural,0,8,0,2023-01-13 03:08:00,DEAM (Mulher),Empoamento,True,False,0.2898
Furto Qualificado (arrombamento),Pátio,2,12,1,2023-10-15 12:02:00,3ª DP,Empoamento,True,True,0.4658
Marca em Animal,Terreno Baldio,1,26,1,2023-05-14 16:59:00,3ª DP,Luz forense/lanterna,False,False,0.1941
Tentativa de Suicídio,Via Pública,2,13,3,2023-01-13 03:35:00,2ª DP,"Macrofotografia, Empoamento, Luz forense/lanterna",True,True,0.4687
Ossada Encontrada,Área Rural,0,97,6,2023-04-12 18:18:00,1ª DP,"Empoamento, Luz forense/lanterna",True,True,0.4404
Adulteração de Placa e/ou Lacre,Área Rural,1,6,0,2023-04-14 08:10:00,2ª DP,"Empoamento, Macrofotografia",True,False,0.3431
Veículo Localizado (furtado ou roubado),Residência,0,20,1,2023-03-27 05:41:00,DHPP (Homicídios),"Luz forense/lanterna, Empoamento",False,False,0.1654
Aborto,DP,0,12,4,2023-08-26 18:25:00,1ª DP,"Macrofotografia, Luz forense/lanterna",False,True,0.3198
Lesão Corporal,Via Pública,2,25,6,2023-09-10 07:47:00,3ª DP,Empoamento,True,False,0.5377
Arremesso de Projétil,Terreno Baldio,3,20,0,2023-09-08 18:04:00,1ª DP,"Empoamento, Luz forense/lanterna, Macrofotografia",True,False,0.2984
Incêndio (sem vítima),Estabelecimento Comercial,6,20,0,2023-04-04 04:21:00,DRFC (Furtos),Empoamento,True,False,0.2579
Furto em Interior de Veículo,Pátio,0,6,4,2023-01-19 09:50:00,2ª DP,Macrofotografia,True,False,0.3351
Extorsão,Área Rural,0,100,4,2023-03-05 04:09:00,DEAM (Mulher),"Empoamento, Macrofotografia",True,False,0.5343
Roubo,Hospital,5,27,1,2023-04-18 18:03:00,2ª DP,"Macrofotografia, Luz forense/lanterna, Empoamento",True,False,0.5871
Furto,Terreno Baldio,1,16,0,2023-12-03 10:10:00,DRFC (Furtos),Macrofotografia,False,False,0.1437
Abandono de Incapaz,Área Rural,1,35,2,2023-09-18 16:15:00,2ª DP,"Luz forense/lanterna, Empoamento, Macrofotografia",True,False,0.8734
Incêndio (sem vítima),DP,5,57,0,2023-05-23 05:19:00,1ª DP,Empoamento,False,False,0.1827
Cadáver Encontrado,Via Pública,1,5,0,2023-12-18 17:16:00,1ª DP,"Luz forense/lanterna, Empoamento",False,True,0.3004
Roubo Com Estupro,Pátio,2,45,0,2023-01-20 12:18:00,DRFC (Furtos),"Macrofotografia, Empoamento, Luz forense/lanterna",True,False,0.8413
Veículo Localizado (furtado ou roubado),DP,1,43,0,2023-07-26 16:29:00,3ª DP,Empoamento,False,False,0.1279
Violação de Domicílio,Pátio,0,6,3,2023-03-06 11:33:00,3ª DP,Luz forense/lanterna,False,False,0.1767
Eletroplessão,Terreno Baldio,0,10,4,2023-10-26 08:32:00,DEAM (Mulher),"Luz forense/lanterna, Macrofotografia, Empoamento",False,True,0.2771
Violação de Sepultura,Pátio,1,8,1,2023-05-21 19:42:00,DCA (Criança e Adolescente),Macrofotografia,True,False,0.2962
Eletroplessão,Terreno Baldio,2,17,1,2023-09-29 16:02:00,2ª DP,Luz forense/lanterna,True,True,0.4131
Furto de Energia Elétrica ou Termodinâmica,DP,4,6,4,2023-01-25 16:55:00,DCA (Criança e Adolescente),"Macrofotografia, Empoamento",False,False,0.1184
Exercício Arbitrário das Próprias Razões,Via Pública,1,11,1,data_invalida,DEAM (Mulher),"Luz forense/lanterna, Macrofotografia",True,False,0.3231
Furto,Via Pública,0,20,0,2023-09-20 02:53:00,DCA (Criança e Adolescente),Luz forense/lanterna,True,False,0.3387
Ossada Encontrada,Terreno Baldio,2,29,2,2023-10-16 17:22:00,DHPP (Homicídios),Luz forense/lanterna,False,True,0.2829
Marca em Animal,Estabelecimento Comercial,7,9,1,2023-10-09 13:06:00,1ª DP,"Macrofotografia, Empoamento",False,True,0.2597
Estelionato,Via Pública,0,20,1,2023-07-18 03:18:00,2ª DP,"Empoamento, Macrofotografia, Luz forense/lanterna",True,True,0.4035
Incêndio (com vítima),DP,6,9,7,2023-06-19 07:51:00,DCA (Criança e Adolescente),"Empoamento, Luz forense/lanterna",True,False,0.5447
Tentativa de Homicídio,Área Rural,4,20,0,2023-04-19 22:36:00,2ª DP,"Macrofotografia, Luz forense/lanterna",False,True,0.8209
Local de Estupro e/ou Veículo Envolvido em Estupro,DP,1,7,4,2023-05-15 05:12:00,DEAM (Mulher),Macrofotografia,False,False,0.6528
Furto d'água,Hospital,4,41,6,2023-08-28 00:23:00,2ª DP,"Luz forense/lanterna, Empoamento, Macrofotografia",True,True,0.429
Adulteração de Placa e/ou Lacre,DP,1,30,3,2023-09-21 12:44:00,DRFC (Furtos),"Empoamento, Luz forense/lanterna, Macrofotografia",True,True,0.4747
Disparo de Arma de Fogo,Via Pública,3,6,2,2023-03-12 15:05:00,DCA (Criança e Adolescente),"Luz forense/lanterna, Macrofotografia, Empoamento",False,False,0.4136
Furto em Interior de Veículo,Área Rural,1,22,0,2023-05-09 03:12:00,DEAM (Mulher),"Macrofotografia, Luz forense/lanterna, Empoamento",False,False,0.1943
Arremesso de Projétil,Hospital,4,7,1,2023-11-04 00:01:00,DRFC (Furtos),Luz forense/lanterna,False,False,0.1967
Veículo Localizado (furtado ou roubado),Área Rural,10,37,0,2023-02-25 05:48:00,DEAM (Mulher),"Macrofotografia, Empoamento, Luz forense/lanterna",False,False,0.1869
Infanticídio,Área Rural,1,32,0,2023-09-20 18:09:00,DRFC (Furtos),"Macrofotografia, Empoamento, Luz forense/lanterna",False,True,0.802
Abandono de Incapaz,Área Rural,0,7,3,2023-04-16 19:57:00,3ª DP,Macrofotografia,True,False,0.8683
Feto Encontrado,Área Rural,8,94,3,2023-03-06 12:12:00,3ª DP,"Empoamento, Luz forense/lanterna",True,False,0.8392
Incêndio (sem vítima),Pátio,1,17,12,2023-06-16 23:22:00,DEAM (Mulher),"Empoamento, Luz forense/lanterna",False,False,0.1856
Arremesso de Projétil,Estabelecimento Comercial,3,45,2,2023-07-04 22:01:00,DCA (Criança e Adolescente),Macrofotografia,False,True,0.3054
Feminicídio,Área Rural,1,10,0,2023-10-08 19:12:00,DEAM (Mulher),"Macrofotografia, Empoamento, Luz forense/lanterna",True,True,1.0
Explosão (sem vítima),Área Rural,2,20,0,2023-10-02 06:12:00,DRFC (Furtos),"Empoamento, Luz forense/lanterna, Macrofotografia",True,False,0.257
Cadáver Encontrado,Pátio,0,69,0,2023-03-29 22:06:00,DEAM (Mulher),"Empoamento, Luz forense/lanterna, Macrofotografia",False,False,0.1232
Lesão Corporal,Via Pública,5,22,0,2023-12-06 19:55:00,DCA (Criança e Adolescente),"Luz forense/lanterna, Empoamento",True,True,0.7224
Afogamento,Pátio,11,6,5,2023-04-11 07:11:00,DHPP (Homicídios),Macrofotografia,False,True,0.3099
Abandono de Incapaz,Área Rural,1,34,4,2023-04-22 03:17:00,DCA (Criança e Adolescente),"Macrofotografia, Luz forense/lanterna, Empoamento",True,False,0.8838
Furto,Via Pública,0,16,3,2023-04-29 15:39:00,DRFC (Furtos),"Macrofotografia, Luz forense/lanterna, Empoamento",False,True,0.2569
Tentativa de Suicídio,Terreno Baldio,2,16,1,2023-12-22 15:34:00,DEAM (Mulher),"Luz forense/lanterna, Empoamento, Macrofotografia",False,False,0.1274
Abandono de Incapaz,Residência,0,43,0,2023-05-20 16:22:00,3ª DP,"Empoamento, Macrofotografia",False,True,0.8614
Extorsão,Hospital,6,28,3,2023-07-24 01:32:00,DCA (Criança e Adolescente),"Macrofotografia, Empoamento, Luz forense/lanterna",True,False,0.5723
Ameaça,Via Pública,0,44,5,2023-01-17 05:57:00,DEAM (Mulher),"Macrofotografia, Luz forense/lanterna, Empoamento",True,False,0.3426
Ameaça,Via Pública,0,8,1,2023-03-14 18:20:00,1ª DP,"Empoamento, Macrofotografia",True,False,0.2772
Abandono de Incapaz,Terreno Baldio,1,50,5,2023-10-30 20:10:00,DEAM (Mulher),"Macrofotografia, Empoamento",True,False,0.8414
Marca em Animal,Hospital,2,23,3,2023-06-13 13:20:00,DHPP (Homicídios),"Luz forense/lanterna, Empoamento",False,False,0.1046
Ossada Encontrada,Terreno Baldio,1,6,0,2023-12-19 05:37:00,DCA (Criança e Adolescente),"Luz forense/lanterna, Macrofotografia",True,False,0.2622
Lesão Corporal,Residência,1,13,4,2023-10-15 20:52:00,DCA (Criança e Adolescente),"Macrofotografia, Empoamento, Luz forense/lanterna",True,False,0.5722
Roubo Com Estupro,Hospital,0,28,1,2023-10-06 05:01:00,DCA (Criança e Adolescente),"Luz forense/lanterna, Empoamento, Macrofotografia",True,False,0.8963
Marca em Animal,Estabelecimento Comercial,5,8,2,2023-06-09 01:52:00,DEAM (Mulher),"Empoamento, Luz forense/lanterna",True,False,0.3461
Dano,Estabelecimento Comercial,2,12,4,2023-04-16 00:26:00,DHPP (Homicídios),"Luz forense/lanterna, Empoamento, Macrofotografia",True,False,0.3008
Furto em Interior de Veículo,Via Pública,6,22,0,2023-08-06 02:36:00,DEAM (Mulher),"Macrofotografia, Empoamento, Luz forense/lanterna",False,False,0.1868
Arremesso de Projétil,Residência,6,15,3,2023-04-04 00:57:00,3ª DP,"Macrofotografia, Empoamento",False,True,0.3001
Local de Estupro e/ou Veículo Envolvido em Estupro,Estabelecimento Comercial,0,37,0,2023-12-12 01:11:00,2ª DP,Macrofotografia,True,true,0.8414
Arremesso de Projétil,Via Pública,3,39,7,2023-10-05 16:35:00,DRFC (Furtos),"Luz forense/lanterna, Macrofotografia",False,True,0.3002
Local de Estupro e/ou Veículo Envolvido em Estupro,Estabelecimento Comercial,4,20,1,2023-09-04 23:51:00,DEAM (Mulher),Empoamento,False,False,0.6692
Feto Encontrado,Terreno Baldio,0,999999,5,2023-03-28 16:43:00,2ª DP,Empoamento,True,False,0.8537
Morte Aparentemente Natural,Residência,1,39,2,2023-05-13 23:46:00,2ª DP,"Macrofotografia, Luz forense/lanterna",True,False,0.3177
Incêndio (sem vítima),Residência,1,22,0,2023-09-03 01:56:00,DEAM (Mulher),"Empoamento, Luz forense/lanterna, Macrofotografia",False,True,0.2614
Homicídio,Pátio,3,19,1,2023-09-02 09:56:00,1ª DP,"Macrofotografia, Luz forense/lanterna",False,False,0.6542
Tentativa de Suicídio,Hospital,2,23,1,2023-04-23 02:14:00,DHPP (Homicídios),"Macrofotografia, Luz forense/lanterna",True,False,0.275
Desmanche de Veículos,DP,1,6,1,2023-09-11 20:20:00,DCA (Criança e Adolescente),"Empoamento, Macrofotografia, Luz forense/lanterna",False,False,0.1615
Maus Tratos de Animal,Via Pública,1,13,0,2023-06-04 06:52:00,DRFC (Furtos),"Macrofotografia, Empoamento, Luz forense/lanterna",False,False,0.1401
Incêndio (sem vítima),Hospital,0,11,2,2023-04-10 18:40:00,2ª DP,"Luz forense/lanterna, Macrofotografia",False,True,0.2745
Incêndio (com vítima),Residência,4,5,1,2023-09-02 23:28:00,DHPP (Homicídios),"Luz forense/lanterna, Empoamento, Macrofotografia",True,False,0.5789
Ameaça,Hospital,0,19,1,2023-07-06 03:49:00,2ª DP,"Luz forense/lanterna, Macrofotografia, Empoamento",False,True,0.2698
Adulteração de Placa e/ou Lacre,Área Rural,0,14,0,2023-01-25 10:53:00,DRFC (Furtos),"Macrofotografia, Empoamento",False,False,0.1705
Tentativa de Homicídio,DP,1,29,8,2023-02-09 14:20:00,1ª DP,Luz forense/lanterna,Nao,False,0.8387
Incêndio (sem vítima),Pátio,N/A,21,0,2023-01-04 15:40:00,DCA (Criança e Adolescente),"Empoamento, Luz forense/lanterna",True,True,0.4697
Receptação,DP,1,12,0,2023-07-10 19:07:00,DEAM (Mulher),Luz forense/lanterna,True,False,0.2716
Suicídio,DP,0,16,3,2023-12-22 23:55:00,3ª DP,Macrofotografia,False,False,0.1461
Roubo Com Estupro,DP,0,15,2,2023-12-29 09:28:00,DCA (Criança e Adolescente),"Luz forense/lanterna, Macrofotografia, Empoamento",False,True,0.882
Receptação,Residência,2,32,0,2023-04-05 00:32:00,1ª DP,Luz forense/lanterna,False,False,0.1499
Violação de Domicílio,Área Rural,4,54,1,2023-05-18 14:33:00,1ª DP,"Macrofotografia, Empoamento, Luz forense/lanterna",False,True,0.2654
Roubo,Pátio,0,37,0,2023-06-16 05:03:00,3ª DP,"Luz forense/lanterna, Macrofotografia, Empoamento",True,False,0.5027
Ameaça,Via Pública,2,129,1,2023-07-16 06:00:00,DHPP (Homicídios),Macrofotografia,True,False,0.3388
Veículo Localizado (furtado ou roubado),Estabelecimento Comercial,2,8,2,2023-08-18 19:42:00,DCA (Criança e Adolescente),"Macrofotografia, Empoamento",False,True,0.3285
Veículo Localizado (furtado ou roubado),Área Rural,0,9,0,2023-07-03 10:27:00,DRFC (Furtos),"Luz forense/lanterna, Empoamento, Macrofotografia",True,False,0.2812
Incêndio (sem vítima),Terreno Baldio,2,36,3,2023-11-15 02:54:00,1ª DP,"Luz forense/lanterna, Macrofotografia, Empoamento",True,False,0.34
Dano,Área Rural,0,8,2,2023-09-14 05:31:00,2ª DP,"Luz forense/lanterna, Empoamento",False,False,0.1487
Feto Encontrado,Pátio,0,139,0,2023-01-28 20:30:00,DRFC (Furtos),"Luz forense/lanterna, Macrofotografia",True,False,0.8756
Pichação,Área Rural,0,14,3,2023-01-02 19:24:00,DHPP (Homicídios),Macrofotografia,False,False,0.1316
Roubo Com Estupro,Hospital,0,41,1,2023-01-28 14:02:00,1ª DP,Luz forense/lanterna,True,False,0.868
Homicídio,Área Rural,6,18,2,2023-02-25 18:11:00,2ª DP,Luz forense/lanterna,True,False,0.8123
Infanticídio,Pátio,12,10,1,2023-05-27 10:23:00,3ª DP,"Macrofotografia, Luz forense/lanterna, Empoamento",True,True,0.976
Receptação,DP,1,23,4,2023-03-28 13:59:00,DRFC (Furtos),"Macrofotografia, Luz forense/lanterna, Empoamento",True,False,0.2665
Furto em Interior de Veículo,DP,3,15,2,2023-04-02 18:08:00,2ª DP,Macrofotografia,False,False,0.1128
Explosão (com vítima),Residência,4,13,0,data_invalida,DEAM (Mulher),Macrofotografia,False,False,0.4062
Exercício Arbitrário das Próprias Razões,Pátio,4,19,1,2023-08-26 23:35:00,1ª DP,"Macrofotografia, Empoamento, Luz forense/lanterna",False,False,0.1142
Dano,Via Pública,0,9,0,data_invalida,DHPP (Homicídios),"Luz forense/lanterna, Macrofotografia, Empoamento",False,False,0.1134
Furto d'água,Área Rural,0,39,5,2023-09-19 18:00:00,3ª DP,"Luz forense/lanterna, Empoamento",False,False,0.194
Cadáver Encontrado,Estabelecimento Comercial,2,5,2,2023-11-15 17:09:00,DRFC (Furtos),Luz forense/lanterna,False,True,0.3267
Exercício Arbitrário das Próprias Razões,Via Pública,0,18,0,2023-06-27 07:06:00,1ª DP,Macrofotografia,True,True,0.4325
Explosão (sem vítima),Área Rural,3,26,1,2023-01-02 19:55:00,3ª DP,"Luz forense/lanterna, Empoamento",True,False,0.2855
Adulteração de Placa e/ou Lacre,Pátio,0,9,0,2023-10-11 18:15:00,2ª DP,"Macrofotografia, Luz forense/lanterna",True,True,0.4794
Desmanche de Veículos,Pátio,2,5,0,2023-04-07 08:24:00,DEAM (Mulher),"Luz forense/lanterna, Empoamento",False,False,0.1363
Local de Estupro e/ou Veículo Envolvido em Estupro,Via Pública,4,14,2,2023-06-29 00:05:00,DRFC (Furtos),"Luz forense/lanterna, Macrofotografia",False,False,0.7301
Feto Encontrado,Residência,2,21,2,2023-07-20 21:39:00,DCA (Criança e Adolescente),"Macrofotografia, Luz forense/lanterna",True,False,0.8444
Feminicídio,Área Rural,1,9,3,2023-01-20 15:09:00,DEAM (Mulher),"Empoamento, Luz forense/lanterna, Macrofotografia",True,False,0.8465
Dano,Hospital,3,23,6,2023-10-30 00:57:00,DHPP (Homicídios),"Empoamento, Luz forense/lanterna",True,False,0.2653
Furto de Energia Elétrica ou Termodinâmica,Hospital,0,9,4,2023-09-23 10:22:00,DEAM (Mulher),"Empoamento, Macrofotografia",True,False,0.332
Latrocínio e/ou Tentativa de Latrocínio,Pátio,7,25,0,2023-03-30 21:19:00,DRFC (Furtos),"Luz forense/lanterna, Macrofotografia, Empoamento",True,True,0.9748
Pichação,Área Rural,1,50,0,2023-05-05 06:21:00,3ª DP,"Empoamento, Luz forense/lanterna",True,False,0.3315
Feminicídio,Estabelecimento Comercial,10,19,2,2023-03-02 11:07:00,DHPP (Homicídios),"Empoamento, Macrofotografia, Luz forense/lanterna",True,False,0.8992
Adulteração de Placa e/ou Lacre,Hospital,10,37,0,2023-08-09 00:40:00,3ª DP,"Macrofotografia, Empoamento",True,False,0.2604
Furto d'água,Via Pública,2,25,5,2023-02-22 19:51:00,DHPP (Homicídios),"Luz forense/lanterna, Macrofotografia",True,True,0.4487
Roubo Com Estupro,DP,1,7,0,2023-07-12 00:50:00,3ª DP,"Luz forense/lanterna, Empoamento, Macrofotografia",True,False,0.8558
Latrocínio e/ou Tentativa de Latrocínio,Pátio,3,8,0,2023-10-12 07:43:00,DRFC (Furtos),"Luz forense/lanterna, Empoamento",False,False,0.6862
Infanticídio,Pátio,3,7,1,2023-01-21 10:23:00,2ª DP,"Luz forense/lanterna, Empoamento, Macrofotografia",False,True,0.8359
Furto Qualificado (arrombamento),Estabelecimento Comercial,0,25,0,2023-02-12 16:09:00,DRFC (Furtos),Luz forense/lanterna,False,False,0.1533
Afogamento,DP,0,80,3,2023-13-45,3ª DP,"Luz forense/lanterna, Macrofotografia, Empoamento",False,False,0.1241
Eletroplessão,Hospital,0,89,4,2023-06-06 09:36:00,DRFC (Furtos),"Luz forense/lanterna, Empoamento",True,False,0.2709
Estelionato,Via Pública,5,25,1,2023-06-04 08:50:00,DHPP (Homicídios),"Macrofotografia, Empoamento",True,False,0.26
Lesão Corporal,Hospital,0,27,6,2023-12-17 04:26:00,DHPP (Homicídios),"Luz forense/lanterna, Macrofotografia, Empoamento",true,False,0.5185
Local de Estupro e/ou Veículo Envolvido em Estupro,Via Pública,4,12,1,2023-11-05 15:10:00,DCA (Criança e Adolescente),"Empoamento, Luz forense/lanterna",True,False,0.8428
Veículo Localizado (furtado ou roubado),Pátio,0,28,0,2023-01-24 00:56:00,DRFC (Furtos),Luz forense/lanterna,False,False,0.1218
Disparo de Arma de Fogo,Estabelecimento Comercial,7,11,0,2023-05-15 02:46:00,DRFC (Furtos),"Macrofotografia, Luz forense/lanterna",True,True,0.742
Dano,Área Rural,2,19,0,2023-07-05 18:53:00,3ª DP,Luz forense/lanterna,False,False,0.1093
Aborto,Terreno Baldio,3,33,0,2023-09-06 16:58:00,DEAM (Mulher),"Macrofotografia, Empoamento",True,False,0.2992
Latrocínio e/ou Tentativa de Latrocínio,Pátio,0,21,1,2023-10-04 07:03:00,DCA (Criança e Adolescente),"Luz forense/lanterna, Empoamento",True,False,0.819
Latrocínio e/ou Tentativa de Latrocínio,Estabelecimento Comercial,0,14,1,2023-03-17 10:53:00,DCA (Criança e Adolescente),Macrofotografia,True,True,0.9732
Tráfico de Entorpecentes,Estabelecimento Comercial,5,27,4,2023-12-17 23:13:00,3ª DP,"Macrofotografia, Empoamento, Luz forense/lanterna",True,False,0.3112
Marca em Animal,Residência,4,22,5,2023-10-30 01:13:00,DHPP (Homicídios),Empoamento,True,False,0.3315
Veículo Localizado (furtado ou roubado),Terreno Baldio,0,34,4,2023-08-10 18:30:00,DEAM (Mulher),"Luz forense/lanterna, Empoamento, Macrofotografia",False,False,0.1504
Afogamento,Residência,3,79,0,2023-10-31 23:33:00,DCA (Criança e Adolescente),Empoamento,False,False,0.1544
Furto em Interior de Veículo,Terreno Baldio,0,15,1,2023-11-23 08:39:00,2ª DP,"Macrofotografia, Empoamento, Luz forense/lanterna",True,False,0.3042
Receptação,Via Pública,3,22,0,2023-08-31 10:42:00,DEAM (Mulher),"Empoamento, Macrofotografia",False,False,0.13
Eletroplessão,Estabelecimento Comercial,4,26,1,2023-10-06 05:16:00,DRFC (Furtos),"Luz forense/lanterna, Macrofotografia, Empoamento",False,False,0.1931
Disparo de Arma de Fogo,Hospital,2,7,2,2023-08-20 17:02:00,DHPP (Homicídios),Luz forense/lanterna,True,False,0.5688
Desmanche de Veículos,Estabelecimento Comercial,9,41,0,2023-02-06 06:18:00,2ª DP,"Luz forense/lanterna, Empoamento",False,False,0.1652
Cadáver Encontrado,Terreno Baldio,0,7,0,2023-12-09 15:58:00,DCA (Criança e Adolescente),"Macrofotografia, Luz forense/lanterna, Empoamento",False,False,0.1669
Dano Seguido de Lesão Corporal,Estabelecimento Comercial,2,5,0,2023-07-25 18:05:00,1ª DP,"Macrofotografia, Empoamento",True,True,0.6522
Marca em Animal,Residência,8,24,2,2023-03-03 09:17:00,DHPP (Homicídios),"Macrofotografia, Luz forense/lanterna",True,False,0.3246
Explosão (sem vítima),Hospital,1,9,1,2023-10-14 22:30:00,DEAM (Mulher),Macrofotografia,True,False,0.2817
Arremesso de Projétil,Residência,3,,1,2023-07-27 16:08:00,2ª DP,"Luz forense/lanterna, Empoamento, Macrofotografia",True,False,0.3195
Maus Tratos de Animal,Pátio,0,99,1,2023-12-01 18:37:00,1ª DP,"Luz forense/lanterna, Macrofotografia, Empoamento",True,True,0.4161
Local de Estupro e/ou Veículo Envolvido em Estupro,Área Rural,0,37,6,2023-12-24 15:32:00,DCA (Criança e Adolescente),"Luz forense/lanterna, Empoamento",True,True,0.9587
Afogamento,Terreno Baldio,0,12,7,2023-01-11 03:30:00,DEAM (Mulher),"Empoamento, Luz forense/lanterna",False,False,0.1727
Exercício Arbitrário das Próprias Razões,Via Pública,7,17,1,2023-02-02 13:17:00,3ª DP,"Macrofotografia, Empoamento",False,False,0.1117
Roubo Com Estupro,DP,5,15,0,2023-04-20 16:08:00,1ª DP,"Macrofotografia, Empoamento, Luz forense/lanterna",True,False,0.805
Desmanche de Veículos,Terreno Baldio,4,6,1,2023-12-12 03:18:00,DEAM (Mulher),"Empoamento, Macrofotografia",True,False,0.3457
Homicídio,Estabelecimento Comercial,0,63,3,2023-12-17 12:57:00,DEAM (Mulher),"Macrofotografia, Luz forense/lanterna",True,True,0.9929
Maus Tratos de Animal,DP,6,8,0,2023-04-19 23:27:00,DEAM (Mulher),Luz forense/lanterna,False,False,0.198
Veículo Localizado (furtado ou roubado),Via Pública,0,47,0,2023-10-31 03:54:00,DEAM (Mulher),"Luz forense/lanterna, Macrofotografia",False,False,0.1128
Afogamento,Hospital,0,30,0,2023-04-19 22:29:00,3ª DP,Macrofotografia,False,False,0.1946
Ameaça,Residência,3,19,2,2023-11-07 20:50:00,DEAM (Mulher),"Empoamento, Macrofotografia",True,False,0.3043
Morte Aparentemente Natural,DP,3,15,1,2023-05-28 20:26:00,DCA (Criança e Adolescente),"Macrofotografia, Luz forense/lanterna, Empoamento",False,False,0.1297
Maus Tratos de Animal,Área Rural,0,39,5,2023-04-19 16:42:00,DEAM (Mulher),"Empoamento, Luz forense/lanterna, Macrofotografia",False,True,0.3432
Afogamento,Área Rural,1,45,0,2023-04-21 20:54:00,DEAM (Mulher),"Empoamento, Luz forense/lanterna, Macrofotografia",True,True,0.4779
Adulteração de Placa e/ou Lacre,Pátio,10,13,3,2023-10-30 14:10:00,2ª DP,Luz forense/lanterna,False,True,0.3047
Receptação,DP,2,64,2,2023-12-31 20:10:00,  DCA (Criança e Adolescente)  ,Luz forense/lanterna,False,True,0.3074
Latrocínio e/ou Tentativa de Latrocínio,Área Rural,1,38,9,2023-11-19 04:07:00,DCA (Criança e Adolescente),"Luz forense/lanterna, Empoamento",False,False,0.6565
Suicídio,DP,3,53,0,2023-06-06 16:45:00,2ª DP,"Empoamento, Macrofotografia, Luz forense/lanterna",False,False,0.1528
Violação de Domicílio,Residência,9,48,0,2023-08-28 08:00:00,1ª DP,"Luz forense/lanterna, Empoamento",True,False,0.3239
Estelionato,Pátio,4,5,1,2023-04-24 07:44:00,DEAM (Mulher),Luz forense/lanterna,True,False,0.2675
Explosão (com vítima),Estabelecimento Comercial,3,10,0,2023-12-01 14:10:00,3ª DP,"Empoamento, Luz forense/lanterna",True,False,0.5217
Eletroplessão,TERRENO BALDIO,0,124,0,2023-02-27 21:53:00,DEAM (Mulher),Luz forense/lanterna,False,False,0.1858
Aborto,Pátio,1,46,4,2023-12-24 00:26:00,DHPP (Homicídios),"Empoamento, Macrofotografia, Luz forense/lanterna",False,False,0.1497
Morte Aparentemente Natural,Área Rural,1,65,0,2023-06-30 07:09:00,1ª DP,Macrofotografia,False,Sim,0.1223
Ossada Encontrada,Área Rural,0,41,2,2023-08-29 10:40:00,dhpp (homicídios),Macrofotografia,False,False,0.1134
Morte Aparentemente Natural,Hospital,6,6,0,2023-08-05 09:28:00,3ª DP,"Macrofotografia, Luz forense/lanterna, Empoamento",True,False,0.2631
Suicídio,DP,1,28,0,2023-03-09 20:34:00,DCA (Criança e Adolescente),"Macrofotografia, Luz forense/lanterna, Empoamento",0,True,0.4983
Receptação,DP,8,14,1,2023-11-11 19:24:00,1ª DP,"Macrofotografia, Empoamento, Luz forense/lanterna",False,False,0.1956
Infanticídio,Área Rural,0,33,4,2023-06-29 16:02:00,3ª DP,"Empoamento, Macrofotografia",False,False,0.7436
Roubo Com Estupro,Residência,1,17,1,2023-07-18 18:26:00,DEAM (Mulher),"Empoamento, Macrofotografia, Luz forense/lanterna",True,False,0.8989
Roubo,Via Pública,1,8,1,2023-10-28 16:59:00,3ª DP,"Empoamento, Luz forense/lanterna",False,True,0.506
Infanticídio,DP,5,51,0,2023-12-05 05:23:00,DEAM (Mulher),"Macrofotografia, Luz forense/lanterna, Empoamento",True,False,0.8913
Adulteração de Placa e/ou Lacre,Residência,0,7,2,2023-11-03 18:38:00,3ª DP,Luz forense/lanterna,True,True,0.4506
Extorsão,Residência,0,20,2,2023-06-26 15:45:00,DEAM (Mulher),Empoamento,False,False,0.4363
Explosão (sem vítima),Estabelecimento Comercial,3,19,1,2023-06-25 01:45:00,DRFC (Furtos),"Macrofotografia, Empoamento",True,False,0.3011
Infanticídio,Estabelecimento Comercial,1,28,0,2023-12-28 08:55:00,1ª DP,"Macrofotografia, Empoamento, Luz forense/lanterna",True,False,0.8001
Aborto,Hospital,1,8,2,2023-10-28 00:06:00,DRFC (Furtos),"Macrofotografia, Luz forense/lanterna",True,False,0.3419
Marca em Animal,DP,5,7,4,2023-12-31 17:57:00,DRFC (Furtos),Macrofotografia,True,Nao,0.3148
Ameaça,Via Pública,2,26,3,2023-03-28 17:45:00,DRFC (Furtos),"Luz forense/lanterna, Empoamento, Macrofotografia",True,True,0.4565
Roubo,Via Pública,4,8,4,2023-01-07 06:37:00,DEAM (Mulher),"Empoamento, Luz forense/lanterna",True,False,0.5042
Receptação,Terreno Baldio,1,33,1,2023-08-23 20:44:00,3ª DP,"Macrofotografia, Empoamento, Luz forense/lanterna",True,False,0.3032
Furto em Interior de Veículo,Residência,2,9,2,2023-03-18 03:56:00,DEAM (Mulher),"Macrofotografia, Empoamento, Luz forense/lanterna",False,True,0.2715
Ameaça,Pátio,1,26,8,2023-07-04 10:44:00,DHPP (Homicídios),"Macrofotografia, Luz forense/lanterna",True,False,0.278
Furto de Energia Elétrica ou Termodinâmica,Residência,N/A,41,1,2023-05-27 10:48:00,DHPP (Homicídios),Empoamento,True,False,0.3129
Ameaça,Residência,0,6,0,2023-12-25 09:39:00,DHPP (Homicídios),Macrofotografia,True,False,0.2726
Dano,Hospital,3,7,0,2023-11-30 15:31:00,3ª DP,Luz forense/lanterna,True,False,0.3305
Adulteração de Placa e/ou Lacre,Área Rural,1,7,0,2023-04-16 05:25:00,DEAM (Mulher),"Macrofotografia, Luz forense/lanterna, Empoamento",False,False,0.1684
Tentativa de Homicídio,Estabelecimento Comercial,2,14,0,2023-09-30 22:47:00,DHPP (Homicídios),"Empoamento, Macrofotografia, Luz forense/lanterna",True,False,0.8809
Roubo,Pátio,0,16,2,2023-10-12 21:48:00,DRFC (Furtos),"Empoamento, Macrofotografia, Luz forense/lanterna",True,False,0.5886
Desmanche de Veículos,Terreno Baldio,0,16,2,2023-09-22 16:32:00,DRFC (Furtos),Macrofotografia,False,False,0.1056
Cadáver Encontrado,DP,3,18,0,2023-05-30 17:12:00,1ª DP,Empoamento,False,False,0.1553
Dano Seguido de Lesão Corporal,Área Rural,14,22,0,2023-03-08 20:23:00,3ª DP,"Macrofotografia, Empoamento, Luz forense/lanterna",True,False,0.5571
Marca em Animal,Área Rural,4,20,7,2023-07-25 21:46:00,DHPP (Homicídios),"Macrofotografia, Empoamento",False,False,0.1376
Morte Aparentemente Natural,Pátio,0,12,2,2023-08-27 07:19:00,DHPP (Homicídios),"Macrofotografia, Luz forense/lanterna, Empoamento",True,False,0.3307
Pichação,Estabelecimento Comercial,3,8,1,2023-08-29 14:01:00,3ª DP,"Luz forense/lanterna, Macrofotografia",True,False,0.2829
Suicídio,Terreno Baldio,1,10,5,2023-10-12 17:47:00,DEAM (Mulher),Empoamento,False,True,0.2935
Dano Seguido de Lesão Corporal,Hospital,1,6,6,2023-10-06 07:27:00,3ª DP,Empoamento,False,False,0.3553
Tentativa de Suicídio,Pátio,1,72,0,2023-04-01 04:07:00,DEAM (Mulher),Macrofotografia,True,False,0.2566
Furto,DP,1,15,0,2023-06-02 14:47:00,3ª DP,"Luz forense/lanterna, Macrofotografia",True,False,0.2758
Extorsão,Via Pública,0,25,2,2023-01-26 09:24:00,1ª DP,"Luz forense/lanterna, Macrofotografia",False,True,0.513
Lesão Corporal,Hospital,0,54,1,2023-01-10 04:38:00,DEAM (Mulher),"Luz forense/lanterna, Macrofotografia, Empoamento",True,True,0.7062
Furto Qualificado (arrombamento),Residência,3,16,3,2023-10-11 19:15:00,2ª DP,"Empoamento, Macrofotografia, Luz forense/lanterna",True,True,0.4171
Incêndio (com vítima),Hospital,0,9,0,2023-09-12 18:27:00,DHPP (Homicídios),Macrofotografia,False,True,0.5077
Incêndio (sem vítima),Área Rural,0,20,0,2023-08-26 18:17:00,2ª DP,Empoamento,True,True,0.4619
Afogamento,Residência,6,67,5,2023-02-06 07:02:00,DCA (Criança e Adolescente),Macrofotografia,True,False,0.2886
Furto d'água,Terreno Baldio,5,78,0,2023-06-17 02:35:00,DEAM (Mulher),"Luz forense/lanterna, Empoamento",False,True,0.347
Furto,Pátio,1,47,0,2023-07-17 18:25:00,DEAM (Mulher),"Empoamento, Macrofotografia",True,False,0.3078
Exercício Arbitrário das Próprias Razões,DP,1,6,5,2023-02-08 05:23:00,DRFC (Furtos),"Empoamento, Luz forense/lanterna",True,True,0.4523
Explosão (sem vítima),Terreno Baldio,6,17,7,2023-08-09 11:46:00,1ª DP,Empoamento,True,True,0.4436
Afogamento,Hospital,0,7,1,31/02/2023 25:00:00,2ª DP,"Empoamento, Luz forense/lanterna, Macrofotografia",False,False,0.1823
Veículo Localizado (furtado ou roubado),Terreno Baldio,7,20,4,2023-06-18 22:05:00,DRFC (Furtos),"Luz forense/lanterna, Macrofotografia",False,False,0.1751
Eletroplessão,DP,2,13,1,2023-07-30 10:52:00,DRFC (Furtos),"Luz forense/lanterna, Empoamento, Macrofotografia",False,True,0.2909
Incêndio (com vítima),Pátio,3,5,1,2023-05-10 21:14:00,DCA (Criança e Adolescente),"Macrofotografia, Empoamento",True,False,0.5676
,DP,5,11,1,2023-10-03 21:47:00,3ª DP,"Empoamento, Luz forense/lanterna, Macrofotografia",False,True,0.8922
Disparo de Arma de Fogo,Pátio,0,18,7,2023-06-20 16:02:00,DEAM (Mulher),"Macrofotografia, Luz forense/lanterna",True,False,0.547
Furto d'água,Área Rural,0,24,0,2023-10-03 07:55:00,DRFC (Furtos),"Empoamento, Macrofotografia, Luz forense/lanterna",True,False,0.3067
Aborto,Terreno Baldio,0,54,1,2023-08-11 15:39:00,DEAM (Mulher),Macrofotografia,True,False,0.3344
Violação de Domicílio,Residência,0,50,0,2023-09-04 14:02:00,2ª DP,"Luz forense/lanterna, Empoamento",False,False,0.1124
Furto Qualificado (arrombamento),Residência,0,9,3,2023-11-02 18:53:00,DCA (Criança e Adolescente),"Macrofotografia, Empoamento",False,False,0.151
Veículo Localizado (furtado ou roubado),Pátio,4,9,2,2023-08-28 18:19:00,DHPP (Homicídios),"Empoamento, Luz forense/lanterna",True,False,0.2847
Maus Tratos de Animal,Hospital,0,19,0,2023-10-16 13:22:00,DRFC (Furtos),"Empoamento, Luz forense/lanterna",True,False,0.3287
Adulteração de Placa e/ou Lacre,Área Rural,4,27,0,data_invalida,DRFC (Furtos),Luz forense/lanterna,True,True,0.4448
Extorsão,Pátio,0,37,1,2023-02-12 18:26:00,DRFC (Furtos),"Empoamento, Macrofotografia, Luz forense/lanterna",True,True,0.6892
Maus Tratos de Animal,Pátio,4,80,0,2023-07-22 20:36:00,DCA (Criança e Adolescente),Luz forense/lanterna,False,False,0.1194
Explosão (sem vítima),Área Rural,2,32,0,2023-05-05 20:35:00,DHPP (Homicídios),Empoamento,True,False,0.2933
Desmanche de Veículos,Área Rural,0,30,4,2023-02-06 07:56:00,3ª DP,Luz forense/lanterna,False,False,0.1099
Feminicídio,Estabelecimento Comercial,2,5,0,2023-03-10 23:08:00,2ª DP,"Empoamento, Macrofotografia, Luz forense/lanterna",True,True,0.9776
Infanticídio,Terreno Baldio,7,8,0,2023-03-01 21:58:00,1ª DP,"Macrofotografia, Empoamento",True,False,0.8099
Exercício Arbitrário das Próprias Razões,Pátio,0,28,2,2023-11-16 14:01:00,3ª DP,"Macrofotografia, Luz forense/lanterna, Empoamento",False,True,0.2688
Roubo Com Estupro,Pátio,3,32,1,2023-05-14 17:09:00,DCA (Criança e Adolescente),Empoamento,True,False,0.8579
Feto Encontrado,Estabelecimento Comercial,0,14,1,2023-09-24 15:57:00,DHPP (Homicídios),"Macrofotografia, Luz forense/lanterna, Empoamento",False,True,0.8379
Tráfico de Entorpecentes,Terreno Baldio,7,6,5,2023-08-18 07:09:00,DEAM (Mulher),Macrofotografia,False,False,0.1567
Local de Estupro e/ou Veículo Envolvido em Estupro,Área Rural,0,9,1,2023-05-10 21:33:00,3ª DP,"Macrofotografia, Luz forense/lanterna",True,False,0.8674
Exercício Arbitrário das Próprias Razões,Residência,4,13,6,2023-08-31 12:20:00,DCA (Criança e Adolescente),"Luz forense/lanterna, Macrofotografia",0,False,0.1155
Latrocínio e/ou Tentativa de Latrocínio,Via Pública,1,44,7,2023-05-08 11:41:00,DRFC (Furtos),Empoamento,False,False,0.6923
Pichação,Hospital,3,22,0,data_invalida,DRFC (Furtos),"Empoamento, Macrofotografia, Luz forense/lanterna",True,False,0.3026
Latrocínio e/ou Tentativa de Latrocínio,Pátio,2,5,0,2023-06-16 12:46:00,1ª DP,Macrofotografia,True,False,0.8924
Adulteração de Placa e/ou Lacre,Estabelecimento Comercial,2,15,0,2023-01-19 03:24:00,3ª DP,Macrofotografia,False,False,0.1714
Aborto,Terreno Baldio,0,10,0,2023-04-11 12:23:00,2ª DP,Luz forense/lanterna,False,True,0.2898
Furto em Interior de Veículo,Residência,1,20,3,2023-08-11 11:46:00,DRFC (Furtos),"Empoamento, Luz forense/lanterna",False,False,0.1776
Maus Tratos de Animal,Residência,9,50,0,2023-10-03 00:54:00,DCA (Criança e Adolescente),"Macrofotografia, Luz forense/lanterna, Empoamento",False,False,0.1802
Extorsão,Hospital,7,5,3,2023-07-14 04:25:00,DEAM (Mulher),"Macrofotografia, Luz forense/lanterna, Empoamento",True,False,0.5866
Roubo,Residência,2,14,4,,2ª DP,Empoamento,True,False,0.5179
Ossada Encontrada,Terreno Baldio,0,12,1,2023-09-23 11:08:00,2ª DP,Luz forense/lanterna,False,True,0.2999
Afogamento,Via Pública,0,15,1,2023-10-30 12:52:00,DRFC (Furtos),"Macrofotografia, Luz forense/lanterna, Empoamento",True,False,0.3276
Aborto,Hospital,19,13,1,2023-05-21 19:44:00,1ª DP,"Luz forense/lanterna, Macrofotografia, Empoamento",False,True,0.2555
Furto de Energia Elétrica ou Termodinâmica,Residência,2,12,0,2023-04-30 05:42:00,2ª DP,Empoamento,False,False,0.1992
Homicídio,Pátio,2,43,0,2023-07-23 02:51:00,3ª DP,Empoamento,False,False,0.7341
Feminicídio,DP,2,19,0,2023-04-29 01:12:00,DRFC (Furtos),"Macrofotografia, Empoamento, Luz forense/lanterna",False,True,0.8463
Tráfico de Entorpecentes,Terreno Baldio,2,30,7,2023-05-11 13:14:00,DRFC (Furtos),"Macrofotografia, Luz forense/lanterna",True,True,0.4687
Lesão Corporal,Terreno Baldio,2,8,4,2023-07-12 15:33:00,2ª DP,"Macrofotografia, Empoamento",True,False,0.5294
Furto Qualificado (arrombamento),Residência,0,57,0,2023-05-03 18:06:00,DHPP (Homicídios),Luz forense/lanterna,True,False,0.2843
Tentativa de Suicídio,Pátio,6,24,1,2023-03-08 21:02:00,DRFC (Furtos),Luz forense/lanterna,False,False,0.1635
Roubo,Terreno Baldio,14,18,5,2023-07-11 14:51:00,DEAM (Mulher),"Luz forense/lanterna, Macrofotografia",False,False,0.3666
Ossada Encontrada,Estabelecimento Comercial,2,25,0,2023-03-28 10:52:00,DEAM (Mulher),Macrofotografia,False,False,0.1172
Dano Seguido de Lesão Corporal,Estabelecimento Comercial,0,148,1,2023-09-16 00:36:00,1ª DP,"Macrofotografia, Luz forense/lanterna, Empoamento",True,False,0.5512
Tráfico de Entorpecentes,Estabelecimento Comercial,4,8,3,2023-11-09 05:52:00,3ª DP,"Macrofotografia, Empoamento, Luz forense/lanterna",False,False,0.1629
Extorsão,DP,3,21,0,2023-11-23 08:53:00,DEAM (Mulher),Macrofotografia,False,True,0.507
Dano Seguido de Lesão Corporal,Hospital,5,20,0,2023-08-28 03:32:00,DEAM (Mulher),Empoamento,True,False,0.504
Incêndio (com vítima),Hospital,2,49,0,2023-02-20 15:19:00,DRFC (Furtos),"Empoamento, Macrofotografia",False,True,0.5523
Feminicídio,Via Pública,0,19,0,2023-11-13 04:33:00,DCA (Criança e Adolescente),"Luz forense/lanterna, Macrofotografia",True,False,0.8196
Furto em Interior de Veículo,Hospital,0,16,5,2023-11-18 13:48:00,3ª DP,"Empoamento, Macrofotografia",False,False,0.186
Abandono de Incapaz,DP,0,59,0,2023-10-20 03:14:00,DCA (Criança e Adolescente),Empoamento,True,False,0.8242
Pichação,Terreno Baldio,0,8,0,2023-03-30 02:54:00,DCA (Criança e Adolescente),"Empoamento, Macrofotografia, Luz forense/lanterna",False,False,0.1098
Incêndio (sem vítima),Hospital,5,21,0,31/02/2023 25:00:00,3ª DP,"Luz forense/lanterna, Macrofotografia",False,True,0.2602
Violação de Sepultura,Pátio,1,15,0,2023-10-29 06:02:00,3ª DP,"Empoamento, Macrofotografia",False,False,0.1175
Ossada Encontrada,Residência,9,24,1,2023-03-01 13:05:00,DEAM (Mulher),"Empoamento, Macrofotografia, Luz forense/lanterna",True,False,0.2879
Maus Tratos de Animal,Hospital,0,27,1,2023-03-22 12:55:00,DCA (Criança e Adolescente),"Macrofotografia, Luz forense/lanterna",False,True,0.3067
Exercício Arbitrário das Próprias Razões,Estabelecimento Comercial,0,13,2,2023-12-29 01:03:00,DHPP (Homicídios),"Empoamento, Macrofotografia",False,False,0.1176
Feminicídio,Hospital,1,15,2,2023-01-19 14:21:00,2ª DP,Empoamento,False,False,0.6694
Feminicídio,Área Rural,1,40,4,2023-01-18 23:54:00,DEAM (Mulher),Macrofotografia,True,True,0.981
Afogamento,Pátio,1,41,2,2023-05-15 09:43:00,DHPP (Homicídios),"Luz forense/lanterna, Empoamento, Macrofotografia",True,True,0.4485
Suicídio,Terreno Baldio,-7,5,3,2023-01-12 07:06:00,2ª DP,"Luz forense/lanterna, Empoamento",True,False,0.2535
Maus Tratos de Animal,Estabelecimento Comercial,0,7,1,2023-12-08 15:48:00,3ª DP,"Luz forense/lanterna, Macrofotografia",False,True,0.3467
Furto,Área Rural,2,16,1,2023-07-02 02:45:00,DHPP (Homicídios),"Macrofotografia, Empoamento",False,False,0.1029
Tentativa de Homicídio,Residência,1,35,1,2023-11-26 10:24:00,DHPP (Homicídios),Macrofotografia,True,False,0.8259
Pichação,Residência,5,13,1,2023-11-07 00:12:00,DEAM (Mulher),"Macrofotografia, Empoamento",False,False,0.1246
Furto d'água,Estabelecimento Comercial,0,8,1,2023-04-16 23:35:00,DEAM (Mulher),Macrofotografia,False,False,0.1905
Tráfico de Entorpecentes,Área Rural,0,9,2,2023-08-17 15:40:00,DRFC (Furtos),"Luz forense/lanterna, Macrofotografia",True,False,0.2718
Explosão (sem vítima),Residência,0,7,1,2023-06-29 10:17:00,1ª DP,"Luz forense/lanterna, Macrofotografia, Empoamento",True,True,0.4327
Tentativa de Suicídio,Hospital,0,19,0,2023-12-18 08:27:00,3ª DP,Luz forense/lanterna,True,False,0.2932
Furto,Estabelecimento Comercial,7,104,0,2023-02-06 11:14:00,2ª DP,Macrofotografia,True,False,0.2973
Feminicídio,PÁTIO,0,31,2,2023-10-29 20:48:00,DHPP (Homicídios),Luz forense/lanterna,False,False,0.6739
Receptação,Residência,15,55,0,2023-10-27 21:02:00,DEAM (Mulher),Macrofotografia,True,True,0.4262
Ameaça,Via Pública,7,20,0,2023-01-22 01:11:00,DCA (Criança e Adolescente),"Macrofotografia, Empoamento, Luz forense/lanterna",False,False,0.1966
Local de Estupro e/ou Veículo Envolvido em Estupro,Residência,1,8,1,2023-07-07 11:51:00,DRFC (Furtos),"Luz forense/lanterna, Macrofotografia, Empoamento",False,True,0.8906
Eletroplessão,Terreno Baldio,0,10,6,2023-06-09 15:35:00,DHPP (Homicídios),"Empoamento, Luz forense/lanterna, Macrofotografia",False,True,0.25
Furto d'água,Pátio,0,66,1,2023-05-23 12:52:00,DHPP (Homicídios),"Luz forense/lanterna, Macrofotografia, Empoamento",False,False,0.1198
Disparo de Arma de Fogo,Estabelecimento Comercial,0,79,0,2023-06-27 02:07:00,3ª DP,"Macrofotografia, Empoamento",False,True,0.5097
Morte Aparentemente Natural,Estabelecimento Comercial,0,29,3,2023-02-07 20:55:00,2ª DP,"Empoamento, Macrofotografia",True,False,0.3357
Violação de Sepultura,Estabelecimento Comercial,1,9,0,2023-06-01 02:11:00,3ª DP,Luz forense/lanterna,False,False,0.1096
Incêndio (sem vítima),Estabelecimento Comercial,7,11,1,2023-10-21 01:32:00,DRFC (Furtos),Empoamento,False,False,0.1846
Local de Estupro e/ou Veículo Envolvido em Estupro,Hospital,0,5,3,2023-05-13 08:02:00,DCA (Criança e Adolescente),Macrofotografia,True,False,0.8844
Roubo,Residência,7,17,0,2023-04-23 13:03:00,DEAM (Mulher),Empoamento,True,False,0.538
Roubo,Pátio,1,8,0,2023-09-20 13:37:00,DCA (Criança e Adolescente),Luz forense/lanterna,False,False,0.3547
Abandono de Incapaz,Residência,0,51,3,data_invalida,3ª DP,Macrofotografia,False,True,0.8689
Furto Qualificado (arrombamento),Terreno Baldio,2,12,0,2023-11-23 18:24:00,DEAM (Mulher),"Macrofotografia, Luz forense/lanterna",True,False,0.2813
Incêndio (sem vítima),Área Rural,2,10,0,2023-12-27 16:25:00,1ª DP,"Macrofotografia,_Luz_forense/lanterna",False,True,0.2729
Marca em Animal,Pátio,1,21,0,2023-04-27 18:16:00,DHPP (Homicídios),"Macrofotografia, Luz forense/lanterna, Empoamento",False,True,0.2684
Feto Encontrado,Área Rural,0,13,1,2023-05-13 08:25:00,DHPP (Homicídios),Luz forense/lanterna,True,True,0.9857
Ossada Encontrada,DP,14,19,0,2023-03-10 12:38:00,DRFC (Furtos),Luz forense/lanterna,True,True,0.4871
Incêndio (sem vítima),Residência,0,67,1,2023-10-11 01:42:00,DHPP (Homicídios),"Macrofotografia, Empoamento, Luz forense/lanterna",True,False,0.3444
Marca em Animal,Via Pública,1,14,5,2023-08-02 05:16:00,2ª DP,"Luz forense/lanterna, Empoamento",True,False,0.2751
Tentativa de Suicídio,Residência,0,6,8,2023-06-18 05:48:00,1ª DP,Macrofotografia,False,True,0.3067
Cadáver Encontrado,Terreno Baldio,0,7,3,2023-02-04 05:34:00,DHPP (Homicídios),"Macrofotografia, Luz forense/lanterna",True,True,0.463
Extorsão,DP,1,999999,6,2023-01-30 06:13:00,2ª DP,"Luz forense/lanterna, Empoamento, Macrofotografia",True,False,0.5438
Roubo,Residência,2,12,1,2023-09-27 00:39:00,3ª DP,"Empoamento, Macrofotografia",False,False,0.3742
Aborto,Terreno Baldio,0,8,1,2023-01-23 04:20:00,DEAM (Mulher),"Empoamento, Macrofotografia, Luz forense/lanterna",False,True,0.3143
Exercício Arbitrário das Próprias Razões,DP,2,20,4,2023-07-01 18:16:00,1ª DP,Macrofotografia,True,True,0.4324
Homicídio,Hospital,2,30,0,2023-10-27 19:06:00,DRFC (Furtos),"Luz forense/lanterna, Macrofotografia, Empoamento",False,False,0.6559
Explosão (com vítima),Pátio,1,21,9,2023-12-11 16:02:00,1ª DP,"Empoamento, Luz forense/lanterna, Macrofotografia",False,False,0.4058
Exercício Arbitrário das Próprias Razões,Hospital,2,37,0,2023-08-01 00:39:00,DHPP (Homicídios),Luz forense/lanterna,False,False,0.1218
Receptação,DP,4,34,1,2023-11-27 18:06:00,DHPP (Homicídios),Luz forense/lanterna,True,True,0.4376
Violação de Domicílio,Estabelecimento Comercial,0,44,0,2023-02-17 12:27:00,DRFC (Furtos),Luz forense/lanterna,False,False,0.1672
Incêndio (com vítima),Pátio,1,32,1,2023-06-28 14:44:00,DEAM (Mulher),"Empoamento, Macrofotografia",False,False,0.3957
Furto d'água,Área Rural,5,34,5,2023-02-20 17:00:00,DRFC (Furtos),"Luz forense/lanterna, Macrofotografia, Empoamento",False,False,0.1281
Dano Seguido de Lesão Corporal,Via Pública,9,14,2,2023-10-08 17:45:00,DRFC (Furtos),Empoamento,False,False,0.4139
Cadáver Encontrado,Terreno Baldio,0,9,2,2023-07-12 16:03:00,3ª DP,"Luz forense/lanterna, Empoamento",False,False,0.153
Explosão (com vítima),Estabelecimento Comercial,0,31,2,2023-06-01 21:46:00,1ª DP,"Macrofotografia, Empoamento, Luz forense/lanterna",False,False,0.4072
Infanticídio,DP,2,7,1,2023-11-22 19:48:00,2ª DP,"Empoamento, Luz forense/lanterna, Macrofotografia",False,False,0.6831
Estelionato,Área Rural,0,7,2,2023-07-04 16:36:00,2ª DP,"Empoamento, Macrofotografia, Luz forense/lanterna",True,True,0.405
Local de Estupro e/ou Veículo Envolvido em Estupro,Estabelecimento Comercial,1,16,0,2023-07-27 19:28:00,2ª DP,"Luz forense/lanterna, Empoamento",False,True,0.8535
Tentativa de Suicídio,Pátio,1,11,1,2023-06-17 15:51:00,1ª DP,"Luz forense/lanterna, Empoamento, Macrofotografia",True,False,0.271
Feto Encontrado,Hospital,1,19,1,2023-11-01 23:14:00,3ª DP,Empoamento,False,True,0.8797
Abandono de Incapaz,Hospital,1,12,0,2023-03-07 03:07:00,1ª DP,Luz forense/lanterna,True,True,0.9887
Furto de Energia Elétrica ou Termodinâmica,Terreno Baldio,5,8,7,2023-08-06 02:33:00,1ª DP,"Macrofotografia, Luz forense/lanterna, Empoamento",True,True,0.442
Eletroplessão,Pátio,7,14,4,2023-09-22 11:46:00,DCA (Criança e Adolescente),"Luz forense/lanterna, Macrofotografia",False,False,0.1416
Dano Seguido de Lesão Corporal,Residência,2,15,5,2023-09-26 16:40:00,2ª DP,Empoamento,True,True,0.7452
Roubo Com Estupro,Residência,10,29,0,2023-07-14 02:51:00,DHPP (Homicídios),"Macrofotografia, Empoamento, Luz forense/lanterna",True,False,0.8115
Local de Estupro e/ou Veículo Envolvido em Estupro,Estabelecimento Comercial,1,5,0,2023-11-25 01:06:00,DHPP (Homicídios),"Luz forense/lanterna, Macrofotografia, Empoamento",True,True,1.0
Homicídio,Hospital,6,10,2,2023-09-21 06:37:00,1ª DP,"Empoamento, Luz forense/lanterna, Macrofotografia",False,False,0.6736
Maus Tratos de Animal,Pátio,4,23,4,2023-08-12 16:51:00,DCA (Criança e Adolescente),Empoamento,True,True,0.4567
Suicídio,DP,1,42,4,2023-01-08 11:16:00,DCA (Criança e Adolescente),"Empoamento, Luz forense/lanterna, Macrofotografia",False,True,0.3117
Ossada Encontrada,Estabelecimento Comercial,0,7,0,2023-09-22 04:58:00,DHPP (Homicídios),"Luz forense/lanterna, Empoamento, Macrofotografia",True,False,0.3213
Cadáver Encontrado,Hospital,5,39,0,2023-02-13 05:45:00,DRFC (Furtos),Luz forense/lanterna,True,True,0.4827
Ossada Encontrada,DP,3,70,1,2023-12-27 04:08:00,1ª DP,"Macrofotografia, Empoamento",True,False,0.3141
Morte Aparentemente Natural,Residência,1,65,6,2023-12-01 01:35:00,3ª DP,"Luz forense/lanterna, Macrofotografia, Empoamento",False,True,0.2523
Adulteração de Placa e/ou Lacre,Hospital,0,13,4,2023-05-31 02:20:00,3ª DP,Macrofotografia,True,False,0.3418
Feminicídio,Via Pública,7,16,0,2023-03-05 23:28:00,DCA (Criança e Adolescente),"Luz forense/lanterna, Macrofotografia, Empoamento",True,True,1.0
Violação de Sepultura,Pátio,0,9,3,2023-05-22 23:46:00,2ª DP,Luz forense/lanterna,True,True,0.4484
Tentativa de Suicídio,Via Pública,0,7,1,2023-12-30 04:11:00,DCA (Criança e Adolescente),"Macrofotografia, Empoamento",False,False,0.1249
Ameaça,Hospital,4,35,2,2023-12-14 02:12:00,3ª DP,"Macrofotografia, Luz forense/lanterna",True,False,0.3134
Homicídio,Residência,1,17,2,2023-07-27 17:26:00,DRFC (Furtos),"Empoamento, Luz forense/lanterna, Macrofotografia",True,True,0.97
Morte Aparentemente Natural,Hospital,6,25,1,2023-12-11 09:25:00,DRFC (Furtos),"Macrofotografia, Empoamento, Luz forense/lanterna",False,False,0.178
Afogamento,Residência,2,16,3,2023-09-03 18:32:00,DCA (Criança e Adolescente),"Macrofotografia, Empoamento, Luz forense/lanterna",False,False,0.1047
Incêndio (sem vítima),DP,1,10,2,2023-12-23 14:24:00,1ª DP,"Luz forense/lanterna, Empoamento",False,False,0.1168
Furto,Residência,6,10,2,2023-05-25 23:41:00,3ª DP,Empoamento,True,False,0.3234
Incêndio (sem vítima),Área Rural,4,30,1,2023-03-31 19:30:00,DEAM (Mulher),"Luz forense/lanterna, Empoamento",,False,0.1574
Morte Aparentemente Natural,DP,9,24,1,2023-11-01 04:06:00,DHPP (Homicídios),"Luz forense/lanterna, Macrofotografia, Empoamento",True,False,0.3495
Furto Qualificado (arrombamento),Residência,2,5,0,2023-05-12 20:54:00,DHPP (Homicídios),"Empoamento, Macrofotografia",True,False,0.2897
Incêndio (com vítima),Área Rural,2,7,2,2023-11-19 11:39:00,3ª DP,Empoamento,True,False,0.5014
Incêndio (com vítima),Residência,2,19,0,2023-01-31 20:29:00,1ª DP,"Empoamento, Macrofotografia",True,False,0.5938
Tentativa de Homicídio,Pátio,6,38,0,2023-01-13 10:38:00,DRFC (Furtos),Macrofotografia,False,False,0.7235
Furto d'água,Pátio,0,16,0,2023-05-04 07:18:00,DEAM (Mulher),"Luz forense/lanterna, Empoamento, Macrofotografia",True,True,0.4898
Veículo Localizado (furtado ou roubado),Terreno Baldio,4,,5,2023-06-27 02:06:00,2ª DP,Macrofotografia,True,True,0.4264
Cadáver Encontrado,Residência,2,20,1,2023-11-17 20:09:00,DEAM (Mulher),"Luz forense/lanterna, Macrofotografia, Empoamento",False,False,0.1053
Aborto,DP,0,10,5,2023-01-10 15:07:00,DHPP (Homicídios),"Empoamento, Luz forense/lanterna",False,True,0.306
Tentativa de Homicídio,Pátio,8,79,0,2023-04-03 11:43:00,3ª DP,"Macrofotografia, Luz forense/lanterna, Empoamento",True,False,0.8481
Incêndio (sem vítima),DP,6,47,1,2023-02-19 17:12:00,1ª DP,"Luz forense/lanterna, Macrofotografia",True,False,0.2975
Exercício Arbitrário das Próprias Razões,Estabelecimento Comercial,9,8,0,2023-05-30 13:48:00,DHPP (Homicídios),"Macrofotografia, Luz forense/lanterna, Empoamento",False,False,0.1894
Incêndio (sem vítima),Via Pública,1,15,1,2023-04-24 14:39:00,DHPP (Homicídios),"Macrofotografia, Empoamento",True,False,0.2587
Tráfico de Entorpecentes,Área Rural,0,27,1,2023-10-04 05:17:00,DHPP (Homicídios),Macrofotografia,False,True,0.2958
Ossada Encontrada,Residência,1,36,0,2023-12-12 20:00:00,DRFC (Furtos),Luz forense/lanterna,0,False,0.3452
Infanticídio,DP,0,13,0,2023-11-15 13:14:00,DEAM (Mulher),Luz forense/lanterna,False,True,0.8822
Explosão (sem vítima),Residência,0,43,2,2023-02-20 20:36:00,DCA (Criança e Adolescente),"Luz forense/lanterna, Empoamento",False,true,0.1613
Tráfico de Entorpecentes,Residência,0,30,2,2023-06-02 14:52:00,DEAM (Mulher),Luz forense/lanterna,True,False,0.2703
Adulteração de Placa e/ou Lacre,DP,0,61,0,2023-08-06 14:32:00,3ª DP,Empoamento,True,False,0.3292
Violação de Sepultura,Pátio,19,9,0,2023-02-14 20:55:00,DHPP (Homicídios),"Empoamento, Macrofotografia",False,True,0.3479
Feminicídio,Residência,0,,1,2023-02-18 08:10:00,DEAM (Mulher),"Macrofotografia, Luz forense/lanterna, Empoamento",True,True,1.0
Extorsão,Hospital,3,15,1,2023-03-03 07:56:00,DCA (Criança e Adolescente),"Luz forense/lanterna, Empoamento, Macrofotografia",False,False,0.3731
Homicídio,Via Pública,2,14,0,2023-05-01 21:36:00,2ª DP,"Empoamento, Luz forense/lanterna",False,False,0.6754
Abandono de Incapaz,Via Pública,0,7,1,2023-05-22 11:43:00,1ª DP,"Empoamento, Macrofotografia",False,False,0.6569
Tráfico de Entorpecentes,Residência,0,23,1,2023-01-08 06:51:00,DRFC (Furtos),Luz forense/lanterna,False,False,0.1336
Furto Qualificado (arrombamento),Estabelecimento Comercial,0,10,0,2023-07-08 21:39:00,2ª DP,"Empoamento, Luz forense/lanterna",False,True,0.2693
Explosão (sem vítima),Terreno Baldio,0,19,0,2023-09-02 15:31:00,1ª DP,"macrofotografia, luz forense/lanterna, empoamento",True,True,0.499
Furto em Interior de Veículo,DP,5,7,1,2023-05-14 18:56:00,DCA (Criança e Adolescente),"Luz forense/lanterna, Empoamento",True,True,0.4442
Disparo de Arma de Fogo,DP,1,51,1,2023-02-23 10:05:00,1ª DP,"Empoamento, Luz forense/lanterna, Macrofotografia",True,True,0.7361
Ameaça,Terreno Baldio,1,21,0,2023-08-15 11:46:00,DCA (Criança e Adolescente),"Luz forense/lanterna, Macrofotografia, Empoamento",False,True,0.2884
Furto,Terreno Baldio,2,5,0,2023-04-07 17:25:00,DEAM (Mulher),"Luz forense/lanterna, Empoamento",True,False,0.2724
Abandono de Incapaz,DP,0,20,0,2023-07-18 02:51:00,DHPP (Homicídios),Luz forense/lanterna,False,True,0.8977
Violação de Sepultura,Residência,0,14,2,2023-04-16 11:31:00,DCA (Criança e Adolescente),"Empoamento, Macrofotografia",False,False,0.1987
Pichação,Hospital,1,10,6,2023-05-15 22:07:00,DCA (Criança e Adolescente),Luz forense/lanterna,True,False,0.255
disparo de arma de fogo,Área Rural,13,43,0,2023-01-08 00:49:00,1ª DP,Empoamento,False,False,0.3703
Infanticídio,Residência,9,9,0,2023-06-24 04:40:00,2ª DP,Luz forense/lanterna,True,False,0.8865
Violação de Domicílio,Estabelecimento Comercial,0,10,0,2023-08-04 21:17:00,2ª DP,"  Luz forense/lanterna, Empoamento, Macrofotografia  ",True,True,0.4864
Aborto,DP,1,5,2,31/02/2023 25:00:00,3ª DP,"Empoamento, Luz forense/lanterna",False,False,0.1841
Explosão (com vítima),Área Rural,5,16,2,2023-09-02 07:49:00,DRFC (Furtos),"Empoamento, Luz forense/lanterna",True,False,0.5051
Disparo de Arma de Fogo,Área Rural,4,44,0,2023-11-18 08:27:00,DHPP (Homicídios),Empoamento,True,False,0.5275
Violação de Sepultura,Terreno Baldio,0,8,0,2023-07-11 05:54:00,2ª DP,"Macrofotografia, Empoamento, Luz forense/lanterna",True,False,0.2886
Arremesso de Projétil,Terreno Baldio,3,120,4,2023-05-21 18:25:00,2ª DP,"Luz forense/lanterna, Macrofotografia, Empoamento",True,True,0.4398
Arremesso de Projétil,Residência,1,13,0,2023-11-02 11:26:00,2ª DP,"Luz forense/lanterna, Empoamento, Macrofotografia",True,False,0.3437
Feminicídio,Hospital,0,9,4,2023-11-06 04:32:00,1ª DP,Luz forense/lanterna,True,False,0.8678
Ameaça,Terreno Baldio,0,57,2,2023-10-31 02:14:00,DHPP (Homicídios),"Luz forense/lanterna, Macrofotografia, Empoamento",True,False,0.3112
Suicídio,Terreno Baldio,2,18,0,2023-12-06 22:21:00,3ª DP,Macrofotografia,False,True,0.3136
Furto em Interior de Veículo,Terreno Baldio,1,26,0,2023-03-13 22:09:00,DHPP (Homicídios),Luz forense/lanterna,False,False,0.1349
Incêndio (com vítima),Via Pública,8,18,6,2023-09-06 20:33:00,DHPP (Homicídios),Luz forense/lanterna,False,True,0.5206
Morte Aparentemente Natural,Área Rural,4,26,5,2023-05-31 09:36:00,DEAM (Mulher),"Macrofotografia, Luz forense/lanterna",False,False,0.1094
Disparo de Arma de Fogo,Estabelecimento Comercial,1,10,0,2023-02-11 08:50:00,2ª DP,"Luz forense/lanterna, Empoamento, Macrofotografia",False,True,0.5187
Arremesso de Projétil,Hospital,1,60,1,2023-10-13 04:23:00,3ª DP,Empoamento,False,False,0.1143
Infanticídio,Terreno Baldio,1,46,0,2023-03-09 12:27:00,3ª DP,Luz forense/lanterna,True,False,0.8039
Marca em Animal,Via Pública,1,13,0,2023-11-22 20:53:00,DRFC (Furtos),Macrofotografia,False,True,0.2882
Furto,Via Pública,0,11,3,2023-09-17 21:26:00,DHPP (Homicídios),"Luz forense/lanterna, Empoamento, Macrofotografia",False,True,0.2519
Feminicídio,DP,0,24,0,2023-08-13 07:43:00,DHPP (Homicídios),Macrofotografia,True,False,0.8161
Lesão Corporal,DP,1,6,3,2023-05-09 15:45:00,1ª DP,"Macrofotografia, Luz forense/lanterna",True,False,0.5473
Marca em Animal,Via Pública,5,11,5,2023-07-06 22:08:00,1ª DP,Empoamento,True,True,0.4901
Dano Seguido de Lesão Corporal,DP,16,8,0,2023-07-08 04:25:00,DHPP (Homicídios),"Macrofotografia, Empoamento, Luz forense/lanterna",True,False,0.5926
Maus Tratos de Animal,DP,1,31,2,2023-05-09 18:43:00,DHPP (Homicídios),Empoamento,False,True,0.3208
Receptação,Área Rural,3,21,1,2023-06-18 16:35:00,3ª DP,"Empoamento, Macrofotografia",True,False,0.3122
Abandono de Incapaz,Terreno Baldio,5,69,1,2023-03-12 08:10:00,DHPP (Homicídios),"Macrofotografia, Luz forense/lanterna",False,False,0.7017
Tentativa de Homicídio,Área Rural,0,22,0,2023-03-11 21:01:00,2ª DP,Macrofotografia,False,False,0.7126
Suicídio,Residência,,17,5,2023-12-05 02:06:00,DHPP (Homicídios),Empoamento,False,False,0.1164
Ameaça,Pátio,0,6,0,2023-03-08 17:13:00,DCA (Criança e Adolescente),Empoamento,False,True,0.2921
Abandono de Incapaz,DP,5,47,0,2023-05-27 15:35:00,DRFC (Furtos),"Luz forense/lanterna, Macrofotografia",False,True,0.8967
Veículo Localizado (furtado ou roubado),Terreno Baldio,2,6,2,2023-04-06 02:46:00,DEAM (Mulher),"Empoamento, Luz forense/lanterna, Macrofotografia",True,True,0.4305
Tráfico de Entorpecentes,Hospital,0,21,0,2023-02-15 14:38:00,3ª DP,"Macrofotografia, Empoamento, Luz forense/lanterna",True,False,0.296
Incêndio (sem vítima),Pátio,5,15,1,2023-05-09 03:37:00,DHPP (Homicídios),Luz forense/lanterna,False,False,0.1723
Adulteração de Placa e/ou Lacre,Terreno Baldio,3,24,1,2023-08-11 04:24:00,1ª DP,"Luz forense/lanterna, Empoamento, Macrofotografia",False,False,0.1617
Dano,Área Rural,3,23,4,2023-09-13 08:59:00,3ª DP,Empoamento,True,True,0.4356
Furto d'água,Via Pública,3,5,0,2023-03-12 09:23:00,2ª DP,"Macrofotografia, Empoamento, Luz forense/lanterna",False,False,0.1482
Local de Estupro e/ou Veículo Envolvido em Estupro,Via Pública,5,14,0,2023-09-09 04:48:00,2ª DP,"Empoamento, Macrofotografia, Luz forense/lanterna",False,0,0.8672
Ossada Encontrada,Via Pública,1,46,1,2023-05-31 12:05:00,2ª DP,"Macrofotografia, Luz forense/lanterna, Empoamento",False,False,0.1716
Furto d'água,Residência,0,20,3,2023-09-27 07:17:00,DEAM (Mulher),"Luz forense/lanterna, Empoamento, Macrofotografia",True,True,0.4813
Maus Tratos de Animal,Terreno Baldio,2,7,1,2023-01-01 05:33:00,DHPP (Homicídios),Luz forense/lanterna,True,True,0.4262
Estelionato,DP,0,11,6,2023-06-28 08:46:00,2ª DP,Empoamento,False,False,0.1489
Marca em Animal,DP,1,65,0,2023-04-27 11:46:00,DCA (Criança e Adolescente),"Luz forense/lanterna, Macrofotografia",False,True,0.2892
Explosão (sem vítima),DP,1,-4,11,2023-09-21 20:39:00,3ª DP,Empoamento,True,False,0.2952
Roubo,Residência,3,51,0,2023-03-11 06:56:00,DRFC (Furtos),"Empoamento, Macrofotografia",True,False,0.5762
Arremesso de Projétil,Hospital,0,13,2,2023-11-08 01:43:00,DHPP (Homicídios),"Empoamento, Luz forense/lanterna",True,True,0.4667
Abandono de Incapaz,DP,7,32,3,2023-10-20 10:09:00,DCA (Criança e Adolescente),,False,False,0.7397
Furto Qualificado (arrombamento),DP,12,6,0,2023-09-06 02:21:00,DEAM (Mulher),"Macrofotografia, Luz forense/lanterna",True,True,0.4959
Estelionato,Residência,9,50,8,2023-02-04 08:10:00,2ª DP,"Empoamento, Macrofotografia, Luz forense/lanterna",True,False,0.2773
Veículo Localizado (furtado ou roubado),Pátio,1,6,0,2023-10-05 00:33:00,2ª DP,Empoamento,True,False,0.3413
Violação de Sepultura,Pátio,0,14,6,2023-05-11 14:39:00,2ª DP,Luz forense/lanterna,True,False,0.3077
Roubo Com Estupro,DP,4,30,3,2023-06-30 05:13:00,3ª DP,"Luz forense/lanterna, Empoamento, Macrofotografia",True,False,0.8904
Arremesso de Projétil,Estabelecimento Comercial,5,19,1,2023-05-03 06:21:00,3ª DP,"Luz forense/lanterna, Macrofotografia, Empoamento",True,True,0.4453
Arremesso de Projétil,Estabelecimento Comercial,0,23,3,2023-03-26 18:20:00,DEAM (Mulher),"Luz forense/lanterna, Empoamento, Macrofotografia",False,False,0.1941
Furto d'água,Área Rural,14,11,0,2023-03-18 19:37:00,1ª DP,"Empoamento, Luz forense/lanterna, Macrofotografia",True,False,0.3047
Incêndio (com vítima),Terreno Baldio,1,32,4,2023-07-06 21:50:00,DEAM (Mulher),"Macrofotografia, Empoamento, Luz forense/lanterna",False,False,0.3814
Incêndio (sem vítima),Hospital,0,6,1,2023-02-19 02:16:00,3ª DP,Luz forense/lanterna,False,False,0.1839
Abandono de Incapaz,Estabelecimento Comercial,0,7,0,2023-04-11 04:33:00,3ª DP,"Macrofotografia, Luz forense/lanterna",False,False,0.6734
Latrocínio e/ou Tentativa de Latrocínio,DP,8,6,1,2023-12-31 14:06:00,3ª DP,Empoamento,True,True,0.9883
Abandono de Incapaz,Residência,2,40,1,2023-06-25 00:35:00,DEAM (Mulher),Empoamento,False,False,0.7279
Receptação,DP,3,6,2,2023-03-16 22:16:00,1ª DP,"Empoamento, Macrofotografia, Luz forense/lanterna",True,False,0.2678
Furto de Energia Elétrica ou Termodinâmica,Área Rural,3,50,0,2023-10-10 09:44:00,2ª DP,"Empoamento, Macrofotografia",False,False,0.1431
Pichação,DP,0,35,3,2023-04-19 17:50:00,2ª DP,"Luz forense/lanterna, Empoamento",False,True,0.2628
Roubo,Hospital,0,6,0,2023-09-29 14:58:00,drfc (furtos),Luz forense/lanterna,False,False,0.369
Feminicídio,Estabelecimento Comercial,1,32,2,2023-05-12 18:31:00,1ª DP,Empoamento,True,False,0.8712
Furto,,1,34,0,2023-05-13 00:51:00,DRFC (Furtos),"Luz forense/lanterna, Empoamento, Macrofotografia",True,False,0.3451
Latrocínio e/ou Tentativa de Latrocínio,Residência,13,8,2,2023-07-02 13:40:00,1ª DP,Macrofotografia,False,False,0.6556
Suicídio,Hospital,2,13,2,2023-02-13 17:25:00,2ª DP,"Macrofotografia, Luz forense/lanterna, Empoamento",True,True,0.4383
Explosão (com vítima),Hospital,9,54,1,2023-08-04 19:40:00,1ª DP,"Luz forense/lanterna, Macrofotografia, Empoamento",False,True,0.5029
Morte Aparentemente Natural,Via Pública,0,5,4,2023-13-45,DEAM (Mulher),"Luz forense/lanterna, Macrofotografia",True,False,0.2556
Feminicídio,Pátio,4,47,0,2023-11-16 14:17:00,2ª DP,"Macrofotografia, Luz forense/lanterna",False,True,0.8877
Feminicídio,DP,0,40,0,2023-12-02 03:35:00,DRFC (Furtos),Macrofotografia,True,False,0.803
FEMINICÍDIO,Pátio,0,51,2,2023-05-07 16:32:00,DHPP (Homicídios),"Luz forense/lanterna, Macrofotografia",True,False,0.8873
Aborto,Terreno Baldio,1,51,0,2023-10-13 15:57:00,DRFC (Furtos),"Luz forense/lanterna, Macrofotografia",False,False,0.1227
Eletroplessão,Residência,3,,0,2023-07-19 21:15:00,1ª DP,Empoamento,False,False,0.1141
Maus Tratos de Animal,Estabelecimento Comercial,6,39,1,2023-12-18 20:37:00,2ª DP,Luz forense/lanterna,False,False,0.1902
Maus Tratos de Animal,Terreno Baldio,0,8,2,2023-11-05 13:34:00,DHPP (Homicídios),"Empoamento, Luz forense/lanterna, Macrofotografia",False,True,0.3424
Dano Seguido de Lesão Corporal,Via Pública,2,15,0,2023-12-06 21:41:00,DEAM (Mulher),Luz forense/lanterna,True,False,0.5276
Pichação,Pátio,0,16,0,2023-02-03 20:45:00,DHPP (Homicídios),Macrofotografia,False,True,0.2821
Furto Qualificado (arrombamento),DP,10,10,2,2023-03-20 21:24:00,3ª DP,"Luz forense/lanterna, Macrofotografia",True,True,0.4587
Dano,Via Pública,3,10,2,2023-06-01 01:17:00,2ª DP,Empoamento,False,True,0.3337
Cadáver Encontrado,Terreno Baldio,5,17,0,2023-04-04 12:24:00,1ª DP,Luz forense/lanterna,True,False,0.2712
Eletroplessão,Hospital,3,7,4,2023-06-28 02:55:00,2ª DP,"Empoamento, Luz forense/lanterna, Macrofotografia",False,False,0.1377
Estelionato,Área Rural,4,39,3,2023-12-20 15:56:00,DHPP_(Homicídios),"Luz forense/lanterna, Empoamento, Macrofotografia",False,True,0.2561
Ameaça,Terreno Baldio,1,102,0,2023-05-18 06:56:00,2ª DP,Luz forense/lanterna,True,True,0.4903
Maus Tratos de Animal,DP,2,9,3,2023-09-19 21:46:00,3ª DP,Empoamento,True,True,0.4696
Disparo de Arma de Fogo,DP,10,25,2,2023-10-12 10:27:00,DRFC (Furtos),"Luz forense/lanterna, Macrofotografia",True,True,0.7339
Dano Seguido de Lesão Corporal,Via Pública,0,20,0,2023-07-17 22:51:00,1ª DP,"Luz forense/lanterna, Macrofotografia, Empoamento",False,True,0.5411
Pichação,Pátio,6,7,4,2023-04-27 02:46:00,DRFC (Furtos),"Macrofotografia, Empoamento",False,True,0.2523
Eletroplessão,Terreno Baldio,4,61,0,2023-01-29 10:06:00,1ª DP,"Luz forense/lanterna, Macrofotografia",False,True,0.2825
Explosão (sem vítima),Via Pública,0,32,7,2023-02-22 01:31:00,1ª DP,Empoamento,True,False,0.3392
Infanticídio,Residência,1,17,0,2023-05-21 23:05:00,3ª DP,"Empoamento, Luz forense/lanterna",True,True,0.996
Roubo,Estabelecimento Comercial,2,45,0,2023-03-30 15:18:00,DRFC (Furtos),"Macrofotografia, Luz forense/lanterna, Empoamento",False,False,0.371
Explosão (sem vítima),Estabelecimento Comercial,1,19,0,2023-05-18 17:05:00,3ª DP,Empoamento,False,False,0.1465
Ameaça,DP,1,14,2,2023-04-30 22:30:00,3ª DP,"Empoamento, Macrofotografia, Luz forense/lanterna",True,True,0.4362
Incêndio (com vítima),DP,0,8,1,2023-10-05 08:48:00,DCA (Criança e Adolescente),"Luz forense/lanterna, Macrofotografia, Empoamento",False,True,0.5823
Local de Estupro e/ou Veículo Envolvido em Estupro,área rural,2,39,4,2023-09-11 16:12:00,1ª DP,"Empoamento, Luz forense/lanterna, Macrofotografia",False,False,0.7266
Morte Aparentemente Natural,Pátio,0,19,1,,DRFC (Furtos),"Macrofotografia, Empoamento",False,True,0.3369
Cadáver Encontrado,Residência,7,9,3,2023-04-22 09:43:00,2ª DP,"Luz forense/lanterna, Empoamento",True,False,0.2845
Afogamento,Área Rural,3,16,2,2023-10-17 12:25:00,3ª DP,Empoamento,False,False,0.1944
Ameaça,Terreno Baldio,0,97,1,2023-08-30 06:21:00,DCA (Criança e Adolescente),"Macrofotografia, Empoamento",True,True,0.4734
Dano Seguido de Lesão Corporal,DP,1,6,0,2023-03-17 06:41:00,DRFC (Furtos),"Empoamento, Luz forense/lanterna, Macrofotografia",True,True,0.6581
Furto d'água,Residência,8,11,1,2023-12-24 15:48:00,DRFC (Furtos),"Macrofotografia, Empoamento",True,False,0.3005
Roubo,Terreno Baldio,0,24,3,2023-07-25 17:11:00,DEAM (Mulher),Empoamento,True,False,0.5947
Latrocínio e/ou Tentativa de Latrocínio,Via Pública,1,14,0,2023-04-29 00:59:00,DHPP (Homicídios),"Luz forense/lanterna, Macrofotografia",True,True,0.9913
Extorsão,Terreno Baldio,3,18,1,2023-10-22 03:54:00,DHPP (Homicídios),Empoamento,True,False,0.5674
Ameaça,Terreno Baldio,2,14,1,2023-05-01 22:41:00,1ª DP,"Empoamento, Luz forense/lanterna",False,False,0.1819
Incêndio (sem vítima),Terreno Baldio,0,22,1,2023-10-26 08:08:00,DHPP (Homicídios),"Luz forense/lanterna, Macrofotografia",True,False,0.2593
Furto,Residência,9,11,2,2023-09-22 18:41:00,DRFC (Furtos),Macrofotografia,True,True,0.4607
Furto de Energia Elétrica ou Termodinâmica,Hospital,3,35,0,2023-06-10 03:31:00,DCA (Criança e Adolescente),"Luz forense/lanterna, Empoamento, Macrofotografia",True,False,0.2951
Furto Qualificado (arrombamento),Hospital,1,46,2,2023-07-09 17:01:00,DCA (Criança e Adolescente),Macrofotografia,True,False,0.3135
Disparo de Arma de Fogo,Área Rural,3,5,3,2023-12-09 02:37:00,3ª DP,Empoamento,False,False,0.4268
Pichação,Estabelecimento Comercial,6,45,0,2023-01-20 11:42:00,2ª DP,"Empoamento, Macrofotografia, Luz forense/lanterna",False,True,0.2832
Latrocínio e/ou Tentativa de Latrocínio,Via Pública,16,20,3,2023-12-01 11:12:00,DHPP (Homicídios),"Macrofotografia, Empoamento",False,False,0.7245
Furto d'água,Residência,5,18,4,2023-07-27 22:26:00,DEAM (Mulher),Macrofotografia,False,False,0.129
Incêndio (com vítima),Área Rural,1,5,1,2023-01-08 01:42:00,DHPP (Homicídios),"Luz forense/lanterna, Macrofotografia",True,False,0.5052
Receptação,Residência,0,18,2,2023-10-26 19:41:00,1ª DP,"Macrofotografia, Luz forense/lanterna, Empoamento",True,True,0.49
Feto Encontrado,Pátio,0,10,5,2023-01-07 09:58:00,DHPP (Homicídios),"Luz forense/lanterna, Empoamento, Macrofotografia",True,False,0.8422
Ossada Encontrada,Residência,2,5,4,2023-09-08 07:37:00,2ª DP,Luz forense/lanterna,True,False,0.3373
Maus Tratos de Animal,Área Rural,4,51,0,2023-04-07 16:20:00,2ª DP,"Macrofotografia, Empoamento",True,True,0.4867
Furto d'água,Área Rural,0,27,1,2023-02-15 11:52:00,DCA (Criança e Adolescente),"Luz forense/lanterna, Empoamento, Macrofotografia",True,False,0.3405
Feto Encontrado,Área Rural,3,7,0,2023-09-17 01:27:00,DCA (Criança e Adolescente),"Empoamento, Macrofotografia",True,False,0.8112
Eletroplessão,Pátio,0,17,1,2023-01-07 07:19:00,DHPP (Homicídios),"Luz forense/lanterna, Empoamento, Macrofotografia",True,True,0.4436
Morte Aparentemente Natural,Área Rural,1,15,2,2023-12-09 04:24:00,DRFC (Furtos),Luz forense/lanterna,True,False,0.3299
Tentativa de Suicídio,Pátio,1,16,1,2023-05-09 02:21:00,1ª DP,Luz forense/lanterna,True,False,0.3154
Violação de Domicílio,Estabelecimento Comercial,0,23,0,2023-06-04 06:22:00,DCA (Criança e Adolescente),"Luz forense/lanterna, Empoamento, Macrofotografia",False,False,0.1844
Explosão (com vítima),Hospital,1,21,0,2023-10-12 00:45:00,DHPP (Homicídios),"Luz forense/lanterna, Empoamento, Macrofotografia",False,True,0.5827
Furto d'água,Hospital,3,27,0,2023-02-17 00:16:00,3ª DP,Macrofotografia,True,1,0.2899
Maus Tratos de Animal,Residência,7,24,0,2023-11-13 05:56:00,DCA (Criança e Adolescente),Macrofotografia,False,False,0.1009
Explosão (com vítima),Estabelecimento Comercial,1,11,0,2023-12-23 11:03:00,2ª DP,"Empoamento, Luz forense/lanterna, Macrofotografia",False,False,0.4022
Violação de Sepultura,Via Pública,3,5,2,2023-09-13 20:57:00,1ª DP,"Empoamento, Luz forense/lanterna, Macrofotografia",True,True,0.4207
Violação de Domicílio,Área Rural,2,23,1,2023-04-15 21:50:00,DRFC (Furtos),"Macrofotografia, Empoamento, Luz forense/lanterna",True,False,0.3176
Marca em Animal,Terreno Baldio,3,8,0,2023-03-13 16:23:00,DHPP (Homicídios),"Macrofotografia, Empoamento",True,False,0.3094
Furto em Interior de Veículo,Terreno Baldio,1,50,1,2023-01-06 12:11:00,DHPP (Homicídios),"Luz forense/lanterna, Macrofotografia",False,False,0.1338
Suicídio,Área Rural,0,123,5,2023-01-06 05:23:00,2ª DP,"Macrofotografia, Empoamento",False,False,0.1176
Maus Tratos de Animal,DP,0,26,6,2023-02-07 00:54:00,3ª DP,Empoamento,False,False,0.1562
Dano Seguido de Lesão Corporal,Estabelecimento Comercial,6,16,1,2023-01-27 04:22:00,DEAM (Mulher),Empoamento,True,true,0.5752
Feto Encontrado,Área Rural,2,45,2,2023-06-01 05:38:00,DEAM (Mulher),"Luz forense/lanterna, Macrofotografia, Empoamento",False,0,0.8824
Lesão Corporal,DP,3,51,1,2023-02-22 19:59:00,2ª DP,"Empoamento, Macrofotografia",False,False,0.3797
Local de Estupro e/ou Veículo Envolvido em Estupro,Via Pública,2,11,3,2023-11-30 00:32:00,DHPP (Homicídios),"Empoamento, Macrofotografia",True,True,1.0
Furto em Interior de Veículo,DP,1,20,0,2023-02-06 11:45:00,1ª DP,"Empoamento, Luz forense/lanterna, Macrofotografia",True,True,0.4526
Marca em Animal,Via Pública,0,108,0,2023-08-21 11:57:00,3ª DP,"Macrofotografia, Luz forense/lanterna, Empoamento",False,False,0.1841
Incêndio (sem vítima),Pátio,4,32,1,2023-07-09 11:53:00,3ª DP,"Empoamento, Luz forense/lanterna, Macrofotografia",False,False,0.1283
Cadáver Encontrado,Pátio,0,9,0,2023-02-02 13:34:00,2ª DP,"Empoamento, Luz forense/lanterna",True,False,0.3039
Infanticídio,Terreno Baldio,4,8,6,2023-02-11 13:20:00,DEAM (Mulher),"Macrofotografia, Luz forense/lanterna, Empoamento",True,False,0.8959
Furto,Pátio,5,35,3,2023-05-23 09:48:00,DCA (Criança e Adolescente),"Macrofotografia, Luz forense/lanterna, Empoamento",True,False,0.3313
Suicídio,Terreno Baldio,0,11,2,2023-04-18 05:41:00,DCA (Criança e Adolescente),Empoamento,True,False,0.2685
Pichação,Residência,1,18,0,2023-01-14 18:18:00,1ª DP,"Luz forense/lanterna, Empoamento",True,True,0.4879
Tentativa de Homicídio,Via Pública,5,5,0,2023-07-28 02:36:00,DRFC (Furtos),Macrofotografia,True,True,0.9985
Adulteração de Placa e/ou Lacre,Pátio,0,20,2,2023-01-23 16:10:00,DCA (Criança e Adolescente),Luz forense/lanterna,False,True,0.2597
Pichação,Terreno Baldio,2,18,1,2023-11-13 18:10:00,2ª DP,"Luz forense/lanterna, Empoamento",True,True,0.4833
Incêndio (com vítima),Estabelecimento Comercial,0,37,2,2023-05-28 00:57:00,2ª DP,"Macrofotografia, Empoamento",False,False,0.369
Veículo Localizado (furtado ou roubado),DP,999999,10,7,2023-08-19 04:00:00,DRFC (Furtos),"Macrofotografia, Empoamento, Luz forense/lanterna",False,True,0.3072
Veículo Localizado (furtado ou roubado),Área Rural,0,77,1,2023-09-17 08:18:00,DCA (Criança e Adolescente),"Luz forense/lanterna, Macrofotografia, Empoamento",False,True,0.2739
Roubo Com Estupro,Residência,1,114,3,2023-10-25 20:47:00,DCA (Criança e Adolescente),"Macrofotografia, Empoamento, Luz forense/lanterna",True,False,0.8327
Pichação,Área Rural,2,36,0,2023-05-12 17:28:00,DHPP (Homicídios),"Macrofotografia, Luz forense/lanterna",False,False,0.198
Tentativa de Suicídio,Área Rural,0,32,4,2023-11-05 01:21:00,DRFC (Furtos),"Luz forense/lanterna, Empoamento, Macrofotografia",True,True,0.4833
Roubo Com Estupro,Pátio,6,77,0,2023-04-18 06:11:00,DCA (Criança e Adolescente),"Luz forense/lanterna, Empoamento, Macrofotografia",True,True,1.0
Estelionato,Pátio,2,34,0,2023-04-18 04:23:00,2ª DP,"Empoamento, Luz forense/lanterna",True,False,0.3045
PICHAÇÃO,Estabelecimento Comercial,0,12,5,2023-03-08 00:00:00,1ª DP,Empoamento,False,True,0.3441
Exercício Arbitrário das Próprias Razões,Residência,2,-8,20,2023-03-16 17:53:00,DEAM (Mulher),"Macrofotografia, Empoamento, Luz forense/lanterna",True,False,0.2927
Maus Tratos de Animal,Residência,3,23,5,2023-03-30 16:39:00,3ª DP,"Luz forense/lanterna, Empoamento",Nao,True,0.4762
Furto,Área Rural,0,22,2,2023-05-11 11:42:00,DCA (Criança e Adolescente),Empoamento,True,False,0.3349
Ameaça,Via Pública,4,76,0,2023-02-05 07:21:00,2ª DP,"Macrofotografia, Luz forense/lanterna, Empoamento",False,True,0.325
Infanticídio,Via Pública,1,78,0,2023-01-07 16:14:00,1ª DP,Macrofotografia,True,True,0.9711
Abandono de Incapaz,DP,1,20,0,2023-08-20 11:56:00,1ª DP,Luz forense/lanterna,True,False,0.809
Ameaça,Área Rural,2,,1,2023-05-20 15:24:00,3ª DP,"Empoamento, Macrofotografia",True,True,0.4235
Suicídio,Residência,4,28,1,2023-05-19 15:16:00,2ª DP,"Empoamento, Macrofotografia",True,False,0.3321
Abandono de Incapaz,DP,5,6,0,2023-06-09 18:29:00,2ª DP,"Luz forense/lanterna, Macrofotografia",False,True,0.8885
Maus Tratos de Animal,DP,1,5,2,2023-11-27 12:39:00,1ª DP,"Empoamento, Macrofotografia, Luz forense/lanterna",False,True,0.3076
Feminicídio,Área Rural,0,62,2,2023-07-25 15:08:00,1ª DP,"Macrofotografia, Empoamento, Luz forense/lanterna",True,False,0.8682
Receptação,Estabelecimento Comercial,4,31,0,2023-01-07 19:55:00,DCA (Criança e Adolescente),"Macrofotografia, Luz forense/lanterna",True,False,0.3231
Furto de Energia Elétrica ou Termodinâmica,Área Rural,0,33,2,2023-12-29 09:59:00,DRFC (Furtos),"Empoamento, Macrofotografia",False,False,0.1563
Marca em Animal,Área Rural,7,9,2,2023-01-23 18:44:00,DHPP (Homicídios),"Empoamento, Macrofotografia, Luz forense/lanterna",True,False,0.329
Feminicídio,DP,1,15,1,2023-01-12 14:52:00,DEAM (Mulher),"Empoamento, Luz forense/lanterna, Macrofotografia",True,False,0.8087
Cadáver Encontrado,Pátio,2,19,1,2023-08-01 08:07:00,2ª DP,"Luz forense/lanterna, Empoamento, Macrofotografia",False,False,0.1661
Explosão (sem vítima),DP,0,57,2,2023-12-18 01:52:00,3ª DP,Macrofotografia,False,False,0.1156
Tentativa de Suicídio,Estabelecimento Comercial,0,8,N/A,2023-11-06 18:58:00,DEAM (Mulher),Macrofotografia,False,False,0.1996
Morte Aparentemente Natural,Estabelecimento Comercial,4,29,8,2023-12-16 13:28:00,DRFC (Furtos),"Luz forense/lanterna, Macrofotografia",True,True,0.4565
Homicídio,Hospital,2,8,0,2023-04-04 12:16:00,DEAM (Mulher),"Macrofotografia, Empoamento, Luz forense/lanterna",False,False,0.6832
Latrocínio e/ou Tentativa de Latrocínio,Pátio,4,35,10,2023-03-29 04:55:00,DHPP (Homicídios),"Luz forense/lanterna, Macrofotografia",False,False,0.6914
Lesão Corporal,Via Pública,2,34,2,2023-08-30 01:49:00,DCA (Criança e Adolescente),"Empoamento, Luz forense/lanterna",True,False,0.5196
Maus Tratos de Animal,Terreno Baldio,0,15,6,2023-08-01 18:43:00,DCA (Criança e Adolescente),"Macrofotografia, Empoamento",False,False,0.1523
Eletroplessão,DP,7,47,2,2023-01-14 04:18:00,3ª DP,Macrofotografia,False,False,0.1492
Maus Tratos de Animal,Residência,0,5,1,2023-10-05 15:12:00,DRFC (Furtos),"Luz forense/lanterna, Macrofotografia, Empoamento",True,False,0.2502
Incêndio (sem vítima),Via Pública,0,22,0,2023-01-01 06:06:00,DRFC (Furtos),"Empoamento, Luz forense/lanterna, Macrofotografia",False,False,0.1372
  Desmanche de Veículos  ,Pátio,1,12,1,2023-08-27 19:25:00,DHPP (Homicídios),Luz forense/lanterna,True,False,0.2589
Feto Encontrado,Estabelecimento Comercial,3,9,0,2023-03-01 01:29:00,DCA (Criança e Adolescente),Empoamento,False,True,0.891
Dano Seguido de Lesão Corporal,DP,3,9,4,2023-08-24 23:37:00,DHPP (Homicídios),"Luz forense/lanterna, Empoamento, Macrofotografia",True,False,0.5945
Disparo de Arma de Fogo,DP,2,10,3,2023-10-20 12:43:00,DRFC (Furtos),"Luz_forense/lanterna,_Macrofotografia",True,False,0.5395
Suicídio,Residência,0,6,2,2023-03-18 23:23:00,2ª DP,"Macrofotografia, Empoamento",False,True,0.2873
Explosão (com vítima),Via Pública,3,6,0,2023-10-15 09:31:00,3ª DP,Luz forense/lanterna,False,False,0.4396
Explosão (sem vítima),DP,1,49,6,2023-11-14 03:05:00,DHPP (Homicídios),Empoamento,True,False,0.3035
Feminicídio,DP,4,21,1,2023-09-12 04:55:00,DRFC (Furtos),Macrofotografia,,False,0.8559
Eletroplessão,Via Pública,0,49,1,2023-03-26 07:14:00,3ª DP,"Empoamento, Macrofotografia, Luz forense/lanterna",False,True,0.3066
Maus Tratos de Animal,Terreno Baldio,0,34,2,2023-03-04 10:16:00,2ª DP,Luz forense/lanterna,True,True,0.4586
Morte Aparentemente Natural,Terreno Baldio,8,14,5,2023-12-29 04:31:00,DHPP (Homicídios),"Luz forense/lanterna, Empoamento, Macrofotografia",False,False,0.1285
Suicídio,Hospital,1,6,0,2023-11-02 06:42:00,1ª DP,"Empoamento, Macrofotografia",False,False,0.1199
Estelionato,Residência,2,80,0,2023-10-07 01:44:00,DEAM (Mulher),"Luz forense/lanterna, Macrofotografia, Empoamento",True,True,0.468
Arremesso de Projétil,DP,2,9,0,2023-06-25 22:35:00,1ª DP,"Macrofotografia, Empoamento",False,False,0.1826
Violação de Domicílio,Via Pública,0,10,0,2023-03-27 14:36:00,DEAM (Mulher),Macrofotografia,True,True,0.4154
Feminicídio,Área Rural,3,11,0,2023-12-26 05:36:00,1ª DP,Macrofotografia,True,True,0.9975
Incêndio (sem vítima),Via Pública,0,16,0,2023-03-27 23:46:00,1ª DP,"Macrofotografia, Luz forense/lanterna",False,True,0.2546
Tentativa de Homicídio,Área Rural,8,11,0,2023-04-20 19:03:00,DHPP (Homicídios),"Luz forense/lanterna, Empoamento, Macrofotografia",True,True,0.9717
Veículo Localizado (furtado ou roubado),Estabelecimento Comercial,1,32,2,2023-12-02 10:04:00,3ª DP,"Macrofotografia, Luz forense/lanterna, Empoamento",False,False,0.1353
Exercício Arbitrário das Próprias Razões,Estabelecimento Comercial,999999,6,0,2023-04-04 17:25:00,DHPP (Homicídios),"Luz forense/lanterna, Macrofotografia",False,False,0.1874
Latrocínio e/ou Tentativa de Latrocínio,Hospital,0,23,0,2023-10-28 05:45:00,2ª DP,"Macrofotografia, Luz forense/lanterna, Empoamento",False,False,0.6989
Estelionato,Estabelecimento Comercial,3,11,5,2023-04-20 18:09:00,DRFC (Furtos),"Luz forense/lanterna, Empoamento, Macrofotografia",True,False,0.3002
Explosão (com vítima),Via Pública,0,44,1,2023-10-21 23:27:00,DRFC (Furtos),"Empoamento, Macrofotografia",True,False,0.5802
Latrocínio e/ou Tentativa de Latrocínio,Área Rural,0,13,2,2023-11-21 11:54:00,DEAM (Mulher),"Macrofotografia, Luz forense/lanterna, Empoamento",False,False,0.6836
Furto de Energia Elétrica ou Termodinâmica,Estabelecimento Comercial,7,5,0,2023-09-10 08:32:00,DCA (Criança e Adolescente),Macrofotografia,False,True,0.3347
Abandono de Incapaz,Área Rural,1,63,0,2023-07-24 22:39:00,2ª DP,"Macrofotografia, Luz forense/lanterna",True,False,0.8957
Tentativa de Suicídio,Terreno Baldio,0,27,3,2023-01-25 13:25:00,3ª DP,Empoamento,False,True,0.3259
Furto de Energia Elétrica ou Termodinâmica,TERRENO BALDIO,1,22,2,2023-05-24 13:20:00,DRFC (Furtos),Macrofotografia,False,True,0.2608
Local de Estupro e/ou Veículo Envolvido em Estupro,DP,2,94,0,2023-09-25 02:49:00,3ª DP,Macrofotografia,False,True,0.8302
Latrocínio e/ou Tentativa de Latrocínio,Via Pública,12,10,1,2023-12-02 10:03:00,1ª DP,"Empoamento, Macrofotografia, Luz forense/lanterna",True,False,0.8229
Dano Seguido de Lesão Corporal,Estabelecimento Comercial,0,33,0,2023-02-16 18:38:00,DHPP (Homicídios),"Macrofotografia, Empoamento, Luz forense/lanterna",False,False,0.4237
Tentativa de Suicídio,Via Pública,2,41,1,2023-02-17 05:25:00,3ª DP,Empoamento,False,False,0.172
Furto d'água,Via Pública,4,12,N/A,2023-10-15 12:02:00,1ª DP,Macrofotografia,False,False,0.1614
Incêndio (sem vítima),DP,7,31,0,2023-06-10 17:15:00,DHPP (Homicídios),Macrofotografia,1,False,0.3402
Adulteração de Placa e/ou Lacre,Estabelecimento Comercial,6,31,2,2023-10-14 12:43:00,DEAM (Mulher),Empoamento,True,,0.4461
Desmanche de Veículos,Pátio,5,11,5,2023-11-01 09:20:00,1ª DP,"Empoamento, Luz forense/lanterna, Macrofotografia",True,False,0.2637
Feminicídio,Estabelecimento Comercial,9,25,0,2023-02-11 07:52:00,DRFC (Furtos),"Empoamento, Luz forense/lanterna",True,False,0.8737
Violação de Sepultura,Terreno Baldio,4,11,4,2023-03-10 23:11:00,DRFC (Furtos),Macrofotografia,False,False,0.1796
Violação de Sepultura,Via Pública,4,-6,4,2023-05-30 08:23:00,1ª DP,"Luz forense/lanterna, Macrofotografia, Empoamento",True,False,0.2535
Violação de Domicílio,Residência,4,6,0,2023-02-27 17:41:00,1ª DP,Luz forense/lanterna,True,False,0.3331
Tentativa de Homicídio,Terreno Baldio,5,28,2,2023-02-26 23:33:00,3ª DP,"Empoamento, Macrofotografia",False,False,0.6538
Exercício Arbitrário das Próprias Razões,Residência,3,28,0,2023-06-04 15:43:00,DEAM (Mulher),"Luz forense/lanterna, Macrofotografia, Empoamento",True,False,0.3075
Dano,Pátio,3,N/A,1,2023-12-09 17:13:00,DEAM (Mulher),"Luz forense/lanterna, Empoamento, Macrofotografia",False,False,0.1591
Exercício Arbitrário das Próprias Razões,DP,0,18,4,2023-11-25 05:29:00,2ª DP,"Macrofotografia, Empoamento, Luz forense/lanterna",False,False,0.1809
Latrocínio e/ou Tentativa de Latrocínio,Área Rural,3,31,1,2023-06-30 08:54:00,DHPP (Homicídios),"Empoamento, Macrofotografia",True,False,0.8493
Pichação,DP,6,31,2,2023-03-24 03:17:00,DRFC (Furtos),"Luz forense/lanterna, Macrofotografia, Empoamento",False,False,0.1967
Aborto,Hospital,7,999999,0,2023-06-08 09:54:00,2ª DP,Empoamento,True,True,0.451
Furto,DP,1,17,7,2023-09-08 08:08:00,3ª DP,Luz forense/lanterna,False,True,0.2708
Extorsão,Pátio,5,40,3,2023-03-17 05:04:00,2ª DP,"Macrofotografia, Empoamento, Luz forense/lanterna",False,False,0.3994
Arremesso de Projétil,Hospital,0,6,1,2023-08-14 13:20:00,DHPP (Homicídios),"Luz forense/lanterna, Empoamento",True,False,0.3192
Local de Estupro e/ou Veículo Envolvido em Estupro,Residência,5,36,1,2023-02-25 08:14:00,DEAM (Mulher),Macrofotografia,True,False,0.818
Extorsão,Hospital,1,15,1,2023-01-16 13:13:00,1ª DP,"Macrofotografia, Luz forense/lanterna, Empoamento",True,True,0.7048
Ameaça,Pátio,2,55,1,2023-11-11 00:51:00,2ª DP,"Macrofotografia, Luz forense/lanterna, Empoamento",True,False,0.3456
Estelionato,Terreno Baldio,2,5,0,2023-09-27 04:10:00,3ª DP,Macrofotografia,False,False,0.1569
Tentativa de Homicídio,Estabelecimento Comercial,0,34,7,2023-07-11 16:08:00,DEAM (Mulher),Macrofotografia,True,False,0.8684
Cadáver Encontrado,Residência,1,30,5,2023-11-11 06:19:00,DEAM (Mulher),"Macrofotografia, Luz forense/lanterna",True,False,0.2748
Furto em Interior de Veículo,Estabelecimento Comercial,1,23,6,2023-06-18 10:20:00,2ª DP,"Luz forense/lanterna, Macrofotografia",False,False,0.1164
Ossada Encontrada,Terreno Baldio,7,63,0,2023-07-13 20:33:00,2ª DP,Luz forense/lanterna,False,False,0.1821
Violação de Sepultura,Área Rural,2,11,0,2023-12-01 06:10:00,DEAM (Mulher),Luz forense/lanterna,False,True,0.3084
Dano Seguido de Lesão Corporal,Terreno Baldio,19,13,0,31/02/2023 25:00:00,DCA (Criança e Adolescente),Luz forense/lanterna,False,False,0.3728
Incêndio (sem vítima),Hospital,1,63,5,2023-03-18 21:45:00,DHPP (Homicídios),Empoamento,True,True,0.4709
Maus Tratos de Animal,Pátio,2,31,0,2023-09-22 20:02:00,3ª DP,Macrofotografia,True,False,0.3404
Arremesso de Projétil,Residência,0,9,2,2023-11-21 15:21:00,2ª DP,Macrofotografia,True,False,0.2871
Dano,Via Pública,2,23,1,2023-09-06 17:43:00,DHPP (Homicídios),"Luz forense/lanterna, Macrofotografia, Empoamento",True,False,0.2943
Lesão Corporal,Área Rural,1,23,0,2023-01-13 17:27:00,3ª DP,"Luz forense/lanterna, Macrofotografia",True,False,0.5412
Explosão (com vítima),DP,0,8,999999,2023-07-17 01:11:00,3ª DP,"Macrofotografia, Empoamento, Luz forense/lanterna",True,True,0.6581
Tráfico de Entorpecentes,Hospital,0,15,2,2023-06-18 22:25:00,DHPP (Homicídios),"Macrofotografia, Empoamento, Luz forense/lanterna",True,False,0.288
Morte Aparentemente Natural,Via Pública,1,38,6,2023-05-05 01:36:00,DHPP (Homicídios),"Empoamento, Luz forense/lanterna, Macrofotografia",True,False,0.3374
Marca em Animal,Residência,17,9,0,,DEAM (Mulher),Macrofotografia,True,True,0.4253
Ameaça,Estabelecimento Comercial,1,17,0,2023-02-23 07:25:00,3ª DP,Macrofotografia,True,True,0.4037
Desmanche de Veículos,Área Rural,0,37,1,2023-09-05 11:23:00,2ª DP,Empoamento,False,False,0.1102
Pichação,Área Rural,8,9,0,2023-11-20 04:36:00,1ª DP,"Luz forense/lanterna, Empoamento",True,False,0.3094
Tentativa de Suicídio,Hospital,0,12,12,2023-05-03 22:58:00,DCA (Criança e Adolescente),"Macrofotografia, Empoamento, Luz forense/lanterna",True,False,0.3168
Disparo de Arma de Fogo,Pátio,12,8,1,2023-01-28 13:47:00,1ª DP,Luz forense/lanterna,True,False,0.5542
Dano,DP,2,27,2,2023-07-07 05:28:00,DEAM (Mulher),"Luz forense/lanterna, Macrofotografia, Empoamento",False,False,0.1235
Lesão Corporal,DP,4,89,4,2023-10-16 14:04:00,3ª DP,"Empoamento, Luz forense/lanterna",True,False,0.5924
Violação de Sepultura,Hospital,1,20,0,2023-01-25 19:53:00,DEAM (Mulher),"Macrofotografia, Empoamento",False,False,0.1176
Incêndio (sem vítima),Estabelecimento Comercial,1,8,0,2023-07-05 15:21:00,1ª DP,Macrofotografia,False,True,0.2932
Cadáver Encontrado,Via Pública,4,47,1,2023-05-15 10:56:00,DHPP (Homicídios),Macrofotografia,False,False,0.1095
Furto,Área Rural,0,57,0,2023-12-12 08:45:00,1ª DP,"Luz forense/lanterna, Macrofotografia",False,False,0.1407
Furto d'água,Pátio,2,16,1,2023-01-22 00:45:00,DCA (Criança e Adolescente),Luz forense/lanterna,True,False,0.2743
Roubo Com Estupro,Hospital,1,16,1,2023-08-19 07:32:00,DRFC (Furtos),Luz forense/lanterna,False,False,0.68
Ossada Encontrada,Via Pública,1,33,6,2023-02-19 13:56:00,DRFC (Furtos),Macrofotografia,False,False,0.1317
Furto em Interior de Veículo,Hospital,3,16,0,2023-12-21 21:01:00,3ª DP,Empoamento,True,True,0.4419
Disparo de Arma de Fogo,Residência,0,6,1,2023-03-03 01:47:00,DRFC (Furtos),"Empoamento, Macrofotografia, Luz forense/lanterna",True,True,0.7191
Pichação,Residência,2,97,5,2023-05-08 23:28:00,3ª DP,"Empoamento, Macrofotografia",False,True,0.3116
Veículo Localizado (furtado ou roubado),Terreno Baldio,0,11,0,2023-09-06 01:03:00,3ª DP,"Empoamento, Luz forense/lanterna",False,False,0.1307
Latrocínio e/ou Tentativa de Latrocínio,Hospital,0,30,0,2023-02-18 06:29:00,DEAM (Mulher),"Macrofotografia, Luz forense/lanterna",False,False,0.6939
Tentativa de Homicídio,Área Rural,1,5,3,2023-11-27 02:57:00,1ª DP,"Luz forense/lanterna, Macrofotografia",True,False,0.8868
Maus Tratos de Animal,DP,3,23,1,2023-08-05 16:35:00,DEAM (Mulher),"Empoamento, Macrofotografia, Luz forense/lanterna",True,False,0.2644
Estelionato,Estabelecimento Comercial,5,12,1,2023-13-45,DCA (Criança e Adolescente),"Luz forense/lanterna, Empoamento",False,True,0.3014
Explosão (sem vítima),Pátio,0,18,4,2023-06-10 00:51:00,DRFC (Furtos),Macrofotografia,False,False,0.183
Extorsão,DP,0,20,0,2023-12-17 02:11:00,1ª DP,"Luz forense/lanterna, Macrofotografia, Empoamento",True,Sim,0.5042
Roubo,Via Pública,1,15,0,2023-06-26 19:36:00,DHPP (Homicídios),"Empoamento, Macrofotografia, Luz forense/lanterna",False,False,0.4068
Dano Seguido de Lesão Corporal,Área Rural,3,50,0,2023-09-20 05:35:00,DRFC (Furtos),"Macrofotografia, Empoamento, Luz forense/lanterna",False,False,0.3508
Eletroplessão,Estabelecimento Comercial,1,8,0,2023-06-18 21:25:00,DHPP (Homicídios),Luz forense/lanterna,False,False,0.1736
Violação de Sepultura,Hospital,1,26,0,2023-03-15 12:34:00,DHPP (HOMICÍDIOS),Luz forense/lanterna,True,False,0.2803
Desmanche de Veículos,Hospital,11,6,-7,2023-03-22 02:45:00,DRFC (Furtos),"Empoamento, Macrofotografia, Luz forense/lanterna",True,True,0.4004
Furto de Energia Elétrica ou Termodinâmica,Área Rural,4,11,1,2023-12-21 18:43:00,1ª DP,"Empoamento, Macrofotografia, Luz forense/lanterna",False,False,0.1919
Suicídio,Terreno Baldio,1,10,1,2023-12-23 12:39:00,3ª DP,Luz forense/lanterna,True,False,0.27
Feminicídio,Residência,12,31,7,2023-02-19 23:21:00,3ª DP,"Empoamento, Macrofotografia, Luz forense/lanterna",True,,0.8232
Dano,Área Rural,4,12,0,2023-10-21 20:19:00,2ª DP,"Macrofotografia, Empoamento",True,False,0.3482
Extorsão,Via Pública,3,7,7,2023-07-06 23:05:00,1ª DP,"Macrofotografia, Luz forense/lanterna, Empoamento",True,False,0.5644
Furto de Energia Elétrica ou Termodinâmica,Via Pública,0,29,0,2023-09-23 07:36:00,2ª DP,"Luz forense/lanterna, Macrofotografia, Empoamento",True,False,0.3216
Furto Qualificado (arrombamento),Via Pública,0,5,0,2023-07-22 15:52:00,DHPP (Homicídios),"Empoamento, Macrofotografia, Luz forense/lanterna",False,False,0.1081
Maus Tratos de Animal,Área Rural,2,7,0,2023-03-24 12:20:00,2ª DP,Empoamento,False,True,0.3099
Roubo,Área Rural,1,5,2,2023-05-04 21:46:00,2ª DP,"Empoamento, Macrofotografia",False,False,0.4209
Violação de Domicílio,Hospital,16,11,3,2023-07-01 18:29:00,2ª DP,"Empoamento, Luz forense/lanterna, Macrofotografia",True,False,0.2591
Aborto,Estabelecimento Comercial,1,33,,2023-05-24 03:57:00,DHPP (Homicídios),"Macrofotografia, Luz forense/lanterna, Empoamento",False,False,0.1213
Abandono de Incapaz,Via Pública,0,10,0,2023-02-08 06:41:00,3ª DP,Empoamento,False,False,0.7144
Suicídio,Residência,3,9,1,2023-07-31 13:26:00,DRFC (Furtos),"Empoamento, Luz forense/lanterna",False,True,0.3207
Lesão Corporal,Hospital,6,9,3,2023-12-13 18:13:00,3ª DP,"Macrofotografia, Luz forense/lanterna",True,True,0.7452
Latrocínio e/ou Tentativa de Latrocínio,Estabelecimento Comercial,0,6,0,2023-11-05 12:30:00,DEAM (Mulher),"Luz forense/lanterna, Macrofotografia",False,False,0.7307
Furto de Energia Elétrica ou Termodinâmica,DP,9,14,4,2023-03-24 21:06:00,DRFC (Furtos),"Empoamento, Macrofotografia",True,False,0.2761
Infanticídio,DP,2,5,0,2023-10-18 08:53:00,DHPP (Homicídios),Empoamento,False,False,0.6643
Furto de Energia Elétrica ou Termodinâmica,Área Rural,2,5,0,2023-12-23 14:03:00,3ª DP,"Empoamento, Macrofotografia",True,False,0.2716
Afogamento,Pátio,1,23,1,2023-09-07 10:51:00,2ª DP,"Luz forense/lanterna, Macrofotografia",True,False,0.2972
Eletroplessão,Residência,3,41,3,,DHPP (Homicídios),Luz forense/lanterna,False,False,0.1835
Extorsão,Terreno Baldio,1,32,0,2023-02-21 01:22:00,1ª DP,"Luz forense/lanterna, Empoamento",True,True,0.6771
Furto Qualificado (arrombamento),DP,0,35,1,2023-02-19 06:23:00,1ª DP,"Empoamento, Macrofotografia, Luz forense/lanterna",True,False,0.2868
Incêndio (com vítima),DP,5,9,2,2023-09-21 20:48:00,3ª DP,"Luz forense/lanterna, Macrofotografia",False,False,0.4486
Explosão (com vítima),Estabelecimento Comercial,3,56,2,2023-07-23 02:13:00,DRFC (Furtos),"Macrofotografia, Empoamento",True,False,0.5351
Maus Tratos de Animal,DP,3,16,3,2023-11-15 21:29:00,DCA (Criança e Adolescente),"Luz forense/lanterna, Macrofotografia, Empoamento",True,True,0.4581
Cadáver Encontrado,Residência,7,28,1,2023-04-07 00:57:00,1ª DP,"Empoamento, Macrofotografia",True,False,0.3026
Violação de Sepultura,DP,3,76,1,2023-09-13 11:26:00,DEAM (Mulher),"Empoamento, Luz forense/lanterna",False,False,0.1224
Lesão Corporal,DP,2,46,0,2023-02-11 16:29:00,DCA (Criança e Adolescente),"Macrofotografia, Luz forense/lanterna, Empoamento",True,False,0.5752
Incêndio (com vítima),Hospital,6,25,0,2023-12-08 14:36:00,DCA (Criança e Adolescente),"Macrofotografia, Empoamento",False,False,0.437
Dano Seguido de Lesão Corporal,DP,0,6,0,,DCA (Criança e Adolescente),"Luz forense/lanterna, Empoamento, Macrofotografia",False,False,0.3791
Violação de Domicílio,Estabelecimento Comercial,0,27,-4,2023-02-13 05:43:00,1ª DP,Macrofotografia,False,False,0.173
Homicídio,DP,1,31,0,2023-10-13 12:31:00,2ª DP,"Luz forense/lanterna, Macrofotografia, Empoamento",False,False,0.7352
Explosão (sem vítima),Área Rural,0,29,0,2023-05-27 08:07:00,DCA (Criança e Adolescente),"Luz forense/lanterna, Macrofotografia",False,False,0.1962
Homicídio,Residência,4,11,0,2023-01-14 08:05:00,3ª DP,Luz forense/lanterna,False,False,0.7322
Receptação,Estabelecimento Comercial,2,8,1,2023-08-20 06:09:00,DRFC (Furtos),"Macrofotografia, Empoamento",False,False,0.1291
Lesão Corporal,Pátio,8,26,0,2023-12-07 03:54:00,DEAM (Mulher),"Empoamento, Luz forense/lanterna",True,True,0.668
Incêndio (sem vítima),Pátio,2,9,2,2023-10-31 08:16:00,DHPP (Homicídios),Macrofotografia,True,False,0.2635
Incêndio (sem vítima),Pátio,0,12,5,2023-09-07 03:05:00,2ª DP,"Empoamento, Luz forense/lanterna, Macrofotografia",False,False,0.1573
Arremesso de Projétil,Área Rural,0,5,1,2023-05-03 14:53:00,DHPP (Homicídios),"Luz forense/lanterna, Macrofotografia, Empoamento",False,False,0.1014
Marca em Animal,Residência,0,55,2,2023-09-23 10:42:00,DRFC (Furtos),Luz forense/lanterna,True,False,0.304
Lesão Corporal,Pátio,2,30,1,2023-09-08 14:57:00,DCA (Criança e Adolescente),"Luz forense/lanterna, Macrofotografia",True,False,0.5981
Feto Encontrado,Terreno Baldio,0,27,7,2023-04-19 17:17:00,2ª DP,Empoamento,False,True,0.8377
Furto,Pátio,1,37,4,2023-02-17 08:32:00,2ª DP,Empoamento,False,False,0.1568
Local de Estupro e/ou Veículo Envolvido em Estupro,Estabelecimento Comercial,3,5,1,2023-01-16 07:33:00,DHPP (Homicídios),"Macrofotografia, Empoamento, Luz forense/lanterna",True,False,0.8313
Explosão (com vítima),Estabelecimento Comercial,8,10,2,2023-10-28 22:36:00,DHPP (Homicídios),"Macrofotografia, Luz forense/lanterna, Empoamento",True,True,0.7381
Feminicídio,Via Pública,0,36,0,data_invalida,1ª DP,"Luz forense/lanterna, Macrofotografia, Empoamento",True,False,0.8909
Violação de Domicílio,Área Rural,0,10,0,2023-11-24 09:03:00,DHPP (Homicídios),"Luz forense/lanterna, Macrofotografia, Empoamento",True,False,0.2797
Homicídio,Via Pública,2,26,3,2023-01-14 18:59:00,2ª DP,"Empoamento, Luz forense/lanterna, Macrofotografia",True,False,0.8203
Furto,Terreno Baldio,1,15,2,2023-08-20 13:34:00,DHPP (Homicídios),Luz forense/lanterna,False,True,0.3274
Estelionato,Via Pública,3,77,4,2023-02-06 00:28:00,DRFC (Furtos),Luz forense/lanterna,True,False,0.3136
Abandono de Incapaz,Estabelecimento Comercial,0,47,1,2023-11-07 23:45:00,DEAM (Mulher),Macrofotografia,True,False,0.8202
Suicídio,Estabelecimento Comercial,0,36,1,2023-01-26 04:47:00,DCA (Criança e Adolescente),"Macrofotografia, Empoamento",False,False,0.1803
Receptação,Estabelecimento Comercial,0,12,4,2023-01-30 16:24:00,DHPP (Homicídios),"Empoamento, Luz forense/lanterna, Macrofotografia",True,True,0.4604
Exercício Arbitrário das Próprias Razões,Residência,4,17,7,2023-10-11 18:09:00,DHPP (Homicídios),Empoamento,False,False,0.1361
Pichação,Estabelecimento Comercial,1,11,13,2023-03-06 17:28:00,DRFC (Furtos),"Luz forense/lanterna, Macrofotografia, Empoamento",True,False,0.2736
Explosão (com vítima),Hospital,3,13,4,2023-06-18 01:52:00,DCA (Criança e Adolescente),Empoamento,True,False,0.51
Maus Tratos de Animal,Via Pública,6,15,-6,2023-04-02 02:41:00,DEAM (Mulher),"Luz forense/lanterna, Empoamento, Macrofotografia",True,True,0.4358
Tentativa de Homicídio,Terreno Baldio,6,64,1,2023-06-14 06:40:00,DCA (Criança e Adolescente),"Luz forense/lanterna, Macrofotografia, Empoamento",True,False,0.8773
Marca em Animal,DP,2,58,3,2023-12-19 00:44:00,1ª DP,"Luz forense/lanterna, Empoamento",True,False,0.3472
Furto de Energia Elétrica ou Termodinâmica,Via Pública,1,15,0,2023-03-26 08:20:00,3ª DP,"Empoamento, Luz forense/lanterna, Macrofotografia",False,False,0.1927
Furto em Interior de Veículo,Via Pública,6,45,0,2023-06-24 12:05:00,DCA (Criança e Adolescente),"Empoamento, Macrofotografia, Luz forense/lanterna",False,True,0.3148
Homicídio,Via Pública,1,16,1,2023-12-09 08:27:00,1ª DP,"Macrofotografia, Luz forense/lanterna",False,False,0.708
Suicídio,Hospital,1,20,0,2023-06-22 12:18:00,DCA (Criança e Adolescente),Luz forense/lanterna,False,False,0.1384
Furto d'água,Residência,5,20,1,2023-05-29 14:56:00,DHPP (Homicídios),"Macrofotografia, Luz forense/lanterna",False,True,0.2885
Estelionato,Via Pública,0,46,1,2023-09-18 04:35:00,3ª DP,"Empoamento, Macrofotografia",False,False,0.1671
Incêndio (com vítima),Hospital,0,6,0,,DCA (Criança e Adolescente),"Empoamento, Luz forense/lanterna",False,False,0.3655
Morte Aparentemente Natural,Terreno Baldio,3,8,5,2023-05-28 20:27:00,DHPP (Homicídios),Empoamento,False,False,0.1999
Roubo Com Estupro,Hospital,5,10,1,2023-02-07 12:13:00,DCA (Criança e Adolescente),Empoamento,True,True,1.0
Tentativa de Homicídio,Terreno Baldio,1,18,3,2023-04-05 23:46:00,2ª DP,Luz forense/lanterna,True,False,0.8056
Ameaça,Residência,2,7,1,2023-11-02 16:04:00,DRFC (Furtos),"Empoamento, Luz forense/lanterna",True,False,0.3499
Marca em Animal,Área Rural,1,53,1,2023-10-23 08:04:00,DCA (Criança e Adolescente),Macrofotografia,True,False,0.3142
Cadáver Encontrado,Via Pública,1,17,0,2023-02-12 00:32:00,3ª DP,Macrofotografia,False,False,0.1266
Afogamento,Terreno Baldio,1,72,7,2023-02-25 08:42:00,1ª DP,"Empoamento, Luz forense/lanterna",True,False,0.3031
Furto d'água,DP,9,34,3,2023-11-06 01:57:00,DRFC (Furtos),Luz forense/lanterna,True,True,0.4258
Aborto,Via Pública,2,12,3,2023-12-15 20:24:00,2ª DP,"Empoamento, Luz forense/lanterna",True,True,0.4588
Exercício Arbitrário das Próprias Razões,Pátio,1,21,2,2023-05-01 10:44:00,2ª DP,"Luz forense/lanterna, Macrofotografia",True,True,0.492
Disparo de Arma de Fogo,Via Pública,6,7,0,2023-09-27 05:51:00,DHPP (Homicídios),Macrofotografia,False,False,0.4047
Veículo Localizado (furtado ou roubado),Estabelecimento Comercial,1,19,3,2023-04-13 17:07:00,3ª DP,"Luz forense/lanterna, Macrofotografia, Empoamento",False,True,0.3276
Latrocínio e/ou Tentativa de Latrocínio,Via Pública,0,18,4,2023-13-45,DCA (Criança e Adolescente),"Empoamento, Luz forense/lanterna",True,True,1.0
Infanticídio,DP,7,47,2,2023-01-05 11:32:00,DCA (Criança e Adolescente),"Macrofotografia, Luz forense/lanterna, Empoamento",True,True,0.9834
Veículo Localizado (furtado ou roubado),Área Rural,1,59,0,2023-01-26 11:31:00,DHPP (Homicídios),"Luz forense/lanterna, Macrofotografia, Empoamento",False,True,0.3161
Aborto,Hospital,8,6,0,2023-06-25 02:00:00,DCA (Criança e Adolescente),Macrofotografia,False,True,0.2817
Furto Qualificado (arrombamento),Via Pública,0,93,1,2023-04-10 23:07:00,DHPP (Homicídios),"Macrofotografia, Luz forense/lanterna",False,False,0.1357
Arremesso de Projétil,Terreno Baldio,3,27,0,2023-04-19 20:16:00,DHPP (Homicídios),"Luz forense/lanterna, Macrofotografia, Empoamento",False,True,0.3118
Eletroplessão,Área Rural,0,15,2,2023-10-24 19:03:00,1ª DP,Luz forense/lanterna,True,True,0.4722
Cadáver Encontrado,Terreno Baldio,1,11,1,2023-01-23 08:39:00,2ª DP,"Empoamento, Macrofotografia",True,False,0.286
Roubo Com Estupro,Estabelecimento Comercial,0,17,2,2023-03-04 08:59:00,DHPP (Homicídios),Luz forense/lanterna,True,True,0.9952
Abandono de Incapaz,Terreno Baldio,6,46,0,2023-12-31 13:27:00,DRFC (Furtos),"Empoamento, Macrofotografia",True,True,1.0
Furto de Energia Elétrica ou Termodinâmica,Terreno Baldio,1,7,0,2023-11-25 12:19:00,DEAM (Mulher),"Luz forense/lanterna, Empoamento",True,False,0.3214
Veículo Localizado (furtado ou roubado),Estabelecimento Comercial,0,33,1,2023-04-09 00:22:00,1ª DP,"Empoamento, Luz forense/lanterna, Macrofotografia",True,False,0.2507
Morte Aparentemente Natural,Hospital,2,5,0,2023-05-04 20:10:00,2ª DP,"Empoamento, Macrofotografia",True,True,0.465
Arremesso de Projétil,Residência,0,44,0,2023-08-05 14:10:00,2ª DP,Macrofotografia,False,True,0.2616
Veículo Localizado (furtado ou roubado),DP,2,27,6,2023-04-04 19:34:00,DHPP (Homicídios),Macrofotografia,False,True,0.3024
Furto em Interior de Veículo,Terreno Baldio,0,23,1,2023-06-13 13:05:00,DEAM (Mulher),"Empoamento, Macrofotografia",False,False,0.1844
Infanticídio,DP,3,24,1,2023-05-04 04:43:00,DCA (Criança e Adolescente),"Empoamento, Macrofotografia",True,False,0.8352
VEÍCULO LOCALIZADO (FURTADO OU ROUBADO),DP,2,16,0,2023-08-19 04:52:00,DEAM (Mulher),"Macrofotografia, Empoamento, Luz forense/lanterna",True,True,0.4942
Tráfico de Entorpecentes,Via Pública,5,13,0,2023-02-28 09:47:00,DCA (Criança e Adolescente),"Macrofotografia, Empoamento",True,False,0.3279
Incêndio (sem vítima),Terreno Baldio,2,15,5,2023-07-03 12:36:00,DHPP (Homicídios),Macrofotografia,False,True,0.265
Desmanche de Veículos,Hospital,1,31,0,2023-13-45,2ª DP,"Luz forense/lanterna, Macrofotografia",False,False,0.1627
Ameaça,Área Rural,0,35,1,2023-03-21 22:30:00,3ª DP,"Luz forense/lanterna, Macrofotografia",true,False,0.3114
Roubo Com Estupro,Estabelecimento Comercial,5,62,0,2023-09-19 02:10:00,DRFC (Furtos),"Luz forense/lanterna, Macrofotografia",False,False,0.6633
Explosão (sem vítima),Área Rural,0,23,1,2023-04-25 17:27:00,DEAM (Mulher),Macrofotografia,True,False,0.2715
Marca em Animal,Residência,11,10,1,2023-01-04 07:41:00,3ª DP,"Empoamento, Macrofotografia",True,True,0.4692
Abandono de Incapaz,DP,0,19,0,2023-10-06 05:22:00,DCA (Criança e Adolescente),Luz forense/lanterna,True,True,0.9609
Furto,Via Pública,1,26,0,2023-03-14 09:08:00,DCA (Criança e Adolescente),"Macrofotografia, Luz forense/lanterna, Empoamento",False,False,0.1885
Furto,Residência,0,13,1,2023-09-10 02:44:00,DEAM (Mulher),"Empoamento, Luz forense/lanterna, Macrofotografia",False,,0.1237
Roubo,Pátio,0,15,2,2023-07-19 00:22:00,DHPP (Homicídios),"Empoamento, Macrofotografia, Luz forense/lanterna",False,False,0.4169
Explosão (sem vítima),Área Rural,0,19,0,2023-12-12 04:05:00,DEAM (Mulher),"Empoamento, Luz forense/lanterna",False,False,0.1411
Disparo de Arma de Fogo,Hospital,5,13,0,2023-06-16 01:29:00,3ª DP,"Luz forense/lanterna, Empoamento",True,False,0.5136
Extorsão,DP,0,8,0,2023-02-11 18:40:00,DRFC (Furtos),Luz forense/lanterna,False,True,0.532
Incêndio (sem vítima),Hospital,0,28,3,2023-06-15 00:52:00,2ª DP,"Empoamento, Macrofotografia, Luz forense/lanterna",True,True,0.469
Feto Encontrado,Pátio,0,20,-2,2023-10-06 07:40:00,2ª DP,"Luz forense/lanterna, Macrofotografia, Empoamento",False,False,0.6552
Incêndio (sem vítima),Pátio,2,17,1,2023-03-16 03:25:00,DRFC (Furtos),"Empoamento, Macrofotografia, Luz forense/lanterna",True,False,0.3184
Aborto,Terreno Baldio,2,32,0,data_invalida,DRFC (Furtos),"Empoamento, Macrofotografia, Luz forense/lanterna",True,False,0.2778
Incêndio (com vítima),Estabelecimento Comercial,0,17,2,2023-08-16 10:26:00,3ª DP,Luz forense/lanterna,False,False,0.4255
Furto d'água,Pátio,0,22,2,2023-07-20 20:03:00,2ª DP,Macrofotografia,True,False,0.278
Feminicídio,DP,3,6,2,2023-08-25 19:03:00,2ª DP,"Luz forense/lanterna, Macrofotografia",True,False,0.8989
Disparo de Arma de Fogo,Hospital,0,14,2,2023-11-05 19:30:00,DHPP (Homicídios),"Empoamento, Luz forense/lanterna, Macrofotografia",True,False,0.5662
Estelionato,DP,11,30,0,2023-02-19 00:35:00,3ª DP,"Macrofotografia, Luz forense/lanterna, Empoamento",True,False,0.3143
Dano,Hospital,7,37,0,2023-09-29 09:02:00,DEAM (Mulher),"Empoamento, Macrofotografia, Luz forense/lanterna",False,False,0.1142
Eletroplessão,Via Pública,1,20,8,2023-01-13 18:09:00,DRFC (Furtos),"Empoamento, Macrofotografia, Luz forense/lanterna",True,False,0.3448
Pichação,Pátio,8,19,3,2023-10-22 16:18:00,2ª DP,"Empoamento, Luz forense/lanterna, Macrofotografia",False,False,0.1262
Furto d'água,Área Rural,8,10,4,2023-03-19 12:49:00,2ª DP,"Luz forense/lanterna, Macrofotografia, Empoamento",True,False,0.2758
Furto d'água,Área Rural,0,12,0,2023-12-24 13:43:00,DCA (Criança e Adolescente),Luz forense/lanterna,False,False,0.1793
Feto Encontrado,Via Pública,4,11,2,2023-12-20 17:03:00,DEAM (Mulher),Luz forense/lanterna,True,False,0.8758
Morte Aparentemente Natural,Via Pública,0,7,4,2023-03-26 18:23:00,DCA (Criança e Adolescente),Macrofotografia,True,True,0.48
Latrocínio e/ou Tentativa de Latrocínio,Hospital,3,21,1,2023-08-13 08:37:00,DCA (Criança e Adolescente),Macrofotografia,True,False,0.8771
Eletroplessão,Residência,3,8,0,2023-08-03 16:30:00,3ª DP,"Empoamento, Macrofotografia, Luz forense/lanterna",True,False,0.3367
  Cadáver Encontrado  ,DP,0,38,0,2023-10-14 20:24:00,DHPP (Homicídios),"Luz forense/lanterna, Macrofotografia, Empoamento",False,False,0.1712
Veículo Localizado (furtado ou roubado),Via Pública,1,14,5,2023-01-26 14:31:00,3ª DP,Luz forense/lanterna,True,True,0.417
Tráfico de Entorpecentes,Terreno Baldio,0,11,0,2023-05-13 12:11:00,2ª DP,"Macrofotografia, Luz forense/lanterna, Empoamento",False,True,0.2619
Roubo,Terreno Baldio,1,71,1,2023-05-30 20:17:00,2ª DP,"Macrofotografia, Empoamento",True,False,0.566
Feto Encontrado,Via Pública,10,38,1,2023-01-02 12:47:00,DCA (Criança e Adolescente),Macrofotografia,False,False,0.7148
Local de Estupro e/ou Veículo Envolvido em Estupro,DP,-6,7,1,2023-04-09 15:20:00,1ª DP,Macrofotografia,True,False,0.8899
Eletroplessão,Pátio,4,8,4,2023-12-14 18:19:00,3ª DP,Macrofotografia,False,False,0.136
Furto Qualificado (arrombamento),Residência,0,43,0,2023-04-19 15:01:00,DRFC (Furtos),"Empoamento, Luz forense/lanterna",True,False,0.267
Ameaça,Terreno Baldio,0,12,6,2023-12-18 13:13:00,DHPP (Homicídios),"Luz forense/lanterna, Empoamento",True,False,0.3034
Furto de Energia Elétrica ou Termodinâmica,Estabelecimento Comercial,3,14,3,2023-12-10 16:35:00,3ª DP,"Empoamento, Macrofotografia",False,False,0.1547
Roubo,Terreno Baldio,5,13,5,2023-08-09 04:18:00,DRFC (Furtos),Empoamento,True,False,0.5964
Infanticídio,Pátio,6,10,0,2023-02-03 07:32:00,DCA (Criança e Adolescente),"Luz forense/lanterna, Macrofotografia, Empoamento",False,True,0.8194
Furto Qualificado (arrombamento),Estabelecimento Comercial,0,13,1,2023-10-03 10:48:00,1ª DP,"Luz forense/lanterna, Empoamento, Macrofotografia",True,False,0.2914
Latrocínio e/ou Tentativa de Latrocínio,Área Rural,1,23,1,2023-10-24 06:12:00,3ª DP,Macrofotografia,False,False,0.6618
Maus Tratos de Animal,Via Pública,4,8,2,2023-12-23 05:15:00,DHPP (Homicídios),Macrofotografia,False,False,0.1251
Infanticídio,Terreno Baldio,1,16,0,2023-09-11 09:53:00,3ª DP,Macrofotografia,False,True,0.8051
Eletroplessão,DP,5,9,7,2023-02-03 16:13:00,3ª DP,"Macrofotografia, Luz forense/lanterna, Empoamento",True,False,0.2537
Adulteração de Placa e/ou Lacre,Via Pública,3,31,0,2023-02-11 19:30:00,DHPP (Homicídios),"Luz forense/lanterna, Macrofotografia, Empoamento",True,True,0.4592
Afogamento,Hospital,0,12,1,2023-05-05 21:08:00,2ª DP,"Empoamento, Luz forense/lanterna",Sim,False,0.3316
Furto em Interior de Veículo,Estabelecimento Comercial,0,9,0,31/02/2023 25:00:00,3ª DP,Empoamento,True,False,0.2566
Suicídio,Estabelecimento Comercial,0,25,1,2023-10-12 03:55:00,DEAM (Mulher),Macrofotografia,False,False,0.1728
Feminicídio,Residência,0,12,0,2023-08-16 03:35:00,3ª DP,"Luz forense/lanterna, Empoamento, Macrofotografia",False,False,0.6942
Roubo,VIA PÚBLICA,1,5,1,2023-07-14 05:17:00,DRFC (Furtos),Empoamento,False,False,0.4189
Feto Encontrado,Estabelecimento Comercial,1,59,3,2023-04-15 12:59:00,DRFC (Furtos),Empoamento,False,False,0.703
Cadáver Encontrado,Residência,8,16,1,2023-07-20 06:20:00,DEAM (Mulher),Luz forense/lanterna,False,True,0.2882
Desmanche de Veículos,Pátio,0,28,2,2023-11-24 04:23:00,1ª DP,Macrofotografia,False,False,0.1362
Furto,Via Pública,0,10,1,2023-03-12 17:50:00,DCA (Criança e Adolescente),"Empoamento, Luz forense/lanterna",False,False,0.1969
Marca em Animal,Residência,7,16,3,2023-06-10 10:54:00,1ª DP,Empoamento,True,True,0.4926
Local de Estupro e/ou Veículo Envolvido em Estupro,Pátio,14,8,1,2023-05-07 02:25:00,2ª DP,"Macrofotografia, Empoamento",True,False,0.8779
Suicídio,Área Rural,1,14,0,2023-09-19 09:50:00,DCA (Criança e Adolescente),Luz forense/lanterna,True,False,0.3104
Ameaça,Área Rural,0,13,1,2023-01-08 23:40:00,1ª DP,"Macrofotografia, Empoamento, Luz forense/lanterna",True,Nao,0.3054
Cadáver Encontrado,Via Pública,0,48,1,2023-09-16 01:03:00,3ª DP,"Macrofotografia, Empoamento",False,True,0.256
Suicídio,Hospital,1,6,0,2023-05-27 18:05:00,DRFC (Furtos),"Empoamento, Luz forense/lanterna, Macrofotografia",False,False,0.1829
Furto de Energia Elétrica ou Termodinâmica,Terreno Baldio,5,39,0,2023-02-01 18:47:00,DEAM (Mulher),"Luz forense/lanterna, Empoamento, Macrofotografia",False,False,0.1714
Explosão (com vítima),Estabelecimento Comercial,1,9,1,2023-09-27 20:19:00,DHPP (Homicídios),"Macrofotografia, Luz forense/lanterna",False,False,0.3815
Violação de Sepultura,Estabelecimento Comercial,0,11,1,2023-03-20 18:48:00,DEAM (Mulher),Empoamento,True,False,0.2728
Furto Qualificado (arrombamento),Terreno Baldio,1,13,1,2023-11-05 22:56:00,3ª DP,Empoamento,False,False,0.1217
Disparo de Arma de Fogo,Via Pública,4,11,3,2023-06-24 16:31:00,DEAM (Mulher),"Macrofotografia, Empoamento, Luz forense/lanterna",True,False,0.5461
Latrocínio e/ou Tentativa de Latrocínio,Via Pública,0,5,2,2023-04-13 00:36:00,DRFC (Furtos),"  Empoamento, Luz forense/lanterna  ",True,False,0.8383
Furto,Estabelecimento Comercial,3,15,2,2023-04-30 03:34:00,3ª DP,Empoamento,False,False,0.1479
Ossada Encontrada,DP,0,47,0,2023-06-29 06:03:00,DHPP (Homicídios),Empoamento,True,False,0.3448
Explosão (sem vítima),Área Rural,0,17,0,2023-09-22 02:25:00,DEAM (Mulher),"Macrofotografia, Empoamento, Luz forense/lanterna",True,True,0.4083
Roubo Com Estupro,Residência,6,8,1,2023-02-27 07:50:00,2ª DP,Luz forense/lanterna,False,False,0.6972
Ameaça,Pátio,2,11,0,2023-04-11 09:02:00,DCA (Criança e Adolescente),"Luz forense/lanterna, Macrofotografia",True,False,0.3452
Veículo Localizado (furtado ou roubado),Área Rural,2,9,3,2023-09-23 09:53:00,2ª DP,Macrofotografia,True,False,0.2591
Veículo Localizado (furtado ou roubado),Residência,1,27,0,2023-09-23 15:42:00,DCA (Criança e Adolescente),Empoamento,True,False,0.307
Disparo de Arma de Fogo,Hospital,2,30,1,2023-08-07 00:50:00,DEAM (Mulher),"Luz forense/lanterna, Macrofotografia, Empoamento",True,True,0.7307
Furto d'água,Terreno Baldio,0,23,1,2023-06-16 21:05:00,1ª DP,Macrofotografia,True,True,0.4904
Cadáver Encontrado,Área Rural,5,30,8,2023-07-08 10:43:00,3ª DP,"Macrofotografia, Luz forense/lanterna, Empoamento",True,False,0.3253
Violação de Domicílio,Área Rural,0,19,2,,2ª DP,"Macrofotografia, Empoamento, Luz forense/lanterna",False,False,0.106
Incêndio (sem vítima),Pátio,0,12,2,2023-02-14 19:56:00,DEAM (Mulher),Macrofotografia,True,False,0.2985
Furto,Estabelecimento Comercial,1,44,1,2023-12-08 14:16:00,DEAM (Mulher),Luz forense/lanterna,True,True,0.4314
Local de Estupro e/ou Veículo Envolvido em Estupro,Via Pública,1,32,1,2023-04-02 15:31:00,3ª DP,Macrofotografia,False,False,0.6631
Abandono de Incapaz,Área Rural,1,17,0,2023-11-18 22:23:00,DEAM (Mulher),Macrofotografia,True,True,0.9875
Violação de Domicílio,Área Rural,2,5,0,2023-08-02 13:18:00,DCA (Criança e Adolescente),Luz forense/lanterna,False,True,0.344
Ameaça,Pátio,8,6,1,2023-09-15 13:04:00,DRFC (Furtos),Luz forense/lanterna,True,False,0.3305
Furto Qualificado (arrombamento),Hospital,0,31,0,2023-09-13 07:55:00,DEAM (Mulher),"Macrofotografia, Luz forense/lanterna, Empoamento",False,True,0.341
Furto Qualificado (arrombamento),Hospital,2,24,1,2023-10-16 01:22:00,DCA (Criança e Adolescente),"Luz forense/lanterna, Empoamento",True,False,0.3033
Feminicídio,Residência,0,60,0,2023-07-30 00:55:00,DCA (Criança e Adolescente),Macrofotografia,True,False,0.8078
Desmanche de Veículos,Via Pública,2,15,1,2023-04-15 21:07:00,DRFC (Furtos),"Empoamento, Luz forense/lanterna, Macrofotografia",True,False,0.2901
Abandono de Incapaz,Área Rural,3,57,1,2023-06-06 05:57:00,2ª DP,"Macrofotografia, Luz forense/lanterna",False,True,0.8732
Eletroplessão,Pátio,0,49,6,2023-12-12 10:57:00,DRFC (Furtos),"Luz forense/lanterna, Empoamento, Macrofotografia",True,True,0.4029
Maus Tratos de Animal,Área Rural,1,15,0,2023-07-01 10:06:00,1ª DP,"Macrofotografia, Empoamento",True,True,0.481
Dano Seguido de Lesão Corporal,Área Rural,1,9,1,2023-10-03 18:00:00,3ª DP,"Luz forense/lanterna, Empoamento, Macrofotografia",True,False,0.5875
Suicídio,Estabelecimento Comercial,3,29,0,2023-01-16 23:01:00,2ª DP,"Empoamento, Luz forense/lanterna, Macrofotografia",True,False,0.2658
Feto Encontrado,Pátio,2,9,3,2023-02-18 00:49:00,DHPP (Homicídios),"Macrofotografia, Luz forense/lanterna",True,False,0.8354
Dano Seguido de Lesão Corporal,DP,1,22,0,2023-01-18 21:53:00,2ª DP,"Macrofotografia, Empoamento",False,True,0.5135
Extorsão,Área Rural,4,30,1,2023-03-15 16:18:00,1ª DP,"Empoamento, Luz forense/lanterna",True,False,0.5524
Suicídio,Área Rural,1,70,0,2023-10-13 14:37:00,DEAM (Mulher),"Macrofotografia, Empoamento, Luz forense/lanterna",False,True,0.3319
Eletroplessão,Área Rural,4,9,3,2023-12-11 18:03:00,DCA (Criança e Adolescente),Luz forense/lanterna,True,False,0.3092
Tentativa de Homicídio,Estabelecimento Comercial,1,37,1,2023-07-09 08:35:00,1ª DP,"Empoamento, Macrofotografia, Luz forense/lanterna",True,True,0.9598
Roubo,DP,1,9,5,2023-07-23 00:53:00,1ª DP,"Macrofotografia, Empoamento",True,False,0.5484
Marca em Animal,Residência,2,22,0,2023-09-11 16:09:00,3ª DP,"Empoamento, Luz forense/lanterna",False,False,0.1162
Roubo,Estabelecimento Comercial,1,21,2,2023-06-14 12:38:00,DRFC (Furtos),Empoamento,True,True,0.6722
Ossada Encontrada,Terreno Baldio,3,45,2,2023-03-26 19:54:00,DRFC (Furtos),Macrofotografia,True,False,0.2548
Abandono de Incapaz,Área Rural,3,20,1,2023-06-16 22:12:00,DEAM (Mulher),Empoamento,True,False,0.8534
Abandono de Incapaz,Pátio,4,6,1,2023-12-09 07:25:00,DEAM (Mulher),"Luz forense/lanterna, Empoamento, Macrofotografia",True,False,0.8727
Afogamento,Pátio,2,14,0,2023-04-27 21:24:00,1ª DP,Empoamento,False,False,0.189
Tentativa de Homicídio,Residência,0,17,0,2023-02-23 08:14:00,2ª DP,"Luz forense/lanterna, Empoamento",False,False,0.7381
Furto Qualificado (arrombamento),Residência,4,10,1,2023-11-14 00:38:00,DCA (Criança e Adolescente),Empoamento,False,False,0.1643
Furto de Energia Elétrica ou Termodinâmica,Terreno Baldio,11,25,1,2023-03-15 15:46:00,DEAM (Mulher),Luz forense/lanterna,False,False,0.1855
Abandono de Incapaz,Estabelecimento Comercial,0,19,1,2023-02-27 10:52:00,DRFC (Furtos),"Luz forense/lanterna, Macrofotografia, Empoamento",True,True,1.0
Veículo Localizado (furtado ou roubado),Pátio,4,44,0,2023-08-14 20:41:00,DRFC (Furtos),"Luz forense/lanterna, Macrofotografia, Empoamento",False,True,0.2998
Adulteração de Placa e/ou Lacre,Área Rural,0,80,2,2023-04-04 17:26:00,DCA (Criança e Adolescente),Luz forense/lanterna,True,False,0.26
Feto Encontrado,Hospital,0,43,2,2023-03-15 02:18:00,1ª DP,Luz forense/lanterna,False,False,0.7272
Extorsão,Terreno Baldio,1,9,0,2023-12-07 10:48:00,DHPP (Homicídios),"Empoamento, Luz forense/lanterna",True,False,0.5497
Local de Estupro e/ou Veículo Envolvido em Estupro,Terreno Baldio,0,74,2,2023-05-10 16:12:00,1ª DP,Luz forense/lanterna,True,False,0.8348
Receptação,Estabelecimento Comercial,0,19,2,2023-07-27 06:31:00,1ª DP,"Luz forense/lanterna, Empoamento, Macrofotografia",True,False,0.2932
Furto Qualificado (arrombamento),Pátio,4,5,0,2023-08-21 16:55:00,DEAM (Mulher),Macrofotografia,True,False,0.2511
Feminicídio,Via Pública,1,12,0,2023-05-13 15:05:00,DEAM (Mulher),"Empoamento, Luz forense/lanterna, Macrofotografia",True,true,0.9608
feminicídio,Residência,2,27,0,2023-05-16 22:26:00,3ª DP,Empoamento,True,True,0.9946
Marca em Animal,Pátio,0,5,0,2023-02-16 23:38:00,DCA (Criança e Adolescente),"Luz forense/lanterna, Empoamento",False,True,0.3007
  Receptação  ,Residência,0,31,1,2023-08-23 18:20:00,3ª DP,"Macrofotografia, Empoamento",False,True,0.269
Tentativa de Suicídio,Hospital,3,79,0,2023-04-28 13:07:00,1ª DP,Empoamento,True,False,0.3472
Furto em Interior de Veículo,Pátio,9,35,0,2023-03-11 05:04:00,DCA (Criança e Adolescente),"Macrofotografia, Luz forense/lanterna",False,False,0.1583
Roubo,Área Rural,2,15,4,2023-05-03 22:28:00,3ª DP,"Luz forense/lanterna, Macrofotografia",False,True,0.5286
Eletroplessão,Área Rural,0,7,1,2023-02-16 05:48:00,3ª DP,"Empoamento, Luz forense/lanterna, Macrofotografia",False,True,0.2885
Violação de Domicílio,Hospital,2,9,2,2023-07-30 06:42:00,DRFC (Furtos),"Macrofotografia, Luz forense/lanterna",True,False,0.2502
Veículo Localizado (furtado ou roubado),Via Pública,3,34,0,2023-01-25 09:11:00,3ª DP,"Empoamento, Macrofotografia, Luz forense/lanterna",False,False,0.168
Roubo,DP,7,12,0,2023-05-26 05:29:00,3ª DP,Empoamento,True,False,0.56
Lesão Corporal,Hospital,0,8,1,2023-01-07 16:11:00,DRFC (Furtos),"Empoamento, Luz forense/lanterna",True,True,0.6828
Roubo,Área Rural,2,6,0,2023-02-22 12:35:00,1ª DP,"Empoamento, Luz forense/lanterna, Macrofotografia",True,False,0.5527
Exercício Arbitrário das Próprias Razões,Terreno Baldio,3,29,1,2023-04-16 23:15:00,2ª DP,Empoamento,True,True,0.464
Incêndio (sem vítima),Terreno Baldio,7,29,0,2023-03-29 08:15:00,2ª DP,"Empoamento, Macrofotografia",True,True,0.4162
Explosão (com vítima),Pátio,0,29,0,2023-02-11 13:32:00,1ª DP,"Luz forense/lanterna, Macrofotografia, Empoamento",False,False,0.421
Furto de Energia Elétrica ou Termodinâmica,Via Pública,3,46,0,2023-09-01 14:20:00,DCA (Criança e Adolescente),"Luz forense/lanterna, Empoamento",False,False,0.1093
Infanticídio,Terreno Baldio,1,54,1,2023-09-07 19:03:00,2ª DP,"Luz forense/lanterna, Macrofotografia, Empoamento",False,False,0.7289
Tráfico de Entorpecentes,Área Rural,0,11,1,2023-01-15 22:45:00,DCA (Criança e Adolescente),"Macrofotografia, Empoamento, Luz forense/lanterna",False,True,0.2789
Violação de Sepultura,Área Rural,1,7,8,2023-03-17 12:21:00,DCA (Criança e Adolescente),"Empoamento, Luz forense/lanterna",True,False,0.3166
Maus Tratos de Animal,Residência,1,12,3,2023-10-13 01:35:00,1ª DP,Luz forense/lanterna,False,False,0.1954
Veículo Localizado (furtado ou roubado),Hospital,1,35,0,2023-10-25 01:13:00,1ª DP,"Macrofotografia, Empoamento",True,False,0.2751
Eletroplessão,Área Rural,0,30,5,2023-04-15 12:37:00,2ª DP,Luz forense/lanterna,True,False,0.3336
Explosão (sem vítima),Residência,1,23,0,2023-10-25 17:17:00,3ª DP,"Empoamento, Macrofotografia, Luz forense/lanterna",True,False,0.2597
Explosão (com vítima),DP,0,28,3,2023-07-28 13:14:00,3ª DP,Macrofotografia,True,False,0.5086
Exercício Arbitrário das Próprias Razões,Pátio,1,15,1,2023-10-18 14:19:00,DHPP (Homicídios),"Macrofotografia, Luz forense/lanterna, Empoamento",Nao,False,0.1042
Exercício Arbitrário das Próprias Razões,Terreno Baldio,1,7,,2023-05-02 15:23:00,2ª DP,"Luz forense/lanterna, Empoamento",True,False,0.339
Dano,Residência,7,24,2,2023-03-25 06:04:00,DEAM (Mulher),"Empoamento, Macrofotografia, Luz forense/lanterna",True,False,0.3322
Pichação,Residência,1,93,0,2023-11-24 23:37:00,DHPP (Homicídios),"Macrofotografia, Luz forense/lanterna, Empoamento",False,False,0.146
Furto em Interior de Veículo,Estabelecimento Comercial,2,23,2,2023-07-25 09:45:00,1ª DP,Luz forense/lanterna,True,False,0.3435
Dano,Estabelecimento Comercial,0,61,2,2023-02-17 10:46:00,DRFC (Furtos),"Luz forense/lanterna, Macrofotografia, Empoamento",False,False,0.1889
Disparo de Arma de Fogo,Residência,6,6,0,2023-03-15 12:26:00,DCA (Criança e Adolescente),"Empoamento, Macrofotografia, Luz forense/lanterna",True,True,0.6668
Furto em Interior de Veículo,DP,3,40,1,2023-10-29 02:07:00,3ª DP,"Empoamento, Macrofotografia",False,False,0.1311
Incêndio (com vítima),DP,1,95,0,2023-07-12 22:35:00,DCA (Criança e Adolescente),Empoamento,True,False,0.59
Violação de Domicílio,DP,1,25,0,2023-06-19 22:22:00,DHPP (Homicídios),"Luz forense/lanterna, Empoamento, Macrofotografia",True,False,0.3456
Furto de Energia Elétrica ou Termodinâmica,Pátio,,5,2,2023-04-22 00:15:00,1ª DP,"Empoamento, Macrofotografia",False,False,0.1827
Abandono de Incapaz,Residência,4,22,2,2023-01-21 07:34:00,DEAM (Mulher),Empoamento,False,True,0.8308
Suicídio,Residência,1,12,11,2023-08-22 01:07:00,2ª DP,"Empoamento, Macrofotografia, Luz forense/lanterna",False,False,0.128
Feto Encontrado,Hospital,1,37,2,2023-02-05 09:22:00,DRFC (Furtos),Empoamento,False,False,0.6692
Dano Seguido de Lesão Corporal,Área Rural,1,15,0,2023-01-30 21:44:00,1ª DP,Luz forense/lanterna,True,False,0.51
Maus Tratos de Animal,Via Pública,1,14,1,2023-11-23 23:00:00,1ª DP,"Macrofotografia, Empoamento, Luz forense/lanterna",True,true,0.3454
Furto de Energia Elétrica ou Termodinâmica,Terreno Baldio,4,23,0,2023-12-18 23:45:00,1ª DP,"Empoamento, Macrofotografia, Luz forense/lanterna",False,False,0.1162
Lesão Corporal,Estabelecimento Comercial,3,39,4,2023-01-09 17:44:00,DRFC (Furtos),"Macrofotografia, Luz forense/lanterna",True,True,0.7069
Morte Aparentemente Natural,Estabelecimento Comercial,6,32,0,2023-08-20 06:10:00,2ª DP,Luz forense/lanterna,False,True,0.3384
Violação de Sepultura,Via Pública,2,14,1,2023-02-04 20:44:00,1ª DP,"Empoamento, Macrofotografia, Luz forense/lanterna",True,True,0.4735
Maus Tratos de Animal,Pátio,3,24,1,2023-08-25 13:26:00,1ª DP,"Empoamento, Macrofotografia, Luz forense/lanterna",True,False,0.2502
Disparo de Arma de Fogo,Estabelecimento Comercial,0,9,0,2023-07-07 03:04:00,DEAM (Mulher),"Luz forense/lanterna, Macrofotografia, Empoamento",False,False,0.3543
Roubo,Via Pública,1,31,0,2023-09-25 05:18:00,DEAM (Mulher),"Empoamento, Luz forense/lanterna, Macrofotografia",True,False,0.5303
Incêndio (com vítima),DP,3,6,3,2023-06-10 08:33:00,3ª DP,"Macrofotografia, Luz forense/lanterna, Empoamento",False,False,0.3529
Dano,Residência,3,33,0,2023-01-24 21:13:00,DEAM (Mulher),"Macrofotografia, Luz forense/lanterna",False,True,0.3258
Latrocínio e/ou Tentativa de Latrocínio,Via Pública,4,56,0,2023-01-25 20:13:00,2ª DP,"Empoamento, Luz forense/lanterna",True,False,0.8858
Cadáver Encontrado,Residência,2,20,0,2023-03-24 04:16:00,DRFC (Furtos),"Macrofotografia, Empoamento, Luz forense/lanterna",True,True,0.4078
Exercício Arbitrário das Próprias Razões,PÁTIO,0,20,0,2023-05-13 02:58:00,1ª DP,"Luz forense/lanterna, Macrofotografia, Empoamento",True,False,0.3435
Marca em Animal,Estabelecimento Comercial,3,30,4,2023-01-03 06:49:00,DEAM (Mulher),"Macrofotografia, Luz forense/lanterna",False,False,0.1559
Dano,DP,15,5,1,2023-01-12 11:57:00,DHPP (Homicídios),"Empoamento, Luz forense/lanterna",True,True,0.4883
Suicídio,Hospital,1,6,7,2023-12-26 18:20:00,1ª DP,"Empoamento, Macrofotografia",False,False,0.1448
Disparo de Arma de Fogo,Estabelecimento Comercial,2,22,0,2023-01-02 07:35:00,1ª DP,"Macrofotografia, Empoamento, Luz forense/lanterna",False,False,0.351
Explosão (com vítima),Residência,3,43,1,2023-05-27 18:37:00,DRFC (Furtos),"Macrofotografia, Luz forense/lanterna",True,False,0.5836
Arremesso de Projétil,Terreno Baldio,6,7,0,2023-01-09 03:10:00,DHPP (Homicídios),"Luz forense/lanterna, Empoamento",False,False,0.1467
Furto em Interior de Veículo,DP,1,24,3,2023-05-12 16:23:00,DHPP (Homicídios),Macrofotografia,False,False,0.1183
Roubo Com Estupro,Residência,3,57,0,2023-10-25 06:17:00,2ª DP,"Macrofotografia, Luz forense/lanterna",Nao,False,0.8986
Abandono de Incapaz,Estabelecimento Comercial,4,8,0,2023-07-30 22:27:00,DRFC (Furtos),"Macrofotografia, Empoamento, Luz forense/lanterna",True,False,0.8863
Extorsão,Estabelecimento Comercial,4,24,0,2023-01-30 03:01:00,2ª DP,"Macrofotografia, Empoamento",True,False,0.5014
Receptação,Estabelecimento Comercial,4,27,0,2023-10-09 22:46:00,2ª DP,Luz forense/lanterna,False,False,0.1184
Dano,Via Pública,2,7,1,2023-03-02 11:07:00,DRFC (Furtos),Luz forense/lanterna,True,True,0.4968
Aborto,Estabelecimento Comercial,4,18,0,2023-05-22 15:50:00,DEAM (Mulher),Empoamento,False,True,0.2529
Local de Estupro e/ou Veículo Envolvido em Estupro,Hospital,1,17,1,2023-05-07 20:59:00,3ª DP,Empoamento,True,True,1.0
Exercício Arbitrário das Próprias Razões,Hospital,11,76,-8,2023-04-23 13:52:00,DCA (Criança e Adolescente),"Macrofotografia, Luz forense/lanterna, Empoamento",True,True,0.4547
Morte Aparentemente Natural,DP,1,29,-5,2023-02-20 08:28:00,DHPP (Homicídios),Luz forense/lanterna,False,True,0.3186
Furto Qualificado (arrombamento),Área Rural,3,23,2,2023-09-15 13:38:00,3ª DP,"Macrofotografia, Empoamento, Luz forense/lanterna",True,False,0.2536
Furto em Interior de Veículo,DP,0,8,0,2023-03-27 05:53:00,3ª DP,"Empoamento, Luz forense/lanterna, Macrofotografia",False,False,0.1353
Afogamento,Pátio,1,33,0,2023-05-12 02:35:00,DEAM (Mulher),Luz forense/lanterna,True,True,0.433
Incêndio (com vítima),Pátio,0,56,0,2023-10-15 17:12:00,3ª DP,Empoamento,False,False,0.419
Furto Qualificado (arrombamento),Terreno Baldio,8,6,1,2023-02-13 11:03:00,2ª DP,"Luz forense/lanterna, Empoamento, Macrofotografia",False,False,0.1046
Disparo de Arma de Fogo,DP,1,35,0,,DHPP (Homicídios),"Macrofotografia, Luz forense/lanterna",True,False,0.5885
Adulteração de Placa e/ou Lacre,Hospital,3,6,2,2023-10-15 09:40:00,3ª DP,"Macrofotografia, Empoamento",True,True,0.4884
Feto Encontrado,DP,1,13,2,2023-06-04 23:39:00,1ª DP,Macrofotografia,True,False,0.8235
Pichação,DP,4,46,0,2023-01-14 20:23:00,DCA (Criança e Adolescente),"Empoamento, Macrofotografia",True,True,0.4953
Estelionato,Hospital,1,12,0,2023-03-06 23:41:00,2ª DP,Macrofotografia,True,False,0.3196
Marca em Animal,Estabelecimento Comercial,1,18,0,2023-09-15 16:18:00,DRFC (Furtos),"Macrofotografia, Luz forense/lanterna, Empoamento",True,False,0.2767
Maus Tratos de Animal,Via Pública,2,68,1,2023-07-27 13:37:00,3ª DP,Empoamento,False,False,0.1822
Abandono de Incapaz,Hospital,9,76,3,2023-02-01 02:55:00,DRFC (Furtos),Macrofotografia,False,False,0.7426
Lesão Corporal,Via Pública,0,6,1,2023-01-19 05:28:00,3ª DP,"Macrofotografia, Luz forense/lanterna, Empoamento",True,False,0.5851
Suicídio,Terreno Baldio,0,5,3,2023-04-04 20:42:00,DCA (Criança e Adolescente),Luz forense/lanterna,False,True,0.3146
Feminicídio,Residência,-9,14,1,2023-11-01 16:26:00,DCA (Criança e Adolescente),Luz forense/lanterna,True,False,0.808
Violação de Domicílio,Via Pública,0,6,2,2023-01-05 10:26:00,DRFC (Furtos),Luz forense/lanterna,False,True,0.2869
Furto,Hospital,3,18,4,2024-01-01 04:41:00,DEAM (Mulher),"Macrofotografia, Luz forense/lanterna, Empoamento",False,False,0.1493
Abandono de Incapaz,Área Rural,9,13,2,2023-12-17 05:14:00,DRFC (Furtos),Luz forense/lanterna,True,False,0.8387
Adulteração de Placa e/ou Lacre,Área Rural,4,82,1,2023-08-05 10:44:00,DHPP (Homicídios),Macrofotografia,False,False,0.1955
Feto Encontrado,Terreno Baldio,1,6,1,2023-04-18 05:11:00,1ª DP,Macrofotografia,False,False,0.6552
Incêndio (sem vítima),Hospital,1,42,4,2023-01-05 12:15:00,DRFC (Furtos),Luz forense/lanterna,True,True,0.4116
Latrocínio e/ou Tentativa de Latrocínio,Área Rural,5,42,0,2023-02-28 03:06:00,DEAM (Mulher),"Macrofotografia, Empoamento, Luz forense/lanterna",False,False,0.7384
Lesão_Corporal,Pátio,1,25,5,2023-10-01 11:22:00,3ª DP,Empoamento,True,False,0.5449
Dano,DP,1,24,1,2023-10-25 04:47:00,DCA (Criança e Adolescente),"Luz forense/lanterna, Empoamento, Macrofotografia",False,True,0.289
Incêndio (sem vítima),Residência,2,66,4,2023-08-27 16:33:00,DRFC (Furtos),Empoamento,False,True,0.2935
Disparo de Arma de Fogo,Estabelecimento Comercial,0,61,0,2023-05-05 12:03:00,DEAM (Mulher),Empoamento,True,True,0.6618
Receptação,Via Pública,5,12,1,2023-08-30 12:51:00,DCA (Criança e Adolescente),"Empoamento, Macrofotografia",False,False,0.1394
Lesão Corporal,DP,3,19,5,2023-07-24 01:49:00,DEAM (Mulher),Luz forense/lanterna,True,False,0.5069
Incêndio (sem vítima),Terreno Baldio,3,26,3,2023-10-26 03:29:00,DRFC (Furtos),"Macrofotografia, Empoamento",True,True,0.4655
Homicídio,Estabelecimento Comercial,14,20,0,2023-02-11 06:19:00,2ª DP,"Macrofotografia, Empoamento, Luz forense/lanterna",False,False,0.6547
Feminicídio,Hospital,6,11,0,2023-03-19 04:46:00,DCA (Criança e Adolescente),"Empoamento, Macrofotografia, Luz forense/lanterna",True,False,0.8513
Eletroplessão,Pátio,6,25,2,2023-08-09 10:56:00,DRFC (Furtos),"Luz forense/lanterna, Macrofotografia",False,False,0.1202
Dano Seguido de Lesão Corporal,Via Pública,0,42,4,2023-03-28 22:56:00,2ª DP,"Empoamento, Luz forense/lanterna, Macrofotografia",True,True,0.7418
Ameaça,Via Pública,1,23,1,2023-02-25 11:28:00,2ª DP,Macrofotografia,True,False,0.3249
Cadáver Encontrado,Via Pública,0,6,2,2023-06-01 03:10:00,DCA (Criança e Adolescente),"Macrofotografia, Luz forense/lanterna, Empoamento",True,False,0.3498
Roubo,DP,2,21,1,2023-09-06 18:55:00,DCA (Criança e Adolescente),"Macrofotografia, Luz forense/lanterna, Empoamento",False,False,0.4026
Incêndio (com vítima),Pátio,4,27,0,31/02/2023 25:00:00,3ª DP,"Empoamento, Luz forense/lanterna",True,False,0.5012
Veículo Localizado (furtado ou roubado),Hospital,0,28,1,2023-09-18 14:25:00,DRFC (Furtos),"Luz forense/lanterna, Macrofotografia",False,True,0.254
Latrocínio e/ou Tentativa de Latrocínio,DP,0,25,0,2023-01-02 07:24:00,1ª DP,"Luz forense/lanterna, Empoamento",True,True,1.0
Abandono de Incapaz,DP,0,18,0,2023-12-01 18:39:00,1ª DP,Empoamento,True,False,0.8768
Tentativa de Homicídio,Terreno Baldio,1,37,1,2023-03-30 05:27:00,DHPP (Homicídios),Empoamento,False,True,0.8689
Latrocínio e/ou Tentativa de Latrocínio,Estabelecimento Comercial,1,73,1,2023-06-18 21:59:00,1ª DP,"Macrofotografia, Luz forense/lanterna",True,False,0.8737
Exercício Arbitrário das Próprias Razões,Pátio,1,5,2,2023-01-08 00:43:00,3ª DP,"Empoamento, Macrofotografia, Luz forense/lanterna",True,True,0.4813
Furto d'água,Residência,3,9,0,2023-01-10 22:45:00,DHPP (Homicídios),"Luz forense/lanterna, Macrofotografia, Empoamento",True,False,0.2689
Aborto,Terreno Baldio,0,61,0,2023-02-13 10:52:00,3ª DP,"Empoamento, Luz forense/lanterna, Macrofotografia",False,False,0.1278
Latrocínio e/ou Tentativa de Latrocínio,Via Pública,1,74,1,2023-10-02 17:15:00,DEAM (Mulher),"Macrofotografia, Empoamento, Luz forense/lanterna",True,True,0.9756
Latrocínio e/ou Tentativa de Latrocínio,Hospital,5,48,1,2023-10-04 09:28:00,2ª DP,"Empoamento, Macrofotografia, Luz forense/lanterna",True,True,1.0
Dano Seguido de Lesão Corporal,DP,3,28,0,2023-04-28 23:48:00,1ª DP,"Luz forense/lanterna, Empoamento",False,False,0.3727
Local de Estupro e/ou Veículo Envolvido em Estupro,Área Rural,2,8,3,2023-01-15 12:10:00,3ª DP,Luz forense/lanterna,True,True,1.0
Tentativa de Suicídio,Via Pública,8,23,0,2023-04-15 23:58:00,2ª DP,"Empoamento, Macrofotografia",True,True,0.443
Furto d'água,DP,2,32,3,2023-05-24 14:53:00,2ª DP,Luz forense/lanterna,False,True,0.3017
Extorsão,Residência,1,13,1,2023-05-22 20:48:00,DHPP (Homicídios),Luz forense/lanterna,False,False,0.355
Eletroplessão,Hospital,0,12,1,2023-06-18 05:12:00,2ª DP,"Empoamento, Macrofotografia",True,False,0.3182
Tráfico de Entorpecentes,Hospital,0,5,0,2023-02-09 04:16:00,3ª DP,"Macrofotografia, Empoamento",False,True,0.2828
Homicídio,Via Pública,0,27,2,2023-11-06 10:37:00,1ª DP,Luz forense/lanterna,False,False,0.691
Adulteração de Placa e/ou Lacre,Via Pública,1,7,0,2023-03-14 08:12:00,DHPP (Homicídios),"Macrofotografia, Luz forense/lanterna, Empoamento",True,False,0.2967
Tráfico de Entorpecentes,Hospital,4,41,1,2023-04-04 03:45:00,DEAM (Mulher),Luz forense/lanterna,False,False,0.1725
Furto d'água,Hospital,0,7,0,2023-04-04 05:22:00,3ª DP,"Macrofotografia, Empoamento, Luz forense/lanterna",False,,0.1951
Suicídio,Via Pública,10,31,2,2023-02-23 13:46:00,DHPP (Homicídios),Empoamento,False,True,0.3456
Dano,Estabelecimento Comercial,6,8,0,2023-11-29 20:53:00,1ª DP,Macrofotografia,False,True,0.2774
Local de Estupro e/ou Veículo Envolvido em Estupro,Área Rural,4,9,0,2023-07-27 15:23:00,DHPP (Homicídios),"Empoamento, Luz forense/lanterna",True,False,0.8689
Ameaça,Terreno Baldio,3,8,0,2023-12-02 04:12:00,DHPP (Homicídios),Luz forense/lanterna,True,False,0.2895
Abandono de Incapaz,Terreno Baldio,0,7,0,2023-08-31 14:26:00,3ª DP,"Macrofotografia, Luz forense/lanterna, Empoamento",False,True,0.8572
Aborto,DP,1,54,0,2023-03-25 11:52:00,DCA (Criança e Adolescente),Luz forense/lanterna,False,True,0.3199
Suicídio,DP,3,9,1,2023-08-20 21:22:00,DHPP (Homicídios),"Empoamento, Luz forense/lanterna",False,True,0.2593
Exercício Arbitrário das Próprias Razões,Residência,999999,43,2,2023-09-25 20:20:00,DRFC (Furtos),"Macrofotografia, Luz forense/lanterna, Empoamento",True,False,0.3415
Desmanche de Veículos,Pátio,2,7,1,2023-04-11 21:04:00,1ª DP,Empoamento,False,False,0.1653
Ameaça,Via Pública,1,29,0,2023-02-17 10:01:00,DHPP (Homicídios),Luz forense/lanterna,True,False,0.3359
Local de Estupro e/ou Veículo Envolvido em Estupro,Pátio,0,56,0,2023-07-06 09:45:00,DCA (Criança e Adolescente),"Macrofotografia, Luz forense/lanterna, Empoamento",True,True,1.0
Dano,Hospital,5,88,0,2023-07-09 22:31:00,DRFC (Furtos),"Empoamento, Macrofotografia",True,False,0.3053
Lesão Corporal,Hospital,2,6,2,2023-01-27 14:40:00,DEAM (Mulher),"Macrofotografia, Empoamento",False,False,0.4016
Roubo Com Estupro,Via Pública,1,13,3,2023-12-12 22:58:00,DCA (Criança e Adolescente),"Luz forense/lanterna, Macrofotografia, Empoamento",True,True,0.9868
Veículo Localizado (furtado ou roubado),Terreno Baldio,3,18,0,2023-03-23 05:40:00,2ª DP,Empoamento,False,True,0.2737
Furto d'água,Hospital,9,6,5,31/02/2023 25:00:00,DHPP (Homicídios),"Empoamento, Macrofotografia, Luz forense/lanterna",True,False,0.348
Lesão Corporal,Estabelecimento Comercial,1,19,0,2023-03-29 20:32:00,2ª DP,Macrofotografia,True,True,0.7441
Furto,Residência,2,27,3,2023-01-30 07:04:00,DCA (Criança e Adolescente),"Empoamento, Macrofotografia",False,False,0.1685
Desmanche de Veículos,Estabelecimento Comercial,1,57,2,2023-03-12 00:48:00,DRFC (Furtos),"Luz forense/lanterna, Empoamento, Macrofotografia",True,False,0.3304
Feto Encontrado,Área Rural,2,13,3,2023-07-06 05:46:00,DRFC (Furtos),"Macrofotografia, Luz forense/lanterna, Empoamento",False,False,0.7036
Furto,DP,0,9,3,2023-01-29 08:14:00,DEAM (Mulher),"Luz forense/lanterna, Empoamento",False,False,0.154
Estelionato,Residência,0,25,0,2023-09-17 05:20:00,1ª DP,Luz forense/lanterna,True,False,0.2974
Furto Qualificado (arrombamento),Estabelecimento Comercial,0,5,1,2023-10-04 08:49:00,1ª DP,"Macrofotografia, Empoamento, Luz forense/lanterna",True,True,0.4864
Furto de Energia Elétrica ou Termodinâmica,Hospital,0,29,1,2023-07-02 04:46:00,DRFC (Furtos),"Macrofotografia, Empoamento",True,True,0.4254
Eletroplessão,Terreno Baldio,0,9,0,2023-03-25 21:47:00,DCA (Criança e Adolescente),Luz forense/lanterna,True,False,0.2923
Feminicídio,DP,0,26,0,2023-12-06 21:56:00,DRFC (Furtos),"Luz forense/lanterna, Macrofotografia, Empoamento",True,False,0.873
Abandono de Incapaz,Área Rural,0,9,11,2023-12-24 21:05:00,2ª DP,"Luz forense/lanterna, Empoamento, Macrofotografia",True,False,0.8161
Desmanche de Veículos,Hospital,0,6,0,2023-11-17 10:47:00,DCA (Criança e Adolescente),Macrofotografia,True,True,0.427
Infanticídio,Estabelecimento Comercial,1,13,0,2023-09-05 21:58:00,2ª DP,Luz forense/lanterna,False,False,0.6542
Explosão (com vítima),Terreno Baldio,0,30,0,2023-10-08 06:01:00,DRFC (Furtos),"Macrofotografia, Empoamento",False,False,0.3624
Receptação,Pátio,0,6,1,2023-10-22 04:45:00,DRFC (Furtos),Macrofotografia,False,True,0.3494
VEÍCULO LOCALIZADO (FURTADO OU ROUBADO),Área Rural,1,25,1,2023-04-11 01:17:00,DCA (Criança e Adolescente),Luz forense/lanterna,False,True,0.2768
Violação de Sepultura,Terreno Baldio,2,5,0,2023-11-28 23:19:00,3ª DP,"Luz forense/lanterna, Macrofotografia",False,True,0.3148
Marca em Animal,Residência,6,8,0,2023-05-13 09:38:00,1ª DP,Empoamento,False,False,0.1921
  Suicídio  ,Via Pública,3,15,3,2023-03-06 01:42:00,DEAM (Mulher),Macrofotografia,True,True,0.474
Desmanche de Veículos,Terreno Baldio,1,9,1,2023-10-30 09:46:00,DHPP (Homicídios),Macrofotografia,True,False,0.3405
Furto em Interior de Veículo,Área Rural,2,56,0,2023-10-30 12:48:00,3ª DP,"Empoamento, Luz forense/lanterna",True,False,0.3458
Feminicídio,Terreno Baldio,1,18,0,2023-02-15 21:35:00,DEAM (Mulher),Empoamento,True,False,0.8365
Dano Seguido de Lesão Corporal,Estabelecimento Comercial,2,25,0,2023-06-07 12:02:00,1ª DP,Macrofotografia,True,False,0.5421
Receptação,Terreno Baldio,2,34,N/A,2023-10-04 00:34:00,DEAM (Mulher),"Macrofotografia, Luz forense/lanterna, Empoamento",True,False,0.2885
Furto em Interior de Veículo,Terreno Baldio,5,33,1,2023-05-07 12:29:00,DRFC (Furtos),"Luz forense/lanterna, Empoamento, Macrofotografia",true,True,0.28
Desmanche de Veículos,Terreno Baldio,,24,0,2023-05-13 15:11:00,DHPP (Homicídios),"Luz forense/lanterna, Macrofotografia",True,True,0.4695
Receptação,DP,1,29,0,2023-04-13 00:33:00,DRFC (Furtos),"Empoamento, Macrofotografia",True,False,0.2595
Latrocínio e/ou Tentativa de Latrocínio,Área Rural,0,43,,2023-03-18 22:38:00,DCA (Criança e Adolescente),Empoamento,True,False,0.8791
Furto de Energia Elétrica ou Termodinâmica,Hospital,2,25,0,2023-01-20 07:12:00,3ª DP,"Empoamento, Macrofotografia, Luz forense/lanterna",False,True,0.3103
Violação de Sepultura,Pátio,9,11,2,2023-09-12 20:14:00,DEAM (Mulher),"Luz forense/lanterna, Macrofotografia",True,True,0.4421
Tentativa de Suicídio,Área Rural,9,11,2,2023-05-07 10:34:00,DHPP (Homicídios),Macrofotografia,True,True,0.4717
Exercício Arbitrário das Próprias Razões,Estabelecimento Comercial,0,23,0,2023-02-12 00:40:00,3ª DP,"Empoamento, Luz forense/lanterna, Macrofotografia",True,False,0.3099
Furto em Interior de Veículo,Pátio,1,13,0,2023-11-17 15:49:00,3ª DP,Luz forense/lanterna,True,True,0.463
Lesão Corporal,Via Pública,4,5,4,2023-02-15 11:45:00,DHPP (Homicídios),"Macrofotografia, Empoamento, Luz forense/lanterna",True,False,0.5942
Aborto,DP,0,28,0,2023-03-24 20:23:00,DHPP (Homicídios),Macrofotografia,False,True,0.3073
Feto Encontrado,Área Rural,0,16,3,2023-10-17 23:43:00,2ª DP,"Luz forense/lanterna, Macrofotografia, Empoamento",False,False,0.65
Local de Estupro e/ou Veículo Envolvido em Estupro,Terreno Baldio,3,9,0,2023-06-26 19:06:00,1ª DP,Empoamento,True,True,0.9619
Tentativa de Suicídio,Via Pública,0,7,3,2023-05-16 17:16:00,2ª DP,"Macrofotografia, Empoamento",False,False,0.1624
Dano Seguido de Lesão Corporal,Área Rural,0,25,1,2023-08-03 01:13:00,DCA (Criança e Adolescente),Luz forense/lanterna,True,False,0.5236
Incêndio (sem vítima),Pátio,1,38,0,2023-09-20 05:17:00,2ª DP,"Macrofotografia, Empoamento",True,False,0.316
Furto d'água,Área Rural,2,38,0,2023-07-26 23:37:00,3ª DP,Empoamento,False,true,0.1016
Furto d'água,Hospital,5,19,0,2023-12-08 14:23:00,DCA (Criança e Adolescente),Macrofotografia,True,False,0.269
Estelionato,Hospital,2,17,1,2023-09-09 18:34:00,2ª DP,Luz forense/lanterna,False,False,0.1861
Violação de Sepultura,Terreno Baldio,8,6,0,2023-08-26 11:13:00,DHPP (Homicídios),"Luz forense/lanterna, Empoamento",False,False,0.1339
Tráfico de Entorpecentes,Via Pública,4,9,0,2023-01-06 08:02:00,DEAM (Mulher),Luz forense/lanterna,True,True,0.4584
Dano,Terreno Baldio,6,13,0,2023-04-18 13:26:00,DHPP (Homicídios),"Luz forense/lanterna, Macrofotografia, Empoamento",False,True,0.3409
Local de Estupro e/ou Veículo Envolvido em Estupro,Via Pública,2,39,4,2023-09-28 11:39:00,1ª DP,"Empoamento, Macrofotografia",True,False,0.883
Violação de Sepultura,DP,2,41,2,2023-08-31 23:46:00,DRFC (Furtos),"Empoamento, Macrofotografia",False,False,0.1994
Cadáver Encontrado,Área Rural,4,8,0,2023-12-26 03:03:00,DEAM (Mulher),"Luz forense/lanterna, Macrofotografia, Empoamento",False,False,0.1923
Incêndio (com vítima),DP,1,18,5,2023-01-19 08:39:00,1ª DP,"Macrofotografia, Luz forense/lanterna, Empoamento",False,False,0.4432
Incêndio (sem vítima),Residência,1,85,2,2023-03-18 08:55:00,1ª DP,"Macrofotografia, Empoamento, Luz forense/lanterna",True,False,0.2736
Abandono de Incapaz,Pátio,0,36,0,2023-04-26 04:02:00,3ª DP,"Macrofotografia, Luz forense/lanterna, Empoamento",False,True,0.8453
Ameaça,Pátio,2,10,1,2023-04-10 14:33:00,DHPP (Homicídios),Empoamento,True,True,0.4966
Eletroplessão,Pátio,4,22,0,2023-12-27 08:44:00,DHPP (Homicídios),"Empoamento, Macrofotografia",True,False,0.2651
Exercício Arbitrário das Próprias Razões,Via Pública,1,18,2,2023-06-16 15:18:00,DHPP (Homicídios),Macrofotografia,True,True,0.4693
Furto,Estabelecimento Comercial,0,49,0,2023-07-19 23:24:00,1ª DP,Macrofotografia,False,True,0.2824
Incêndio (sem vítima),Terreno Baldio,0,55,0,2023-10-25 05:06:00,DRFC (Furtos),"Empoamento, Luz forense/lanterna, Macrofotografia",False,True,0.3064
Homicídio,DP,8,42,0,2023-08-12 12:05:00,3ª DP,"Luz forense/lanterna, Empoamento, Macrofotografia",False,False,0.7096
Tentativa de Homicídio,DP,5,36,0,2023-09-14 17:47:00,2ª DP,"Empoamento, Luz forense/lanterna",False,True,0.8451
Incêndio (com vítima),Estabelecimento Comercial,8,13,1,2023-06-12 20:49:00,DRFC (Furtos),"Macrofotografia, Luz forense/lanterna, Empoamento",True,False,0.5917
Receptação,Hospital,1,5,4,2023-05-10 13:37:00,DCA (Criança e Adolescente),"Luz forense/lanterna, Macrofotografia, Empoamento",True,False,0.3431
Furto d'água,Hospital,8,10,3,2023-03-21 10:52:00,DCA (Criança e Adolescente),"Luz forense/lanterna, Macrofotografia, Empoamento",True,False,0.2856
Roubo,Estabelecimento Comercial,4,6,5,2023-05-18 06:38:00,DEAM (Mulher),Empoamento,True,False,0.5003
Feto Encontrado,Via Pública,1,21,0,2023-12-14 10:57:00,DEAM (Mulher),"Luz forense/lanterna, Macrofotografia, Empoamento",True,False,0.8117
Feto Encontrado,Hospital,2,37,1,2023-09-01 19:32:00,DCA (Criança e Adolescente),"Macrofotografia, Luz forense/lanterna",False,False,0.6689
Latrocínio e/ou Tentativa de Latrocínio,Via Pública,1,14,0,2023-12-02 05:43:00,3ª DP,"Macrofotografia, Empoamento",True,False,0.8357
Infanticídio,Residência,7,13,3,2023-03-30 09:41:00,DCA (Criança e Adolescente),Empoamento,True,False,0.8645
Adulteração de Placa e/ou Lacre,Residência,5,48,4,2023-09-28 17:38:00,DEAM (Mulher),"Macrofotografia, Luz forense/lanterna",True,True,0.4841
Tentativa de Suicídio,Estabelecimento Comercial,2,16,2,2023-02-05 12:47:00,2ª DP,"Macrofotografia, Luz forense/lanterna",False,False,0.1317
Furto d'água,Estabelecimento Comercial,3,16,1,2023-11-12 03:55:00,2ª DP,Empoamento,True,False,0.2968
Violação de Domicílio,Área Rural,1,16,1,2023-09-26 21:13:00,DHPP (Homicídios),"Macrofotografia, Empoamento",False,True,0.3137
Ossada Encontrada,Estabelecimento Comercial,0,34,3,2023-01-31 08:21:00,2ª DP,Empoamento,True,False,0.329
Feto Encontrado,Hospital,6,26,0,2023-04-23 03:00:00,2ª DP,Empoamento,False,False,0.7132
Receptação,DP,3,39,0,2023-08-22 20:07:00,1ª DP,"Empoamento, Macrofotografia, Luz forense/lanterna",False,False,0.1077
Homicídio,Terreno Baldio,3,10,2,2023-02-16 06:32:00,1ª DP,"Luz forense/lanterna, Macrofotografia, Empoamento",True,True,0.9912
Latrocínio e/ou Tentativa de Latrocínio,Terreno Baldio,2,8,0,2023-06-10 18:26:00,2ª DP,"Luz forense/lanterna, Empoamento, Macrofotografia",True,False,0.8707
Violação de Domicílio,DP,3,19,2,2023-08-09 00:21:00,DRFC (Furtos),"Empoamento, Macrofotografia, Luz forense/lanterna",True,False,0.3031
Dano,Pátio,0,23,0,2023-03-26 18:37:00,3ª DP,"Macrofotografia, Empoamento",False,False,0.169
Exercício Arbitrário das Próprias Razões,Terreno Baldio,0,6,0,2023-06-12 22:08:00,1ª DP,"Macrofotografia, Luz forense/lanterna, Empoamento",True,True,0.4161
Furto d'água,  Residência  ,1,12,2,2023-11-04 23:49:00,DCA (Criança e Adolescente),"Luz forense/lanterna, Empoamento",False,True,0.2524
Roubo,Via Pública,0,20,1,2023-04-14 13:12:00,2ª DP,"Luz forense/lanterna, Empoamento",True,False,0.5921
Veículo Localizado (furtado ou roubado),Hospital,1,10,0,2023-04-09 07:33:00,DEAM (Mulher),"Macrofotografia, Empoamento, Luz forense/lanterna",False,False,0.119
Violação de Domicílio,Área Rural,4,N/A,1,2023-12-16 01:55:00,DEAM (Mulher),Macrofotografia,False,True,0.3203
Roubo,Pátio,0,34,0,2023-06-16 02:15:00,DCA (Criança e Adolescente),"Luz forense/lanterna, Macrofotografia, Empoamento",True,False,0.5295
Feminicídio,Hospital,2,16,3,2023-02-28 04:23:00,DHPP (Homicídios),"Macrofotografia, Empoamento",True,False,0.8669
Adulteração de Placa e/ou Lacre,DP,5,81,1,2023-01-14 05:32:00,1ª DP,"Empoamento, Macrofotografia",False,True,0.3234
Local de Estupro e/ou Veículo Envolvido em Estupro,Terreno Baldio,3,16,0,2023-10-22 21:17:00,DHPP (Homicídios),"Empoamento, Macrofotografia, Luz forense/lanterna",True,False,0.8041
Adulteração de Placa e/ou Lacre,Estabelecimento Comercial,2,32,1,2023-06-16 22:56:00,DEAM (Mulher),"Luz forense/lanterna, Macrofotografia, Empoamento",False,True,0.2849
Dano,Via Pública,3,30,3,2023-06-07 15:41:00,DHPP (Homicídios),"Luz forense/lanterna, Macrofotografia",False,False,0.1002
Tentativa de Homicídio,Hospital,0,9,1,2023-04-28 12:57:00,DHPP (Homicídios),"Empoamento, Luz forense/lanterna, Macrofotografia",True,False,0.8285
Tentativa de Homicídio,Pátio,3,15,1,2023-05-02 06:15:00,DRFC (Furtos),"Empoamento, Macrofotografia",True,False,0.8824
Explosão (sem vítima),Terreno Baldio,1,13,2,2023-01-14 12:24:00,DHPP (Homicídios),"Macrofotografia, Luz forense/lanterna",True,False,0.2641
Estelionato,Terreno Baldio,3,13,1,2023-10-13 20:45:00,DEAM (Mulher),"Empoamento, Luz forense/lanterna, Macrofotografia",True,False,0.3007
Dano,Área Rural,1,19,2,2023-08-03 20:22:00,DEAM (Mulher),"Empoamento, Macrofotografia, Luz forense/lanterna",False,True,0.2967
Marca em Animal,Estabelecimento Comercial,1,13,0,2023-01-19 13:55:00,2ª DP,"Macrofotografia, Empoamento",True,False,0.3131
Feto Encontrado,DP,4,12,2,2023-03-02 00:17:00,2ª DP,"Macrofotografia, Empoamento, Luz forense/lanterna",False,False,0.7481
Violação de Sepultura,Estabelecimento Comercial,0,8,1,2023-01-10 13:31:00,DRFC (Furtos),"Empoamento, Luz forense/lanterna, Macrofotografia",True,False,0.2601
Adulteração de Placa e/ou Lacre,Via Pública,0,10,1,2023-09-16 06:38:00,DHPP (Homicídios),"Luz forense/lanterna, Macrofotografia",False,False,0.1662
Local de Estupro e/ou Veículo Envolvido em Estupro,Estabelecimento Comercial,1,13,2,2023-08-23 09:12:00,DEAM (Mulher),"Empoamento, Luz forense/lanterna",False,False,0.7498
Local de Estupro e/ou Veículo Envolvido em Estupro,Área Rural,1,24,1,2023-03-17 20:31:00,DRFC (Furtos),Luz forense/lanterna,True,False,0.8221
Cadáver Encontrado,Terreno Baldio,3,6,0,2023-05-31 15:29:00,1ª DP,"Empoamento, Luz forense/lanterna, Macrofotografia",True,True,0.4345
Furto de Energia Elétrica ou Termodinâmica,Residência,0,22,1,2023-08-14 16:25:00,DHPP (Homicídios),"Luz forense/lanterna, Macrofotografia",True,False,0.2953
Adulteração de Placa e/ou Lacre,Pátio,3,20,3,2023-06-11 10:00:00,1ª DP,"Macrofotografia, Luz forense/lanterna",False,False,0.1649
Afogamento,Hospital,1,8,4,2023-01-15 01:54:00,1ª DP,Empoamento,True,True,0.4097
Estelionato,Área Rural,2,17,0,2023-11-15 16:31:00,DEAM (Mulher),Empoamento,True,True,0.4168
Incêndio (sem vítima),Hospital,0,7,3,2024-01-01 18:57:00,DRFC (Furtos),"Empoamento, Macrofotografia, Luz forense/lanterna",False,True,0.3117
Roubo,DP,4,41,0,2023-11-04 16:22:00,DCA (Criança e Adolescente),"Luz forense/lanterna, Empoamento",True,False,0.5961
Furto,Residência,0,10,0,2023-06-06 05:39:00,DCA (Criança e Adolescente),"Macrofotografia, Luz forense/lanterna, Empoamento",False,True,0.3059
Maus Tratos de Animal,Área Rural,2,13,0,2023-01-19 03:00:00,DCA (Criança e Adolescente),Luz forense/lanterna,True,False,0.3307
Dano,Área Rural,4,9,0,2023-11-23 10:25:00,DEAM (Mulher),"Macrofotografia, Luz forense/lanterna, Empoamento",False,False,0.1803
Homicídio,Pátio,1,13,0,2023-12-19 21:27:00,3ª DP,"Luz forense/lanterna, Macrofotografia, Empoamento",True,False,0.8964
Afogamento,DP,1,49,0,2023-07-15 23:01:00,DHPP (Homicídios),"Empoamento, Luz forense/lanterna, Macrofotografia",False,True,0.276
Estelionato,Pátio,0,30,1,2023-12-22 17:19:00,1ª DP,,True,False,0.3147
Desmanche de Veículos,Área Rural,2,90,3,2023-05-15 07:48:00,  1ª DP  ,"Empoamento, Luz forense/lanterna, Macrofotografia",True,True,0.4522
Desmanche de Veículos,Área Rural,2,7,2,2023-09-06 10:46:00,DCA (Criança e Adolescente),"Empoamento, Macrofotografia",True,False,0.2908
Maus Tratos de Animal,Hospital,7,40,5,2023-03-10 17:42:00,2ª DP,"Empoamento, Macrofotografia",True,False,0.3022
Furto em Interior de Veículo,Terreno Baldio,1,10,10,2023-10-24 06:50:00,1ª DP,"Luz forense/lanterna, Empoamento, Macrofotografia",True,False,0.2924
Morte Aparentemente Natural,Pátio,5,8,2,2023-03-16 00:50:00,DEAM (Mulher),Luz forense/lanterna,True,False,0.3486
Extorsão,Estabelecimento Comercial,1,11,0,2023-09-13 00:20:00,1ª DP,"Empoamento, Macrofotografia, Luz forense/lanterna",False,False,0.418
Furto em Interior de Veículo,Terreno Baldio,1,46,9,2023-01-25 08:48:00,3ª DP,"Luz forense/lanterna, Macrofotografia",True,False,0.3384
Latrocínio e/ou Tentativa de Latrocínio,DP,17,19,2,2023-05-31 04:36:00,2ª DP,Macrofotografia,True,False,0.8727
Ameaça,Área Rural,5,19,3,2023-09-19 21:21:00,DEAM (Mulher),Macrofotografia,False,False,0.1961
Ossada Encontrada,Área Rural,5,18,2,2023-06-04 01:50:00,2ª DP,"Empoamento, Luz forense/lanterna, Macrofotografia",False,False,0.1832
Dano Seguido de Lesão Corporal,Residência,0,31,0,2023-08-13 01:11:00,DRFC (Furtos),"Empoamento, Luz forense/lanterna",False,True,0.5076
Marca em Animal,Área Rural,2,11,1,2023-03-24 13:27:00,1ª DP,"Macrofotografia, Luz forense/lanterna",False,True,0.3059
Desmanche de Veículos,Terreno Baldio,1,17,1,2023-01-07 16:34:00,3ª DP,Luz forense/lanterna,False,False,0.1044
Aborto,Hospital,5,58,0,2023-01-13 13:27:00,2ª DP,Empoamento,,True,0.2555
Explosão (sem vítima),Via Pública,0,12,0,2023-08-23 20:18:00,2ª DP,"Macrofotografia, Empoamento",True,False,0.3293
Pichação,Pátio,3,70,2,2023-04-19 20:17:00,3ª DP,Luz forense/lanterna,True,False,0.3368
Abandono de Incapaz,Terreno Baldio,0,8,4,2023-01-27 05:57:00,3ª DP,Empoamento,False,True,0.885
Pichação,Pátio,1,40,3,2023-10-07 02:35:00,DRFC (Furtos),Macrofotografia,True,True,0.4963
Maus Tratos de Animal,Área Rural,17,36,1,2023-08-06 06:54:00,DHPP (Homicídios),Empoamento,True,False,0.3081
Suicídio,Terreno Baldio,0,20,2,2023-07-12 05:26:00,1ª DP,"Empoamento, Luz forense/lanterna",False,False,0.1687
Veículo Localizado (furtado ou roubado),Residência,5,52,4,2023-09-16 04:40:00,DEAM (Mulher),"Luz forense/lanterna, Macrofotografia",True,False,0.2825
Roubo,Estabelecimento Comercial,3,17,3,2023-03-24 16:00:00,DCA (Criança e Adolescente),Macrofotografia,False,False,0.3508
Tentativa de Suicídio,Área Rural,10,59,1,2023-04-06 23:39:00,DCA (Criança e Adolescente),"Macrofotografia, Luz forense/lanterna, Empoamento",True,False,0.3108
Lesão Corporal,Residência,2,31,0,2023-06-09 20:41:00,DRFC (Furtos),Macrofotografia,True,True,0.6629
Furto de Energia Elétrica ou Termodinâmica,Pátio,7,11,0,2023-04-14 04:37:00,1ª DP,"Macrofotografia, Empoamento, Luz forense/lanterna",True,False,0.3333
Dano,Área Rural,8,34,2,2023-07-30 14:04:00,2ª DP,"Luz forense/lanterna, Macrofotografia",0,False,0.297
Morte Aparentemente Natural,Via Pública,3,24,0,2023-08-20 07:12:00,DEAM (Mulher),"Empoamento, Macrofotografia, Luz forense/lanterna",True,False,0.2697
Infanticídio,Hospital,5,10,1,2023-11-16 21:21:00,DCA (Criança e Adolescente),Luz forense/lanterna,False,False,0.6501
Pichação,Via Pública,5,41,0,2023-02-06 05:15:00,3ª DP,"Empoamento, Luz forense/lanterna, Macrofotografia",True,False,0.3019
Extorsão,Terreno Baldio,0,55,1,2023-08-26 13:04:00,DRFC (Furtos),Empoamento,True,False,0.5684
Feminicídio,Terreno Baldio,8,7,1,2023-04-13 13:44:00,3ª DP,"Luz forense/lanterna, Empoamento",True,True,0.9603
Feminicídio,Área Rural,2,14,3,2023-05-14 16:34:00,DCA (Criança e Adolescente),Empoamento,False,True,0.8466
Exercício Arbitrário das Próprias Razões,Terreno Baldio,2,39,0,2023-06-28 18:45:00,DHPP (Homicídios),"Macrofotografia, Luz forense/lanterna",True,False,0.2572
Tráfico de Entorpecentes,Residência,6,37,0,2023-02-16 06:10:00,2ª DP,"Macrofotografia, Luz forense/lanterna",True,False,0.2849
Cadáver Encontrado,DP,2,15,0,2023-12-15 22:14:00,2ª DP,"Empoamento, Macrofotografia, Luz forense/lanterna",False,True,0.2645
Incêndio (sem vítima),Via Pública,3,34,1,2023-08-09 03:16:00,DRFC (Furtos),Empoamento,True,True,0.4243
Furto de Energia Elétrica ou Termodinâmica,Residência,7,29,3,2023-10-05 00:54:00,DEAM (Mulher),Empoamento,False,False,0.107
Lesão Corporal,Hospital,1,42,1,2023-04-09 18:47:00,3ª DP,Empoamento,True,False,0.5084
Dano Seguido de Lesão Corporal,DP,2,24,1,2023-10-15 01:16:00,DHPP (Homicídios),"Empoamento, Luz forense/lanterna",False,True,0.5492
Roubo,Residência,2,63,0,2023-09-14 12:12:00,DCA (Criança e Adolescente),"Macrofotografia, Luz forense/lanterna",False,True,0.5183
Incêndio (sem vítima),Pátio,5,37,5,2023-03-11 16:34:00,3ª DP,"Luz forense/lanterna, Macrofotografia",False,False,0.159
Abandono de Incapaz,DP,5,13,3,2023-01-08 07:54:00,DEAM (Mulher),"Luz forense/lanterna, Macrofotografia, Empoamento",True,False,0.8582
Morte Aparentemente Natural,Área Rural,3,N/A,2,2023-12-31 03:22:00,3ª DP,Luz forense/lanterna,True,False,0.3147
Tentativa de Homicídio,DP,1,12,2,2023-09-18 21:10:00,DCA (Criança e Adolescente),"Macrofotografia, Empoamento",True,True,0.9715
Ossada Encontrada,Estabelecimento Comercial,0,12,2,2023-08-19 13:36:00,3ª DP,Macrofotografia,False,False,0.1639
Afogamento,Residência,9,6,1,2023-04-02 20:14:00,2ª DP,Luz forense/lanterna,False,False,0.1083
Eletroplessão,Área Rural,0,34,5,2023-07-23 00:44:00,DCA (Criança e Adolescente),"Empoamento, Luz forense/lanterna",True,False,0.3011
Explosão (sem vítima),Hospital,1,21,0,2023-02-02 12:32:00,DRFC (Furtos),"Empoamento, Macrofotografia, Luz forense/lanterna",False,True,0.31
Explosão (sem vítima),Hospital,0,55,2,2023-02-15 04:51:00,DRFC (Furtos),"Empoamento, Luz forense/lanterna",False,False,0.144
Furto Qualificado (arrombamento),Área Rural,5,11,1,2023-01-14 08:16:00,3ª DP,Empoamento,False,True,0.3357
Feto Encontrado,Área Rural,0,17,0,2023-10-27 06:57:00,DRFC (Furtos),Empoamento,False,False,0.6941
Ossada Encontrada,Estabelecimento Comercial,4,41,0,2023-05-21 16:51:00,DRFC (Furtos),"Empoamento, Macrofotografia, Luz forense/lanterna",True,False,0.3297
Aborto,Estabelecimento Comercial,0,10,1,2023-11-01 19:31:00,DHPP (Homicídios),"Macrofotografia, Empoamento, Luz forense/lanterna",True,True,0.4504
  Lesão Corporal  ,Pátio,1,22,2,2023-06-15 21:03:00,1ª DP,Macrofotografia,True,True,0.7032
Abandono de Incapaz,Via Pública,8,15,0,2023-01-04 02:57:00,DRFC (Furtos),Luz forense/lanterna,True,False,0.8758
Abandono de Incapaz,Estabelecimento Comercial,1,25,0,2023-09-18 05:52:00,DRFC (Furtos),Empoamento,True,False,0.8511
Explosão (com vítima),Área Rural,4,20,4,2023-04-20 18:57:00,DRFC (Furtos),"Empoamento, Luz forense/lanterna, Macrofotografia",False,False,0.4219
Desmanche de Veículos,Pátio,0,34,1,2023-10-03 05:00:00,3ª DP,Empoamento,True,False,0.3177
Marca em Animal,Via Pública,1,5,2,2023-11-14 01:31:00,DCA (Criança e Adolescente),"Luz forense/lanterna, Empoamento",True,False,0.2886
Dano,Área Rural,5,34,0,2023-10-29 16:43:00,DRFC (Furtos),"Empoamento, Macrofotografia, Luz forense/lanterna",True,False,0.261
Abandono de Incapaz,Via Pública,0,35,0,2023-07-08 15:34:00,2ª DP,"Luz forense/lanterna, Macrofotografia, Empoamento",True,True,1.0
Furto de Energia Elétrica ou Termodinâmica,Residência,0,8,0,2023-12-14 11:49:00,DEAM (Mulher),"Empoamento, Luz forense/lanterna",True,False,0.3326
Feto Encontrado,Via Pública,1,6,3,2023-08-25 09:07:00,3ª DP,"Luz forense/lanterna, Empoamento",True,False,0.8547
Latrocínio e/ou Tentativa de Latrocínio,Hospital,0,12,0,2023-01-10 20:38:00,DRFC (Furtos),"Empoamento, Luz forense/lanterna, Macrofotografia",False,False,0.7332
Lesão Corporal,Residência,2,8,0,2023-11-23 15:08:00,DCA (Criança e Adolescente),Empoamento,True,True,0.6558
Explosão (sem vítima),DP,0,10,1,2023-08-24 04:22:00,3ª DP,Empoamento,True,True,0.4782
Abandono de Incapaz,Pátio,1,19,0,2024-01-01 08:20:00,1ª DP,Empoamento,False,True,0.8464
Violação de Sepultura,Residência,2,28,0,2023-05-22 06:13:00,DHPP (Homicídios),"Empoamento, Luz forense/lanterna",False,False,0.1758
Marca em Animal,Via Pública,3,13,2,2023-05-28 19:39:00,DEAM (Mulher),"Macrofotografia, Empoamento, Luz forense/lanterna",False,False,0.151
Incêndio (com vítima),Estabelecimento Comercial,10,16,1,2023-04-30 15:22:00,1ª DP,Luz forense/lanterna,True,False,0.5422
Violação de Sepultura,Hospital,1,52,2,2023-09-09 11:18:00,DHPP (Homicídios),Empoamento,True,False,0.2531
Abandono de Incapaz,Terreno Baldio,1,20,1,2023-08-09 17:29:00,1ª DP,"Macrofotografia, Luz forense/lanterna, Empoamento",True,False,0.8632
Marca em Animal,Hospital,0,19,3,,DEAM (Mulher),Empoamento,True,False,0.2833
Afogamento,Via Pública,0,7,0,2023-01-12 04:46:00,1ª DP,"Empoamento, Luz forense/lanterna, Macrofotografia",False,False,0.1001
Furto em Interior de Veículo,Via Pública,3,22,2,31/02/2023 25:00:00,DRFC (Furtos),Macrofotografia,True,True,0.4106
Estelionato,Residência,3,10,2,2023-08-13 22:30:00,DEAM (Mulher),"Luz forense/lanterna, Empoamento",True,True,0.4252
Maus Tratos de Animal,Hospital,0,36,4,2023-01-26 04:59:00,1ª DP,"Empoamento, Macrofotografia, Luz forense/lanterna",False,True,0.2871
Incêndio (sem vítima),Área Rural,3,12,0,2023-01-20 06:53:00,2ª DP,"Luz forense/lanterna, Macrofotografia",False,True,0.274
Explosão (com vítima),Estabelecimento Comercial,0,19,0,2023-02-03 06:52:00,DEAM (Mulher),"Macrofotografia, Luz forense/lanterna, Empoamento",False,False,0.3654
Explosão (com vítima),Via Pública,0,46,0,2023-11-10 18:48:00,2ª DP,"Empoamento, Macrofotografia, Luz forense/lanterna",True,False,0.521
Suicídio,Área Rural,8,12,1,2023-06-11 21:06:00,3ª DP,"Empoamento, Luz forense/lanterna",False,True,0.3109
Latrocínio e/ou Tentativa de Latrocínio,DP,1,12,3,2023-09-08 13:49:00,DCA (Criança e Adolescente),"Luz forense/lanterna, Macrofotografia",True,True,1.0
Aborto,Terreno Baldio,1,32,2,2023-02-16 04:37:00,DCA (Criança e Adolescente),Empoamento,False,False,0.1162
Adulteração de Placa e/ou Lacre,Estabelecimento Comercial,0,20,1,2023-11-16 11:26:00,DRFC (Furtos),,False,True,0.3261
Disparo de Arma de Fogo,Terreno Baldio,1,14,3,2023-07-31 01:07:00,DHPP (Homicídios),"Luz forense/lanterna, Empoamento, Macrofotografia",False,False,0.3691
Marca em Animal,Pátio,2,30,0,2023-08-14 12:31:00,DCA (Criança e Adolescente),Luz forense/lanterna,False,False,0.1519
Receptação,Área Rural,5,5,1,2023-11-13 10:59:00,1ª DP,"Macrofotografia, Luz forense/lanterna, Empoamento",False,False,0.1289
Eletroplessão,Terreno Baldio,0,32,0,2023-10-06 02:38:00,1ª DP,Luz forense/lanterna,True,False,0.3064
Arremesso de Projétil,Terreno Baldio,2,39,0,2023-09-28 23:18:00,DCA (Criança e Adolescente),"Macrofotografia, Empoamento, Luz forense/lanterna",False,False,0.1252
Incêndio (com vítima),Pátio,6,5,9,2023-08-13 04:31:00,DRFC (Furtos),Macrofotografia,False,False,0.3801
Desmanche de Veículos,Estabelecimento Comercial,3,36,4,2023-12-28 15:33:00,3ª DP,Empoamento,True,False,0.3103
Dano Seguido de Lesão Corporal,Terreno Baldio,3,27,2,2023-05-11 15:36:00,2ª DP,Empoamento,True,False,0.5792
Aborto,Área Rural,0,33,4,,DCA (Criança e Adolescente),Luz forense/lanterna,True,False,0.2647
Roubo,Hospital,4,11,1,2023-02-27 10:32:00,DRFC (Furtos),Empoamento,False,False,0.4145
Violação de Sepultura,DP,1,36,0,2023-07-10 01:03:00,DHPP (Homicídios),"Empoamento, Luz forense/lanterna, Macrofotografia",True,False,0.33
Abandono de Incapaz,Terreno Baldio,5,18,7,2023-07-15 10:20:00,DHPP (Homicídios),Empoamento,False,False,0.725
Maus Tratos de Animal,Hospital,1,8,2,2023-12-28 22:11:00,3ª DP,"Macrofotografia, Empoamento, Luz forense/lanterna",False,True,0.3187
Feminicídio,Hospital,1,23,1,2023-11-02 18:22:00,DCA (Criança e Adolescente),"Macrofotografia, Empoamento",True,False,0.8155
Infanticídio,Hospital,1,37,5,2023-04-10 14:33:00,DCA (Criança e Adolescente),Macrofotografia,True,True,0.9776
Pichação,Via Pública,0,11,2,31/02/2023 25:00:00,DRFC (Furtos),"Luz forense/lanterna, Empoamento, Macrofotografia",False,True,0.2759
Cadáver Encontrado,DP,0,11,0,2023-05-14 20:08:00,1ª DP,Luz forense/lanterna,False,False,0.103
Homicídio,Área Rural,3,62,0,2023-06-30 09:32:00,3ª DP,"Macrofotografia, Luz forense/lanterna, Empoamento",True,False,0.8349
Suicídio,Área Rural,0,27,1,2023-06-24 23:27:00,2ª DP,"Empoamento, Macrofotografia",True,True,0.4598
Furto Qualificado (arrombamento),Pátio,6,5,0,2023-12-05 00:47:00,2ª DP,"Empoamento, Macrofotografia",True,True,0.4309
Furto d'água,Estabelecimento Comercial,4,74,1,2023-02-11 23:23:00,DHPP (Homicídios),"Luz forense/lanterna, Macrofotografia, Empoamento",True,False,0.3412
,Residência,0,9,0,2023-08-26 06:21:00,DRFC (Furtos),Macrofotografia,True,True,1.0
Disparo de Arma de Fogo,DP,8,13,3,2023-04-20 08:38:00,,Empoamento,True,False,0.5564
Furto,Residência,3,5,1,2023-02-01 03:36:00,1ª DP,Macrofotografia,True,True,0.4494
Explosão (com vítima),Residência,4,5,0,2023-10-11 08:03:00,1ª DP,"Macrofotografia, Luz forense/lanterna, Empoamento",False,False,0.3608
Ameaça,Residência,5,7,5,2023-04-25 22:15:00,DRFC (Furtos),"Macrofotografia, Empoamento",True,False,0.3029
Veículo Localizado (furtado ou roubado),Hospital,7,8,2,2023-04-28 16:53:00,DCA (Criança e Adolescente),Luz forense/lanterna,False,False,0.1647
Feto Encontrado,Pátio,5,10,4,2023-02-04 11:04:00,DRFC (Furtos),"Empoamento, Luz forense/lanterna",True,False,0.8267
Tentativa de Suicídio,Área Rural,1,39,2,2023-01-15 04:18:00,1ª DP,"Macrofotografia, Luz forense/lanterna",True,True,0.4894
Furto Qualificado (arrombamento),DP,4,N/A,10,2023-01-01 13:26:00,1ª DP,"Luz forense/lanterna, Macrofotografia",False,False,0.1436
Marca em Animal,Pátio,0,35,3,2023-12-18 20:15:00,1ª DP,"Macrofotografia, Luz forense/lanterna, Empoamento",False,False,0.161
Incêndio (sem vítima),Estabelecimento Comercial,5,13,1,2023-05-22 06:44:00,DCA (Criança e Adolescente),"Macrofotografia, Luz forense/lanterna, Empoamento",True,False,0.2624
Lesão Corporal,Via Pública,3,5,4,2023-09-07 10:33:00,DCA (Criança e Adolescente),"Luz forense/lanterna, Macrofotografia, Empoamento",True,True,0.7175
Tráfico de Entorpecentes,Via Pública,0,26,0,2023-09-02 06:03:00,DCA (Criança e Adolescente),"Empoamento, Luz forense/lanterna",False,False,0.159
Infanticídio,Estabelecimento Comercial,0,110,7,2023-01-07 08:48:00,1ª DP,"Luz forense/lanterna, Empoamento",False,False,0.6819
Cadáver Encontrado,DP,7,18,0,2023-12-16 14:09:00,DHPP (Homicídios),"Luz forense/lanterna, Empoamento",False,False,0.1315
Desmanche de Veículos,Pátio,0,23,0,2023-10-17 19:38:00,DEAM (Mulher),"Empoamento, Macrofotografia",False,False,0.1419
Estelionato,Via Pública,0,14,1,data_invalida,DRFC (Furtos),Empoamento,True,False,0.3499
Arremesso de Projétil,Via Pública,0,23,1,2023-12-09 22:40:00,DCA (Criança e Adolescente),"Macrofotografia, Luz forense/lanterna, Empoamento",False,False,0.1887
Adulteração de Placa e/ou Lacre,Residência,0,7,1,2023-09-10 13:13:00,2ª DP,"Macrofotografia, Empoamento",False,False,0.1119
Abandono de Incapaz,Estabelecimento Comercial,2,32,0,2023-12-26 23:01:00,DRFC (Furtos),Macrofotografia,True,True,1.0
Homicídio,DP,5,41,2,2023-08-27 22:48:00,DRFC (Furtos),Luz forense/lanterna,False,False,0.7146
Incêndio (sem vítima),Estabelecimento Comercial,0,65,2,2023-06-19 16:17:00,3ª DP,"Luz forense/lanterna, Macrofotografia, Empoamento",True,0,0.4687
Explosão (com vítima),DP,5,79,1,2023-10-18 03:07:00,2ª DP,Empoamento,True,False,0.5372
Violação de Sepultura,Estabelecimento Comercial,2,29,0,2023-05-30 03:44:00,3ª DP,"Luz forense/lanterna, Macrofotografia",False,False,0.1747
Violação de Sepultura,Via Pública,2,19,0,2023-10-02 03:19:00,DEAM (Mulher),Macrofotografia,False,True,0.3367
Furto,Terreno Baldio,0,24,1,2023-07-23 05:13:00,DHPP (Homicídios),"Macrofotografia, Empoamento",False,True,0.2716
Extorsão,Terreno Baldio,1,40,2,2023-07-20 16:40:00,DEAM (Mulher),Luz forense/lanterna,True,False,0.5799
Cadáver Encontrado,DP,2,21,2,2023-09-24 06:52:00,DHPP (Homicídios),"Luz forense/lanterna, Empoamento",True,False,0.3022
Infanticídio,Via Pública,0,26,2,2023-04-27 02:50:00,3ª DP,"Macrofotografia, Empoamento, Luz forense/lanterna",True,False,0.8682
Dano,Via Pública,3,32,5,2023-08-03 15:29:00,DRFC (Furtos),"Empoamento, Luz forense/lanterna, Macrofotografia",False,False,0.137
Exercício Arbitrário das Próprias Razões,Pátio,1,11,0,2023-05-04 12:54:00,DCA (Criança e Adolescente),Luz forense/lanterna,False,True,0.3393
Aborto,Pátio,0,23,0,2023-09-14 16:55:00,2ª DP,Empoamento,False,False,0.17
Arremesso de Projétil,Via Pública,6,34,0,2023-02-03 21:50:00,DEAM (Mulher),Empoamento,True,True,0.4664
Furto Qualificado (arrombamento),Área Rural,2,9,0,2023-02-17 18:30:00,1ª DP,"Empoamento, Macrofotografia",True,False,0.3207
Violação de Domicílio,Pátio,5,21,0,2023-08-26 01:58:00,3ª DP,"Luz forense/lanterna, Macrofotografia, Empoamento",False,False,0.1389
Roubo Com Estupro,Via Pública,7,69,2,2023-01-03 14:32:00,DRFC (Furtos),"Macrofotografia, Luz forense/lanterna",False,True,0.8125
Suicídio,Área Rural,4,68,0,2023-08-22 01:33:00,DHPP (Homicídios),Macrofotografia,True,False,0.2786
Explosão (com vítima),Área Rural,0,18,7,2023-12-02 02:52:00,DEAM (Mulher),"Luz forense/lanterna, Empoamento, Macrofotografia",True,True,0.7406
Furto,Área Rural,1,9,0,2023-04-27 16:26:00,DEAM (Mulher),Macrofotografia,False,False,0.1413
Dano,DP,7,5,1,2023-13-45,DEAM (Mulher),Empoamento,True,False,0.3471
Arremesso de Projétil,Terreno Baldio,3,5,1,31/02/2023 25:00:00,DRFC (Furtos),Luz forense/lanterna,True,False,0.3374
Incêndio (com vítima),Hospital,5,15,2,data_invalida,DEAM (Mulher),Luz forense/lanterna,False,False,0.4145
Arremesso de Projétil,Via Pública,3,60,0,2023-03-29 03:35:00,1ª DP,Empoamento,True,True,0.4059
Suicídio,DP,5,34,3,2023-02-16 01:43:00,DCA (Criança e Adolescente),"Luz forense/lanterna, Macrofotografia",True,False,0.2989
Incêndio (sem vítima),Área Rural,1,12,1,2023-03-07 05:27:00,1ª DP,"Luz forense/lanterna, Macrofotografia",False,False,0.11
Suicídio,DP,5,23,0,2023-03-23 23:23:00,DCA (Criança e Adolescente),"Empoamento, Luz forense/lanterna",False,True,0.3158
Veículo Localizado (furtado ou roubado),Pátio,3,14,1,2023-07-15 12:10:00,DHPP (Homicídios),"Luz forense/lanterna, Macrofotografia",True,False,0.3206
Cadáver Encontrado,Pátio,1,14,0,2023-01-05 23:49:00,DRFC (Furtos),Macrofotografia,True,False,0.3293
Arremesso de Projétil,Residência,2,14,1,,3ª DP,Luz forense/lanterna,True,True,0.4884
Veículo Localizado (furtado ou roubado),Terreno Baldio,0,10,0,2023-05-15 04:05:00,1ª DP,Empoamento,False,False,0.1322
Morte Aparentemente Natural,Terreno Baldio,1,32,0,2023-07-01 21:27:00,2ª DP,"Macrofotografia, Luz forense/lanterna, Empoamento",False,True,0.2826
Marca em Animal,Terreno Baldio,2,19,3,2023-08-05 04:03:00,3ª DP,"Luz forense/lanterna, Empoamento",True,True,0.428
Tráfico de Entorpecentes,Residência,0,5,2,2023-08-20 03:47:00,2ª DP,Luz forense/lanterna,True,False,0.2963
Infanticídio,Hospital,0,21,1,2023-12-17 14:55:00,DRFC (Furtos),Macrofotografia,True,False,0.8711
Afogamento,Via Pública,3,41,2,2023-08-01 05:40:00,DHPP (Homicídios),"Luz forense/lanterna, Empoamento, Macrofotografia",True,False,0.3413
Marca em Animal,Via Pública,1,23,1,2023-01-10 14:44:00,DEAM (Mulher),"Macrofotografia, Luz forense/lanterna, Empoamento",False,True,0.2814
Exercício Arbitrário das Próprias Razões,Residência,6,15,9,2023-11-15 07:28:00,3ª DP,"Empoamento, Luz forense/lanterna, Macrofotografia",False,False,0.1805
Cadáver Encontrado,Residência,3,49,1,2023-08-10 23:45:00,DHPP (Homicídios),Empoamento,False,True,0.3434
Furto,Área Rural,1,28,6,2023-08-10 17:51:00,DEAM (Mulher),Macrofotografia,True,True,0.4666
Explosão (sem vítima),Via Pública,5,12,1,2023-10-09 14:09:00,DCA (Criança e Adolescente),"Luz forense/lanterna, Empoamento, Macrofotografia",False,True,0.3251
Afogamento,Hospital,1,13,2,2023-06-20 02:58:00,3ª DP,"Luz forense/lanterna, Empoamento",False,False,0.1129
Eletroplessão,Área Rural,2,28,0,2023-08-24 12:31:00,2ª DP,Luz forense/lanterna,True,False,0.2957
Violação de Domicílio,Hospital,999999,7,2,2023-04-20 15:18:00,DEAM (Mulher),"Empoamento, Luz forense/lanterna, Macrofotografia",False,False,0.1799
Explosão (com vítima),Estabelecimento Comercial,0,10,6,2023-01-12 08:06:00,3ª DP,Macrofotografia,False,False,0.4471
Furto Qualificado (arrombamento),Terreno Baldio,1,5,0,2023-07-17 09:53:00,2ª DP,"Empoamento, Luz forense/lanterna",True,True,0.4822
Local de Estupro e/ou Veículo Envolvido em Estupro,Área Rural,0,12,4,2023-04-22 19:41:00,2ª DP,"Empoamento, Luz forense/lanterna, Macrofotografia",True,True,0.9556
Furto em Interior de Veículo,Estabelecimento Comercial,5,9,1,2023-02-27 23:18:00,DEAM (Mulher),Macrofotografia,True,False,0.3399
Local de Estupro e/ou Veículo Envolvido em Estupro,Via Pública,0,7,3,2023-06-02 14:39:00,DCA (Criança e Adolescente),"Empoamento,_Macrofotografia,_Luz_forense/lanterna",False,False,0.7068
Violação de Domicílio,Pátio,14,13,6,2023-12-19 14:27:00,DCA (Criança e Adolescente),"Macrofotografia, Empoamento",True,False,0.3042
Morte Aparentemente Natural,Estabelecimento Comercial,1,5,5,2023-02-18 18:36:00,1ª DP,Empoamento,True,True,0.4006
Pichação,Área Rural,4,5,0,2023-12-31 07:06:00,DEAM (Mulher),Luz forense/lanterna,False,False,0.1461
Veículo Localizado (furtado ou roubado),Residência,0,12,0,2023-12-11 23:48:00,DRFC (Furtos),"Macrofotografia, Luz forense/lanterna",True,1,0.2973
Maus Tratos de Animal,Área Rural,1,49,0,2023-01-27 22:58:00,2ª DP,Macrofotografia,False,False,0.1819
Dano Seguido de Lesão Corporal,Via Pública,4,15,2,2023-11-16 03:58:00,DEAM (Mulher),"Luz forense/lanterna, Macrofotografia, Empoamento",True,True,0.7189
Feminicídio,Área Rural,2,11,999999,2023-07-24 05:37:00,1ª DP,"Empoamento, Luz forense/lanterna",True,False,0.8159
Furto,Pátio,10,9,6,2023-06-16 19:58:00,DEAM (Mulher),"Luz forense/lanterna, Empoamento",False,False,0.1143
Extorsão,Área Rural,0,41,4,2023-12-18 04:01:00,DEAM (Mulher),"Luz forense/lanterna, Empoamento",True,False,0.5121
Feto Encontrado,Pátio,0,16,0,2023-12-23 04:44:00,DCA (Criança e Adolescente),"Luz forense/lanterna, Empoamento, Macrofotografia",True,False,0.8628
Dano,  Pátio  ,1,29,0,2023-04-09 12:15:00,DHPP (Homicídios),"Macrofotografia, Luz forense/lanterna, Empoamento",True,True,0.4005
Exercício Arbitrário das Próprias Razões,Área Rural,0,6,2,2023-09-28 23:39:00,DCA (Criança e Adolescente),Luz forense/lanterna,True,False,0.3291
Furto de Energia Elétrica ou Termodinâmica,Área Rural,0,9,0,2023-05-05 07:35:00,2ª DP,Empoamento,False,False,0.1142
Roubo,Pátio,1,11,2,2023-10-09 20:35:00,DHPP (Homicídios),"Empoamento, Macrofotografia, Luz forense/lanterna",True,False,0.576
Furto de Energia Elétrica ou Termodinâmica,Área Rural,3,17,1,2023-11-05 23:04:00,DHPP (Homicídios),"Empoamento, Luz forense/lanterna",True,true,0.4056
Tráfico de Entorpecentes,Estabelecimento Comercial,1,26,0,2023-08-03 01:10:00,DRFC (Furtos),Luz forense/lanterna,True,False,0.2519
Maus Tratos de Animal,Estabelecimento Comercial,0,12,2,2023-02-28 17:36:00,DRFC (Furtos),"Macrofotografia, Empoamento, Luz forense/lanterna",False,False,0.1432
Homicídio,DP,3,42,0,2023-05-12 18:58:00,3ª DP,"Luz forense/lanterna, Macrofotografia, Empoamento",False,True,0.8931
Tentativa de Homicídio,Pátio,0,9,2,2023-11-12 08:35:00,DCA (Criança e Adolescente),"Macrofotografia, Luz forense/lanterna",False,False,0.6608
Local de Estupro e/ou Veículo Envolvido em Estupro,Via Pública,0,10,2,2023-08-23 03:16:00,DEAM (Mulher),"Empoamento, Luz forense/lanterna, Macrofotografia",False,False,0.6578
Suicídio,Estabelecimento Comercial,1,62,0,2023-12-08 03:17:00,DRFC (Furtos),Macrofotografia,True,False,0.2628
Suicídio,Via Pública,2,20,0,2023-09-12 14:05:00,2ª DP,Macrofotografia,False,True,0.269
Incêndio (com vítima),Área Rural,2,47,1,2023-03-25 21:16:00,DEAM (Mulher),"Macrofotografia, Luz forense/lanterna",True,False,0.5281
Roubo,DP,5,54,1,2023-10-27 21:49:00,1ª DP,"Luz forense/lanterna, Empoamento",True,False,0.5034
Explosão (com vítima),Terreno Baldio,3,27,3,2023-04-12 03:33:00,3ª DP,"Macrofotografia, Empoamento",True,False,0.5241
Homicídio,Via Pública,2,15,1,,DHPP (Homicídios),"Empoamento, Luz forense/lanterna",False,False,0.6695
Desmanche de Veículos,Estabelecimento Comercial,1,6,2,2023-08-25 09:02:00,3ª DP,"Empoamento, Macrofotografia, Luz forense/lanterna",False,False,0.1974
Tentativa de Suicídio,Pátio,8,85,4,2023-05-17 19:29:00,2ª DP,"Macrofotografia, Luz forense/lanterna, Empoamento",True,False,0.3333
Exercício Arbitrário das Próprias Razões,Pátio,2,46,0,2023-06-07 20:36:00,DEAM (Mulher),"Empoamento, Luz forense/lanterna",True,True,0.4243
Incêndio (com vítima),Hospital,0,19,1,2023-04-07 08:37:00,1ª DP,"Empoamento, Luz forense/lanterna",False,True,0.584
Cadáver Encontrado,Terreno Baldio,0,15,3,2023-03-01 17:32:00,2ª DP,Empoamento,True,False,0.295
Eletroplessão,Pátio,5,37,5,2023-11-20 18:22:00,1ª DP,"Empoamento, Luz forense/lanterna",True,False,0.2628
Adulteração de Placa e/ou Lacre,Área Rural,0,18,8,2023-03-28 04:22:00,2ª DP,Macrofotografia,True,False,0.3009
Cadáver Encontrado,DP,5,18,3,2023-11-25 06:25:00,DEAM (Mulher),"Luz forense/lanterna, Macrofotografia",True,False,0.2831
Tentativa de Homicídio,Estabelecimento Comercial,7,30,0,2023-09-29 08:21:00,DEAM (Mulher),"Macrofotografia, Luz forense/lanterna, Empoamento",True,true,1.0
Incêndio (com vítima),Hospital,0,21,5,2023-10-21 12:49:00,DRFC (Furtos),"Empoamento, Macrofotografia, Luz forense/lanterna",True,True,0.6997
Marca em Animal,Hospital,0,10,3,2023-02-12 23:26:00,DHPP (Homicídios),"Empoamento, Macrofotografia, Luz forense/lanterna",True,False,0.2549
Receptação,Terreno Baldio,0,15,0,2023-01-29 06:27:00,DEAM (Mulher),"Luz forense/lanterna, Macrofotografia, Empoamento",True,False,0.2504
Infanticídio,Residência,0,7,0,2023-06-08 18:41:00,DCA (Criança e Adolescente),"Macrofotografia, Luz forense/lanterna, Empoamento",False,False,0.7484
Furto de Energia Elétrica ou Termodinâmica,Via Pública,0,10,1,2023-04-29 16:11:00,DCA (Criança e Adolescente),"Macrofotografia, Luz forense/lanterna, Empoamento",False,False,0.1742
Explosão (com vítima),Via Pública,0,26,6,2023-09-01 15:14:00,DCA (Criança e Adolescente),"Macrofotografia, Luz forense/lanterna, Empoamento",True,False,0.5715
Explosão (com vítima),Pátio,1,22,4,2023-09-07 21:54:00,2ª DP,"Empoamento, Luz forense/lanterna, Macrofotografia",True,True,0.6503
Arremesso de Projétil,Hospital,1,8,6,2023-07-14 15:10:00,DEAM (Mulher),"Luz forense/lanterna, Macrofotografia, Empoamento",True,False,0.3401
Pichação,Via Pública,2,25,2,2023-09-28 22:35:00,3ª DP,"Luz forense/lanterna, Macrofotografia",False,False,0.1239
Furto Qualificado (arrombamento),Terreno Baldio,0,41,2,2023-09-11 01:44:00,DEAM (Mulher),"Empoamento, Luz forense/lanterna",False,False,0.1121
Pichação,Via Pública,0,7,0,2023-02-11 17:08:00,DEAM (Mulher),"Luz forense/lanterna, Empoamento, Macrofotografia",False,False,0.1976
Feto Encontrado,Terreno Baldio,1,29,0,,DHPP (Homicídios),"Macrofotografia, Empoamento, Luz forense/lanterna",False,False,0.6607
Infanticídio,Via Pública,0,32,0,2023-12-15 19:47:00,DEAM (Mulher),"Empoamento, Luz forense/lanterna",True,True,0.9752
Latrocínio e/ou Tentativa de Latrocínio,Estabelecimento Comercial,0,89,0,2023-08-14 04:37:00,DEAM (Mulher),"Luz forense/lanterna, Macrofotografia",False,False,0.6898
Explosão (sem vítima),Terreno Baldio,3,11,0,2023-05-03 21:18:00,DEAM (Mulher),"Luz forense/lanterna, Empoamento, Macrofotografia",False,False,0.1471
Arremesso de Projétil,Terreno Baldio,6,10,0,2023-09-19 09:33:00,DHPP (Homicídios),"Empoamento, Luz forense/lanterna, Macrofotografia",True,True,0.4043
Ameaça,Pátio,2,5,1,2023-11-14 23:37:00,2ª DP,Macrofotografia,False,False,0.1501
Pichação,Estabelecimento Comercial,3,5,0,2023-05-08 00:25:00,DEAM (Mulher),Macrofotografia,False,0,0.1783
Explosão (com vítima),DP,4,13,2,2023-06-14 06:26:00,DCA (Criança e Adolescente),"Macrofotografia, Luz forense/lanterna",False,False,0.3521
Desmanche de Veículos,DP,1,15,2,2023-11-17 02:45:00,1ª DP,"Luz forense/lanterna, Empoamento, Macrofotografia",False,False,0.1071
Cadáver Encontrado,Estabelecimento Comercial,0,25,1,2023-10-16 22:24:00,DHPP (Homicídios),Macrofotografia,True,False,0.2641
Estelionato,Área Rural,2,8,0,2023-06-02 07:24:00,1ª DP,Luz forense/lanterna,False,False,0.1326
Afogamento,Pátio,1,6,0,2023-12-27 16:42:00,3ª DP,"Empoamento, Luz forense/lanterna",True,False,0.3436
Roubo Com Estupro,Pátio,-1,29,1,2023-05-14 12:05:00,DHPP (Homicídios),Empoamento,False,False,0.6731
Abandono de Incapaz,Pátio,1,5,0,2023-01-05 00:06:00,3ª DP,"Macrofotografia, Empoamento",False,False,0.7362
Eletroplessão,Residência,1,5,5,2023-09-12 10:04:00,DRFC (Furtos),"Luz forense/lanterna, Macrofotografia",False,False,0.1411
Adulteração de Placa e/ou Lacre,Terreno Baldio,0,55,4,2023-02-27 12:44:00,DRFC (Furtos),"Empoamento, Luz forense/lanterna, Macrofotografia",False,True,0.302
Marca em Animal,DP,4,14,0,2023-09-23 06:43:00,2ª DP,Macrofotografia,True,False,0.3474
Exercício Arbitrário das Próprias Razões,Residência,4,23,1,2023-06-23 21:44:00,3ª DP,"Macrofotografia, Empoamento, Luz forense/lanterna",False,True,0.2762
Tráfico de Entorpecentes,DP,5,8,0,31/02/2023 25:00:00,2ª DP,"Macrofotografia, Luz forense/lanterna",False,True,0.3142
Morte Aparentemente Natural,Estabelecimento Comercial,2,90,1,2023-12-07 14:51:00,DCA (Criança e Adolescente),"Luz forense/lanterna, Empoamento, Macrofotografia",True,False,0.2747
Eletroplessão,Pátio,4,11,0,2023-11-15 03:27:00,1ª DP,Empoamento,False,False,0.1634
Tráfico de Entorpecentes,DP,4,6,2,2023-09-13 03:38:00,2ª DP,"Macrofotografia, Empoamento, Luz forense/lanterna",True,False,0.2831
Estelionato,Via Pública,1,47,0,2023-07-09 19:50:00,3ª DP,"Luz forense/lanterna, Macrofotografia, Empoamento",False,False,0.1463
Dano Seguido de Lesão Corporal,Pátio,3,30,1,2023-12-24 23:31:00,DHPP (Homicídios),"Macrofotografia, Empoamento, Luz forense/lanterna",True,False,0.5453
Suicídio,Via Pública,1,19,1,2023-01-24 23:16:00,DCA (Criança e Adolescente),Macrofotografia,False,False,0.178
Furto em Interior de Veículo,Área Rural,0,12,2,data_invalida,3ª DP,Macrofotografia,False,False,0.1551
Suicídio,Estabelecimento Comercial,2,13,4,2023-09-29 00:41:00,3ª DP,"Empoamento, Macrofotografia",True,False,0.3178
Dano Seguido de Lesão Corporal,Área Rural,0,52,9,2023-06-12 17:20:00,DEAM (Mulher),"Luz forense/lanterna, Macrofotografia, Empoamento",False,True,0.5781
Ameaça,Estabelecimento Comercial,3,27,1,2023-12-28 22:13:00,DEAM (Mulher),Empoamento,True,True,0.4919
Extorsão,Área Rural,1,8,1,2023-05-05 04:18:00,DRFC (Furtos),"Macrofotografia, Empoamento",True,True,0.6604
Furto Qualificado (arrombamento),Via Pública,1,6,7,2024-01-01 10:42:00,3ª DP,"Empoamento, Luz forense/lanterna, Macrofotografia",False,False,0.1073
Afogamento,Área Rural,4,31,0,2023-11-20 18:42:00,1ª DP,"Macrofotografia, Empoamento",False,True,0.3311
Receptação,Hospital,1,10,0,2023-12-08 04:57:00,DRFC (Furtos),Luz forense/lanterna,False,True,0.2548
Furto,Terreno Baldio,2,9,1,2023-04-09 09:40:00,1ª DP,"Empoamento, Macrofotografia",False,False,0.1954
Suicídio,DP,1,11,4,2023-11-03 08:15:00,DHPP (Homicídios),Macrofotografia,True,False,0.3451
Estelionato,Área Rural,1,53,1,2023-04-13 21:12:00,1ª DP,"Empoamento, Macrofotografia",False,False,0.1568
Suicídio,DP,2,14,0,2023-11-27 09:28:00,DHPP (Homicídios),"Empoamento, Macrofotografia",True,False,0.2573
Explosão (com vítima),Estabelecimento Comercial,1,36,8,2023-11-22 15:32:00,DEAM (Mulher),Empoamento,False,True,0.5886
Tráfico de Entorpecentes,Via Pública,0,17,3,2023-02-16 01:21:00,DHPP (Homicídios),Luz forense/lanterna,False,False,0.1059
Marca em Animal,hospital,1,14,2,2023-09-08 13:32:00,1ª DP,"Empoamento, Luz forense/lanterna, Macrofotografia",False,True,0.3049
Dano Seguido de Lesão Corporal,Residência,4,25,0,2023-08-11 12:31:00,2ª DP,Empoamento,True,False,0.5832
Roubo,Área Rural,0,16,0,2023-10-29 18:00:00,DCA (Criança e Adolescente),"Macrofotografia, Luz forense/lanterna, Empoamento",False,False,0.371
Furto de Energia Elétrica ou Termodinâmica,DP,0,10,0,2023-09-06 09:35:00,DEAM (Mulher),Luz forense/lanterna,False,True,0.2776
Afogamento,Residência,0,42,2,2023-12-21 05:28:00,DCA (Criança e Adolescente),"Macrofotografia, Luz forense/lanterna",True,True,0.4313
Ameaça,Área Rural,7,9,8,2023-09-03 00:05:00,DHPP (Homicídios),Luz forense/lanterna,False,False,0.1255
Feto Encontrado,Área Rural,1,48,0,2023-02-20 23:18:00,DHPP (Homicídios),"Luz forense/lanterna, Empoamento",False,True,0.8325
Furto em Interior de Veículo,Residência,1,5,1,2023-12-23 07:27:00,3ª DP,"Macrofotografia, Empoamento",True,False,0.3396
Desmanche de Veículos,Pátio,2,50,0,2023-04-17 19:56:00,1ª DP,Empoamento,True,True,0.4606
Extorsão,Residência,2,6,0,,1ª DP,Macrofotografia,False,True,0.5011
Tentativa de Suicídio,Hospital,4,13,1,2023-12-29 22:07:00,2ª DP,"Empoamento, Luz forense/lanterna",True,True,0.4555
Violação de Domicílio,Estabelecimento Comercial,2,17,0,2023-11-23 05:41:00,DRFC (Furtos),"Luz forense/lanterna, Macrofotografia, Empoamento",False,True,0.2529
Tráfico de Entorpecentes,Terreno Baldio,0,102,0,2023-09-21 16:21:00,DHPP (Homicídios),"Empoamento, Macrofotografia",False,False,0.1131
Furto em Interior de Veículo,Hospital,N/A,8,2,2023-03-12 18:59:00,3ª DP,Luz forense/lanterna,True,False,0.3183
Ossada Encontrada,Terreno Baldio,5,47,0,2023-12-16 17:45:00,2ª DP,"Macrofotografia, Luz forense/lanterna, Empoamento",False,False,0.154
Homicídio,Área Rural,2,10,1,2023-07-10 22:44:00,2ª DP,"Empoamento, Luz forense/lanterna",False,False,0.6628
Estelionato,Residência,9,6,2,2023-08-12 04:47:00,1ª DP,"Macrofotografia, Empoamento, Luz forense/lanterna",True,True,0.4775
Dano Seguido de Lesão Corporal,Área Rural,9,14,999999,2023-02-17 05:11:00,2ª DP,Luz forense/lanterna,True,False,0.5333
Violação de Domicílio,DP,0,12,2,2023-12-20 10:00:00,3ª DP,Luz forense/lanterna,True,True,0.4524
Arremesso de Projétil,Hospital,2,5,0,2023-10-09 11:31:00,DCA (Criança e Adolescente),"Luz forense/lanterna, Empoamento",True,False,0.263
Afogamento,DP,2,14,2,2023-09-14 13:31:00,DCA (Criança e Adolescente),Luz forense/lanterna,False,True,0.2625
Feminicídio,Estabelecimento Comercial,5,16,6,2023-07-18 17:58:00,DCA (Criança e Adolescente),"Empoamento, Macrofotografia",True,False,0.801
Ossada Encontrada,Via Pública,2,7,2,2023-01-17 17:28:00,DCA (Criança e Adolescente),"Macrofotografia, Luz forense/lanterna",False,False,0.1491
Furto de Energia Elétrica ou Termodinâmica,Área Rural,1,47,0,2023-07-19 11:36:00,DRFC (Furtos),"Luz forense/lanterna, Empoamento",True,False,0.266
Ameaça,Pátio,0,22,1,2023-08-27 07:34:00,DEAM (Mulher),"Macrofotografia, Luz forense/lanterna",True,False,0.2542
Violação de Sepultura,Terreno Baldio,4,38,3,2023-02-01 17:31:00,1ª DP,"Luz forense/lanterna, Empoamento",True,False,0.2551
Dano Seguido de Lesão Corporal,Área Rural,5,10,0,2023-02-19 16:45:00,2ª DP,"Luz forense/lanterna, Empoamento, Macrofotografia",False,True,0.5147
Tentativa de Suicídio,Via Pública,3,6,0,2023-09-30 08:43:00,DHPP (Homicídios),Macrofotografia,False,True,0.2793
Dano,DP,5,19,6,2023-04-02 09:47:00,3ª DP,"Macrofotografia, Empoamento, Luz forense/lanterna",False,False,0.1632
Incêndio (sem vítima),Hospital,6,20,6,2023-12-31 19:23:00,3ª DP,Luz forense/lanterna,True,False,0.3304
Feto Encontrado,DP,1,9,2,31/02/2023 25:00:00,2ª DP,"Luz forense/lanterna, Macrofotografia, Empoamento",True,False,0.8202
Local de Estupro e/ou Veículo Envolvido em Estupro,Pátio,1,33,0,2023-08-05 21:12:00,1ª DP,Empoamento,False,True,0.8607
Suicídio,Terreno Baldio,0,19,2,2023-05-15 07:41:00,DCA (Criança e Adolescente),Empoamento,True,False,0.269
Afogamento,Pátio,7,16,-2,2023-01-22 20:50:00,DHPP (Homicídios),Empoamento,False,True,0.281
Arremesso de Projétil,Pátio,999999,55,1,2023-11-17 15:07:00,DHPP (Homicídios),Macrofotografia,True,True,0.4042
Ossada Encontrada,Via Pública,0,6,0,31/02/2023 25:00:00,1ª DP,"Empoamento, Luz forense/lanterna, Macrofotografia",True,False,0.3271
Arremesso de Projétil,DP,1,24,2,2023-04-15 08:18:00,1ª DP,"Empoamento, Luz forense/lanterna",False,False,0.173
Furto em Interior de Veículo,Pátio,1,10,0,2023-03-31 20:54:00,1ª DP,  Macrofotografia  ,False,False,0.193
Aborto,Via Pública,0,33,0,2023-09-22 15:24:00,3ª DP,"Luz forense/lanterna, Macrofotografia",True,False,0.2945
Furto de Energia Elétrica ou Termodinâmica,Pátio,0,17,4,2023-11-27 11:05:00,DCA (Criança e Adolescente),Macrofotografia,True,True,0.4158
Dano,DP,13,22,0,2023-11-15 10:18:00,DHPP (Homicídios),"Empoamento, Macrofotografia",False,False,0.1968
Disparo de Arma de Fogo,DP,1,6,0,,DEAM (Mulher),"Macrofotografia, Empoamento",False,True,0.5662
Dano Seguido de Lesão Corporal,DP,3,41,2,2023-01-21 06:52:00,2ª DP,Macrofotografia,True,False,0.5812
Estelionato,Pátio,0,55,3,2023-08-25 10:00:00,DRFC (Furtos),"Luz forense/lanterna, Macrofotografia, Empoamento",False,False,0.144
Eletroplessão,Pátio,9,24,0,2023-08-02 09:45:00,DCA (Criança e Adolescente),Empoamento,False,True,0.3081
Incêndio (sem vítima),Hospital,0,25,2,2023-01-07 04:57:00,DRFC (Furtos),"Luz forense/lanterna, Empoamento, Macrofotografia",True,True,0.4679
Pichação,Pátio,0,19,1,2023-11-27 18:53:00,1ª DP,"Luz forense/lanterna, Empoamento",False,False,0.1047
Morte Aparentemente Natural,DP,9,25,0,2023-01-26 22:10:00,3ª DP,Luz forense/lanterna,False,False,0.1075
Cadáver Encontrado,Estabelecimento Comercial,5,7,0,2023-10-04 09:49:00,DCA (Criança e Adolescente),Empoamento,True,True,0.443
Abandono de Incapaz,Pátio,2,34,1,2023-09-15 14:00:00,1ª DP,Empoamento,False,False,0.6907
Tentativa de Homicídio,Terreno Baldio,0,19,0,2023-01-09 00:52:00,1ª DP,Empoamento,False,Sim,0.6917
Local de Estupro e/ou Veículo Envolvido em Estupro,Estabelecimento Comercial,11,32,0,2023-10-31 08:18:00,2ª DP,"Luz forense/lanterna, Empoamento, Macrofotografia",True,False,0.8718
Aborto,Pátio,9,19,0,2023-05-12 21:47:00,DCA (Criança e Adolescente),"Luz forense/lanterna, Empoamento",True,True,0.4472
Desmanche de Veículos,Pátio,5,11,3,2023-03-24 15:38:00,DHPP (Homicídios),"Empoamento, Luz forense/lanterna",False,False,0.1503
Suicídio,Área Rural,5,10,0,2023-08-19 06:00:00,DEAM (Mulher),"Luz forense/lanterna, Empoamento, Macrofotografia",True,True,0.4319
Aborto,Área Rural,0,43,1,2023-08-06 13:36:00,DRFC (Furtos),Empoamento,False,True,0.333
Exercício Arbitrário das Próprias Razões,Hospital,2,8,0,2023-05-19 15:11:00,DCA (Criança e Adolescente),"Luz forense/lanterna, Macrofotografia, Empoamento",False,True,0.3492
Dano,Hospital,1,14,1,2023-11-16 14:40:00,DHPP (Homicídios),Luz forense/lanterna,False,False,0.1023
Tentativa de Suicídio,DP,2,20,3,2023-07-10 03:31:00,DCA (Criança e Adolescente),"Luz forense/lanterna, Empoamento, Macrofotografia",True,True,0.4214
Homicídio,Residência,1,5,1,2023-06-25 11:06:00,DRFC (Furtos),Macrofotografia,False,False,0.6975
Furto,Hospital,-9,11,1,2023-12-29 17:17:00,2ª DP,Empoamento,False,False,0.1215
Furto Qualificado (arrombamento),Via Pública,0,60,0,2023-01-06 00:22:00,1ª DP,Luz forense/lanterna,True,False,0.2646
Marca em Animal,Terreno Baldio,0,8,0,2023-03-19 03:01:00,2ª DP,"Empoamento, Luz forense/lanterna, Macrofotografia",False,False,0.1972
Exercício Arbitrário das Próprias Razões,Hospital,6,15,6,,2ª DP,"Macrofotografia, Luz forense/lanterna",False,False,0.1507
Adulteração de Placa e/ou Lacre,Via Pública,2,21,2,2023-02-20 15:10:00,DHPP (Homicídios),Macrofotografia,True,False,0.3173
Adulteração de Placa e/ou Lacre,Pátio,2,999999,0,2023-09-13 03:56:00,3ª DP,"Empoamento, Luz forense/lanterna",False,False,0.1396
Ossada Encontrada,Terreno Baldio,1,6,4,2023-04-25 12:10:00,DCA (Criança e Adolescente),Macrofotografia,False,False,0.1186
Furto d'água,Terreno Baldio,3,33,0,2023-03-12 09:57:00,DCA (Criança e Adolescente),"Macrofotografia, Empoamento, Luz forense/lanterna",False,False,0.1644
Furto Qualificado (arrombamento),Residência,0,65,0,2023-01-16 18:02:00,DEAM (Mulher),"Macrofotografia, Empoamento, Luz forense/lanterna",False,True,0.3127
Receptação,Área Rural,7,10,3,2023-09-12 12:15:00,2ª DP,"Luz forense/lanterna, Macrofotografia, Empoamento",False,False,0.1553
Furto Qualificado (arrombamento),Hospital,11,67,2,2023-01-22 11:11:00,DCA (Criança e Adolescente),Luz forense/lanterna,False,False,0.1633
Maus Tratos de Animal,DP,1,7,0,2023-07-28 16:49:00,1ª DP,Macrofotografia,False,False,0.1933
Marca em Animal,Via Pública,0,42,1,2023-04-16 18:14:00,2ª DP,"Macrofotografia, Empoamento, Luz forense/lanterna",False,False,0.1346
Furto d'água,Hospital,999999,24,0,2023-12-02 13:31:00,DEAM (Mulher),Empoamento,True,False,0.3281
Violação de Domicílio,Residência,7,15,3,2023-10-03 23:35:00,DRFC (Furtos),"Luz forense/lanterna, Macrofotografia, Empoamento",True,False,0.2846
Ameaça,Estabelecimento Comercial,2,8,0,2023-07-26 05:16:00,DEAM (Mulher),Empoamento,False,False,0.1773
Furto d'água,Residência,3,36,1,2023-05-07 07:03:00,2ª DP,"Macrofotografia, Empoamento",True,True,0.4204
Morte Aparentemente Natural,DP,2,13,0,2023-03-26 06:49:00,3ª DP,"Empoamento, Luz forense/lanterna",True,False,0.3072
Dano Seguido de Lesão Corporal,Terreno Baldio,1,74,1,2023-05-12 05:11:00,3ª DP,"Macrofotografia, Luz forense/lanterna, Empoamento",False,False,0.443
Incêndio (com vítima),Terreno Baldio,8,22,0,2023-13-45,DRFC (Furtos),Luz forense/lanterna,True,True,0.6609
Ossada Encontrada,Residência,0,26,0,2023-02-16 18:12:00,DEAM (Mulher),"Empoamento, Macrofotografia",False,True,0.3174
Arremesso de Projétil,Estabelecimento Comercial,1,25,2,2023-05-12 15:37:00,2ª DP,"Macrofotografia, Empoamento, Luz forense/lanterna",True,False,0.2647
Latrocínio e/ou Tentativa de Latrocínio,DP,4,12,1,2023-01-03 12:46:00,1ª DP,"Empoamento, Macrofotografia",True,False,0.8071
Afogamento,Pátio,0,21,1,2023-08-21 10:06:00,DRFC (Furtos),"Macrofotografia, Luz forense/lanterna, Empoamento",True,True,0.4734
Incêndio (com vítima),Residência,1,16,5,2023-09-28 07:25:00,1ª DP,Empoamento,True,True,0.7323
Maus Tratos de Animal,Residência,8,19,1,2023-08-20 09:06:00,DEAM (Mulher),Empoamento,False,False,0.1051
Local de Estupro e/ou Veículo Envolvido em Estupro,Hospital,1,39,0,2023-10-28 13:27:00,DEAM (Mulher),"Empoamento, Macrofotografia",True,False,0.8429
Afogamento,Residência,0,16,4,2023-04-14 02:44:00,3ª DP,"Empoamento, Luz forense/lanterna",True,True,0.4917
Tráfico de Entorpecentes,Hospital,0,36,0,2023-12-09 16:06:00,DRFC (Furtos),"Luz forense/lanterna, Macrofotografia",True,False,0.2612
Furto de Energia Elétrica ou Termodinâmica,Estabelecimento Comercial,3,5,0,2023-02-08 13:52:00,2ª DP,Luz forense/lanterna,True,False,0.2548
Receptação,Residência,3,16,3,2023-03-04 06:17:00,DHPP (Homicídios),"Macrofotografia, Empoamento, Luz forense/lanterna",False,False,0.1511
Maus Tratos de Animal,Via Pública,1,16,5,2023-11-22 17:53:00,DCA (Criança e Adolescente),Macrofotografia,True,True,0.4063
Furto em Interior de Veículo,Hospital,1,19,5,2023-12-30 22:45:00,DRFC (Furtos),"Empoamento, Macrofotografia, Luz forense/lanterna",False,False,0.1062
Homicídio,Pátio,0,14,1,2023-10-04 09:50:00,1ª DP,"Empoamento, Luz forense/lanterna, Macrofotografia",True,True,0.976
Afogamento,Estabelecimento Comercial,0,11,3,2023-06-06 10:44:00,DHPP (Homicídios),Empoamento,True,False,0.266
Desmanche de Veículos,Estabelecimento Comercial,5,30,2,2023-02-16 20:16:00,1ª DP,"Empoamento, Luz forense/lanterna",True,False,0.3403
Tráfico de Entorpecentes,Terreno Baldio,2,13,0,2023-02-09 12:16:00,1ª DP,"Empoamento, Luz forense/lanterna",False,False,0.1347
Extorsão,Residência,0,9,1,2023-07-10 04:27:00,DRFC (Furtos),Luz forense/lanterna,False,True,0.5639
Roubo Com Estupro,Terreno Baldio,0,5,0,2023-06-06 22:34:00,DRFC (Furtos),"Macrofotografia, Luz forense/lanterna, Empoamento",True,False,0.8972
Roubo Com Estupro,DP,1,11,0,2023-08-10 04:20:00,3ª DP,"Empoamento, Luz forense/lanterna",True,False,0.8079
Violação de Domicílio,Estabelecimento Comercial,2,16,2,2023-01-01 10:29:00,DRFC (Furtos),Empoamento,False,False,0.1993
Homicídio,Pátio,0,27,2,2023-10-26 08:28:00,DEAM (Mulher),Macrofotografia,False,True,0.8835
Arremesso de Projétil,Estabelecimento Comercial,5,999999,0,2023-05-25 11:43:00,1ª DP,Macrofotografia,True,False,0.3011
Disparo de Arma de Fogo,Via Pública,10,16,0,2023-06-05 17:39:00,DRFC (Furtos),"Luz forense/lanterna, Empoamento, Macrofotografia",True,True,0.7339
Cadáver Encontrado,Residência,0,15,3,2023-11-29 22:08:00,1ª DP,"Macrofotografia, Luz forense/lanterna",False,False,0.1786
Pichação,Via Pública,3,6,3,2023-04-06 16:16:00,DCA (Criança e Adolescente),Macrofotografia,True,True,0.4576
Eletroplessão,Residência,3,45,4,,DRFC (Furtos),"Luz forense/lanterna, Empoamento",False,False,0.1993
Furto Qualificado (arrombamento),DP,1,10,0,2023-08-26 09:16:00,DRFC (Furtos),Empoamento,True,False,0.2936
Explosão (sem vítima),DP,1,15,1,2023-06-08 12:51:00,DEAM (Mulher),Macrofotografia,True,False,0.2867
Desmanche de Veículos,DP,2,18,0,2023-02-02 03:49:00,2ª DP,"Macrofotografia, Empoamento",True,False,0.267
Infanticídio,Residência,2,9,3,,DCA (Criança e Adolescente),Luz forense/lanterna,True,True,0.9531
Tentativa de Suicídio,Via Pública,0,16,7,2023-01-24 13:20:00,DRFC (Furtos),Macrofotografia,0,False,0.3003
Violação de Domicílio,Estabelecimento Comercial,0,69,2,2023-05-29 13:43:00,DHPP (Homicídios),"Empoamento, Macrofotografia",False,False,0.1288
Abandono de Incapaz,Hospital,5,9,0,2023-07-06 21:45:00,DHPP (Homicídios),"Luz forense/lanterna, Empoamento",False,False,0.6965
Ameaça,Via Pública,4,18,1,2023-12-31 03:29:00,DRFC (Furtos),"Luz forense/lanterna, Macrofotografia",True,True,0.4693
Estelionato,Residência,1,47,2,2023-01-07 15:52:00,3ª DP,"Empoamento, Luz forense/lanterna",True,False,0.2584
Incêndio (sem vítima),DP,0,9,5,2023-12-15 18:07:00,DHPP (Homicídios),"Macrofotografia, Luz forense/lanterna",True,True,0.4046
Latrocínio e/ou Tentativa de Latrocínio,Terreno Baldio,0,18,2,2023-10-01 19:43:00,3ª DP,"Empoamento, Luz forense/lanterna",True,True,1.0
Pichação,Área Rural,9,8,1,2023-02-03 19:47:00,DRFC (Furtos),"Empoamento, Macrofotografia",False,False,0.1066
Veículo Localizado (furtado ou roubado),Residência,2,11,2,2023-12-04 08:23:00,DCA (Criança e Adolescente),"Macrofotografia, Luz forense/lanterna",True,False,0.2759
Estelionato,Residência,0,24,1,2023-11-24 20:25:00,DCA (Criança e Adolescente),,True,False,0.3347
Incêndio (sem vítima),Hospital,2,15,3,data_invalida,3ª DP,"Macrofotografia, Empoamento",False,True,0.3214
Furto Qualificado (arrombamento),Residência,3,11,2,2023-03-13 11:36:00,DRFC (Furtos),"Luz forense/lanterna, Macrofotografia, Empoamento",Nao,True,0.2998
Estelionato,Pátio,999999,13,6,2023-01-02 16:15:00,DCA (Criança e Adolescente),"Luz forense/lanterna, Macrofotografia",True,True,0.4066
Furto de Energia Elétrica ou Termodinâmica,Via Pública,0,14,1,2023-02-20 02:42:00,2ª DP,"Luz forense/lanterna, Empoamento, Macrofotografia",False,False,0.108
Roubo,Residência,2,8,2,2023-08-16 20:28:00,1ª DP,"Macrofotografia, Luz forense/lanterna",True,Sim,0.5789
Marca em Animal,Via Pública,0,6,0,2023-11-20 02:33:00,1ª DP,"Luz forense/lanterna, Macrofotografia, Empoamento",True,True,0.4604
Ameaça,Terreno Baldio,4,32,0,2023-07-20 23:03:00,1ª DP,"Macrofotografia, Luz forense/lanterna",True,True,0.4912
Roubo Com Estupro,DP,3,23,2,2023-06-22 01:00:00,DRFC (Furtos),"Luz forense/lanterna, Macrofotografia, Empoamento",True,False,0.8183
Incêndio (sem vítima),Estabelecimento Comercial,3,13,3,2023-06-28 12:07:00,DRFC (Furtos),"Macrofotografia, Luz forense/lanterna",False,True,0.3062
Infanticídio,Residência,9,47,,2023-03-02 17:41:00,2ª DP,Luz forense/lanterna,True,True,1.0
Dano Seguido de Lesão Corporal,Estabelecimento Comercial,3,6,3,2023-12-10 10:00:00,2ª DP,"Empoamento, Macrofotografia, Luz forense/lanterna",False,True,0.573
Local de Estupro e/ou Veículo Envolvido em Estupro,DP,5,12,0,2023-03-12 06:39:00,DEAM (Mulher),Empoamento,True,False,0.8863
Suicídio,Área Rural,3,78,1,2023-09-08 11:51:00,DHPP (Homicídios),"Macrofotografia, Luz forense/lanterna, Empoamento",False,False,0.1232
Maus Tratos de Animal,Hospital,4,12,0,2023-05-10 10:21:00,DCA (Criança e Adolescente),Macrofotografia,False,False,0.1754
Furto,Área Rural,3,25,0,2023-06-01 18:09:00,DEAM (Mulher),Luz forense/lanterna,False,False,0.1225
Afogamento,Residência,3,83,0,2023-06-06 04:08:00,2ª DP,"Luz forense/lanterna, Macrofotografia, Empoamento",False,False,0.1344
Dano,Pátio,0,58,2,2023-08-16 15:39:00,3ª DP,Luz forense/lanterna,False,False,0.1857
Homicídio,Estabelecimento Comercial,0,29,1,2023-09-12 02:45:00,DRFC (Furtos),"Empoamento, Luz forense/lanterna",False,False,0.6707
Eletroplessão,Pátio,1,21,0,2023-11-12 14:43:00,DEAM (Mulher),"Macrofotografia, Luz forense/lanterna",False,False,0.1163
Receptação,Pátio,3,20,0,2023-08-19 12:35:00,DEAM (Mulher),Luz forense/lanterna,True,False,0.3469
Homicídio,Hospital,1,25,1,2023-10-20 18:25:00,3ª DP,"Luz forense/lanterna, Macrofotografia, Empoamento",False,True,0.8009
Receptação,Residência,2,5,4,2023-07-10 16:04:00,DEAM (Mulher),Luz forense/lanterna,False,False,0.1031
Incêndio (sem vítima),Pátio,1,30,0,2023-01-24 01:27:00,3ª DP,"Empoamento, Macrofotografia",False,True,0.3416
Feto Encontrado,Estabelecimento Comercial,4,21,3,2023-09-28 21:34:00,3ª DP,"Luz forense/lanterna, Empoamento, Macrofotografia",True,False,0.8399
Afogamento,Estabelecimento Comercial,6,33,0,2023-12-15 07:50:00,DHPP (Homicídios),Luz forense/lanterna,True,True,0.4046
Exercício Arbitrário das Próprias Razões,Estabelecimento Comercial,1,12,5,2023-05-05 19:27:00,DRFC (Furtos),"Luz forense/lanterna, Macrofotografia",False,False,0.1059
Furto,Hospital,2,30,1,2023-01-27 18:35:00,DEAM (Mulher),Empoamento,True,False,0.3396
Abandono de Incapaz,Área Rural,3,5,,2023-07-19 05:06:00,DEAM (Mulher),Empoamento,False,False,0.7184
Desmanche de Veículos,Terreno Baldio,1,8,3,2023-05-05 23:25:00,DRFC (Furtos),"Macrofotografia, Luz forense/lanterna",0,False,0.1351
Latrocínio e/ou Tentativa de Latrocínio,DP,6,15,1,2023-11-09 04:24:00,3ª DP,Luz forense/lanterna,False,True,0.8768
Desmanche de Veículos,Pátio,0,25,0,2023-05-13 01:15:00,3ª DP,"Empoamento, Luz forense/lanterna, Macrofotografia",True,False,0.3358
Ossada Encontrada,Residência,2,72,0,2023-03-18 13:48:00,DCA (Criança e Adolescente),"Empoamento, Macrofotografia",True,False,0.3487
Infanticídio,Área Rural,5,9,7,2023-02-19 07:22:00,DEAM (Mulher),Empoamento,True,False,0.8847
Local de Estupro e/ou Veículo Envolvido em Estupro,Pátio,5,17,2,2023-12-27 09:50:00,3ª DP,"Luz forense/lanterna, Macrofotografia",False,True,0.8383
Disparo de Arma de Fogo,Hospital,2,62,1,2023-06-07 01:35:00,DRFC (Furtos),Empoamento,True,False,0.5791
Aborto,Via Pública,1,38,0,2023-06-30 18:20:00,1ª DP,Macrofotografia,True,False,0.2891
Feminicídio,Via Pública,0,12,1,2023-02-12 09:11:00,DCA (Criança e Adolescente),"Empoamento, Luz forense/lanterna",True,False,0.8697
Cadáver Encontrado,DP,3,41,0,2023-04-09 13:11:00,3ª DP,"Luz forense/lanterna, Empoamento",True,True,0.479
Homicídio,Área Rural,1,15,-5,2023-09-15 02:35:00,DHPP (Homicídios),"Luz forense/lanterna, Empoamento, Macrofotografia",False,False,0.6594
Suicídio,DP,1,13,10,2023-04-21 23:10:00,DRFC (Furtos),Luz forense/lanterna,True,False,0.2503
Cadáver Encontrado,Residência,2,14,1,2023-12-27 07:14:00,3ª DP,"Empoamento, Macrofotografia",True,True,0.4222
Furto Qualificado (arrombamento),Pátio,2,6,0,2023-01-23 09:21:00,2ª DP,"Macrofotografia, Luz forense/lanterna, Empoamento",False,False,0.1386
Incêndio (com vítima),DP,1,10,1,2023-07-03 05:11:00,1ª DP,"Macrofotografia, Luz forense/lanterna, Empoamento",True,True,0.6948
Latrocínio e/ou Tentativa de Latrocínio,Estabelecimento Comercial,5,7,0,2023-06-02 02:48:00,DEAM (Mulher),"Macrofotografia, Luz forense/lanterna",False,False,0.6838
Disparo de Arma de Fogo,Residência,3,16,1,2023-02-22 03:06:00,DHPP (Homicídios),"Macrofotografia, Empoamento, Luz forense/lanterna",True,False,0.5313
Roubo,DP,2,21,2,2023-10-25 19:49:00,2ª DP,"Luz forense/lanterna, Macrofotografia, Empoamento",True,True,0.7404
Furto Qualificado (arrombamento),Estabelecimento Comercial,1,11,2,2023-03-14 23:09:00,3ª DP,"Macrofotografia, Luz forense/lanterna, Empoamento",True,False,0.3194
Pichação,Via Pública,0,16,1,2023-01-01 08:39:00,2ª DP,"Macrofotografia, Luz forense/lanterna, Empoamento",true,True,0.4529
Pichação,Estabelecimento Comercial,1,18,1,2023-12-03 23:34:00,DEAM (Mulher),"Luz forense/lanterna, Macrofotografia",True,False,0.3376
Lesão Corporal,Pátio,1,11,0,2023-01-17 12:36:00,2ª DP,"Macrofotografia, Empoamento, Luz forense/lanterna",True,False,0.5311
Feminicídio,Área Rural,12,N/A,1,2023-11-10 02:42:00,2ª DP,"Macrofotografia, Luz forense/lanterna, Empoamento",True,True,1.0
Marca em Animal,Estabelecimento Comercial,0,56,1,data_invalida,3ª DP,"Macrofotografia, Empoamento",False,True,0.267
Feto Encontrado,Hospital,0,8,0,2023-02-14 03:08:00,3ª DP,"Macrofotografia, Empoamento, Luz forense/lanterna",True,True,0.9572
Desmanche de Veículos,Estabelecimento Comercial,2,68,1,2023-10-12 02:43:00,DEAM (Mulher),"Empoamento, Luz forense/lanterna, Macrofotografia",False,False,0.123
Incêndio (com vítima),Residência,0,6,1,2023-12-16 12:34:00,DCA (Criança e Adolescente),"Macrofotografia, Empoamento",True,False,0.5906
Ossada Encontrada,Terreno Baldio,8,29,0,2023-01-13 16:45:00,3ª DP,"Macrofotografia, Luz forense/lanterna, Empoamento",True,True,0.4346
Incêndio (sem vítima),Estabelecimento Comercial,1,14,0,2023-11-08 04:04:00,DHPP (Homicídios),Empoamento,True,False,0.2515
Eletroplessão,Estabelecimento Comercial,0,26,0,2023-12-20 16:36:00,2ª DP,"Empoamento, Luz forense/lanterna, Macrofotografia",True,True,0.408
Marca em Animal,Pátio,3,5,1,2023-08-14 17:26:00,DRFC (Furtos),Luz forense/lanterna,False,False,0.1163
Violação de Sepultura,Área Rural,1,6,5,2023-01-02 04:59:00,1ª DP,"Luz forense/lanterna, Macrofotografia, Empoamento",False,False,0.1824
Ossada Encontrada,Estabelecimento Comercial,2,14,0,2023-07-01 02:50:00,DHPP (Homicídios),"Luz forense/lanterna, Macrofotografia",True,True,0.49
Furto Qualificado (arrombamento),Estabelecimento Comercial,8,42,0,2023-05-06 13:18:00,DEAM (Mulher),"Macrofotografia, Luz forense/lanterna",True,False,0.3066
Feminicídio,Estabelecimento Comercial,3,13,5,2023-10-07 21:09:00,DEAM (Mulher),"Luz forense/lanterna, Macrofotografia",True,False,0.8797
Veículo Localizado (furtado ou roubado),Hospital,10,11,5,2023-03-19 09:34:00,2ª DP,Macrofotografia,True,False,0.3125
Maus Tratos de Animal,Pátio,3,12,1,2023-11-03 17:39:00,DHPP (Homicídios),"Luz_forense/lanterna,_Empoamento",True,False,0.2558
Roubo,DP,13,5,0,2023-10-20 02:24:00,DHPP (Homicídios),"Luz forense/lanterna, Macrofotografia",True,False,0.5131
Extorsão,DP,0,19,2,2023-06-06 13:53:00,DHPP (Homicídios),"Luz forense/lanterna, Macrofotografia, Empoamento",True,False,0.5321
Infanticídio,Hospital,0,51,1,2023-02-14 12:55:00,DRFC (Furtos),Empoamento,False,True,0.8987
Violação de Domicílio,Área Rural,0,33,1,2023-05-13 21:52:00,DRFC (Furtos),Empoamento,True,True,0.4212
Afogamento,Área Rural,2,14,4,2023-06-21 21:20:00,DRFC (Furtos),"Empoamento, Macrofotografia, Luz forense/lanterna",False,False,0.1107
Latrocínio e/ou Tentativa de Latrocínio,Área Rural,2,36,1,2023-11-26 06:33:00,DCA (Criança e Adolescente),"Luz forense/lanterna, Macrofotografia",True,False,0.8151
Homicídio,Pátio,1,12,0,2023-01-16 07:08:00,DEAM (Mulher),"Macrofotografia, Empoamento",True,True,0.9564
Arremesso de Projétil,Área Rural,3,6,1,2023-08-27 05:57:00,DCA (Criança e Adolescente),"Luz forense/lanterna, Macrofotografia",True,True,0.4654
Furto,Hospital,1,6,0,2023-06-30 10:46:00,2ª DP,"Empoamento, Luz forense/lanterna, Macrofotografia",False,False,0.1212
Disparo de Arma de Fogo,DP,0,23,0,2023-12-07 23:51:00,2ª DP,Macrofotografia,True,True,0.7343
Incêndio (sem vítima),Área Rural,2,38,0,2023-12-30 22:24:00,DCA (Criança e Adolescente),"Luz forense/lanterna, Empoamento",True,False,0.3
Furto Qualificado (arrombamento),Área Rural,2,11,0,2023-06-11 15:27:00,DRFC (Furtos),"Luz forense/lanterna, Macrofotografia, Empoamento",False,False,0.1484
Veículo Localizado (furtado ou roubado),Terreno Baldio,3,17,0,2023-06-20 04:09:00,3ª DP,"Luz forense/lanterna, Macrofotografia, Empoamento",True,False,0.2561
Furto d'água,Hospital,8,47,1,2023-11-12 01:39:00,DHPP (Homicídios),Macrofotografia,True,False,0.2986
Desmanche de Veículos,Residência,4,17,2,2023-03-20 05:25:00,DEAM (Mulher),Macrofotografia,False,False,0.1533
Local de Estupro e/ou Veículo Envolvido em Estupro,Residência,4,5,1,2023-08-25 22:59:00,1ª DP,"Macrofotografia, Luz forense/lanterna",False,True,0.8431
Furto de Energia Elétrica ou Termodinâmica,Via Pública,7,30,2,2023-11-20 10:05:00,1ª DP,"Empoamento, Macrofotografia, Luz forense/lanterna",False,True,0.2614
Furto Qualificado (arrombamento),Residência,2,60,2,2023-06-13 01:09:00,DHPP (Homicídios),"Luz forense/lanterna, Macrofotografia",False,False,0.1352
Homicídio,Pátio,0,26,0,2023-07-27 01:00:00,DHPP (Homicídios),"Macrofotografia, Luz forense/lanterna, Empoamento",True,False,0.8609
Violação de Sepultura,Pátio,1,50,0,2023-08-16 15:18:00,1ª DP,Empoamento,False,False,0.108
Abandono de Incapaz,Área Rural,2,18,0,2023-02-24 08:06:00,3ª DP,"Luz forense/lanterna, Macrofotografia",False,False,0.7292
Cadáver Encontrado,Pátio,0,49,1,2023-08-24 02:51:00,3ª DP,"Luz forense/lanterna, Empoamento",true,False,0.1895
Ossada Encontrada,Área Rural,N/A,9,1,2023-11-21 20:24:00,DCA (Criança e Adolescente),"Luz forense/lanterna, Empoamento, Macrofotografia",True,False,0.2903
Incêndio (sem vítima),Residência,4,28,0,31/02/2023 25:00:00,3ª DP,Empoamento,True,True,0.4305
Local de Estupro e/ou Veículo Envolvido em Estupro,Via Pública,1,58,1,2023-10-11 00:03:00,DCA (Criança e Adolescente),"Macrofotografia, Empoamento",False,False,0.6687
Explosão (com vítima),Estabelecimento Comercial,0,38,4,2023-10-12 19:09:00,2ª DP,Empoamento,True,True,0.6783
Explosão (com vítima),DP,3,6,1,2023-09-30 14:19:00,3ª DP,"Empoamento, Luz forense/lanterna, Macrofotografia",True,True,0.6654
Adulteração de Placa e/ou Lacre,Residência,4,25,1,2023-10-16 08:43:00,DEAM (Mulher),"Empoamento, Macrofotografia, Luz forense/lanterna",False,False,0.1726
Furto,Área Rural,3,13,0,2023-03-08 04:15:00,DEAM (Mulher),Empoamento,False,False,0.1671
Incêndio (com vítima),Pátio,4,19,1,2023-09-11 15:03:00,3ª DP,"Macrofotografia, Luz forense/lanterna",False,True,0.5982
Veículo Localizado (furtado ou roubado),Área Rural,1,35,1,2023-06-06 18:31:00,DEAM (Mulher),"Luz forense/lanterna, Macrofotografia",True,False,0.314
Infanticídio,DP,4,7,6,2023-07-04 18:58:00,2ª DP,"Luz forense/lanterna, Empoamento, Macrofotografia",True,False,0.8512
Tráfico de Entorpecentes,Pátio,0,6,0,2023-05-03 15:27:00,DCA (Criança e Adolescente),"Empoamento, Macrofotografia, Luz forense/lanterna",False,False,0.1348
Morte Aparentemente Natural,Hospital,1,27,1,2023-01-15 02:54:00,DHPP (Homicídios),"Empoamento, Macrofotografia, Luz forense/lanterna",False,False,0.1219
Receptação,Via Pública,1,8,3,2023-04-07 11:14:00,DCA (Criança e Adolescente),"Macrofotografia, Luz forense/lanterna",True,False,0.3258
Desmanche de Veículos,Área Rural,0,14,3,2023-08-28 02:17:00,DRFC (Furtos),Macrofotografia,True,False,0.2877
Explosão (com vítima),DP,6,18,1,2023-01-04 14:53:00,1ª DP,Macrofotografia,True,False,0.5923
Homicídio,Estabelecimento Comercial,1,17,0,2023-03-31 13:20:00,2ª DP,"Macrofotografia, Empoamento, Luz forense/lanterna",True,False,0.8204
Violação de Domicílio,Via Pública,0,15,1,2023-11-25 18:22:00,DCA (Criança e Adolescente),Macrofotografia,True,False,0.3474
Afogamento,Hospital,0,21,8,2023-06-27 07:08:00,3ª DP,"Macrofotografia, Empoamento",False,True,0.2677
Exercício Arbitrário das Próprias Razões,Via Pública,9,56,0,2023-08-10 03:22:00,3ª DP,Macrofotografia,False,True,0.2843
Violação de Sepultura,Terreno Baldio,4,23,1,2023-05-20 11:59:00,DEAM (Mulher),"Macrofotografia, Luz forense/lanterna",False,False,0.1779
Latrocínio e/ou Tentativa de Latrocínio,Área Rural,3,29,7,2023-02-17 06:40:00,1ª DP,"Luz forense/lanterna, Macrofotografia",True,False,0.8335
Feto Encontrado,Hospital,1,32,0,2023-05-21 05:28:00,DHPP (Homicídios),"Empoamento, Luz forense/lanterna",True,False,0.8798
Feminicídio,Residência,0,40,1,2023-12-26 05:20:00,DEAM (Mulher),"Luz forense/lanterna, Empoamento",True,False,0.8297
Desmanche de Veículos,Hospital,7,7,0,2023-09-04 19:23:00,1ª DP,"Luz forense/lanterna, Empoamento",False,False,0.1548
Furto em Interior de Veículo,Terreno Baldio,3,16,2,2023-01-20 15:42:00,DCA (Criança e Adolescente),Macrofotografia,True,False,0.2664
Abandono de Incapaz,DP,0,50,5,2023-04-17 05:17:00,3ª DP,"Empoamento, Luz forense/lanterna",False,False,0.6702
Lesão Corporal,Terreno Baldio,0,99,2,2023-08-30 05:16:00,3ª DP,Macrofotografia,False,True,0.5391
Abandono de Incapaz,DP,4,6,1,2023-04-02 16:41:00,DEAM (Mulher),Luz forense/lanterna,False,False,0.737
Explosão (com vítima),Via Pública,0,100,0,2023-11-07 02:17:00,DHPP (Homicídios),Empoamento,True,True,0.7143
Desmanche de Veículos,Área Rural,0,18,1,2023-07-19 05:43:00,2ª DP,Luz forense/lanterna,True,False,0.3474
Furto d'água,DP,0,42,0,2023-08-08 18:27:00,1ª DP,"Empoamento, Luz forense/lanterna, Macrofotografia",True,True,0.482
Explosão (com vítima),Via Pública,1,21,2,2023-11-30 22:37:00,2ª DP,Luz forense/lanterna,Sim,False,0.513
Aborto,Hospital,3,19,1,2023-07-06 21:52:00,2ª DP,"Luz forense/lanterna, Empoamento",True,True,0.4143
Furto em Interior de Veículo,Área Rural,2,6,4,2023-07-21 15:21:00,1ª DP,"Macrofotografia, Luz forense/lanterna",False,True,0.3323
Explosão (sem vítima),Pátio,1,20,0,2023-11-08 22:12:00,DEAM (Mulher),Macrofotografia,False,True,0.3141
Tentativa de Homicídio,Estabelecimento Comercial,3,45,0,2023-03-17 05:33:00,DRFC (Furtos),Luz forense/lanterna,False,False,0.7352
Incêndio (sem vítima),Hospital,1,33,1,2023-07-09 16:27:00,DEAM (Mulher),"Empoamento, Macrofotografia",False,True,0.3264
Extorsão,Estabelecimento Comercial,1,12,6,2023-02-16 20:06:00,DRFC (Furtos),"Empoamento, Macrofotografia, Luz forense/lanterna",False,True,0.5253
Latrocínio e/ou Tentativa de Latrocínio,Área Rural,1,17,0,2023-07-15 03:04:00,3ª DP,"Macrofotografia, Empoamento, Luz forense/lanterna",True,1,0.8297
Pichação,Estabelecimento Comercial,1,83,0,2023-09-23 03:45:00,DCA (Criança e Adolescente),Macrofotografia,True,False,0.2698
Desmanche de Veículos,Terreno Baldio,1,18,5,2023-11-17 22:22:00,DEAM (Mulher),"Luz forense/lanterna, Macrofotografia, Empoamento",True,True,0.4741
Abandono de Incapaz,Residência,13,13,0,2023-02-24 12:32:00,1ª DP,"Macrofotografia, Luz forense/lanterna",True,False,0.8376
Furto em Interior de Veículo,DP,4,5,0,2023-02-20 14:29:00,DHPP (Homicídios),"Empoamento, Macrofotografia",False,False,0.1378
Local de Estupro e/ou Veículo Envolvido em Estupro,Residência,3,8,6,2023-03-17 01:39:00,1ª DP,"Empoamento, Luz forense/lanterna, Macrofotografia",False,False,0.6959
Feto Encontrado,Residência,7,11,5,2023-06-16 16:09:00,1ª DP,"Macrofotografia, Luz forense/lanterna",False,False,0.7202
Dano,Estabelecimento Comercial,1,42,0,2023-09-07 14:57:00,DEAM (Mulher),Luz forense/lanterna,False,False,0.1311
Feminicídio,Residência,9,5,8,2023-01-27 18:26:00,2ª DP,"Luz forense/lanterna, Empoamento, Macrofotografia",True,Sim,0.8898
Furto d'água,Terreno Baldio,8,20,1,2023-11-24 05:20:00,DRFC (Furtos),Empoamento,True,True,0.4626
Ossada Encontrada,Pátio,0,18,2,2023-09-19 03:42:00,2ª DP,Luz forense/lanterna,False,False,0.1296
Furto d'água,Área Rural,3,9,0,data_invalida,2ª DP,Empoamento,True,True,0.4688
Explosão (sem vítima),Pátio,0,62,0,,DEAM (Mulher),Macrofotografia,True,False,0.2759
Adulteração de Placa e/ou Lacre,Estabelecimento Comercial,6,16,0,2023-11-11 08:37:00,DCA (Criança e Adolescente),Macrofotografia,False,False,0.1635
Feminicídio,DP,0,44,0,2023-06-06 20:19:00,DCA (Criança e Adolescente),Luz forense/lanterna,True,False,0.8283
Infanticídio,Terreno Baldio,2,20,0,2023-07-09 12:46:00,DRFC (Furtos),Luz forense/lanterna,False,True,0.8772
Suicídio,Área Rural,0,9,1,2023-02-18 10:07:00,DCA (Criança e Adolescente),"Empoamento, Luz forense/lanterna, Macrofotografia",False,True,0.3173
  Furto d'água  ,Residência,2,20,4,2023-05-07 14:48:00,DEAM (Mulher),"Macrofotografia, Luz forense/lanterna, Empoamento",False,True,0.3178
Aborto,Via Pública,3,14,1,2023-02-02 22:59:00,DCA (Criança e Adolescente),"Empoamento, Luz forense/lanterna, Macrofotografia",True,False,0.2873
Explosão (sem vítima),Estabelecimento Comercial,4,12,1,2023-04-01 06:27:00,DRFC (Furtos),"Empoamento, Luz forense/lanterna",True,False,0.2916
Pichação,Pátio,6,98,0,,2ª DP,"Luz forense/lanterna, Macrofotografia",True,True,0.4241
Receptação,Hospital,1,15,8,2023-10-11 16:35:00,1ª DP,"Macrofotografia, Luz forense/lanterna",False,True,0.3049
Disparo de Arma de Fogo,Área Rural,6,58,2,2023-05-26 23:17:00,DRFC (Furtos),"Luz forense/lanterna, Macrofotografia",False,False,0.4148
Explosão (com vítima),Pátio,4,42,0,2023-01-03 17:25:00,1ª DP,"Luz forense/lanterna, Empoamento, Macrofotografia",False,False,0.3564
Lesão Corporal,Via Pública,12,35,4,2023-05-04 23:04:00,3ª DP,"Luz forense/lanterna, Empoamento",True,False,0.5335
Furto de Energia Elétrica ou Termodinâmica,Via Pública,1,8,2,2023-11-16 22:26:00,DRFC (Furtos),"Empoamento, Macrofotografia, Luz forense/lanterna",True,True,0.4221
Incêndio (com vítima),Pátio,0,16,1,2023-10-27 21:24:00,2ª DP,"Luz forense/lanterna, Empoamento, Macrofotografia",True,True,0.6651
Ameaça,Via Pública,1,6,0,2023-05-02 18:00:00,1ª DP,Luz forense/lanterna,True,False,0.3352
Dano,Pátio,0,29,6,2023-06-24 22:40:00,1ª DP,Macrofotografia,False,False,0.1596
Exercício Arbitrário das Próprias Razões,Terreno Baldio,4,31,0,2023-03-11 12:37:00,1ª DP,Empoamento,True,False,0.2891
Infanticídio,DP,1,32,6,2023-03-04 22:13:00,2ª DP,Macrofotografia,False,True,0.8413
Maus Tratos de Animal,Pátio,0,12,3,2023-12-10 13:24:00,DRFC (Furtos),Luz forense/lanterna,True,True,0.491
Desmanche de Veículos,Estabelecimento Comercial,3,25,1,2023-01-12 16:49:00,1ª DP,"Empoamento, Macrofotografia, Luz forense/lanterna",True,False,0.3432
Feto Encontrado,Pátio,0,23,2,2023-04-05 01:21:00,DHPP (Homicídios),"Luz forense/lanterna, Empoamento, Macrofotografia",False,False,0.6783
Marca em Animal,Via Pública,1,20,0,2023-08-03 08:39:00,2ª DP,"Empoamento, Luz forense/lanterna, Macrofotografia",False,False,0.1485
Maus Tratos de Animal,Terreno Baldio,1,26,0,2023-08-28 02:23:00,DHPP (Homicídios),"Macrofotografia, Empoamento, Luz forense/lanterna",False,True,0.2596
Furto,residência,5,14,0,2023-04-11 20:51:00,DHPP (Homicídios),Macrofotografia,False,False,0.1224
Latrocínio e/ou Tentativa de Latrocínio,Via Pública,0,35,1,2023-11-09 17:56:00,3ª DP,"Luz forense/lanterna, Macrofotografia",False,False,0.6862
DISPARO DE ARMA DE FOGO,Pátio,2,45,3,2023-09-09 10:21:00,DCA (Criança e Adolescente),"Empoamento, Macrofotografia, Luz forense/lanterna",True,True,0.6671
Exercício Arbitrário das Próprias Razões,DP,1,5,1,2023-04-24 01:50:00,DHPP (Homicídios),"Luz forense/lanterna, Empoamento",False,False,0.1704
Roubo Com Estupro,Estabelecimento Comercial,0,37,2,2023-08-06 02:24:00,1ª DP,"Macrofotografia, Luz forense/lanterna",False,False,0.7297
Afogamento,Estabelecimento Comercial,4,7,6,2023-09-30 03:50:00,DRFC (Furtos),"Empoamento, Luz forense/lanterna",True,False,0.2574
Exercício Arbitrário das Próprias Razões,Pátio,2,82,1,2023-08-01 04:19:00,3ª DP,Empoamento,False,False,0.1041
Abandono de Incapaz,Área Rural,3,32,0,2023-01-29 20:12:00,1ª DP,Empoamento,False,False,0.6689
Explosão (sem vítima),Pátio,8,11,1,2023-06-11 07:49:00,DCA (Criança e Adolescente),"Luz forense/lanterna, Empoamento, Macrofotografia",True,False,0.2959
Furto,DP,7,9,1,2023-09-01 06:17:00,DRFC (Furtos),"Empoamento, Luz forense/lanterna, Macrofotografia",True,False,0.2505
Dano Seguido de Lesão Corporal,Residência,4,12,0,2023-03-09 13:00:00,DRFC (Furtos),"Empoamento, Macrofotografia, Luz forense/lanterna",False,False,0.3801
Arremesso de Projétil,Via Pública,2,9,6,2023-07-31 11:26:00,DEAM (Mulher),"Luz forense/lanterna, Macrofotografia, Empoamento",True,False,0.3015
Pichação,DP,2,14,5,2023-01-09 07:02:00,3ª DP,"Luz forense/lanterna, Empoamento, Macrofotografia",False,True,0.2612
Afogamento,Via Pública,1,10,0,2023-07-24 15:22:00,DCA (Criança e Adolescente),"Empoamento, Luz forense/lanterna, Macrofotografia",True,False,0.2779
Exercício Arbitrário das Próprias Razões,Área Rural,10,29,0,2023-01-01 16:42:00,DCA (Criança e Adolescente),"Macrofotografia, Empoamento, Luz forense/lanterna",False,True,0.3397
Infanticídio,DP,0,8,0,2023-01-26 02:47:00,DHPP (Homicídios),"Empoamento, Macrofotografia, Luz forense/lanterna",Sim,True,1.0
Tentativa de Suicídio,Via Pública,1,78,0,2023-09-17 04:33:00,3ª DP,Luz forense/lanterna,True,False,0.261
Tentativa de Suicídio,Residência,1,75,1,2023-01-17 11:57:00,2ª DP,"Luz forense/lanterna, Empoamento, Macrofotografia",False,False,0.1717
Infanticídio,Área Rural,1,18,0,2023-03-25 23:52:00,DCA (Criança e Adolescente),Luz forense/lanterna,True,False,0.8301
Tráfico de Entorpecentes,Pátio,1,35,0,2023-04-19 13:20:00,3ª DP,Luz forense/lanterna,True,False,0.2863
Furto d'água,DP,0,35,0,2023-12-22 08:24:00,2ª DP,Macrofotografia,True,True,0.4138
Incêndio (com vítima),Via Pública,14,9,3,2023-06-18 09:17:00,2ª DP,Macrofotografia,True,False,0.5579
Latrocínio e/ou Tentativa de Latrocínio,Hospital,0,21,3,2023-06-21 13:03:00,2ª DP,Macrofotografia,True,False,0.8841
Violação de Sepultura,Pátio,1,19,2,2023-12-21 13:17:00,DCA (Criança e Adolescente),"Macrofotografia, Empoamento",True,True,0.4478
Abandono de Incapaz,Residência,1,31,0,2023-01-01 01:07:00,1ª DP,"Macrofotografia, Empoamento, Luz forense/lanterna",True,False,0.8407
Explosão (sem vítima),Estabelecimento Comercial,0,21,0,2023-04-27 00:59:00,1ª DP,Luz forense/lanterna,True,True,0.4005
Feto Encontrado,Hospital,0,45,0,2023-01-21 14:54:00,DEAM (Mulher),"Macrofotografia, Empoamento, Luz forense/lanterna",True,False,0.8833
Exercício Arbitrário das Próprias Razões,Hospital,0,20,3,2023-05-07 20:11:00,DEAM (Mulher),"Macrofotografia, Empoamento",False,True,0.255
Roubo Com Estupro,DP,3,5,0,2023-01-31 02:13:00,1ª DP,"Empoamento, Luz forense/lanterna",True,True,1.0
Marca em Animal,DP,4,44,1,2023-10-27 13:19:00,DEAM (Mulher),"Macrofotografia, Empoamento",False,False,0.1737
Exercício Arbitrário das Próprias Razões,Residência,2,15,1,2023-01-26 06:14:00,DRFC (Furtos),Empoamento,False,True,0.303
Pichação,Estabelecimento Comercial,6,49,4,2023-06-25 09:56:00,2ª DP,Luz forense/lanterna,False,False,0.1092
Furto Qualificado (arrombamento),Pátio,3,999999,0,2023-08-02 23:28:00,1ª DP,"Macrofotografia, Luz forense/lanterna, Empoamento",True,False,0.2884
Desmanche de Veículos,Área Rural,0,8,2,2023-06-03 04:04:00,3ª DP,"Macrofotografia, Empoamento",True,True,0.4479
Violação de Sepultura,Via Pública,2,21,0,data_invalida,DEAM (Mulher),Empoamento,True,False,0.2705
Dano,Via Pública,0,13,7,2023-06-30 19:29:00,DCA (Criança e Adolescente),"Macrofotografia, Luz forense/lanterna",False,False,0.1483
Ameaça,Hospital,1,8,0,2023-03-12 18:16:00,DHPP (Homicídios),"Luz forense/lanterna, Empoamento",True,False,0.3378
Incêndio (com vítima),Terreno Baldio,999999,61,2,2023-08-12 12:09:00,DCA (Criança e Adolescente),"Macrofotografia, Empoamento, Luz forense/lanterna",False,False,0.39
Homicídio,Pátio,2,8,1,2023-01-06 00:55:00,DCA (Criança e Adolescente),"Luz forense/lanterna, Empoamento, Macrofotografia",True,False,0.854
Furto Qualificado (arrombamento),Via Pública,3,24,0,2023-07-08 21:49:00,DRFC (Furtos),Macrofotografia,False,False,0.1026
Veículo Localizado (furtado ou roubado),DP,3,13,1,2023-08-07 19:52:00,DRFC (Furtos),Luz forense/lanterna,False,False,0.1921
Exercício Arbitrário das Próprias Razões,Residência,-8,32,0,2023-12-17 06:29:00,1ª DP,"Luz forense/lanterna, Macrofotografia",True,True,0.476
Tráfico de Entorpecentes,Via Pública,3,18,11,2023-01-19 05:16:00,2ª DP,"Macrofotografia, Luz forense/lanterna",True,False,0.3112
Violação de Domicílio,Área Rural,0,13,1,2023-07-27 03:05:00,2ª DP,Empoamento,True,False,0.3133
Ossada Encontrada,Via Pública,2,26,1,2023-10-03 16:58:00,3ª DP,"Macrofotografia, Empoamento, Luz forense/lanterna",False,False,0.1984
Desmanche de Veículos,Pátio,4,13,3,2023-08-17 03:23:00,DRFC (Furtos),Empoamento,False,False,0.1355
Estelionato,Terreno Baldio,4,5,1,2023-07-24 06:40:00,2ª DP,"Empoamento, Luz forense/lanterna, Macrofotografia",False,False,0.1864
Homicídio,Hospital,2,38,3,2023-06-24 20:14:00,DRFC (Furtos),Macrofotografia,True,True,1.0
Furto em Interior de Veículo,Área Rural,2,6,0,2023-04-16 07:08:00,DRFC (Furtos),"Empoamento, Luz forense/lanterna, Macrofotografia",False,True,0.3226
Estelionato,Hospital,8,12,1,2023-05-03 14:57:00,2ª DP,Empoamento,,False,0.1138
Furto em Interior de Veículo,Pátio,0,5,1,2023-09-21 18:23:00,DCA (Criança e Adolescente),"Luz forense/lanterna, Empoamento, Macrofotografia",False,True,0.2985
Disparo de Arma de Fogo,Pátio,3,13,3,2023-09-19 05:35:00,3ª DP,Empoamento,False,False,0.4253
Violação de Sepultura,DP,7,18,0,2023-05-28 07:41:00,3ª DP,"Macrofotografia, Empoamento, Luz forense/lanterna",True,True,0.4096
Roubo Com Estupro,Hospital,5,7,0,2023-03-24 00:50:00,2ª DP,"Luz forense/lanterna, Macrofotografia",Nao,False,0.8562
Explosão (sem vítima),Via Pública,0,21,2,2023-07-23 05:42:00,3ª DP,"Luz forense/lanterna, Macrofotografia, Empoamento",False,True,0.3179
Pichação,DP,2,16,3,2023-03-29 11:53:00,DRFC (Furtos),"Empoamento, Luz forense/lanterna, Macrofotografia",True,True,0.4937
Explosão (sem vítima),Pátio,0,10,0,2023-02-01 02:02:00,DEAM (Mulher),Empoamento,True,False,0.2908
Suicídio,Residência,5,13,0,2023-12-23 10:52:00,DRFC (Furtos),"Empoamento, Macrofotografia",False,False,0.1248
Eletroplessão,DP,0,18,3,2023-09-20 11:41:00,DCA (Criança e Adolescente),"Macrofotografia, Luz forense/lanterna",True,True,0.4765
Tráfico de Entorpecentes,DP,2,27,2,2023-03-04 12:28:00,DCA (Criança e Adolescente),"Luz forense/lanterna, Empoamento, Macrofotografia",False,False,0.1909
Dano Seguido de Lesão Corporal,Via Pública,7,26,2,2023-07-14 05:45:00,DRFC (Furtos),"Empoamento, Luz forense/lanterna",False,True,0.5238
Cadáver Encontrado,Residência,0,26,3,2023-03-11 22:12:00,DRFC (Furtos),"Macrofotografia, Luz forense/lanterna, Empoamento",False,True,0.3009
Veículo Localizado (furtado ou roubado),Área Rural,0,28,3,2023-03-27 01:59:00,DHPP (Homicídios),Luz forense/lanterna,False,True,0.315
Furto,Estabelecimento Comercial,0,5,1,2023-01-21 04:36:00,DRFC (Furtos),Luz forense/lanterna,False,False,0.1895
Tentativa de Homicídio,Hospital,0,85,7,2023-10-10 07:05:00,2ª DP,"Empoamento, Macrofotografia",False,False,0.6701
Tentativa de Homicídio,Via Pública,1,8,0,2023-02-02 06:21:00,3ª DP,Luz forense/lanterna,False,False,0.739
Infanticídio,Via Pública,0,19,3,2023-02-04 17:00:00,DEAM (Mulher),"Empoamento, Macrofotografia, Luz forense/lanterna",True,False,0.8845
Abandono de Incapaz,Terreno Baldio,2,11,0,2023-05-12 19:49:00,DCA (Criança e Adolescente),"Empoamento, Luz forense/lanterna",False,True,0.881
Dano Seguido de Lesão Corporal,Estabelecimento Comercial,2,14,4,2023-12-23 16:25:00,2ª DP,Empoamento,True,False,0.5264
Desmanche de Veículos,Estabelecimento Comercial,5,5,1,2023-01-30 04:05:00,DHPP (Homicídios),"Macrofotografia, Empoamento",False,False,0.158
Explosão (com vítima),DP,11,55,0,2023-11-16 16:02:00,2ª DP,Luz forense/lanterna,True,False,0.5505
Explosão (sem vítima),DP,2,19,0,2023-04-23 21:13:00,1ª DP,Empoamento,True,False,0.3023
Exercício Arbitrário das Próprias Razões,Área Rural,0,96,1,2023-04-23 04:17:00,2ª DP,"Luz forense/lanterna, Empoamento, Macrofotografia",True,False,0.3353
Infanticídio,Terreno Baldio,1,13,3,2023-11-14 06:43:00,3ª DP,"Macrofotografia, Empoamento, Luz forense/lanterna",True,True,0.9547
Violação de Domicílio,Hospital,0,18,0,2023-05-10 08:38:00,DEAM (Mulher),"Empoamento, Macrofotografia",False,True,0.3331
Lesão Corporal,Pátio,13,11,0,2023-12-03 16:40:00,2ª DP,"Macrofotografia, Empoamento",True,False,0.5596
Lesão Corporal,Pátio,3,47,0,2023-04-20 13:36:00,DCA (Criança e Adolescente),"Luz forense/lanterna, Empoamento, Macrofotografia",True,True,0.6767
Tráfico de Entorpecentes,Terreno Baldio,2,22,0,2023-01-12 12:52:00,DCA (Criança e Adolescente),"Empoamento, Macrofotografia",True,True,0.4548
Cadáver Encontrado,Área Rural,3,26,3,2023-03-17 18:36:00,1ª DP,"Macrofotografia, Empoamento",True,True,0.4006
Furto d'água,Área Rural,0,5,3,2023-12-31 00:26:00,2ª dp,"Empoamento, Macrofotografia, Luz forense/lanterna",False,False,0.1269
Furto de Energia Elétrica ou Termodinâmica,Via Pública,0,25,0,2023-02-24 12:54:00,DEAM (Mulher),"Macrofotografia, Empoamento",False,False,0.1594
Homicídio,Área Rural,0,78,1,2023-09-09 16:11:00,DEAM (Mulher),Macrofotografia,True,False,0.8205
Pichação,Residência,4,17,0,2023-10-01 02:37:00,DRFC (Furtos),"Empoamento, Macrofotografia, Luz forense/lanterna",False,False,0.1691
Latrocínio e/ou Tentativa de Latrocínio,Estabelecimento Comercial,1,10,1,2023-01-07 00:47:00,DEAM (Mulher),Luz forense/lanterna,False,False,0.6709
Suicídio,Via Pública,1,10,2,,DEAM (Mulher),Macrofotografia,True,False,0.2947
Violação de Sepultura,Residência,9,14,3,2023-10-12 23:41:00,DHPP (Homicídios),Empoamento,True,True,0.4364
Furto em Interior de Veículo,DP,2,26,3,2023-11-04 15:51:00,DRFC (Furtos),"Macrofotografia, Empoamento, Luz forense/lanterna",False,True,0.2941
Feminicídio,Área Rural,5,7,2,2023-04-02 13:09:00,DHPP (Homicídios),"Macrofotografia, Luz forense/lanterna",True,False,0.8203
Local de Estupro e/ou Veículo Envolvido em Estupro,Via Pública,0,139,3,2023-05-05 17:36:00,1ª DP,"Macrofotografia, Empoamento",False,True,0.808
Abandono de Incapaz,Via Pública,0,19,0,2023-02-02 13:09:00,DEAM (Mulher),"Luz forense/lanterna, Macrofotografia",True,False,0.8161
Incêndio (sem vítima),DP,1,27,3,2023-12-10 01:05:00,3ª DP,Empoamento,False,True,0.2654
Tráfico de Entorpecentes,Via Pública,3,67,3,2023-07-04 15:41:00,DHPP (Homicídios),Luz forense/lanterna,False,True,0.2655
Morte Aparentemente Natural,Pátio,3,6,1,2023-09-08 14:47:00,3ª DP,"Luz forense/lanterna, Macrofotografia",False,False,0.1997
Suicídio,Hospital,5,50,0,2023-09-08 20:00:00,3ª DP,"Macrofotografia, Luz forense/lanterna",False,True,0.2962
Incêndio (sem vítima),Terreno Baldio,2,35,0,2023-12-14 16:01:00,DHPP (Homicídios),"Empoamento, Macrofotografia, Luz forense/lanterna",True,False,0.2988
Infanticídio,Estabelecimento Comercial,1,24,3,2023-08-15 00:16:00,DRFC (Furtos),Empoamento,True,False,0.8635
Receptação,Área Rural,2,8,2,2023-10-05 13:51:00,DHPP (Homicídios),Macrofotografia,False,False,0.185
Arremesso de Projétil,Estabelecimento Comercial,2,54,0,2023-09-10 00:19:00,2ª DP,Empoamento,False,True,0.2555
Abandono de Incapaz,Área Rural,2,8,1,2023-09-22 22:19:00,1ª DP,"Macrofotografia, Luz forense/lanterna, Empoamento",True,True,1.0
Furto em Interior de Veículo,Estabelecimento Comercial,2,6,13,2023-01-30 15:13:00,DCA (Criança e Adolescente),"Empoamento, Macrofotografia, Luz forense/lanterna",True,True,0.4006
Furto em Interior de Veículo,Terreno Baldio,4,9,4,2023-07-08 09:58:00,DRFC (Furtos),"Luz forense/lanterna, Empoamento",False,False,0.1665
Tráfico de Entorpecentes,Terreno Baldio,1,26,3,2023-07-16 07:21:00,1ª DP,"Macrofotografia, Luz forense/lanterna, Empoamento",True,False,0.3439
Violação de Sepultura,Residência,2,28,0,2023-05-22 06:13:00,DHPP (Homicídios),"Empoamento, Luz forense/lanterna",False,False,0.1758
Ameaça,Residência,5,10,0,2023-03-26 20:45:00,DRFC (Furtos),"Macrofotografia, Empoamento, Luz forense/lanterna",True,True,0.4646
Furto Qualificado (arrombamento),Pátio,3,18,3,2023-06-01 19:04:00,DHPP (Homicídios),"Luz forense/lanterna, Empoamento, Macrofotografia",False,False,0.1712
Explosão (sem vítima),Pátio,1,27,0,2023-06-26 13:25:00,DRFC (Furtos),"Luz forense/lanterna, Empoamento",False,True,0.3273
Homicídio,Hospital,6,10,2,2023-09-21 06:37:00,1ª DP,"Empoamento, Luz forense/lanterna, Macrofotografia",False,False,0.6736
Adulteração de Placa e/ou Lacre,Estabelecimento Comercial,2,5,1,2023-07-11 17:54:00,1ª DP,"Macrofotografia, Empoamento, Luz forense/lanterna",False,False,0.1292
Dano,Pátio,9,29,0,2023-04-30 09:49:00,DHPP (Homicídios),"Luz forense/lanterna, Empoamento",True,True,0.4963
Exercício Arbitrário das Próprias Razões,Hospital,1,18,2,2023-01-18 13:16:00,DHPP (Homicídios),"Macrofotografia, Empoamento",True,False,0.2539
Incêndio (sem vítima),Terreno Baldio,0,22,1,2023-10-26 08:08:00,DHPP (Homicídios),"Luz forense/lanterna, Macrofotografia",True,False,0.2593
Furto Qualificado (arrombamento),Estabelecimento Comercial,4,100,0,2023-12-07 22:24:00,DEAM (Mulher),"Empoamento, Luz forense/lanterna",True,True,0.42
Homicídio,Pátio,0,11,1,2023-06-10 01:18:00,2ª DP,"Empoamento, Luz forense/lanterna, Macrofotografia",False,True,0.8943
Marca em Animal,Pátio,0,33,2,2023-03-04 21:30:00,3ª DP,"Luz forense/lanterna, Macrofotografia, Empoamento",False,True,0.2528
Arremesso de Projétil,Residência,4,48,0,2023-05-04 06:04:00,1ª DP,"Empoamento, Macrofotografia, Luz forense/lanterna",True,False,0.3054
Extorsão,Hospital,2,31,2,2023-04-07 22:47:00,DHPP (Homicídios),"Macrofotografia, Luz forense/lanterna, Empoamento",False,False,0.3951
Violação de Sepultura,Hospital,7,27,1,2023-12-11 19:58:00,1ª DP,"Luz forense/lanterna, Empoamento",True,True,0.4538
Abandono de Incapaz,DP,0,20,0,2023-07-18 02:51:00,DHPP (Homicídios),Luz forense/lanterna,False,True,0.8977
Dano Seguido de Lesão Corporal,Pátio,5,10,0,2023-07-29 22:12:00,2ª DP,Macrofotografia,True,True,0.6519
Furto Qualificado (arrombamento),Terreno Baldio,8,6,1,2023-02-13 11:03:00,2ª DP,"Luz forense/lanterna, Empoamento, Macrofotografia",False,False,0.1046
Suicídio,Terreno Baldio,2,13,1,2023-04-25 20:58:00,DEAM (Mulher),"Luz forense/lanterna, Empoamento",True,False,0.3368
Furto d'água,Estabelecimento Comercial,4,74,1,2023-02-11 23:23:00,DHPP (Homicídios),"Luz forense/lanterna, Macrofotografia, Empoamento",True,False,0.3412
Dano Seguido de Lesão Corporal,Área Rural,0,51,1,2023-09-14 08:59:00,DRFC (Furtos),"Empoamento, Luz forense/lanterna",True,False,0.5946
Tentativa de Homicídio,DP,0,10,0,2023-10-25 09:00:00,3ª DP,"Empoamento, Macrofotografia",True,True,1.0
Furto em Interior de Veículo,Estabelecimento Comercial,0,13,5,2023-02-27 07:35:00,DCA (Criança e Adolescente),"Macrofotografia, Luz forense/lanterna, Empoamento",True,False,0.3102
Extorsão,Terreno Baldio,1,9,0,2023-12-07 10:48:00,DHPP (Homicídios),"Empoamento, Luz forense/lanterna",True,False,0.5497
Suicídio,Área Rural,0,123,5,2023-01-06 05:23:00,2ª DP,"Macrofotografia, Empoamento",False,False,0.1176
Tráfico de Entorpecentes,Área Rural,1,23,3,2023-01-30 02:20:00,DHPP (Homicídios),"Macrofotografia, Empoamento, Luz forense/lanterna",False,True,0.2717
Ossada Encontrada,Área Rural,0,97,6,2023-04-12 18:18:00,1ª DP,"Empoamento, Luz forense/lanterna",True,True,0.4404
Explosão (sem vítima),Terreno Baldio,0,11,0,2023-10-15 22:58:00,DEAM (Mulher),Empoamento,False,False,0.1495
Incêndio (com vítima),Residência,0,6,1,2023-12-16 12:34:00,DCA (Criança e Adolescente),"Macrofotografia, Empoamento",True,False,0.5906
Tentativa de Suicídio,Área Rural,9,11,2,2023-05-07 10:34:00,DHPP (Homicídios),Macrofotografia,True,True,0.4717
Disparo de Arma de Fogo,Pátio,3,13,3,2023-09-19 05:35:00,3ª DP,Empoamento,False,False,0.4253
Eletroplessão,Terreno Baldio,0,5,0,2023-09-07 10:46:00,DEAM (Mulher),"Macrofotografia, Empoamento, Luz forense/lanterna",True,True,0.4107
Abandono de Incapaz,Residência,0,46,2,2023-02-05 08:39:00,DCA (Criança e Adolescente),"Macrofotografia, Luz forense/lanterna",True,False,0.8961
Incêndio (sem vítima),Terreno Baldio,0,55,0,2023-10-25 05:06:00,DRFC (Furtos),"Empoamento, Luz forense/lanterna, Macrofotografia",False,True,0.3064
Marca em Animal,Via Pública,1,14,5,2023-08-02 05:16:00,2ª DP,"Luz forense/lanterna, Empoamento",True,False,0.2751
Roubo,DP,13,5,0,2023-10-20 02:24:00,DHPP (Homicídios),"Luz forense/lanterna, Macrofotografia",True,False,0.5131
Maus Tratos de Animal,Via Pública,1,26,0,2023-09-06 12:09:00,2ª DP,"Macrofotografia, Luz forense/lanterna",True,False,0.3184
Cadáver Encontrado,Residência,0,15,2,2023-04-29 05:23:00,DEAM (Mulher),"Luz forense/lanterna, Empoamento",False,False,0.1877
Infanticídio,Hospital,2,12,1,2023-07-04 02:25:00,1ª DP,"Luz forense/lanterna, Empoamento, Macrofotografia",True,False,0.8177
Incêndio (sem vítima),Residência,1,22,0,2023-09-03 01:56:00,DEAM (Mulher),"Empoamento, Luz forense/lanterna, Macrofotografia",False,True,0.2614
Homicídio,Hospital,2,45,1,2023-08-12 00:50:00,DEAM (Mulher),"Empoamento, Macrofotografia",False,False,0.7245
Suicídio,Estabelecimento Comercial,0,23,4,2023-06-17 12:22:00,DEAM (Mulher),"Empoamento, Macrofotografia, Luz forense/lanterna",True,False,0.297
Furto Qualificado (arrombamento),Terreno Baldio,1,13,1,2023-11-05 22:56:00,3ª DP,Empoamento,False,False,0.1217
Tráfico de Entorpecentes,Hospital,4,41,1,2023-04-04 03:45:00,DEAM (Mulher),Luz forense/lanterna,False,False,0.1725
Feminicídio,DP,11,17,1,2023-02-14 07:16:00,1ª DP,"Empoamento, Luz forense/lanterna, Macrofotografia",False,True,0.8779
Explosão (sem vítima),DP,17,7,0,2023-10-29 08:06:00,3ª DP,"Macrofotografia, Luz forense/lanterna",True,False,0.2945
Incêndio (sem vítima),Terreno Baldio,2,28,0,2023-02-21 10:17:00,DHPP (Homicídios),Macrofotografia,False,False,0.1359
Lesão Corporal,Via Pública,5,22,0,2023-12-06 19:55:00,DCA (Criança e Adolescente),"Luz forense/lanterna, Empoamento",True,True,0.7224
Eletroplessão,Terreno Baldio,0,81,1,2023-08-30 02:35:00,DCA (Criança e Adolescente),"Luz forense/lanterna, Macrofotografia",True,True,0.4072
Veículo Localizado (furtado ou roubado),Área Rural,0,77,1,2023-09-17 08:18:00,DCA (Criança e Adolescente),"Luz forense/lanterna, Macrofotografia, Empoamento",False,True,0.2739
Marca em Animal,Pátio,2,30,0,2023-08-14 12:31:00,DCA (Criança e Adolescente),Luz forense/lanterna,False,False,0.1519
Desmanche de Veículos,Residência,7,56,1,2023-09-08 20:41:00,DCA (Criança e Adolescente),"Luz forense/lanterna, Empoamento, Macrofotografia",False,True,0.3184
Latrocínio e/ou Tentativa de Latrocínio,Área Rural,10,48,3,2023-10-26 20:54:00,DHPP (Homicídios),Luz forense/lanterna,False,True,0.8342
Ameaça,Hospital,0,19,1,2023-07-06 03:49:00,2ª DP,"Luz forense/lanterna, Macrofotografia, Empoamento",False,True,0.2698
Roubo Com Estupro,Hospital,0,28,1,2023-10-06 05:01:00,DCA (Criança e Adolescente),"Luz forense/lanterna, Empoamento, Macrofotografia",True,False,0.8963
Abandono de Incapaz,Hospital,7,49,4,2023-04-04 00:32:00,DEAM (Mulher),"Luz forense/lanterna, Macrofotografia, Empoamento",True,True,1.0
Abandono de Incapaz,Estabelecimento Comercial,0,47,1,2023-11-07 23:45:00,DEAM (Mulher),Macrofotografia,True,False,0.8202
Infanticídio,Área Rural,1,20,0,2023-09-14 14:22:00,1ª DP,"Empoamento, Luz forense/lanterna",False,False,0.6776
Pichação,Via Pública,3,69,0,2023-04-05 06:48:00,1ª DP,"Empoamento, Luz forense/lanterna, Macrofotografia",False,False,0.1216
Tentativa de Homicídio,Hospital,4,26,1,2023-06-30 04:49:00,DRFC (Furtos),Empoamento,True,False,0.8633
Tentativa de Homicídio,Estabelecimento Comercial,1,37,1,2023-07-09 08:35:00,1ª DP,"Empoamento, Macrofotografia, Luz forense/lanterna",True,True,0.9598
Homicídio,Pátio,0,19,3,2023-10-27 10:04:00,3ª DP,Luz forense/lanterna,True,True,1.0
Cadáver Encontrado,Via Pública,9,6,2,2023-03-12 07:39:00,2ª DP,"Luz forense/lanterna, Macrofotografia, Empoamento",False,True,0.2629
Incêndio (com vítima),Estabelecimento Comercial,2,27,3,2023-07-22 21:47:00,DRFC (Furtos),Empoamento,True,False,0.5823
Suicídio,Terreno Baldio,0,20,2,2023-07-12 05:26:00,1ª DP,"Empoamento, Luz forense/lanterna",False,False,0.1687
Explosão (sem vítima),Área Rural,2,20,0,2023-10-02 06:12:00,DRFC (Furtos),"Empoamento, Luz forense/lanterna, Macrofotografia",True,False,0.257
Roubo,Residência,8,9,1,2023-11-02 16:16:00,3ª DP,"Luz forense/lanterna, Macrofotografia",False,False,0.4179
Lesão Corporal,Área Rural,1,23,0,2023-01-13 17:27:00,3ª DP,"Luz forense/lanterna, Macrofotografia",True,False,0.5412
Feminicídio,Estabelecimento Comercial,10,19,2,2023-03-02 11:07:00,DHPP (Homicídios),"Empoamento, Macrofotografia, Luz forense/lanterna",True,False,0.8992
Explosão (com vítima),DP,6,18,1,2023-01-04 14:53:00,1ª DP,Macrofotografia,True,False,0.5923
Roubo Com Estupro,Estabelecimento Comercial,0,9,0,2023-07-25 05:21:00,DEAM (Mulher),"Empoamento, Luz forense/lanterna, Macrofotografia",True,False,0.8583
Pichação,Via Pública,0,6,1,2023-06-15 07:30:00,DCA (Criança e Adolescente),"Macrofotografia, Empoamento",False,True,0.2872
Infanticídio,Estabelecimento Comercial,3,17,0,2023-07-20 13:06:00,DEAM (Mulher),Empoamento,False,False,0.7361
Violação de Sepultura,Hospital,2,8,0,2023-12-29 21:46:00,DRFC (Furtos),"Macrofotografia, Luz forense/lanterna",False,False,0.1265
Veículo Localizado (furtado ou roubado),DP,1,43,0,2023-07-26 16:29:00,3ª DP,Empoamento,False,False,0.1279
Incêndio (sem vítima),Via Pública,3,34,1,2023-08-09 03:16:00,DRFC (Furtos),Empoamento,True,True,0.4243
Roubo,Residência,3,42,1,2023-08-01 23:54:00,DRFC (Furtos),"Macrofotografia, Luz forense/lanterna, Empoamento",False,True,0.5606
Veículo Localizado (furtado ou roubado),Via Pública,2,54,2,2023-10-20 23:22:00,DCA (Criança e Adolescente),Luz forense/lanterna,True,True,0.4089
Ameaça,Residência,3,107,0,2023-09-02 21:09:00,DHPP (Homicídios),"Luz forense/lanterna, Empoamento, Macrofotografia",False,False,0.1089
Dano,Estabelecimento Comercial,3,9,0,2023-09-04 04:16:00,DEAM (Mulher),"Macrofotografia, Luz forense/lanterna, Empoamento",True,False,0.3137
Latrocínio e/ou Tentativa de Latrocínio,DP,17,19,2,2023-05-31 04:36:00,2ª DP,Macrofotografia,True,False,0.8727
Infanticídio,Hospital,2,26,4,2023-07-10 01:37:00,DCA (Criança e Adolescente),Macrofotografia,False,False,0.7469
Aborto,Terreno Baldio,1,32,2,2023-02-16 04:37:00,DCA (Criança e Adolescente),Empoamento,False,False,0.1162
Violação de Sepultura,DP,2,41,2,2023-08-31 23:46:00,DRFC (Furtos),"Empoamento, Macrofotografia",False,False,0.1994
Disparo de Arma de Fogo,Via Pública,4,11,3,2023-06-24 16:31:00,DEAM (Mulher),"Macrofotografia, Empoamento, Luz forense/lanterna",True,False,0.5461
Feto Encontrado,Estabelecimento Comercial,0,23,2,2023-06-25 05:01:00,DEAM (Mulher),"Empoamento, Luz forense/lanterna",True,False,0.8174
Violação de Sepultura,Estabelecimento Comercial,1,35,2,2023-10-07 01:38:00,DRFC (Furtos),"Luz forense/lanterna, Empoamento, Macrofotografia",False,False,0.15
Adulteração de Placa e/ou Lacre,Residência,4,25,1,2023-10-16 08:43:00,DEAM (Mulher),"Empoamento, Macrofotografia, Luz forense/lanterna",False,False,0.1726
Aborto,Estabelecimento Comercial,0,16,2,2023-01-04 12:25:00,DEAM (Mulher),Luz forense/lanterna,False,False,0.1697
Pichação,Pátio,6,7,4,2023-04-27 02:46:00,DRFC (Furtos),"Macrofotografia, Empoamento",False,True,0.2523
Desmanche de Veículos,Residência,1,17,0,2023-04-16 21:29:00,DCA (Criança e Adolescente),"Empoamento, Luz forense/lanterna",True,False,0.2931
Furto d'água,Residência,2,47,1,2023-09-09 17:17:00,DRFC (Furtos),"Macrofotografia, Luz forense/lanterna, Empoamento",False,False,0.1065
Maus Tratos de Animal,Estabelecimento Comercial,3,54,0,2023-05-16 17:26:00,3ª DP,Macrofotografia,True,True,0.4596
Receptação,Estabelecimento Comercial,0,12,4,2023-01-30 16:24:00,DHPP (Homicídios),"Empoamento, Luz forense/lanterna, Macrofotografia",True,True,0.4604
Adulteração de Placa e/ou Lacre,Via Pública,0,13,2,2023-05-04 10:48:00,1ª DP,Luz forense/lanterna,True,False,0.3441
Incêndio (sem vítima),Pátio,1,30,0,2023-01-24 01:27:00,3ª DP,"Empoamento, Macrofotografia",False,True,0.3416
Homicídio,Hospital,0,54,0,2023-11-24 20:43:00,DRFC (Furtos),Luz forense/lanterna,True,False,0.8273
Adulteração de Placa e/ou Lacre,Residência,3,17,1,2023-07-20 09:46:00,2ª DP,"Macrofotografia, Empoamento, Luz forense/lanterna",False,True,0.3141
Abandono de Incapaz,Pátio,0,61,3,2023-06-29 01:16:00,3ª DP,"Empoamento, Luz forense/lanterna",False,False,0.7286
Violação de Sepultura,Terreno Baldio,1,8,2,2023-02-26 09:16:00,3ª DP,Macrofotografia,False,False,0.1719
Incêndio (sem vítima),Estabelecimento Comercial,1,14,0,2023-11-08 04:04:00,DHPP (Homicídios),Empoamento,True,False,0.2515
Incêndio (sem vítima),DP,0,9,5,2023-12-15 18:07:00,DHPP (Homicídios),"Macrofotografia, Luz forense/lanterna",True,True,0.4046
Cadáver Encontrado,Pátio,7,16,0,2023-08-15 03:15:00,DEAM (Mulher),"Empoamento, Macrofotografia, Luz forense/lanterna",False,True,0.3365
Violação de Sepultura,Via Pública,1,21,0,2023-11-30 03:41:00,DRFC (Furtos),Luz forense/lanterna,False,False,0.1672
Suicídio,Área Rural,2,14,0,2023-10-19 14:31:00,DCA (Criança e Adolescente),Empoamento,False,False,0.1583
Marca em Animal,Pátio,1,48,2,2023-08-13 20:25:00,DCA (Criança e Adolescente),Macrofotografia,True,False,0.3129
Maus Tratos de Animal,Estabelecimento Comercial,0,12,2,2023-02-28 17:36:00,DRFC (Furtos),"Macrofotografia, Empoamento, Luz forense/lanterna",False,False,0.1432
Furto Qualificado (arrombamento),Área Rural,0,29,7,2023-05-25 03:14:00,1ª DP,"Macrofotografia, Empoamento, Luz forense/lanterna",True,False,0.2889
Eletroplessão,Hospital,0,12,1,2023-06-18 05:12:00,2ª DP,"Empoamento, Macrofotografia",True,False,0.3182
Pichação,Via Pública,0,5,6,2023-03-12 02:19:00,3ª DP,Luz forense/lanterna,False,False,0.1178
Desmanche de Veículos,Área Rural,2,7,2,2023-09-06 10:46:00,DCA (Criança e Adolescente),"Empoamento, Macrofotografia",True,False,0.2908
Dano,Residência,5,32,1,2023-03-09 00:11:00,DEAM (Mulher),Empoamento,False,False,0.1696
Furto d'água,Terreno Baldio,0,23,1,2023-06-16 21:05:00,1ª DP,Macrofotografia,True,True,0.4904
Latrocínio e/ou Tentativa de Latrocínio,Residência,0,11,0,2023-08-13 18:13:00,2ª DP,Empoamento,False,True,0.8173
Feto Encontrado,Hospital,14,27,0,2023-04-30 23:49:00,3ª DP,"Luz forense/lanterna, Empoamento, Macrofotografia",True,True,0.9555
Tráfico de Entorpecentes,DP,1,22,7,2023-10-01 04:56:00,DCA (Criança e Adolescente),"Macrofotografia, Luz forense/lanterna, Empoamento",True,False,0.3445
Furto Qualificado (arrombamento),Terreno Baldio,2,15,3,2023-09-29 02:57:00,3ª DP,"Luz forense/lanterna, Empoamento, Macrofotografia",True,True,0.4828
Marca em Animal,Área Rural,0,26,2,2023-08-05 05:15:00,1ª DP,Macrofotografia,False,True,0.2538
Local de Estupro e/ou Veículo Envolvido em Estupro,Área Rural,2,10,0,2023-07-10 17:13:00,DHPP (Homicídios),Luz forense/lanterna,True,False,0.8933
Afogamento,Terreno Baldio,5,13,0,2023-10-17 00:12:00,DHPP (Homicídios),"Empoamento, Macrofotografia",True,False,0.2539
Aborto,Pátio,14,9,0,2023-03-20 12:33:00,3ª DP,"Empoamento, Luz forense/lanterna, Macrofotografia",False,True,0.3384
Feminicídio,Área Rural,1,9,3,2023-01-20 15:09:00,DEAM (Mulher),"Empoamento, Luz forense/lanterna, Macrofotografia",True,False,0.8465
Furto d'água,Estabelecimento Comercial,7,80,0,2023-10-24 19:07:00,DHPP (Homicídios),"Luz forense/lanterna, Empoamento",False,True,0.3245
Dano Seguido de Lesão Corporal,DP,1,22,0,2023-01-18 21:53:00,2ª DP,"Macrofotografia, Empoamento",False,True,0.5135
Furto,Estabelecimento Comercial,1,9,2,2023-11-18 10:27:00,DCA (Criança e Adolescente),Empoamento,True,False,0.3043
Exercício Arbitrário das Próprias Razões,Área Rural,4,20,4,2023-05-26 00:27:00,DHPP (Homicídios),Macrofotografia,True,False,0.2769
