Tipo_Pericia,Tipo_Local,Qtd_Objetos,Qtd_Fotos,Qtd_Fitas,Horario_Exame,Delegacia,Tecnica_Utilizada,Violencia_Domestica,Vitima_Idosa,Classificacao_Prioridade
Exercício Arbitrário das Próprias Razões,Terreno Baldio,5,15,2,2023-03-16 16:23:00,DCA (Criança e Adolescente),"Empoamento, Luz forense/lanterna, Macrofotografia",True,False,0.2991
Furto Qualificado (arrombamento),DP,1,27,1,2023-01-27 01:03:00,DEAM (Mulher),"Luz forense/lanterna, Empoamento",False,False,0.1552
Furto Qualificado (arrombamento),Terreno Baldio,3,8,1,2023-01-29 01:55:00,3ª DP,"Luz forense/lanterna, Empoamento, Macrofotografia",True,False,0.3032
Morte Aparentemente Natural,Pátio,4,32,0,2023-05-05 18:37:00,2ª DP,"Macrofotografia, Empoamento",False,False,0.1756
Roubo Com Estupro,Terreno Baldio,3,39,0,2023-07-20 02:22:00,DHPP (Homicídios),Luz forense/lanterna,False,False,0.7204
Marca em Animal,Hospital,0,76,0,2023-03-05 01:20:00,3ª DP,Luz forense/lanterna,False,False,0.1564
Dano,Hospital,2,7,0,2023-07-17 05:49:00,2ª DP,"Empoamento, Macrofotografia, Luz forense/lanterna",True,True,0.433
Violação de Sepultura,Hospital,4,15,0,2023-04-06 00:21:00,3ª DP,Empoamento,False,False,0.113
Feto Encontrado,DP,1,78,1,2023-07-25 06:52:00,DCA (Criança e Adolescente),Macrofotografia,True,False,0.8122
Incêndio (sem vítima),Via Pública,0,16,0,2023-03-31 04:13:00,1ª DP,"Empoamento, Macrofotografia",True,True,0.4821
Incêndio (sem vítima),Hospital,4,5,0,2023-06-09 16:33:00,DEAM (Mulher),"Luz forense/lanterna, Empoamento",True,False,0.262
Tentativa de Homicídio,DP,11,13,7,2023-04-14 12:52:00,2ª DP,Luz forense/lanterna,False,True,0.8594
Morte Aparentemente Natural,Residência,1,18,0,2023-11-16 23:22:00,1ª DP,Macrofotografia,True,False,0.3035
Adulteração de Placa e/ou Lacre,DP,2,12,0,2023-04-15 00:39:00,2ª DP,"Macrofotografia, Luz forense/lanterna, Empoamento",False,False,0.1036
Roubo Com Estupro,Via Pública,5,7,0,2023-08-24 00:35:00,3ª DP,Empoamento,True,True,1.0
Explosão (sem vítima),Estabelecimento Comercial,1,8,5,2023-02-18 02:25:00,DCA (Criança e Adolescente),"Luz forense/lanterna, Macrofotografia, Empoamento",False,True,0.2984
Incêndio (sem vítima),Hospital,1,16,1,2023-03-03 16:45:00,DEAM (Mulher),"Luz forense/lanterna, Macrofotografia",False,True,0.3471
Explosão (com vítima),Residência,1,7,0,2023-06-21 08:26:00,DRFC (Furtos),"Empoamento, Macrofotografia",True,False,0.5664
Furto d'água,Pátio,14,35,0,2023-08-04 07:36:00,2ª DP,"Luz forense/lanterna, Empoamento",True,False,0.2661
Roubo Com Estupro,Área Rural,0,14,0,2023-06-10 18:54:00,DRFC (Furtos),Empoamento,False,False,0.7435
Estelionato,Pátio,1,25,0,2023-01-16 02:56:00,DCA (Criança e Adolescente),"Empoamento, Luz forense/lanterna",False,False,0.1629
Morte Aparentemente Natural,Terreno Baldio,3,19,2,2023-02-19 04:25:00,3ª DP,"Macrofotografia, Empoamento",False,False,0.1754
Pichação,Área Rural,3,28,2,2023-07-25 15:05:00,DHPP (Homicídios),"Empoamento, Luz forense/lanterna, Macrofotografia",True,True,0.4918
Abandono de Incapaz,Pátio,1,6,0,2023-11-03 07:37:00,1ª DP,Empoamento,False,False,0.7485
Incêndio (sem vítima),Hospital,1,14,0,2023-10-19 01:00:00,DCA (Criança e Adolescente),"Macrofotografia, Luz forense/lanterna, Empoamento",True,False,0.2991
Dano,Terreno Baldio,0,39,1,2023-01-24 02:34:00,DHPP (Homicídios),"Luz forense/lanterna, Macrofotografia",False,False,0.1131
Roubo,Área Rural,2,11,2,2023-05-20 04:24:00,DCA (Criança e Adolescente),Macrofotografia,False,True,0.5476
Ameaça,Pátio,4,14,9,2023-11-02 22:12:00,DRFC (Furtos),"Empoamento, Luz forense/lanterna",False,False,0.181
Dano Seguido de Lesão Corporal,Hospital,0,9,5,2023-02-22 13:57:00,DEAM (Mulher),"Luz forense/lanterna, Empoamento, Macrofotografia",True,False,0.5936
Ossada Encontrada,Via Pública,2,38,10,2023-07-18 05:01:00,1ª DP,"Empoamento, Macrofotografia",False,True,0.2747
Marca em Animal,DP,4,17,0,2023-08-17 04:09:00,DHPP (Homicídios),Empoamento,False,False,0.1731
Pichação,Hospital,5,149,0,2023-10-15 17:05:00,DRFC (Furtos),"Empoamento, Macrofotografia, Luz forense/lanterna",False,False,0.1637
Homicídio,Estabelecimento Comercial,5,54,4,2023-05-04 22:43:00,DCA (Criança e Adolescente),"Empoamento, Macrofotografia, Luz forense/lanterna",True,False,0.8551
Morte Aparentemente Natural,Residência,2,32,2,2023-01-23 17:40:00,DRFC (Furtos),"Macrofotografia, Luz forense/lanterna",False,True,0.2979
Suicídio,DP,2,7,4,2023-05-04 01:10:00,DCA (Criança e Adolescente),Macrofotografia,True,True,0.4051
Local de Estupro e/ou Veículo Envolvido em Estupro,Residência,4,43,4,2023-09-26 13:02:00,DCA (Criança e Adolescente),Macrofotografia,True,False,0.8133
Pichação,DP,3,20,3,2023-05-30 00:09:00,DCA (Criança e Adolescente),"Empoamento, Luz forense/lanterna, Macrofotografia",True,True,0.4801
Maus Tratos de Animal,DP,0,15,3,2023-10-03 03:30:00,DRFC (Furtos),"Macrofotografia, Empoamento",False,False,0.1694
Tentativa de Suicídio,Terreno Baldio,11,17,1,2023-11-28 01:21:00,DHPP (Homicídios),"Empoamento, Luz forense/lanterna, Macrofotografia",True,False,0.2959
Tráfico de Entorpecentes,Residência,0,5,4,2023-08-18 12:55:00,3ª DP,Macrofotografia,True,False,0.2748
Receptação,DP,0,30,0,2023-08-26 14:39:00,DRFC (Furtos),Empoamento,True,False,0.3346
Desmanche de Veículos,Área Rural,0,8,1,2023-01-18 07:55:00,DHPP (Homicídios),"Empoamento, Luz forense/lanterna, Macrofotografia",True,False,0.2912
Ossada Encontrada,DP,7,10,5,2023-02-06 19:12:00,DCA (Criança e Adolescente),Luz forense/lanterna,True,False,0.3255
Homicídio,Terreno Baldio,0,12,0,2023-09-17 00:43:00,DRFC (Furtos),"Luz forense/lanterna, Macrofotografia",True,False,0.8
Exercício Arbitrário das Próprias Razões,Área Rural,1,40,1,2023-05-17 09:41:00,DEAM (Mulher),"Luz forense/lanterna, Macrofotografia, Empoamento",False,False,0.1101
Feto Encontrado,DP,2,29,0,2023-03-16 11:13:00,DRFC (Furtos),Macrofotografia,True,False,0.839
Furto Qualificado (arrombamento),DP,0,84,0,2023-08-19 20:35:00,DHPP (Homicídios),"Empoamento, Luz forense/lanterna, Macrofotografia",True,False,0.2557
Pichação,Terreno Baldio,9,28,0,2023-06-22 07:04:00,1ª DP,Empoamento,True,False,0.2579
Suicídio,Terreno Baldio,3,38,0,2023-03-31 17:17:00,2ª DP,"Luz forense/lanterna, Macrofotografia, Empoamento",False,True,0.2875
Maus Tratos de Animal,DP,3,23,1,2023-05-29 13:48:00,DRFC (Furtos),Luz forense/lanterna,True,True,0.4776
Ameaça,Terreno Baldio,1,22,1,2023-12-31 20:14:00,2ª DP,"Empoamento, Luz forense/lanterna",True,True,0.4246
Dano Seguido de Lesão Corporal,Residência,0,48,0,2023-09-18 14:05:00,1ª DP,"Luz forense/lanterna, Macrofotografia",True,False,0.5061
Furto d'água,DP,2,9,0,2023-06-27 11:47:00,DRFC (Furtos),Macrofotografia,True,False,0.2771
Afogamento,Estabelecimento Comercial,1,27,0,2023-07-13 22:08:00,DHPP (Homicídios),"Macrofotografia, Luz forense/lanterna",False,False,0.1082
Violação de Domicílio,Área Rural,1,29,7,2023-12-20 16:13:00,1ª DP,"Empoamento, Macrofotografia",False,False,0.163
Feminicídio,Estabelecimento Comercial,0,16,0,2023-06-13 06:23:00,DCA (Criança e Adolescente),Empoamento,True,False,0.8502
Furto d'água,Residência,10,19,0,2023-05-04 17:05:00,DCA (Criança e Adolescente),"Macrofotografia, Empoamento",True,True,0.4627
Furto em Interior de Veículo,DP,2,7,0,2023-06-23 10:34:00,2ª DP,"Luz forense/lanterna, Empoamento, Macrofotografia",False,False,0.1908
Exercício Arbitrário das Próprias Razões,Pátio,0,13,0,2023-02-18 00:06:00,DEAM (Mulher),"Macrofotografia, Empoamento",True,False,0.3459
Explosão (com vítima),DP,6,43,2,2023-09-27 10:34:00,DRFC (Furtos),"Luz forense/lanterna, Empoamento, Macrofotografia",False,False,0.3846
Adulteração de Placa e/ou Lacre,Hospital,0,72,5,2023-12-06 15:48:00,2ª DP,Macrofotografia,True,False,0.3426
Roubo,Terreno Baldio,6,21,3,2023-12-20 07:32:00,DCA (Criança e Adolescente),"Empoamento, Macrofotografia",True,False,0.5601
Aborto,Pátio,1,10,3,2023-05-10 13:21:00,DHPP (Homicídios),"Empoamento, Luz forense/lanterna, Macrofotografia",False,False,0.1148
Aborto,Pátio,2,10,1,2023-04-13 06:47:00,DCA (Criança e Adolescente),"Macrofotografia, Luz forense/lanterna, Empoamento",False,False,0.1009
Violação de Sepultura,DP,1,51,5,2023-04-17 01:34:00,2ª DP,"Empoamento, Luz forense/lanterna, Macrofotografia",True,False,0.3242
Furto Qualificado (arrombamento),Residência,3,23,2,2023-08-19 22:22:00,DEAM (Mulher),Empoamento,True,True,0.4818
Feminicídio,Terreno Baldio,2,10,1,2023-09-26 15:24:00,DEAM (Mulher),"Macrofotografia, Luz forense/lanterna",True,False,0.8908
Adulteração de Placa e/ou Lacre,Residência,0,21,0,2023-08-17 01:03:00,2ª DP,"Luz forense/lanterna, Empoamento",True,False,0.3171
Furto d'água,Estabelecimento Comercial,8,13,6,2023-02-03 04:43:00,DEAM (Mulher),"Macrofotografia, Luz forense/lanterna, Empoamento",False,False,0.1214
Morte Aparentemente Natural,Via Pública,0,98,2,2023-06-13 19:57:00,2ª DP,"Luz forense/lanterna, Macrofotografia",False,True,0.2836
Furto Qualificado (arrombamento),Área Rural,4,56,2,2023-11-03 22:23:00,3ª DP,Luz forense/lanterna,False,True,0.288
Dano,Terreno Baldio,5,9,2,2023-04-08 14:35:00,DRFC (Furtos),Macrofotografia,False,False,0.1919
Homicídio,Terreno Baldio,1,24,3,2023-01-16 13:34:00,1ª DP,"Macrofotografia, Luz forense/lanterna, Empoamento",False,False,0.7252
Local de Estupro e/ou Veículo Envolvido em Estupro,Estabelecimento Comercial,2,5,0,2023-11-22 19:18:00,3ª DP,Luz forense/lanterna,False,True,0.8273
Tentativa de Suicídio,DP,4,39,2,2023-10-22 06:22:00,2ª DP,Macrofotografia,True,False,0.3446
Homicídio,Hospital,0,44,1,2023-01-13 16:22:00,DEAM (Mulher),Empoamento,False,False,0.7249
Violação de Sepultura,Terreno Baldio,0,23,4,2023-04-04 10:25:00,DCA (Criança e Adolescente),Empoamento,False,True,0.3091
Maus Tratos de Animal,Hospital,4,14,4,2023-04-09 02:33:00,DHPP (Homicídios),Luz forense/lanterna,True,True,0.4928
Ossada Encontrada,DP,5,19,0,2023-11-21 02:35:00,DHPP (Homicídios),"Macrofotografia, Luz forense/lanterna, Empoamento",False,False,0.1787
Feto Encontrado,Hospital,1,8,0,2023-08-26 11:36:00,2ª DP,"Empoamento, Luz forense/lanterna, Macrofotografia",False,False,0.6726
Ameaça,Via Pública,3,36,0,2023-03-05 04:43:00,3ª DP,"Empoamento, Luz forense/lanterna",True,False,0.2687
Tráfico de Entorpecentes,Estabelecimento Comercial,0,31,2,2023-11-25 14:20:00,DEAM (Mulher),Empoamento,True,False,0.2947
Suicídio,Via Pública,2,10,0,2023-12-01 20:17:00,3ª DP,Luz forense/lanterna,False,False,0.1353
Homicídio,DP,1,6,1,2023-10-10 15:32:00,DRFC (Furtos),"Luz forense/lanterna, Empoamento",False,True,0.8642
Adulteração de Placa e/ou Lacre,Área Rural,3,44,1,2023-12-20 21:13:00,2ª DP,Luz forense/lanterna,False,True,0.3418
Morte Aparentemente Natural,Via Pública,0,32,3,2023-04-22 05:12:00,3ª DP,Empoamento,True,True,0.4154
Furto d'água,Terreno Baldio,0,19,2,2023-05-09 15:06:00,3ª DP,"Empoamento, Luz forense/lanterna",False,False,0.1572
Explosão (com vítima),Estabelecimento Comercial,0,21,0,2023-04-13 20:57:00,DCA (Criança e Adolescente),"Macrofotografia, Luz forense/lanterna",False,False,0.3605
Explosão (sem vítima),Via Pública,16,49,14,2023-10-09 20:29:00,DRFC (Furtos),Macrofotografia,False,True,0.3437
Abandono de Incapaz,Terreno Baldio,0,49,0,2023-01-11 09:38:00,DEAM (Mulher),"Luz forense/lanterna, Macrofotografia",False,True,0.8891
Furto de Energia Elétrica ou Termodinâmica,Residência,0,10,1,2023-11-22 09:08:00,DEAM (Mulher),Macrofotografia,True,True,0.4289
Marca em Animal,Residência,2,13,0,2023-02-26 20:06:00,DCA (Criança e Adolescente),"Luz forense/lanterna, Empoamento",True,False,0.2955
Violação de Domicílio,Pátio,0,59,0,2023-04-17 03:56:00,2ª DP,"Luz forense/lanterna, Macrofotografia",False,True,0.3313
Disparo de Arma de Fogo,Estabelecimento Comercial,2,42,2,2023-08-06 05:36:00,DCA (Criança e Adolescente),"Luz forense/lanterna, Empoamento",False,False,0.357
Desmanche de Veículos,Pátio,0,33,0,2023-11-23 01:44:00,DRFC (Furtos),"Luz forense/lanterna, Macrofotografia",False,True,0.3498
Latrocínio e/ou Tentativa de Latrocínio,DP,5,5,2,2023-08-14 12:46:00,1ª DP,Empoamento,False,False,0.7411
Latrocínio e/ou Tentativa de Latrocínio,Via Pública,0,39,0,2023-07-25 13:27:00,DHPP (Homicídios),"Macrofotografia, Empoamento, Luz forense/lanterna",False,False,0.7176
Feminicídio,Via Pública,1,36,2,2023-07-02 12:04:00,3ª DP,"Macrofotografia, Luz forense/lanterna",False,False,0.6869
Suicídio,Hospital,3,19,3,2023-12-25 12:04:00,2ª DP,"Macrofotografia, Luz forense/lanterna",False,False,0.1241
Aborto,Pátio,0,8,2,2023-05-25 07:41:00,DHPP (Homicídios),"Macrofotografia, Empoamento, Luz forense/lanterna",False,False,0.1245
Exercício Arbitrário das Próprias Razões,Via Pública,0,9,0,2023-01-19 00:31:00,DEAM (Mulher),Luz forense/lanterna,False,False,0.1471
Furto de Energia Elétrica ou Termodinâmica,Área Rural,4,67,0,2023-08-05 11:16:00,2ª DP,"Empoamento, Macrofotografia, Luz forense/lanterna",False,True,0.2893
Incêndio (sem vítima),Via Pública,0,9,0,2023-11-25 09:29:00,DHPP (Homicídios),Luz forense/lanterna,True,False,0.271
Ameaça,Via Pública,0,26,4,2023-03-07 14:33:00,3ª DP,"Empoamento, Macrofotografia",True,False,0.3307
Pichação,Estabelecimento Comercial,1,30,1,2023-10-19 20:39:00,3ª DP,"Empoamento, Macrofotografia, Luz forense/lanterna",True,False,0.3437
Ossada Encontrada,Hospital,0,12,3,2023-10-23 10:54:00,DEAM (Mulher),"Luz forense/lanterna, Empoamento, Macrofotografia",True,False,0.2841
Disparo de Arma de Fogo,Terreno Baldio,12,33,6,2023-07-15 03:21:00,1ª DP,Empoamento,False,False,0.3795
Feto Encontrado,Terreno Baldio,1,17,4,2023-10-30 08:49:00,DEAM (Mulher),Empoamento,True,True,0.9615
Estelionato,Pátio,2,5,2,2023-06-25 06:36:00,3ª DP,"Macrofotografia, Luz forense/lanterna",False,False,0.1267
Incêndio (sem vítima),Via Pública,4,12,0,2023-03-01 17:39:00,DHPP (Homicídios),Macrofotografia,False,False,0.1389
Furto d'água,Via Pública,1,11,0,2023-09-22 21:44:00,3ª DP,Empoamento,False,False,0.167
Furto d'água,Hospital,4,21,0,2023-10-28 02:43:00,DRFC (Furtos),Macrofotografia,False,False,0.1924
Estelionato,Residência,11,6,3,2023-11-27 15:32:00,DRFC (Furtos),"Empoamento, Luz forense/lanterna",False,False,0.1091
Violação de Domicílio,Via Pública,0,68,5,2023-07-14 10:32:00,DEAM (Mulher),Macrofotografia,False,False,0.1199
Eletroplessão,Residência,8,23,1,2023-06-07 12:29:00,3ª DP,"Empoamento, Luz forense/lanterna, Macrofotografia",False,False,0.1537
Furto,Estabelecimento Comercial,15,9,1,2023-05-16 17:17:00,3ª DP,Empoamento,True,False,0.2748
Arremesso de Projétil,Área Rural,2,6,1,2023-07-05 17:20:00,DCA (Criança e Adolescente),Empoamento,False,True,0.2632
Incêndio (com vítima),Hospital,2,16,0,2023-07-23 09:38:00,2ª DP,"Macrofotografia, Empoamento",False,False,0.4368
Violação de Sepultura,Pátio,1,12,2,2023-08-28 21:00:00,DCA (Criança e Adolescente),"Macrofotografia, Luz forense/lanterna, Empoamento",True,True,0.4355
Aborto,Residência,3,22,6,2023-01-21 08:04:00,DEAM (Mulher),"Macrofotografia, Empoamento, Luz forense/lanterna",True,True,0.4329
Incêndio (sem vítima),Residência,6,34,1,2023-06-20 11:03:00,DRFC (Furtos),Macrofotografia,False,True,0.3272
Explosão (com vítima),Hospital,0,10,5,2023-09-28 13:14:00,1ª DP,"Luz forense/lanterna, Macrofotografia",True,True,0.6796
Aborto,DP,2,67,1,2023-12-04 23:10:00,DEAM (Mulher),Luz forense/lanterna,True,True,0.4742
Infanticídio,Terreno Baldio,1,20,1,2023-03-06 13:08:00,DHPP (Homicídios),"Luz forense/lanterna, Empoamento",True,False,0.8069
Incêndio (sem vítima),Via Pública,8,62,0,2023-12-08 07:19:00,DHPP (Homicídios),Empoamento,False,False,0.1393
Tráfico de Entorpecentes,Via Pública,0,10,1,2023-11-12 19:25:00,DEAM (Mulher),"Empoamento, Luz forense/lanterna, Macrofotografia",True,True,0.4633
Ossada Encontrada,Terreno Baldio,1,8,2,2023-02-24 17:41:00,DEAM (Mulher),"Macrofotografia, Empoamento",False,False,0.1494
Eletroplessão,Via Pública,0,23,0,2023-12-22 13:07:00,DCA (Criança e Adolescente),"Macrofotografia, Luz forense/lanterna",False,False,0.1011
Tentativa de Suicídio,Pátio,1,14,0,2023-10-15 14:34:00,2ª DP,"Luz forense/lanterna, Macrofotografia",True,False,0.2599
Dano,Pátio,7,16,1,2023-11-27 15:54:00,2ª DP,Macrofotografia,False,True,0.2907
Furto d'água,Pátio,3,25,2,2023-04-25 18:57:00,DCA (Criança e Adolescente),"Macrofotografia, Empoamento, Luz forense/lanterna",False,False,0.1114
Dano,Área Rural,1,31,0,2023-10-11 00:22:00,DHPP (Homicídios),Luz forense/lanterna,False,False,0.1407
Feto Encontrado,Hospital,0,12,0,2023-05-02 20:42:00,DRFC (Furtos),"Macrofotografia, Luz forense/lanterna",False,False,0.6814
Pichação,Via Pública,0,24,0,2023-07-24 18:48:00,3ª DP,"Luz forense/lanterna, Macrofotografia",True,False,0.3279
Dano,Residência,0,6,2,2023-09-21 03:55:00,2ª DP,"Macrofotografia, Luz forense/lanterna, Empoamento",False,True,0.3457
Aborto,Pátio,2,5,0,2023-12-20 01:22:00,DCA (Criança e Adolescente),"Macrofotografia, Empoamento",False,True,0.3473
Dano Seguido de Lesão Corporal,Via Pública,3,30,2,2023-05-17 22:05:00,3ª DP,Empoamento,True,False,0.5918
Tráfico de Entorpecentes,Pátio,0,25,0,2023-12-07 07:48:00,1ª DP,Empoamento,False,False,0.164
Aborto,Residência,0,33,3,2023-04-04 09:18:00,DCA (Criança e Adolescente),"Luz forense/lanterna, Empoamento, Macrofotografia",False,True,0.314
Veículo Localizado (furtado ou roubado),Terreno Baldio,0,25,0,2023-02-05 19:04:00,DEAM (Mulher),Luz forense/lanterna,True,False,0.2559
Aborto,Residência,0,20,0,2023-05-23 15:06:00,2ª DP,"Empoamento, Macrofotografia, Luz forense/lanterna",False,False,0.1207
Tentativa de Suicídio,Área Rural,4,52,3,2023-01-15 02:38:00,2ª DP,Luz forense/lanterna,True,False,0.3441
Afogamento,Estabelecimento Comercial,3,36,0,2023-11-18 18:28:00,DCA (Criança e Adolescente),"Luz forense/lanterna, Empoamento, Macrofotografia",True,False,0.2875
Latrocínio e/ou Tentativa de Latrocínio,Área Rural,0,48,1,2023-03-26 02:22:00,DCA (Criança e Adolescente),"Luz forense/lanterna, Macrofotografia, Empoamento",False,False,0.6516
Dano,Residência,0,8,0,2023-05-18 01:11:00,DRFC (Furtos),"Empoamento, Macrofotografia, Luz forense/lanterna",True,True,0.487
Exercício Arbitrário das Próprias Razões,Pátio,0,30,0,2023-04-15 05:53:00,DHPP (Homicídios),"Empoamento, Macrofotografia, Luz forense/lanterna",False,False,0.1895
Violação de Domicílio,Terreno Baldio,7,7,3,2023-12-27 12:24:00,DHPP (Homicídios),"Luz forense/lanterna, Macrofotografia",True,False,0.3122
Lesão Corporal,DP,7,17,0,2023-10-31 18:29:00,DRFC (Furtos),"Luz forense/lanterna, Macrofotografia, Empoamento",True,True,0.6965
Maus Tratos de Animal,Hospital,0,21,0,2023-07-22 17:13:00,1ª DP,"Empoamento, Macrofotografia, Luz forense/lanterna",False,True,0.3154
Exercício Arbitrário das Próprias Razões,Hospital,4,41,0,2023-02-05 18:33:00,2ª DP,Macrofotografia,False,False,0.1412
Infanticídio,Via Pública,2,12,4,2023-01-08 01:12:00,DRFC (Furtos),"Macrofotografia, Empoamento, Luz forense/lanterna",False,False,0.7082
Lesão Corporal,Estabelecimento Comercial,1,21,3,2023-11-09 13:02:00,2ª DP,"Luz forense/lanterna, Macrofotografia",False,False,0.4475
Ameaça,Pátio,1,20,3,2023-05-21 12:35:00,DEAM (Mulher),"Luz forense/lanterna, Empoamento, Macrofotografia",True,False,0.306
Violação de Sepultura,Estabelecimento Comercial,6,6,2,2023-06-17 16:35:00,3ª DP,"Empoamento, Luz forense/lanterna",True,False,0.3395
Tentativa de Suicídio,Via Pública,5,14,0,2023-11-07 23:52:00,1ª DP,"Luz forense/lanterna, Empoamento",True,False,0.3492
Aborto,Residência,2,7,0,2023-09-24 04:35:00,1ª DP,Luz forense/lanterna,False,True,0.2836
Tráfico de Entorpecentes,DP,0,31,0,2023-08-07 07:38:00,DEAM (Mulher),"Luz forense/lanterna, Macrofotografia, Empoamento",False,True,0.328
Receptação,Pátio,2,13,1,2023-10-15 18:05:00,3ª DP,Luz forense/lanterna,False,True,0.2745
Explosão (sem vítima),Terreno Baldio,4,26,10,2023-02-12 15:51:00,DHPP (Homicídios),"Empoamento, Macrofotografia",True,False,0.2803
Receptação,Terreno Baldio,7,12,0,2023-11-07 19:29:00,1ª DP,"Empoamento, Luz forense/lanterna",False,False,0.1823
Ameaça,Via Pública,0,8,0,2023-11-19 02:01:00,DCA (Criança e Adolescente),"Empoamento, Macrofotografia",True,False,0.2848
Feminicídio,Área Rural,2,7,0,2023-05-29 18:51:00,DHPP (Homicídios),"Luz forense/lanterna, Macrofotografia",True,False,0.8055
Furto Qualificado (arrombamento),Terreno Baldio,3,52,0,2023-06-27 08:19:00,1ª DP,"Macrofotografia, Empoamento, Luz forense/lanterna",True,False,0.3053
Dano Seguido de Lesão Corporal,Via Pública,2,10,2,2023-08-21 06:56:00,2ª DP,"Luz forense/lanterna, Empoamento, Macrofotografia",True,False,0.5714
Extorsão,Terreno Baldio,0,18,1,2023-11-11 15:27:00,DEAM (Mulher),Macrofotografia,False,True,0.5736
Furto d'água,Hospital,9,86,1,2023-08-29 15:34:00,DEAM (Mulher),"Macrofotografia, Luz forense/lanterna, Empoamento",False,False,0.1007
Marca em Animal,Estabelecimento Comercial,8,58,1,2023-02-23 07:01:00,3ª DP,"Macrofotografia, Empoamento, Luz forense/lanterna",True,False,0.3077
Latrocínio e/ou Tentativa de Latrocínio,Terreno Baldio,1,14,1,2023-11-29 11:22:00,2ª DP,"Empoamento, Macrofotografia",True,False,0.8788
Feminicídio,Área Rural,2,28,2,2023-10-11 09:19:00,DHPP (Homicídios),Macrofotografia,True,True,0.9936
Roubo Com Estupro,Pátio,1,11,0,2023-11-11 01:42:00,2ª DP,"Luz forense/lanterna, Empoamento, Macrofotografia",False,True,0.8007
Adulteração de Placa e/ou Lacre,Hospital,4,80,4,2023-04-04 15:19:00,DEAM (Mulher),Macrofotografia,False,False,0.1886
Adulteração de Placa e/ou Lacre,Terreno Baldio,1,30,2,2023-08-20 07:07:00,DCA (Criança e Adolescente),"Macrofotografia, Empoamento, Luz forense/lanterna",True,False,0.3306
Eletroplessão,DP,2,18,1,2023-07-07 12:19:00,2ª DP,"Macrofotografia, Luz forense/lanterna",False,False,0.1007
Disparo de Arma de Fogo,DP,2,28,1,2023-07-06 14:03:00,DCA (Criança e Adolescente),Empoamento,False,False,0.4471
Extorsão,Pátio,6,45,6,2023-11-05 21:50:00,1ª DP,Macrofotografia,True,False,0.5018
Pichação,DP,1,9,2,2023-01-10 13:13:00,DHPP (Homicídios),"Empoamento, Macrofotografia",True,True,0.4441
Furto d'água,Via Pública,2,8,2,2023-03-14 18:20:00,DCA (Criança e Adolescente),"Luz forense/lanterna, Empoamento",True,False,0.286
Extorsão,Estabelecimento Comercial,1,24,3,2023-02-16 05:37:00,DRFC (Furtos),"Empoamento, Macrofotografia",False,True,0.5644
Latrocínio e/ou Tentativa de Latrocínio,Terreno Baldio,0,36,1,2023-03-24 14:07:00,DEAM (Mulher),Luz forense/lanterna,True,True,0.9517
Estelionato,Área Rural,2,19,2,2023-06-27 07:56:00,DHPP (Homicídios),"Macrofotografia, Luz forense/lanterna, Empoamento",True,True,0.4579
Adulteração de Placa e/ou Lacre,DP,2,34,0,2023-01-22 09:48:00,2ª DP,Empoamento,False,True,0.2687
Receptação,Via Pública,4,13,0,2023-05-22 16:50:00,DEAM (Mulher),"Macrofotografia, Luz forense/lanterna",True,False,0.3179
Adulteração de Placa e/ou Lacre,Residência,2,5,2,2023-07-11 18:44:00,3ª DP,"Empoamento, Macrofotografia",False,False,0.1312
Roubo Com Estupro,Terreno Baldio,0,35,2,2023-07-04 06:04:00,DCA (Criança e Adolescente),"Luz forense/lanterna, Macrofotografia, Empoamento",True,False,0.888
Veículo Localizado (furtado ou roubado),Hospital,2,14,1,2023-11-23 20:52:00,DCA (Criança e Adolescente),"Luz forense/lanterna, Macrofotografia",True,False,0.3048
Furto em Interior de Veículo,Pátio,9,10,2,2023-09-10 00:51:00,DHPP (Homicídios),"Empoamento, Luz forense/lanterna, Macrofotografia",False,False,0.1697
Pichação,Terreno Baldio,1,5,2,2023-06-01 06:36:00,DCA (Criança e Adolescente),"Macrofotografia, Luz forense/lanterna, Empoamento",True,True,0.4381
Furto,Estabelecimento Comercial,0,18,3,2023-06-15 17:31:00,2ª DP,Empoamento,False,True,0.2631
Suicídio,DP,1,12,0,2023-04-24 02:04:00,DCA (Criança e Adolescente),"Empoamento, Luz forense/lanterna",False,False,0.1498
Furto Qualificado (arrombamento),Residência,2,60,3,2023-05-05 03:55:00,2ª DP,Luz forense/lanterna,True,False,0.2751
Extorsão,Hospital,4,48,4,2023-03-15 02:21:00,2ª DP,"Empoamento, Luz forense/lanterna",False,True,0.5631
Cadáver Encontrado,Pátio,0,6,4,2023-10-01 04:08:00,DHPP (Homicídios),"Macrofotografia, Empoamento, Luz forense/lanterna",True,True,0.4083
Receptação,DP,0,9,0,2023-08-03 21:32:00,DCA (Criança e Adolescente),Luz forense/lanterna,True,True,0.4929
Estelionato,Pátio,2,7,2,2023-03-21 09:07:00,DCA (Criança e Adolescente),"Luz forense/lanterna, Empoamento, Macrofotografia",False,False,0.1856
Furto em Interior de Veículo,DP,3,52,5,2023-11-28 15:37:00,DRFC (Furtos),Luz forense/lanterna,False,False,0.1332
Morte Aparentemente Natural,Via Pública,1,41,0,2023-11-22 01:39:00,DRFC (Furtos),"Empoamento, Macrofotografia, Luz forense/lanterna",True,False,0.2677
Aborto,Estabelecimento Comercial,1,7,2,2023-05-30 17:48:00,DCA (Criança e Adolescente),"Luz forense/lanterna, Empoamento",False,False,0.1281
Maus Tratos de Animal,Via Pública,0,40,6,2023-08-30 12:39:00,3ª DP,"Luz forense/lanterna, Empoamento",False,False,0.1101
Desmanche de Veículos,Via Pública,4,17,0,2023-07-28 06:35:00,DEAM (Mulher),"Luz forense/lanterna, Empoamento, Macrofotografia",False,False,0.1058
Afogamento,Terreno Baldio,11,16,0,2023-05-31 20:11:00,3ª DP,"Luz forense/lanterna, Macrofotografia",True,False,0.2779
Furto,Estabelecimento Comercial,8,10,0,2023-11-09 11:46:00,1ª DP,Luz forense/lanterna,True,False,0.2567
Infanticídio,Estabelecimento Comercial,1,23,0,2023-03-31 03:23:00,DEAM (Mulher),"Empoamento, Macrofotografia",True,False,0.8758
Cadáver Encontrado,Pátio,1,8,1,2023-10-17 03:57:00,2ª DP,Luz forense/lanterna,False,False,0.1351
Explosão (com vítima),Via Pública,0,46,0,2023-04-13 23:22:00,DEAM (Mulher),Macrofotografia,True,False,0.5572
Dano Seguido de Lesão Corporal,Via Pública,4,24,1,2023-08-19 21:47:00,2ª DP,"Empoamento, Macrofotografia, Luz forense/lanterna",False,False,0.4391
Furto Qualificado (arrombamento),Via Pública,4,5,1,2023-01-22 06:55:00,1ª DP,Macrofotografia,False,True,0.2984
Incêndio (sem vítima),Terreno Baldio,10,18,1,2023-08-06 13:25:00,DRFC (Furtos),"Macrofotografia, Luz forense/lanterna",False,False,0.1861
Desmanche de Veículos,Pátio,1,6,0,2023-09-14 19:26:00,DEAM (Mulher),"Luz forense/lanterna, Macrofotografia, Empoamento",True,False,0.3318
Infanticídio,Terreno Baldio,5,35,0,2023-01-30 09:36:00,3ª DP,Luz forense/lanterna,False,True,0.8652
Suicídio,Hospital,8,21,8,2023-03-07 00:22:00,3ª DP,Macrofotografia,False,False,0.1408
Disparo de Arma de Fogo,Estabelecimento Comercial,8,5,3,2023-01-09 03:50:00,3ª DP,"Macrofotografia, Empoamento",True,False,0.5839
Tentativa de Suicídio,Pátio,3,59,3,2023-01-27 12:22:00,DRFC (Furtos),"Luz forense/lanterna, Macrofotografia",False,False,0.163
Tentativa de Homicídio,Hospital,4,72,5,2023-10-23 19:46:00,2ª DP,"Luz forense/lanterna, Macrofotografia",True,True,0.9562
Violação de Domicílio,Residência,0,29,1,2023-06-29 05:00:00,DHPP (Homicídios),"Macrofotografia, Luz forense/lanterna, Empoamento",False,True,0.3083
Marca em Animal,Estabelecimento Comercial,1,9,0,2023-11-11 10:35:00,1ª DP,"Empoamento, Luz forense/lanterna, Macrofotografia",False,False,0.1949
Furto em Interior de Veículo,Via Pública,1,14,3,2023-10-12 00:38:00,1ª DP,Empoamento,False,False,0.1648
Marca em Animal,Hospital,0,9,3,2023-11-21 23:16:00,DHPP (Homicídios),"Empoamento, Macrofotografia",True,False,0.2691
Suicídio,Área Rural,2,15,1,2023-08-10 17:38:00,DHPP (Homicídios),"Luz forense/lanterna, Empoamento, Macrofotografia",True,False,0.2507
Furto,Residência,7,11,4,2023-08-28 04:52:00,1ª DP,"Macrofotografia, Empoamento, Luz forense/lanterna",False,False,0.1544
Extorsão,Via Pública,0,17,2,2023-09-01 21:21:00,DHPP (Homicídios),"Empoamento, Luz forense/lanterna",True,False,0.5673
Incêndio (sem vítima),Terreno Baldio,10,41,0,2023-09-09 14:44:00,1ª DP,Empoamento,False,True,0.2957
Violação de Domicílio,Via Pública,2,5,0,2023-08-02 03:29:00,DRFC (Furtos),"Macrofotografia, Luz forense/lanterna, Empoamento",False,False,0.1862
Pichação,Via Pública,10,21,17,2023-11-03 20:44:00,DHPP (Homicídios),"Macrofotografia, Luz forense/lanterna, Empoamento",True,True,0.4338
Suicídio,Área Rural,1,14,1,2023-01-27 10:45:00,DHPP (Homicídios),"Macrofotografia, Empoamento, Luz forense/lanterna",True,True,0.4608
Maus Tratos de Animal,Via Pública,2,82,0,2023-07-04 20:46:00,DEAM (Mulher),"Luz forense/lanterna, Macrofotografia",False,False,0.1034
Tentativa de Homicídio,Estabelecimento Comercial,2,15,2,2023-01-29 16:21:00,3ª DP,Empoamento,True,False,0.8844
Ameaça,Hospital,3,6,0,2023-04-24 02:56:00,DRFC (Furtos),Empoamento,True,True,0.4903
Ameaça,Estabelecimento Comercial,0,29,2,2023-05-31 04:02:00,2ª DP,"Macrofotografia, Empoamento",True,False,0.3465
Exercício Arbitrário das Próprias Razões,Pátio,3,8,0,2023-04-26 01:59:00,1ª DP,Macrofotografia,True,False,0.2893
Eletroplessão,Via Pública,3,39,2,2024-01-01 23:01:00,DEAM (Mulher),"Empoamento, Luz forense/lanterna, Macrofotografia",False,False,0.1963
Furto em Interior de Veículo,Terreno Baldio,6,37,4,2023-03-04 16:44:00,DCA (Criança e Adolescente),"Luz forense/lanterna, Macrofotografia, Empoamento",True,False,0.3431
Furto,Área Rural,4,48,1,2023-08-27 18:16:00,3ª DP,"Empoamento, Macrofotografia",False,False,0.103
Exercício Arbitrário das Próprias Razões,DP,0,28,5,2023-07-26 00:35:00,DCA (Criança e Adolescente),"Luz forense/lanterna, Macrofotografia, Empoamento",True,False,0.3429
Explosão (com vítima),Estabelecimento Comercial,4,21,4,2023-02-25 10:14:00,3ª DP,"Macrofotografia, Luz forense/lanterna",False,False,0.391
Abandono de Incapaz,Via Pública,3,48,1,2023-09-07 00:27:00,3ª DP,Macrofotografia,False,False,0.7213
Explosão (sem vítima),DP,9,13,8,2023-02-13 09:49:00,DEAM (Mulher),Empoamento,False,False,0.1234
Ossada Encontrada,Pátio,0,6,4,2023-02-06 22:12:00,DRFC (Furtos),Macrofotografia,False,True,0.3147
Local de Estupro e/ou Veículo Envolvido em Estupro,Estabelecimento Comercial,1,5,2,2023-06-30 09:37:00,DEAM (Mulher),"Empoamento, Macrofotografia",False,False,0.7191
Furto Qualificado (arrombamento),Hospital,6,11,1,2023-10-01 00:02:00,DCA (Criança e Adolescente),"Luz forense/lanterna, Macrofotografia, Empoamento",True,False,0.306
Estelionato,Área Rural,3,15,1,2023-03-29 04:50:00,1ª DP,"Luz forense/lanterna, Empoamento",False,True,0.258
Abandono de Incapaz,Terreno Baldio,2,7,0,2023-04-07 08:58:00,DEAM (Mulher),"Macrofotografia, Empoamento, Luz forense/lanterna",False,False,0.7111
Explosão (com vítima),Estabelecimento Comercial,0,11,0,2023-11-05 04:17:00,DHPP (Homicídios),Empoamento,False,False,0.3969
Exercício Arbitrário das Próprias Razões,Terreno Baldio,2,23,1,2023-04-22 21:41:00,2ª DP,"Macrofotografia, Luz forense/lanterna",True,False,0.3204
Furto Qualificado (arrombamento),Estabelecimento Comercial,3,17,0,2023-11-10 11:15:00,DCA (Criança e Adolescente),"Empoamento, Macrofotografia",True,False,0.2757
Violação de Sepultura,Via Pública,6,8,0,2023-05-19 16:21:00,DRFC (Furtos),"Empoamento, Macrofotografia",False,False,0.1529
Maus Tratos de Animal,Pátio,2,5,2,2023-06-23 06:17:00,1ª DP,"Macrofotografia, Luz forense/lanterna",True,False,0.2868
Furto de Energia Elétrica ou Termodinâmica,Residência,0,24,1,2023-06-13 13:34:00,1ª DP,"Luz forense/lanterna, Macrofotografia, Empoamento",False,True,0.3105
Furto,Residência,6,18,3,2023-02-26 17:19:00,DCA (Criança e Adolescente),Empoamento,False,True,0.3337
Aborto,Via Pública,3,5,0,2023-08-08 08:32:00,DEAM (Mulher),Luz forense/lanterna,True,False,0.2523
Local de Estupro e/ou Veículo Envolvido em Estupro,Área Rural,3,40,4,2023-04-24 23:04:00,2ª DP,"Macrofotografia, Empoamento",False,False,0.6812
Aborto,Residência,0,10,2,2023-07-08 21:41:00,DRFC (Furtos),Luz forense/lanterna,False,False,0.1288
Arremesso de Projétil,Estabelecimento Comercial,2,24,2,2023-05-27 10:25:00,DCA (Criança e Adolescente),"Empoamento, Macrofotografia",False,True,0.3
Dano Seguido de Lesão Corporal,Área Rural,2,17,1,2023-05-03 21:43:00,2ª DP,Luz forense/lanterna,False,False,0.4231
Local de Estupro e/ou Veículo Envolvido em Estupro,Terreno Baldio,4,49,3,2023-10-11 08:25:00,3ª DP,"Empoamento, Luz forense/lanterna",False,False,0.654
Furto de Energia Elétrica ou Termodinâmica,Via Pública,3,32,3,2023-09-09 15:10:00,DRFC (Furtos),"Empoamento, Macrofotografia, Luz forense/lanterna",True,False,0.2902
Latrocínio e/ou Tentativa de Latrocínio,Estabelecimento Comercial,1,8,1,2023-11-26 11:51:00,DEAM (Mulher),"Luz forense/lanterna, Empoamento, Macrofotografia",False,False,0.7099
Explosão (com vítima),Área Rural,5,14,0,2023-02-20 19:03:00,1ª DP,"Macrofotografia, Empoamento",False,False,0.4017
Furto,Área Rural,4,10,2,2023-06-22 00:39:00,DCA (Criança e Adolescente),"Macrofotografia, Empoamento, Luz forense/lanterna",False,False,0.1281
Feto Encontrado,Estabelecimento Comercial,3,7,3,2023-05-31 05:12:00,DCA (Criança e Adolescente),"Macrofotografia, Luz forense/lanterna, Empoamento",False,True,0.8964
Violação de Domicílio,Pátio,5,18,2,2023-02-25 08:57:00,DRFC (Furtos),Luz forense/lanterna,False,False,0.1774
Homicídio,Via Pública,4,13,0,2023-11-03 23:36:00,2ª DP,"Luz forense/lanterna, Macrofotografia, Empoamento",False,False,0.69
Tentativa de Suicídio,Estabelecimento Comercial,2,16,6,2023-11-23 12:55:00,2ª DP,"Empoamento, Macrofotografia, Luz forense/lanterna",False,False,0.1858
Receptação,Residência,3,17,1,2023-09-18 04:31:00,2ª DP,"Luz forense/lanterna, Macrofotografia, Empoamento",True,True,0.4353
Roubo Com Estupro,Terreno Baldio,5,10,0,2023-07-04 20:47:00,3ª DP,"Luz forense/lanterna, Macrofotografia",False,True,0.884
Desmanche de Veículos,Pátio,4,14,2,2023-06-16 01:38:00,DRFC (Furtos),Empoamento,False,True,0.2789
Suicídio,Residência,0,5,1,2023-02-20 11:21:00,DEAM (Mulher),"Macrofotografia, Luz forense/lanterna, Empoamento",False,True,0.2835
Aborto,DP,0,16,0,2023-04-24 08:40:00,DEAM (Mulher),"Luz forense/lanterna, Empoamento",True,False,0.3011
Receptação,Residência,3,13,6,2023-12-07 04:31:00,DRFC (Furtos),Macrofotografia,False,False,0.1987
Disparo de Arma de Fogo,Via Pública,0,13,0,2023-02-04 00:12:00,2ª DP,"Macrofotografia, Empoamento, Luz forense/lanterna",True,False,0.5104
Feto Encontrado,Terreno Baldio,0,31,3,2023-08-30 23:26:00,DHPP (Homicídios),Empoamento,False,True,0.8593
Tentativa de Suicídio,Via Pública,4,68,0,2023-10-11 12:04:00,2ª DP,"Luz forense/lanterna, Macrofotografia, Empoamento",True,False,0.3075
Latrocínio e/ou Tentativa de Latrocínio,DP,0,39,2,2023-11-05 14:25:00,DRFC (Furtos),"Luz forense/lanterna, Macrofotografia, Empoamento",True,False,0.811
Abandono de Incapaz,Via Pública,1,7,0,2023-02-06 12:54:00,1ª DP,"Luz forense/lanterna, Empoamento",False,False,0.7338
Adulteração de Placa e/ou Lacre,Pátio,9,9,4,2023-04-25 23:58:00,3ª DP,"Macrofotografia, Empoamento",False,True,0.348
Roubo Com Estupro,Terreno Baldio,0,51,0,2023-12-08 00:30:00,3ª DP,"Luz forense/lanterna, Empoamento",False,True,0.8014
Afogamento,Residência,0,5,3,2023-03-28 17:36:00,3ª DP,"Empoamento, Luz forense/lanterna, Macrofotografia",True,False,0.3138
Infanticídio,Pátio,5,13,1,2023-04-27 04:39:00,2ª DP,"Macrofotografia, Empoamento",True,True,0.9869
Furto de Energia Elétrica ou Termodinâmica,Via Pública,1,15,0,2023-12-01 16:18:00,1ª DP,"Empoamento, Luz forense/lanterna, Macrofotografia",True,False,0.3363
Tentativa de Suicídio,Estabelecimento Comercial,7,5,4,2023-04-04 15:33:00,DRFC (Furtos),"Macrofotografia, Luz forense/lanterna, Empoamento",False,False,0.188
Tráfico de Entorpecentes,Hospital,3,45,0,2023-03-01 07:22:00,DRFC (Furtos),Luz forense/lanterna,True,False,0.3101
Tentativa de Homicídio,Estabelecimento Comercial,2,5,0,2023-11-21 11:50:00,DRFC (Furtos),"Macrofotografia, Luz forense/lanterna",True,False,0.8929
Arremesso de Projétil,Residência,6,26,0,2023-05-03 19:39:00,DCA (Criança e Adolescente),"Luz forense/lanterna, Empoamento",False,False,0.1295
Adulteração de Placa e/ou Lacre,Estabelecimento Comercial,0,17,1,2023-11-23 12:53:00,DCA (Criança e Adolescente),"Empoamento, Luz forense/lanterna",False,False,0.1978
Tentativa de Suicídio,Via Pública,7,13,7,2023-03-02 20:46:00,DHPP (Homicídios),"Luz forense/lanterna, Empoamento",True,False,0.2503
Violação de Domicílio,Estabelecimento Comercial,1,9,1,2023-09-28 15:59:00,DHPP (Homicídios),Empoamento,True,False,0.3233
Morte Aparentemente Natural,Pátio,2,52,2,2023-04-09 10:46:00,3ª DP,"Macrofotografia, Empoamento",False,False,0.1906
Adulteração de Placa e/ou Lacre,Residência,2,25,2,2023-02-23 07:44:00,DEAM (Mulher),"Macrofotografia, Empoamento, Luz forense/lanterna",False,False,0.1401
Furto d'água,DP,0,10,1,2023-02-28 11:16:00,1ª DP,"Empoamento, Macrofotografia, Luz forense/lanterna",False,True,0.3217
Disparo de Arma de Fogo,Hospital,0,22,2,2023-10-24 12:09:00,DEAM (Mulher),"Empoamento, Macrofotografia",True,True,0.7046
Incêndio (sem vítima),Pátio,3,25,0,2023-08-02 06:33:00,2ª DP,"Empoamento, Macrofotografia, Luz forense/lanterna",True,False,0.3043
Local de Estupro e/ou Veículo Envolvido em Estupro,Via Pública,0,14,0,2023-08-23 05:05:00,DRFC (Furtos),"Empoamento, Macrofotografia",False,False,0.6585
Afogamento,Residência,1,22,0,2023-03-12 17:21:00,DCA (Criança e Adolescente),"Empoamento, Luz forense/lanterna, Macrofotografia",True,True,0.4312
Furto d'água,DP,2,15,2,2023-10-25 02:53:00,1ª DP,"Macrofotografia, Empoamento, Luz forense/lanterna",True,False,0.2553
Latrocínio e/ou Tentativa de Latrocínio,DP,5,16,3,2023-09-30 08:08:00,DCA (Criança e Adolescente),"Macrofotografia, Empoamento, Luz forense/lanterna",True,False,0.8791
Local de Estupro e/ou Veículo Envolvido em Estupro,Pátio,5,41,1,2023-03-19 15:50:00,1ª DP,"Empoamento, Macrofotografia",True,False,0.8716
Latrocínio e/ou Tentativa de Latrocínio,Estabelecimento Comercial,5,21,0,2023-06-21 20:53:00,2ª DP,"Macrofotografia, Luz forense/lanterna, Empoamento",True,False,0.8756
Estelionato,DP,0,61,3,2023-07-25 07:23:00,DHPP (Homicídios),"Empoamento, Luz forense/lanterna, Macrofotografia",False,False,0.1044
Latrocínio e/ou Tentativa de Latrocínio,Área Rural,3,10,0,2023-08-08 06:13:00,DHPP (Homicídios),"Macrofotografia, Luz forense/lanterna",True,False,0.8308
Explosão (sem vítima),Hospital,4,29,1,2023-10-09 23:57:00,DRFC (Furtos),"Macrofotografia, Luz forense/lanterna, Empoamento",False,False,0.1563
Desmanche de Veículos,DP,16,28,0,2023-09-25 02:23:00,1ª DP,"Luz forense/lanterna, Macrofotografia, Empoamento",False,False,0.1877
Suicídio,Pátio,2,8,4,2023-10-17 04:52:00,DRFC (Furtos),Macrofotografia,False,True,0.2537
Furto,Via Pública,5,52,3,2023-11-19 19:23:00,DEAM (Mulher),"Empoamento, Macrofotografia",True,False,0.2927
Adulteração de Placa e/ou Lacre,Terreno Baldio,0,42,3,2023-04-04 06:35:00,DHPP (Homicídios),Luz forense/lanterna,False,True,0.2662
Lesão Corporal,Estabelecimento Comercial,0,6,0,2023-08-23 20:46:00,DRFC (Furtos),"Empoamento, Macrofotografia, Luz forense/lanterna",True,False,0.5715
Afogamento,Hospital,0,45,3,2023-07-10 07:00:00,3ª DP,"Macrofotografia, Luz forense/lanterna, Empoamento",True,True,0.4428
Furto em Interior de Veículo,Residência,2,44,1,2023-01-22 11:08:00,3ª DP,"Luz forense/lanterna, Macrofotografia, Empoamento",True,True,0.4875
Tentativa de Suicídio,Via Pública,4,9,0,2024-01-01 13:21:00,DRFC (Furtos),"Macrofotografia, Empoamento, Luz forense/lanterna",False,False,0.1077
Estelionato,DP,3,7,7,2023-02-20 00:22:00,DHPP (Homicídios),Empoamento,True,True,0.4766
Exercício Arbitrário das Próprias Razões,DP,4,78,1,2023-03-25 08:04:00,DHPP (Homicídios),Luz forense/lanterna,False,False,0.1067
Receptação,Terreno Baldio,3,15,3,2023-04-10 15:31:00,2ª DP,"Macrofotografia, Empoamento, Luz forense/lanterna",False,False,0.1543
Incêndio (sem vítima),Terreno Baldio,0,18,1,2023-06-26 00:41:00,DHPP (Homicídios),Empoamento,False,False,0.1873
Aborto,DP,0,20,2,2023-08-04 22:37:00,1ª DP,"Luz forense/lanterna, Empoamento, Macrofotografia",True,False,0.2924
Tentativa de Suicídio,DP,0,7,1,2023-05-30 13:03:00,1ª DP,"Empoamento, Luz forense/lanterna",True,True,0.4975
Homicídio,Área Rural,5,73,1,2023-02-18 06:30:00,1ª DP,"Empoamento, Luz forense/lanterna",False,False,0.6592
Incêndio (sem vítima),Hospital,0,13,4,2023-02-10 12:24:00,DHPP (Homicídios),"Luz forense/lanterna, Empoamento",True,True,0.4605
Estelionato,Estabelecimento Comercial,3,6,0,2023-12-25 06:05:00,DCA (Criança e Adolescente),"Empoamento, Luz forense/lanterna",False,True,0.3036
Furto de Energia Elétrica ou Termodinâmica,Terreno Baldio,5,28,1,2023-06-05 17:14:00,DCA (Criança e Adolescente),"Empoamento, Luz forense/lanterna",True,True,0.4565
Extorsão,Hospital,0,5,0,2023-08-25 22:59:00,DEAM (Mulher),Empoamento,False,False,0.431
Furto Qualificado (arrombamento),Residência,6,24,2,2023-12-25 19:59:00,1ª DP,Luz forense/lanterna,False,False,0.1956
Furto Qualificado (arrombamento),Via Pública,0,42,0,2023-08-15 03:56:00,DHPP (Homicídios),"Macrofotografia, Empoamento, Luz forense/lanterna",True,False,0.3154
Furto Qualificado (arrombamento),Hospital,0,5,4,2023-06-09 04:36:00,3ª DP,"Macrofotografia, Empoamento",False,False,0.1204
Ameaça,DP,1,65,2,2023-03-07 02:56:00,DCA (Criança e Adolescente),"Luz forense/lanterna, Macrofotografia",True,False,0.2531
Roubo Com Estupro,Terreno Baldio,1,7,8,2023-12-28 23:40:00,DCA (Criança e Adolescente),"Macrofotografia, Luz forense/lanterna",False,False,0.6686
Marca em Animal,Terreno Baldio,3,11,2,2023-11-04 04:18:00,3ª DP,"Macrofotografia, Empoamento",False,False,0.1999
Feminicídio,Terreno Baldio,8,17,2,2023-12-02 02:50:00,DCA (Criança e Adolescente),Luz forense/lanterna,True,True,1.0
Furto em Interior de Veículo,Via Pública,1,40,3,2023-01-01 10:37:00,DEAM (Mulher),"Empoamento, Luz forense/lanterna",True,True,0.4238
Incêndio (com vítima),Área Rural,7,9,2,2023-03-13 12:27:00,1ª DP,"Empoamento, Luz forense/lanterna",False,False,0.4342
Latrocínio e/ou Tentativa de Latrocínio,Pátio,0,11,0,2023-01-25 19:33:00,DCA (Criança e Adolescente),"Luz forense/lanterna, Empoamento",True,False,0.8482
Morte Aparentemente Natural,Área Rural,0,45,0,2023-08-11 12:44:00,2ª DP,"Macrofotografia, Luz forense/lanterna",True,True,0.4515
Veículo Localizado (furtado ou roubado),Residência,3,12,1,2023-10-25 02:42:00,1ª DP,"Luz forense/lanterna, Empoamento, Macrofotografia",False,False,0.1268
Exercício Arbitrário das Próprias Razões,Hospital,2,7,1,2023-07-08 06:56:00,1ª DP,"Empoamento, Luz forense/lanterna, Macrofotografia",False,False,0.1017
Tentativa de Suicídio,Estabelecimento Comercial,3,10,3,2023-05-12 02:09:00,DCA (Criança e Adolescente),"Luz forense/lanterna, Macrofotografia, Empoamento",True,True,0.4718
Eletroplessão,Estabelecimento Comercial,0,8,0,2023-01-07 12:55:00,2ª DP,"Empoamento, Luz forense/lanterna, Macrofotografia",False,True,0.2777
Local de Estupro e/ou Veículo Envolvido em Estupro,Residência,1,21,3,2023-01-17 17:24:00,3ª DP,"Macrofotografia, Luz forense/lanterna",False,False,0.6982
Infanticídio,Residência,1,5,4,2023-03-20 21:19:00,3ª DP,Macrofotografia,False,True,0.878
Local de Estupro e/ou Veículo Envolvido em Estupro,Hospital,1,24,0,2023-10-06 14:27:00,DCA (Criança e Adolescente),"Luz forense/lanterna, Macrofotografia",True,False,0.8306
Aborto,Hospital,2,38,0,2023-11-23 19:29:00,3ª DP,"Luz forense/lanterna, Empoamento",True,False,0.2956
Incêndio (com vítima),Terreno Baldio,4,8,1,2023-08-10 10:23:00,1ª DP,Luz forense/lanterna,False,False,0.3949
Roubo Com Estupro,Área Rural,4,10,1,2023-10-01 22:57:00,1ª DP,Empoamento,False,False,0.6778
Suicídio,Residência,2,13,6,2023-02-10 22:56:00,DHPP (Homicídios),Luz forense/lanterna,True,False,0.3267
Cadáver Encontrado,Terreno Baldio,0,12,3,2023-03-06 12:04:00,DEAM (Mulher),"Macrofotografia, Luz forense/lanterna",False,False,0.1467
Furto d'água,Estabelecimento Comercial,0,8,15,2023-08-20 23:05:00,DRFC (Furtos),"Empoamento, Macrofotografia",False,False,0.1611
Ossada Encontrada,Hospital,12,9,2,2023-08-09 19:14:00,DRFC (Furtos),Luz forense/lanterna,False,True,0.332
Estelionato,Área Rural,0,17,3,2023-09-30 05:44:00,3ª DP,Macrofotografia,False,False,0.1691
Marca em Animal,Pátio,1,5,1,2023-04-16 04:11:00,DRFC (Furtos),"Macrofotografia, Empoamento",True,False,0.3077
Afogamento,Residência,3,18,5,2023-01-08 14:54:00,DHPP (Homicídios),"Empoamento, Macrofotografia, Luz forense/lanterna",True,False,0.3439
Extorsão,Estabelecimento Comercial,9,56,1,2023-04-24 18:37:00,DCA (Criança e Adolescente),"Luz forense/lanterna, Empoamento, Macrofotografia",True,True,0.7199
Tráfico de Entorpecentes,DP,9,46,2,2023-10-21 11:03:00,1ª DP,"Empoamento, Luz forense/lanterna",False,True,0.2711
Tentativa de Homicídio,Estabelecimento Comercial,1,19,0,2023-05-20 07:58:00,DRFC (Furtos),"Empoamento, Luz forense/lanterna, Macrofotografia",True,False,0.8091
Explosão (com vítima),Hospital,0,54,0,2023-06-23 00:28:00,DEAM (Mulher),"Macrofotografia, Empoamento",True,False,0.5442
Ossada Encontrada,Residência,5,16,0,2023-07-24 02:47:00,3ª DP,"Macrofotografia, Luz forense/lanterna",False,False,0.1698
Receptação,Residência,4,33,1,2023-10-07 11:05:00,1ª DP,"Luz forense/lanterna, Macrofotografia",False,True,0.3176
Exercício Arbitrário das Próprias Razões,Área Rural,0,55,3,2023-07-14 10:03:00,2ª DP,"Macrofotografia, Empoamento, Luz forense/lanterna",True,False,0.2578
Estelionato,Via Pública,0,13,0,2023-11-15 20:28:00,DHPP (Homicídios),"Macrofotografia, Luz forense/lanterna, Empoamento",False,True,0.2771
Maus Tratos de Animal,Área Rural,4,28,0,2023-01-01 15:13:00,DHPP (Homicídios),"Macrofotografia, Empoamento, Luz forense/lanterna",True,True,0.4735
Maus Tratos de Animal,Área Rural,0,16,5,2023-08-07 23:23:00,DCA (Criança e Adolescente),"Empoamento, Luz forense/lanterna",False,False,0.1336
Afogamento,Via Pública,2,5,7,2023-09-25 10:17:00,1ª DP,Luz forense/lanterna,False,True,0.2796
Eletroplessão,Pátio,0,72,0,2023-04-16 04:19:00,DRFC (Furtos),"Empoamento, Macrofotografia",False,False,0.1779
Furto Qualificado (arrombamento),Via Pública,0,62,4,2023-07-05 21:21:00,DHPP (Homicídios),"Empoamento, Luz forense/lanterna",False,False,0.1317
Incêndio (com vítima),Via Pública,4,11,0,2023-03-20 16:24:00,DRFC (Furtos),"Empoamento, Luz forense/lanterna",True,False,0.5577
Infanticídio,DP,0,29,0,2023-03-29 04:17:00,DCA (Criança e Adolescente),"Macrofotografia, Empoamento",False,False,0.6878
Tentativa de Homicídio,Terreno Baldio,6,16,0,2023-05-09 17:20:00,2ª DP,Luz forense/lanterna,False,True,0.8643
Explosão (com vítima),Pátio,0,26,2,2023-06-11 21:10:00,3ª DP,"Luz forense/lanterna, Macrofotografia, Empoamento",False,False,0.3861
Ameaça,Residência,5,5,1,2023-12-08 02:40:00,DCA (Criança e Adolescente),"Luz forense/lanterna, Empoamento",True,False,0.2665
Furto,Terreno Baldio,7,47,6,2023-06-08 08:44:00,DRFC (Furtos),"Macrofotografia, Empoamento",False,True,0.3427
Desmanche de Veículos,Residência,0,17,0,2023-11-30 22:34:00,3ª DP,Macrofotografia,True,False,0.2791
Adulteração de Placa e/ou Lacre,Pátio,1,51,0,2023-04-06 17:56:00,DRFC (Furtos),"Macrofotografia, Empoamento, Luz forense/lanterna",True,True,0.4207
Ossada Encontrada,Terreno Baldio,0,8,1,2023-07-23 23:46:00,DCA (Criança e Adolescente),"Luz forense/lanterna, Empoamento, Macrofotografia",True,False,0.3112
Latrocínio e/ou Tentativa de Latrocínio,Via Pública,4,7,0,2023-08-30 14:15:00,DCA (Criança e Adolescente),"Luz forense/lanterna, Empoamento",True,True,1.0
Latrocínio e/ou Tentativa de Latrocínio,Via Pública,2,11,1,2023-02-08 01:55:00,DRFC (Furtos),"Macrofotografia, Luz forense/lanterna",True,False,0.8833
Ossada Encontrada,Via Pública,1,31,0,2023-06-25 20:47:00,1ª DP,Empoamento,True,False,0.3405
Ossada Encontrada,Pátio,4,58,0,2023-07-31 14:04:00,DRFC (Furtos),"Empoamento, Luz forense/lanterna, Macrofotografia",True,False,0.3166
Furto Qualificado (arrombamento),Área Rural,4,56,0,2023-07-20 12:34:00,DCA (Criança e Adolescente),"Luz forense/lanterna, Macrofotografia",False,False,0.1794
Roubo Com Estupro,Residência,0,17,0,2023-09-07 21:24:00,2ª DP,"Macrofotografia, Luz forense/lanterna",False,False,0.6609
Disparo de Arma de Fogo,Terreno Baldio,10,29,2,2023-06-28 04:26:00,DEAM (Mulher),"Macrofotografia, Empoamento, Luz forense/lanterna",False,True,0.5936
Incêndio (sem vítima),Via Pública,0,8,1,2023-01-04 11:02:00,DEAM (Mulher),"Empoamento, Macrofotografia",False,False,0.1612
Tentativa de Suicídio,Pátio,0,9,3,2023-07-12 18:21:00,DHPP (Homicídios),Empoamento,False,False,0.1419
Aborto,Residência,17,37,0,2023-06-09 02:52:00,DCA (Criança e Adolescente),Macrofotografia,False,False,0.1382
Desmanche de Veículos,Via Pública,4,17,1,2023-03-19 20:38:00,DEAM (Mulher),"Empoamento, Macrofotografia",False,False,0.1387
Disparo de Arma de Fogo,Terreno Baldio,1,10,1,2023-02-24 21:08:00,DEAM (Mulher),Empoamento,False,False,0.355
Tráfico de Entorpecentes,Área Rural,1,5,0,2023-06-23 04:49:00,3ª DP,Macrofotografia,False,True,0.3362
Afogamento,Terreno Baldio,9,7,2,2023-08-16 13:24:00,DEAM (Mulher),Macrofotografia,False,True,0.2846
Cadáver Encontrado,Área Rural,1,6,0,2023-05-29 11:04:00,DHPP (Homicídios),"Empoamento, Macrofotografia, Luz forense/lanterna",True,False,0.3093
Dano Seguido de Lesão Corporal,DP,2,40,1,2023-07-16 19:06:00,DEAM (Mulher),"Macrofotografia, Empoamento",True,False,0.5436
Tráfico de Entorpecentes,DP,0,22,3,2023-03-30 11:33:00,DEAM (Mulher),Macrofotografia,True,False,0.3276
Arremesso de Projétil,DP,13,5,0,2023-06-12 06:04:00,1ª DP,Luz forense/lanterna,True,False,0.3229
Veículo Localizado (furtado ou roubado),Residência,6,8,0,2023-02-19 04:11:00,DRFC (Furtos),"Empoamento, Macrofotografia",True,True,0.4382
Furto d'água,Residência,1,5,1,2023-12-18 09:27:00,DHPP (Homicídios),"Luz forense/lanterna, Macrofotografia, Empoamento",False,True,0.2648
Pichação,DP,0,29,0,2023-07-27 09:04:00,3ª DP,"Macrofotografia, Empoamento, Luz forense/lanterna",True,False,0.2915
Aborto,Terreno Baldio,0,59,0,2023-08-11 03:49:00,3ª DP,Macrofotografia,True,True,0.4414
Eletroplessão,Hospital,6,10,0,2023-06-08 01:26:00,DCA (Criança e Adolescente),Empoamento,False,True,0.3296
Explosão (sem vítima),Terreno Baldio,1,14,0,2023-07-09 00:13:00,DCA (Criança e Adolescente),"Empoamento, Luz forense/lanterna",True,False,0.2726
Infanticídio,Área Rural,1,61,3,2023-11-04 12:57:00,DEAM (Mulher),"Luz forense/lanterna, Macrofotografia, Empoamento",True,False,0.8111
Adulteração de Placa e/ou Lacre,Pátio,4,8,5,2023-11-27 11:51:00,DHPP (Homicídios),Empoamento,False,False,0.1494
Infanticídio,DP,7,11,1,2023-08-14 14:07:00,DRFC (Furtos),"Macrofotografia, Empoamento, Luz forense/lanterna",False,True,0.8888
Violação de Domicílio,Pátio,1,5,0,2023-12-21 16:14:00,DRFC (Furtos),"Empoamento, Macrofotografia",False,True,0.2685
Abandono de Incapaz,Residência,1,32,0,2023-09-22 15:56:00,DHPP (Homicídios),"Macrofotografia, Empoamento, Luz forense/lanterna",False,True,0.8579
Dano Seguido de Lesão Corporal,Área Rural,0,73,1,2023-03-31 00:15:00,DEAM (Mulher),"Empoamento, Luz forense/lanterna",True,False,0.5522
Feto Encontrado,Via Pública,14,74,1,2023-07-18 01:28:00,3ª DP,"Macrofotografia, Empoamento",True,True,0.9969
Incêndio (com vítima),Via Pública,0,12,0,2023-10-25 00:11:00,3ª DP,"Empoamento, Macrofotografia",True,False,0.5664
Incêndio (com vítima),Hospital,1,105,1,2023-12-07 20:55:00,DEAM (Mulher),Luz forense/lanterna,True,False,0.5735
Tentativa de Homicídio,Hospital,6,16,0,2023-03-29 23:15:00,DHPP (Homicídios),Macrofotografia,False,False,0.6689
Pichação,DP,2,11,3,2023-10-08 12:29:00,2ª DP,Empoamento,True,False,0.3098
Ossada Encontrada,Área Rural,2,46,1,2023-06-10 04:27:00,3ª DP,"Luz forense/lanterna, Empoamento, Macrofotografia",False,False,0.1853
Roubo,Área Rural,0,18,0,2023-11-21 19:25:00,DEAM (Mulher),Macrofotografia,True,False,0.5859
Furto,Estabelecimento Comercial,3,21,6,2023-11-03 14:14:00,DEAM (Mulher),"Luz forense/lanterna, Macrofotografia",True,True,0.4168
Latrocínio e/ou Tentativa de Latrocínio,Via Pública,5,10,0,2023-03-31 06:22:00,2ª DP,Empoamento,False,False,0.747
Desmanche de Veículos,Residência,3,38,3,2023-12-22 00:29:00,DEAM (Mulher),Empoamento,True,False,0.2999
Dano,Via Pública,1,9,1,2023-07-08 04:19:00,DCA (Criança e Adolescente),Macrofotografia,False,True,0.2908
Maus Tratos de Animal,Via Pública,0,30,3,2023-11-27 00:25:00,3ª DP,Luz forense/lanterna,True,False,0.3404
Tentativa de Homicídio,Via Pública,3,26,1,2023-08-11 10:01:00,DEAM (Mulher),"Empoamento, Macrofotografia",False,True,0.8733
Roubo Com Estupro,Hospital,2,8,0,2023-12-21 22:10:00,DHPP (Homicídios),Luz forense/lanterna,True,False,0.8472
Abandono de Incapaz,Pátio,3,37,3,2023-01-05 06:23:00,DHPP (Homicídios),"Macrofotografia, Luz forense/lanterna",False,False,0.6776
Estelionato,Estabelecimento Comercial,1,25,4,2023-03-17 09:26:00,3ª DP,"Empoamento, Luz forense/lanterna",True,True,0.4131
Explosão (com vítima),Via Pública,1,48,7,2023-04-21 01:48:00,DRFC (Furtos),"Macrofotografia, Luz forense/lanterna",False,True,0.5007
Estelionato,Residência,14,15,0,2023-06-13 17:05:00,3ª DP,"Empoamento, Luz forense/lanterna, Macrofotografia",True,False,0.3056
Marca em Animal,Residência,2,8,0,2023-09-10 21:53:00,DRFC (Furtos),"Macrofotografia, Empoamento",False,False,0.1608
Tráfico de Entorpecentes,Terreno Baldio,4,39,2,2023-11-28 18:49:00,DRFC (Furtos),"Empoamento, Luz forense/lanterna",False,True,0.3
Furto Qualificado (arrombamento),Hospital,2,44,2,2023-10-06 01:19:00,DCA (Criança e Adolescente),"Macrofotografia, Empoamento",True,True,0.4311
Receptação,Residência,1,14,3,2023-12-20 09:49:00,DRFC (Furtos),"Macrofotografia, Luz forense/lanterna",True,False,0.3098
Desmanche de Veículos,Estabelecimento Comercial,8,38,1,2023-11-22 16:51:00,DEAM (Mulher),Empoamento,False,False,0.1377
Suicídio,Pátio,4,24,4,2023-01-09 15:24:00,DHPP (Homicídios),Empoamento,False,False,0.1796
Furto Qualificado (arrombamento),Terreno Baldio,9,15,1,2023-02-04 06:55:00,DHPP (Homicídios),Empoamento,False,True,0.2876
Furto d'água,Terreno Baldio,1,48,2,2023-09-18 02:18:00,DEAM (Mulher),"Luz forense/lanterna, Macrofotografia",False,True,0.2674
Latrocínio e/ou Tentativa de Latrocínio,DP,7,11,0,2023-08-07 18:22:00,DCA (Criança e Adolescente),"Empoamento, Luz forense/lanterna, Macrofotografia",True,False,0.8638
Tentativa de Homicídio,Residência,3,41,0,2023-09-12 02:17:00,DRFC (Furtos),"Luz forense/lanterna, Macrofotografia",False,False,0.6868
Tentativa de Suicídio,Terreno Baldio,1,39,1,2023-10-17 13:44:00,2ª DP,"Luz forense/lanterna, Macrofotografia, Empoamento",False,False,0.1584
Tráfico de Entorpecentes,DP,7,18,3,2023-12-10 17:32:00,DRFC (Furtos),"Luz forense/lanterna, Macrofotografia, Empoamento",False,False,0.1039
Violação de Domicílio,Área Rural,0,30,1,2023-05-24 04:46:00,2ª DP,"Macrofotografia, Empoamento",True,False,0.2689
Exercício Arbitrário das Próprias Razões,Área Rural,2,21,1,2023-12-31 04:59:00,1ª DP,"Luz forense/lanterna, Macrofotografia, Empoamento",False,True,0.3114
Eletroplessão,Via Pública,0,53,0,2023-04-20 03:37:00,3ª DP,"Macrofotografia, Empoamento, Luz forense/lanterna",True,True,0.4308
Feto Encontrado,Via Pública,2,16,1,2023-03-04 23:11:00,3ª DP,Luz forense/lanterna,False,False,0.6517
Furto em Interior de Veículo,Residência,1,12,2,2023-06-09 20:31:00,DRFC (Furtos),"Empoamento, Luz forense/lanterna, Macrofotografia",False,False,0.199
Dano Seguido de Lesão Corporal,Pátio,0,25,0,2023-05-28 00:28:00,DRFC (Furtos),Macrofotografia,True,False,0.536
Explosão (sem vítima),DP,5,61,2,2023-02-14 05:57:00,DRFC (Furtos),"Macrofotografia, Empoamento, Luz forense/lanterna",False,False,0.1871
Incêndio (com vítima),Pátio,1,7,0,2023-12-02 13:26:00,DCA (Criança e Adolescente),Macrofotografia,False,True,0.5227
Afogamento,Residência,1,11,2,2023-09-10 20:01:00,DCA (Criança e Adolescente),"Macrofotografia, Luz forense/lanterna",False,True,0.2863
Estelionato,Área Rural,0,34,1,2023-04-05 03:52:00,DEAM (Mulher),Luz forense/lanterna,True,False,0.2692
Suicídio,Residência,6,7,0,2023-11-04 23:47:00,DRFC (Furtos),"Empoamento, Macrofotografia, Luz forense/lanterna",False,True,0.3212
Desmanche de Veículos,Pátio,0,21,2,2023-06-06 21:25:00,3ª DP,"Empoamento, Luz forense/lanterna, Macrofotografia",False,False,0.1711
Morte Aparentemente Natural,DP,2,9,1,2023-02-26 02:16:00,DHPP (Homicídios),"Empoamento, Luz forense/lanterna, Macrofotografia",False,True,0.2635
Maus Tratos de Animal,DP,1,9,0,2023-08-20 22:24:00,DRFC (Furtos),"Luz forense/lanterna, Empoamento, Macrofotografia",True,True,0.4677
Latrocínio e/ou Tentativa de Latrocínio,Terreno Baldio,0,18,2,2023-07-13 09:34:00,DHPP (Homicídios),"Luz forense/lanterna, Empoamento, Macrofotografia",False,False,0.7123
Furto,Via Pública,0,21,0,2023-01-08 15:04:00,3ª DP,"Luz forense/lanterna, Empoamento",True,False,0.3405
Lesão Corporal,Pátio,0,7,0,2023-02-21 06:12:00,1ª DP,Macrofotografia,True,False,0.5936
Eletroplessão,DP,0,9,1,2023-07-28 04:30:00,DHPP (Homicídios),Empoamento,False,True,0.3404
Furto d'água,Estabelecimento Comercial,0,28,1,2023-05-01 21:28:00,1ª DP,"Luz forense/lanterna, Empoamento",True,True,0.4886
Tentativa de Suicídio,Via Pública,0,11,3,2023-10-18 00:46:00,DHPP (Homicídios),"Macrofotografia, Luz forense/lanterna, Empoamento",False,False,0.101
Estelionato,Residência,0,6,0,2023-01-25 19:05:00,3ª DP,"Empoamento, Luz forense/lanterna, Macrofotografia",True,False,0.3395
Extorsão,Via Pública,0,9,1,2023-12-14 14:39:00,DRFC (Furtos),"Macrofotografia, Empoamento",False,False,0.396
Incêndio (com vítima),Área Rural,0,85,4,2023-09-11 05:49:00,3ª DP,"Macrofotografia, Luz forense/lanterna",True,True,0.7258
Afogamento,Terreno Baldio,1,11,1,2023-11-18 19:30:00,DEAM (Mulher),"Macrofotografia, Luz forense/lanterna",True,True,0.4767
Infanticídio,Estabelecimento Comercial,1,6,1,2023-08-17 18:43:00,1ª DP,Macrofotografia,False,False,0.7229
Feminicídio,DP,0,14,1,2023-03-07 16:47:00,DHPP (Homicídios),"Macrofotografia, Luz forense/lanterna, Empoamento",True,False,0.8393
Furto d'água,Residência,4,23,0,2023-11-26 16:28:00,3ª DP,"Empoamento, Macrofotografia, Luz forense/lanterna",True,False,0.2611
Suicídio,Estabelecimento Comercial,0,10,0,2023-09-13 03:01:00,3ª DP,"Macrofotografia, Empoamento, Luz forense/lanterna",False,True,0.3037
Explosão (sem vítima),Estabelecimento Comercial,0,17,0,2023-05-06 03:58:00,DEAM (Mulher),"Empoamento, Luz forense/lanterna",True,False,0.3443
Aborto,Residência,3,12,14,2023-01-22 12:16:00,DRFC (Furtos),"Macrofotografia, Luz forense/lanterna",False,False,0.1957
Eletroplessão,Terreno Baldio,2,64,0,2023-05-25 22:39:00,DEAM (Mulher),"Macrofotografia, Empoamento",True,False,0.2702
Extorsão,Residência,1,24,3,2023-11-29 01:24:00,DHPP (Homicídios),Macrofotografia,False,True,0.5219
Homicídio,Via Pública,4,14,0,2023-08-15 01:50:00,2ª DP,Empoamento,False,False,0.7293
Roubo Com Estupro,Residência,4,6,1,2023-01-20 14:09:00,1ª DP,"Luz forense/lanterna, Macrofotografia, Empoamento",True,False,0.8069
Furto Qualificado (arrombamento),Hospital,0,12,2,2023-01-17 05:43:00,DEAM (Mulher),Empoamento,False,False,0.1364
Furto,Pátio,17,9,2,2023-06-14 10:48:00,2ª DP,"Macrofotografia, Luz forense/lanterna",True,False,0.2969
Incêndio (com vítima),Terreno Baldio,4,16,1,2023-10-11 05:04:00,DRFC (Furtos),"Empoamento, Macrofotografia",True,True,0.6544
Disparo de Arma de Fogo,Residência,2,36,0,2023-11-08 18:53:00,DHPP (Homicídios),"Macrofotografia, Empoamento",False,False,0.3755
Local de Estupro e/ou Veículo Envolvido em Estupro,Pátio,3,6,1,2023-07-04 15:26:00,DCA (Criança e Adolescente),"Macrofotografia, Luz forense/lanterna",True,True,1.0
Ossada Encontrada,Via Pública,6,5,0,2024-01-01 15:55:00,DEAM (Mulher),Macrofotografia,True,False,0.2813
Disparo de Arma de Fogo,Via Pública,3,10,1,2023-09-26 11:44:00,1ª DP,Macrofotografia,True,True,0.6686
Roubo Com Estupro,Área Rural,0,18,3,2023-03-21 06:30:00,DRFC (Furtos),"Macrofotografia, Luz forense/lanterna",True,True,1.0
Estelionato,Via Pública,12,66,0,2023-12-06 08:29:00,DCA (Criança e Adolescente),"Empoamento, Luz forense/lanterna, Macrofotografia",False,False,0.1706
Extorsão,DP,0,56,0,2023-12-22 19:02:00,DEAM (Mulher),"Macrofotografia, Luz forense/lanterna, Empoamento",True,True,0.6546
Eletroplessão,Residência,1,18,7,2023-08-26 07:05:00,2ª DP,Macrofotografia,False,False,0.1292
Roubo Com Estupro,Pátio,7,16,1,2023-11-05 03:34:00,DHPP (Homicídios),Luz forense/lanterna,True,False,0.815
Adulteração de Placa e/ou Lacre,Estabelecimento Comercial,0,44,0,2023-12-04 02:50:00,DEAM (Mulher),"Empoamento, Luz forense/lanterna, Macrofotografia",True,False,0.3355
Feto Encontrado,Pátio,3,23,2,2023-09-09 19:10:00,DCA (Criança e Adolescente),"Luz forense/lanterna, Empoamento, Macrofotografia",True,False,0.8019
Dano,Residência,0,37,2,2023-02-13 05:20:00,DEAM (Mulher),Luz forense/lanterna,False,True,0.2808
Ameaça,Via Pública,4,12,1,2023-12-27 01:52:00,DEAM (Mulher),"Macrofotografia, Luz forense/lanterna",True,False,0.2848
Infanticídio,Pátio,0,8,0,2023-02-13 15:37:00,2ª DP,Luz forense/lanterna,False,False,0.669
Feto Encontrado,Área Rural,1,34,1,2023-04-11 15:27:00,DRFC (Furtos),Macrofotografia,True,False,0.8842
Arremesso de Projétil,Estabelecimento Comercial,5,10,1,2023-11-24 02:12:00,DHPP (Homicídios),"Luz forense/lanterna, Macrofotografia",False,False,0.1219
Infanticídio,Pátio,0,51,0,2023-02-13 17:56:00,2ª DP,"Macrofotografia, Empoamento, Luz forense/lanterna",True,False,0.8735
Explosão (sem vítima),Pátio,2,90,1,2023-06-24 13:22:00,DHPP (Homicídios),Luz forense/lanterna,False,False,0.1622
Violação de Sepultura,Terreno Baldio,2,6,0,2023-11-11 12:34:00,2ª DP,"Luz forense/lanterna, Empoamento",False,True,0.3128
Feminicídio,Residência,0,10,1,2023-08-13 16:11:00,DEAM (Mulher),Luz forense/lanterna,True,True,1.0
Furto d'água,DP,3,8,2,2023-11-19 12:18:00,1ª DP,"Luz forense/lanterna, Empoamento, Macrofotografia",False,False,0.1185
Pichação,Área Rural,16,34,0,2023-06-08 19:48:00,DHPP (Homicídios),Luz forense/lanterna,True,True,0.4436
Incêndio (com vítima),Hospital,8,6,1,2023-01-27 17:28:00,DEAM (Mulher),Empoamento,True,True,0.7069
Feminicídio,Via Pública,4,24,2,2023-05-30 12:58:00,1ª DP,Empoamento,True,True,1.0
Incêndio (sem vítima),Via Pública,0,22,0,2023-12-10 18:04:00,DCA (Criança e Adolescente),Empoamento,True,False,0.2648
Local de Estupro e/ou Veículo Envolvido em Estupro,Pátio,9,6,2,2023-10-12 06:13:00,3ª DP,"Macrofotografia, Luz forense/lanterna, Empoamento",True,True,0.9829
Adulteração de Placa e/ou Lacre,Estabelecimento Comercial,1,6,1,2023-12-23 19:53:00,3ª DP,"Empoamento, Macrofotografia",False,False,0.1963
Furto em Interior de Veículo,Via Pública,9,9,3,2023-12-21 05:42:00,2ª DP,"Luz forense/lanterna, Empoamento, Macrofotografia",False,False,0.108
Tráfico de Entorpecentes,Estabelecimento Comercial,3,47,0,2023-08-27 22:36:00,3ª DP,"Empoamento, Luz forense/lanterna",False,True,0.2606
Veículo Localizado (furtado ou roubado),Hospital,4,31,14,2023-12-22 17:39:00,1ª DP,"Empoamento, Luz forense/lanterna",True,False,0.2935
Eletroplessão,Pátio,0,6,0,2023-11-24 07:39:00,DHPP (Homicídios),Empoamento,False,False,0.1247
Dano Seguido de Lesão Corporal,Estabelecimento Comercial,1,28,0,2023-02-04 02:42:00,2ª DP,Macrofotografia,False,False,0.4203
Violação de Sepultura,Hospital,0,56,3,2023-12-25 07:51:00,DRFC (Furtos),"Macrofotografia, Empoamento",False,False,0.172
Explosão (sem vítima),Residência,0,53,1,2023-11-22 02:48:00,DCA (Criança e Adolescente),"Luz forense/lanterna, Empoamento",True,True,0.4631
Estelionato,Residência,4,6,0,2023-07-12 04:13:00,DHPP (Homicídios),Macrofotografia,True,False,0.2727
Feminicídio,Pátio,2,14,0,2023-08-21 06:28:00,DEAM (Mulher),Luz forense/lanterna,True,True,1.0
Roubo Com Estupro,Via Pública,0,10,4,2023-02-06 09:23:00,DRFC (Furtos),"Macrofotografia, Empoamento",False,False,0.6557
Tentativa de Homicídio,Hospital,11,5,0,2023-08-31 08:31:00,2ª DP,Macrofotografia,True,True,1.0
Adulteração de Placa e/ou Lacre,Terreno Baldio,0,46,0,2023-08-09 07:35:00,DHPP (Homicídios),"Macrofotografia, Empoamento, Luz forense/lanterna",False,True,0.2982
Receptação,DP,0,7,2,2023-07-25 01:09:00,DRFC (Furtos),Macrofotografia,True,False,0.2531
Local de Estupro e/ou Veículo Envolvido em Estupro,DP,1,9,0,2023-03-10 22:04:00,2ª DP,Macrofotografia,False,False,0.6741
Cadáver Encontrado,Estabelecimento Comercial,0,34,3,2023-08-26 00:04:00,1ª DP,Macrofotografia,True,False,0.2617
Furto de Energia Elétrica ou Termodinâmica,Área Rural,1,10,1,2023-02-13 09:00:00,DEAM (Mulher),Macrofotografia,True,False,0.323
Abandono de Incapaz,Via Pública,2,18,2,2023-10-13 11:41:00,DHPP (Homicídios),"Empoamento, Luz forense/lanterna",False,False,0.6572
Eletroplessão,Residência,7,7,1,2023-10-17 13:03:00,DEAM (Mulher),Luz forense/lanterna,False,False,0.1383
Tráfico de Entorpecentes,Hospital,1,34,0,2023-09-29 09:23:00,2ª DP,"Empoamento, Luz forense/lanterna, Macrofotografia",False,True,0.3281
Afogamento,Terreno Baldio,1,25,1,2024-01-01 07:45:00,3ª DP,"Macrofotografia, Empoamento, Luz forense/lanterna",False,True,0.313
Abandono de Incapaz,Residência,1,12,0,2023-08-16 13:11:00,DCA (Criança e Adolescente),Luz forense/lanterna,False,True,0.8523
Lesão Corporal,Terreno Baldio,2,14,1,2023-06-28 23:52:00,DRFC (Furtos),"Empoamento, Macrofotografia",True,False,0.5386
Extorsão,Pátio,12,11,1,2023-09-04 17:46:00,DRFC (Furtos),Luz forense/lanterna,True,False,0.5224
Furto Qualificado (arrombamento),Terreno Baldio,3,5,0,2023-08-16 10:28:00,3ª DP,"Luz forense/lanterna, Empoamento",True,True,0.4624
Eletroplessão,Área Rural,0,40,2,2023-06-01 21:46:00,DCA (Criança e Adolescente),Luz forense/lanterna,False,True,0.3377
Lesão Corporal,Hospital,1,10,2,2023-03-01 16:56:00,DHPP (Homicídios),"Macrofotografia, Luz forense/lanterna",True,False,0.5279
Furto em Interior de Veículo,Hospital,10,13,1,2023-02-09 05:06:00,DCA (Criança e Adolescente),"Luz forense/lanterna, Macrofotografia, Empoamento",False,False,0.1236
Roubo,Residência,0,5,0,2023-07-20 19:30:00,DEAM (Mulher),Luz forense/lanterna,True,True,0.7233
Violação de Domicílio,Via Pública,2,16,1,2023-07-31 22:04:00,3ª DP,Luz forense/lanterna,False,False,0.1331
Ameaça,Terreno Baldio,0,27,1,2023-01-18 08:26:00,DHPP (Homicídios),"Luz forense/lanterna, Macrofotografia",True,True,0.4638
Adulteração de Placa e/ou Lacre,Estabelecimento Comercial,0,23,6,2023-06-02 02:44:00,DEAM (Mulher),"Luz forense/lanterna, Empoamento",True,False,0.2751
Afogamento,Estabelecimento Comercial,0,30,3,2023-09-13 11:28:00,DCA (Criança e Adolescente),"Luz forense/lanterna, Macrofotografia",False,False,0.1981
Ameaça,Residência,2,9,0,2023-10-03 20:34:00,DRFC (Furtos),"Empoamento, Luz forense/lanterna",True,False,0.2814
Explosão (sem vítima),Via Pública,3,44,0,2023-04-11 03:11:00,DHPP (Homicídios),"Macrofotografia, Luz forense/lanterna",True,False,0.2706
Explosão (sem vítima),Residência,0,16,2,2023-06-01 00:19:00,DHPP (Homicídios),"Macrofotografia, Empoamento",True,False,0.331
Afogamento,Pátio,4,17,2,2023-07-04 10:44:00,DHPP (Homicídios),"Empoamento, Macrofotografia",False,False,0.189
Incêndio (com vítima),Residência,0,47,1,2023-07-28 09:02:00,3ª DP,Luz forense/lanterna,False,True,0.5038
Morte Aparentemente Natural,DP,1,5,0,2023-01-22 23:52:00,3ª DP,"Macrofotografia, Luz forense/lanterna",True,False,0.2681
Veículo Localizado (furtado ou roubado),Hospital,7,10,3,2023-02-06 06:12:00,2ª DP,Macrofotografia,True,True,0.4159
Exercício Arbitrário das Próprias Razões,Área Rural,2,15,1,2023-12-29 14:10:00,1ª DP,Empoamento,True,False,0.3424
Tentativa de Suicídio,Pátio,4,38,1,2023-09-05 17:50:00,1ª DP,"Empoamento, Luz forense/lanterna",True,False,0.3138
Cadáver Encontrado,Pátio,2,14,0,2023-12-28 15:41:00,DCA (Criança e Adolescente),"Empoamento, Luz forense/lanterna",True,False,0.3303
Local de Estupro e/ou Veículo Envolvido em Estupro,Residência,1,5,0,2023-03-08 10:46:00,DCA (Criança e Adolescente),"Macrofotografia, Empoamento, Luz forense/lanterna",True,False,0.8179
Latrocínio e/ou Tentativa de Latrocínio,Via Pública,2,12,1,2023-01-21 21:10:00,DRFC (Furtos),"Empoamento, Macrofotografia",False,False,0.6654
Feminicídio,Terreno Baldio,1,33,0,2023-09-08 13:47:00,DCA (Criança e Adolescente),"Empoamento, Luz forense/lanterna, Macrofotografia",True,False,0.8639
Explosão (sem vítima),Pátio,0,13,0,2023-07-19 07:20:00,DHPP (Homicídios),Luz forense/lanterna,True,False,0.2943
Estelionato,Pátio,0,11,7,2023-12-25 08:58:00,DCA (Criança e Adolescente),"Luz forense/lanterna, Macrofotografia",True,False,0.327
Violação de Sepultura,Residência,1,13,6,2023-09-05 08:07:00,2ª DP,"Luz forense/lanterna, Empoamento, Macrofotografia",False,False,0.1487
Furto de Energia Elétrica ou Termodinâmica,Pátio,0,27,0,2023-01-23 09:08:00,DCA (Criança e Adolescente),Luz forense/lanterna,False,True,0.3439
Tentativa de Suicídio,Estabelecimento Comercial,1,18,0,2023-09-25 12:30:00,DCA (Criança e Adolescente),Empoamento,True,False,0.3014
Marca em Animal,Pátio,6,38,3,2023-04-12 01:32:00,DCA (Criança e Adolescente),"Luz forense/lanterna, Macrofotografia, Empoamento",False,False,0.1532
Furto d'água,Residência,0,26,2,2023-02-05 19:19:00,2ª DP,Empoamento,False,False,0.1708
Roubo Com Estupro,Residência,6,48,0,2023-04-25 05:22:00,1ª DP,"Luz forense/lanterna, Empoamento",False,False,0.6595
Veículo Localizado (furtado ou roubado),Pátio,2,48,3,2023-08-05 13:38:00,DHPP (Homicídios),Macrofotografia,True,False,0.3114
Abandono de Incapaz,Terreno Baldio,3,51,2,2023-09-10 06:05:00,3ª DP,Luz forense/lanterna,True,False,0.8265
Homicídio,Estabelecimento Comercial,1,31,1,2023-01-19 13:10:00,3ª DP,Luz forense/lanterna,False,True,0.8871
Tráfico de Entorpecentes,Pátio,0,54,0,2023-06-07 03:40:00,DRFC (Furtos),Empoamento,True,True,0.4957
Cadáver Encontrado,Área Rural,5,25,3,2023-04-17 07:30:00,1ª DP,"Empoamento, Luz forense/lanterna, Macrofotografia",True,False,0.3118
Feto Encontrado,Pátio,1,16,0,2023-06-19 13:20:00,DHPP (Homicídios),Luz forense/lanterna,False,True,0.8683
Incêndio (sem vítima),Residência,2,18,0,2023-03-04 01:33:00,DEAM (Mulher),Luz forense/lanterna,True,False,0.3124
Afogamento,Estabelecimento Comercial,2,20,2,2023-06-05 07:14:00,DCA (Criança e Adolescente),Macrofotografia,False,True,0.2632
Disparo de Arma de Fogo,Estabelecimento Comercial,9,20,2,2023-01-08 14:55:00,DEAM (Mulher),Empoamento,False,True,0.533
Tentativa de Suicídio,Área Rural,3,6,7,2023-07-18 19:06:00,DRFC (Furtos),"Macrofotografia, Luz forense/lanterna, Empoamento",False,True,0.3242
Feminicídio,Terreno Baldio,4,6,3,2023-02-26 11:05:00,DHPP (Homicídios),Macrofotografia,True,False,0.816
Tentativa de Suicídio,Área Rural,4,17,5,2023-03-18 15:10:00,2ª DP,"Empoamento, Macrofotografia",True,True,0.4661
Incêndio (sem vítima),Via Pública,1,33,0,2023-08-19 08:11:00,1ª DP,"Empoamento, Macrofotografia, Luz forense/lanterna",True,True,0.461
Incêndio (sem vítima),Pátio,0,16,0,2023-06-01 18:18:00,DCA (Criança e Adolescente),"Luz forense/lanterna, Macrofotografia, Empoamento",True,False,0.2971
Furto Qualificado (arrombamento),Residência,5,21,0,2023-12-22 23:57:00,DCA (Criança e Adolescente),"Empoamento, Macrofotografia",False,False,0.1719
Incêndio (sem vítima),DP,0,8,1,2023-05-02 16:14:00,2ª DP,Luz forense/lanterna,True,False,0.3489
Tentativa de Homicídio,Residência,13,8,0,2023-04-02 19:49:00,DHPP (Homicídios),Luz forense/lanterna,True,True,1.0
Feminicídio,Terreno Baldio,0,22,0,2023-10-31 01:00:00,1ª DP,"Empoamento, Macrofotografia",True,False,0.8992
Exercício Arbitrário das Próprias Razões,DP,0,27,7,2023-05-17 23:47:00,DEAM (Mulher),"Macrofotografia, Luz forense/lanterna",False,False,0.1861
Furto d'água,Terreno Baldio,4,40,0,2023-05-20 22:16:00,DCA (Criança e Adolescente),"Macrofotografia, Empoamento, Luz forense/lanterna",False,False,0.1261
Exercício Arbitrário das Próprias Razões,Terreno Baldio,3,7,0,2023-10-01 23:41:00,DHPP (Homicídios),"Macrofotografia, Luz forense/lanterna, Empoamento",False,False,0.1232
Pichação,Hospital,0,8,5,2023-10-17 22:30:00,DHPP (Homicídios),Macrofotografia,True,True,0.451
Infanticídio,Via Pública,1,62,2,2023-11-09 02:53:00,DRFC (Furtos),"Luz forense/lanterna, Empoamento",True,False,0.8373
Receptação,Residência,2,9,2,2023-08-22 08:28:00,DRFC (Furtos),"Macrofotografia, Luz forense/lanterna",True,False,0.2817
Dano Seguido de Lesão Corporal,Via Pública,1,78,0,2023-08-07 14:46:00,2ª DP,"Luz forense/lanterna, Macrofotografia, Empoamento",False,True,0.5648
Furto,Terreno Baldio,6,92,1,2023-01-04 16:22:00,2ª DP,Empoamento,True,False,0.2586
Extorsão,Área Rural,1,13,3,2023-08-22 20:41:00,DCA (Criança e Adolescente),"Luz forense/lanterna, Macrofotografia, Empoamento",True,True,0.68
Tentativa de Suicídio,Residência,6,44,1,2023-05-27 23:41:00,DCA (Criança e Adolescente),"Empoamento, Luz forense/lanterna",False,False,0.1074
Furto,Hospital,8,20,1,2023-10-19 12:11:00,DHPP (Homicídios),"Macrofotografia, Empoamento",False,False,0.1273
Furto em Interior de Veículo,Área Rural,0,13,0,2023-10-11 13:28:00,DHPP (Homicídios),"Macrofotografia, Luz forense/lanterna, Empoamento",True,True,0.4667
Ameaça,Área Rural,2,14,1,2023-03-26 05:12:00,3ª DP,"Luz forense/lanterna, Macrofotografia",True,False,0.3261
Explosão (sem vítima),Área Rural,3,10,0,2023-04-21 00:41:00,DHPP (Homicídios),Empoamento,False,False,0.1615
Violação de Domicílio,Residência,1,21,2,2023-05-25 00:16:00,DCA (Criança e Adolescente),"Macrofotografia, Luz forense/lanterna, Empoamento",True,False,0.3252
Furto d'água,Residência,3,16,5,2023-02-17 19:09:00,1ª DP,"Empoamento, Luz forense/lanterna",True,True,0.4131
Afogamento,Pátio,0,9,0,2023-01-06 02:21:00,DRFC (Furtos),Luz forense/lanterna,False,False,0.1704
Exercício Arbitrário das Próprias Razões,Estabelecimento Comercial,1,49,1,2023-07-04 14:41:00,DEAM (Mulher),"Luz forense/lanterna, Macrofotografia, Empoamento",True,False,0.2551
Extorsão,Estabelecimento Comercial,3,82,1,2023-12-17 21:10:00,DEAM (Mulher),"Macrofotografia, Luz forense/lanterna",True,False,0.5155
Lesão Corporal,Terreno Baldio,2,48,2,2023-12-17 07:20:00,3ª DP,Luz forense/lanterna,True,False,0.5426
Disparo de Arma de Fogo,Estabelecimento Comercial,1,13,1,2023-12-03 06:49:00,DCA (Criança e Adolescente),"Luz forense/lanterna, Empoamento",True,False,0.5384
Afogamento,Pátio,1,49,3,2023-04-12 12:15:00,DEAM (Mulher),"Macrofotografia, Luz forense/lanterna",True,False,0.2797
Furto Qualificado (arrombamento),Área Rural,0,16,0,2023-01-01 04:33:00,1ª DP,Macrofotografia,False,False,0.1958
Cadáver Encontrado,Residência,4,13,0,2023-08-06 09:02:00,1ª DP,Empoamento,True,False,0.3137
Violação de Domicílio,Área Rural,0,31,1,2023-08-02 01:56:00,DHPP (Homicídios),"Luz forense/lanterna, Empoamento, Macrofotografia",False,False,0.1525
Suicídio,Hospital,5,41,0,2023-01-14 21:58:00,3ª DP,Luz forense/lanterna,True,False,0.314
Violação de Domicílio,Estabelecimento Comercial,7,25,2,2023-03-03 05:08:00,2ª DP,Macrofotografia,True,False,0.2765
Tentativa de Homicídio,Área Rural,0,9,0,2023-07-20 20:12:00,DCA (Criança e Adolescente),"Luz forense/lanterna, Empoamento, Macrofotografia",False,True,0.8974
Incêndio (com vítima),Área Rural,2,21,1,2023-09-29 06:34:00,DRFC (Furtos),Macrofotografia,False,False,0.3905
Ossada Encontrada,Residência,10,6,8,2023-10-10 13:34:00,DEAM (Mulher),"Empoamento, Luz forense/lanterna, Macrofotografia",True,False,0.2976
Receptação,Área Rural,1,15,6,2023-12-02 22:01:00,1ª DP,"Empoamento, Luz forense/lanterna, Macrofotografia",False,False,0.1195
Arremesso de Projétil,DP,5,77,1,2023-01-12 22:04:00,3ª DP,Macrofotografia,True,False,0.291
Violação de Domicílio,Residência,1,5,0,2023-06-23 13:55:00,1ª DP,"Luz forense/lanterna, Macrofotografia, Empoamento",True,True,0.4711
Receptação,Pátio,0,14,0,2023-04-26 01:01:00,3ª DP,"Macrofotografia, Luz forense/lanterna, Empoamento",True,False,0.3231
Adulteração de Placa e/ou Lacre,Área Rural,2,13,1,2023-03-28 00:52:00,DEAM (Mulher),"Empoamento, Macrofotografia, Luz forense/lanterna",True,False,0.2882
Lesão Corporal,Via Pública,10,11,0,2023-09-14 15:30:00,DCA (Criança e Adolescente),"Luz forense/lanterna, Macrofotografia, Empoamento",True,False,0.5693
Morte Aparentemente Natural,Área Rural,4,9,1,2023-08-19 18:13:00,1ª DP,Empoamento,True,True,0.4876
Furto,Via Pública,2,5,3,2023-05-28 12:29:00,1ª DP,"Macrofotografia, Luz forense/lanterna",False,False,0.1053
Furto,Área Rural,0,55,1,2023-02-07 08:37:00,DRFC (Furtos),"Empoamento, Luz forense/lanterna",True,False,0.3376
Exercício Arbitrário das Próprias Razões,Pátio,0,6,0,2023-01-19 19:39:00,DRFC (Furtos),"Macrofotografia, Empoamento, Luz forense/lanterna",True,False,0.2833
Ameaça,Área Rural,0,6,4,2023-10-10 19:31:00,DRFC (Furtos),"Macrofotografia, Empoamento, Luz forense/lanterna",True,False,0.3253
Morte Aparentemente Natural,DP,4,8,5,2023-12-22 13:24:00,DEAM (Mulher),Macrofotografia,True,False,0.2896
Feminicídio,Terreno Baldio,3,10,0,2023-02-25 22:22:00,DRFC (Furtos),Macrofotografia,True,False,0.8514
Dano Seguido de Lesão Corporal,Pátio,1,41,0,2023-01-04 09:15:00,3ª DP,"Luz forense/lanterna, Empoamento",True,False,0.5499
Roubo,Via Pública,2,7,0,2023-04-13 05:53:00,2ª DP,"Empoamento, Macrofotografia, Luz forense/lanterna",True,False,0.5327
Morte Aparentemente Natural,Terreno Baldio,3,32,1,2023-08-09 12:55:00,3ª DP,Luz forense/lanterna,False,True,0.3206
Abandono de Incapaz,Pátio,4,13,2,2023-06-09 00:54:00,DRFC (Furtos),"Empoamento, Luz forense/lanterna",False,False,0.6944
Ossada Encontrada,Hospital,9,7,3,2023-07-15 21:29:00,3ª DP,"Luz forense/lanterna, Macrofotografia",True,False,0.3316
Tráfico de Entorpecentes,Terreno Baldio,1,8,2,2023-04-24 16:09:00,1ª DP,"Macrofotografia, Luz forense/lanterna",True,True,0.4367
Explosão (sem vítima),Residência,5,53,0,2023-07-11 15:10:00,DEAM (Mulher),"Luz forense/lanterna, Macrofotografia, Empoamento",True,True,0.4771
Incêndio (com vítima),Residência,1,23,1,2023-10-24 02:11:00,DRFC (Furtos),Macrofotografia,True,False,0.5599
Incêndio (com vítima),Pátio,2,22,0,2023-01-06 18:35:00,DRFC (Furtos),Macrofotografia,False,False,0.3509
Infanticídio,Área Rural,1,33,3,2023-07-24 12:02:00,DRFC (Furtos),Macrofotografia,False,False,0.7262
Feto Encontrado,DP,1,18,0,2023-12-16 02:13:00,DRFC (Furtos),Luz forense/lanterna,True,True,1.0
Estelionato,Terreno Baldio,0,15,0,2023-11-13 14:56:00,DRFC (Furtos),"Luz forense/lanterna, Empoamento, Macrofotografia",True,False,0.2679
Abandono de Incapaz,Hospital,1,47,1,2023-01-24 07:55:00,1ª DP,"Macrofotografia, Empoamento",False,True,0.8315
Arremesso de Projétil,Via Pública,0,10,0,2023-06-12 20:14:00,DHPP (Homicídios),"Macrofotografia, Empoamento",True,False,0.2899
Furto de Energia Elétrica ou Termodinâmica,Via Pública,0,5,2,2023-12-10 18:46:00,DHPP (Homicídios),"Luz forense/lanterna, Macrofotografia, Empoamento",True,False,0.3355
Ameaça,Área Rural,1,54,4,2023-03-18 18:06:00,DCA (Criança e Adolescente),"Empoamento, Luz forense/lanterna, Macrofotografia",True,False,0.2653
Marca em Animal,Área Rural,6,9,0,2023-01-03 17:42:00,1ª DP,"Luz forense/lanterna, Empoamento",True,False,0.2504
Lesão Corporal,DP,0,18,0,2023-01-23 04:21:00,DCA (Criança e Adolescente),"Macrofotografia, Empoamento, Luz forense/lanterna",True,True,0.7389
Extorsão,Área Rural,0,7,2,2023-09-16 02:57:00,DRFC (Furtos),"Empoamento, Macrofotografia, Luz forense/lanterna",False,True,0.5371
Dano Seguido de Lesão Corporal,Terreno Baldio,1,9,2,2023-03-16 08:38:00,DEAM (Mulher),Macrofotografia,False,False,0.4332
Dano Seguido de Lesão Corporal,Pátio,5,19,0,2023-09-02 22:51:00,DHPP (Homicídios),Empoamento,False,False,0.4481
Incêndio (sem vítima),Pátio,5,32,3,2023-07-10 17:51:00,3ª DP,Empoamento,True,False,0.3488
Explosão (com vítima),Via Pública,2,20,4,2023-01-22 11:22:00,1ª DP,"Empoamento, Luz forense/lanterna, Macrofotografia",True,False,0.5307
Local de Estupro e/ou Veículo Envolvido em Estupro,Terreno Baldio,4,26,4,2023-12-28 21:13:00,1ª DP,"Empoamento, Macrofotografia, Luz forense/lanterna",True,True,0.9908
Disparo de Arma de Fogo,Pátio,0,16,1,2023-12-11 14:01:00,DCA (Criança e Adolescente),Macrofotografia,False,True,0.5209
Morte Aparentemente Natural,Residência,3,19,3,2023-06-28 06:58:00,DHPP (Homicídios),"Luz forense/lanterna, Macrofotografia",False,False,0.1112
Furto em Interior de Veículo,DP,2,5,2,2023-07-12 05:10:00,DHPP (Homicídios),"Macrofotografia, Empoamento",True,True,0.4169
Eletroplessão,Hospital,0,16,0,2023-04-25 02:35:00,DEAM (Mulher),"Empoamento, Macrofotografia, Luz forense/lanterna",True,False,0.3495
Ameaça,Estabelecimento Comercial,4,31,0,2023-09-15 06:13:00,3ª DP,Macrofotografia,True,False,0.2847
Adulteração de Placa e/ou Lacre,Terreno Baldio,1,15,0,2023-01-19 08:51:00,DEAM (Mulher),Macrofotografia,False,False,0.1233
Afogamento,Estabelecimento Comercial,5,22,1,2023-08-19 09:57:00,2ª DP,"Empoamento, Macrofotografia",False,False,0.1468
Furto de Energia Elétrica ou Termodinâmica,Hospital,2,11,2,2023-06-12 17:16:00,3ª DP,"Luz forense/lanterna, Empoamento",False,False,0.1984
Explosão (sem vítima),Área Rural,0,6,1,2023-10-11 10:26:00,2ª DP,"Macrofotografia, Empoamento, Luz forense/lanterna",True,False,0.2636
Dano Seguido de Lesão Corporal,Pátio,5,20,1,2023-09-22 07:10:00,2ª DP,"Luz forense/lanterna, Macrofotografia, Empoamento",True,True,0.6838
Desmanche de Veículos,DP,6,43,0,2023-01-18 00:21:00,DHPP (Homicídios),"Empoamento, Luz forense/lanterna",True,True,0.4702
Ameaça,Estabelecimento Comercial,3,59,0,2023-05-22 15:47:00,DCA (Criança e Adolescente),"Luz forense/lanterna, Empoamento",True,False,0.2632
Tentativa de Suicídio,Residência,3,9,9,2023-12-30 17:48:00,DEAM (Mulher),"Luz forense/lanterna, Empoamento",True,False,0.2647
Receptação,Pátio,1,7,2,2023-02-20 04:31:00,DHPP (Homicídios),"Macrofotografia, Empoamento",True,True,0.4548
Aborto,Estabelecimento Comercial,3,19,7,2023-10-25 13:11:00,DHPP (Homicídios),"Luz forense/lanterna, Macrofotografia",True,True,0.4804
Tentativa de Homicídio,Terreno Baldio,12,33,0,2023-11-02 15:39:00,DCA (Criança e Adolescente),"Macrofotografia, Empoamento, Luz forense/lanterna",False,True,0.8189
Latrocínio e/ou Tentativa de Latrocínio,Via Pública,0,21,3,2023-02-04 18:07:00,DRFC (Furtos),"Macrofotografia, Luz forense/lanterna, Empoamento",False,False,0.6818
Pichação,Via Pública,1,53,1,2023-12-06 00:11:00,DEAM (Mulher),Macrofotografia,False,False,0.1876
Latrocínio e/ou Tentativa de Latrocínio,Estabelecimento Comercial,0,45,3,2023-05-15 23:05:00,DRFC (Furtos),Macrofotografia,False,False,0.7011
Adulteração de Placa e/ou Lacre,Hospital,2,48,1,2023-03-19 21:06:00,3ª DP,Luz forense/lanterna,True,False,0.256
Incêndio (com vítima),Hospital,1,26,3,2023-08-05 02:17:00,3ª DP,"Empoamento, Luz forense/lanterna",False,True,0.5248
Eletroplessão,DP,0,11,8,2023-06-22 22:44:00,2ª DP,"Luz forense/lanterna, Empoamento",True,False,0.2972
Lesão Corporal,Hospital,0,11,2,2023-12-05 23:42:00,DEAM (Mulher),"Luz forense/lanterna, Empoamento",False,False,0.441
Roubo,Hospital,4,20,5,2023-05-07 03:26:00,3ª DP,"Macrofotografia, Empoamento, Luz forense/lanterna",False,True,0.599
Furto Qualificado (arrombamento),Estabelecimento Comercial,13,6,0,2023-06-05 02:35:00,DRFC (Furtos),"Empoamento, Macrofotografia",False,False,0.1904
Explosão (sem vítima),Via Pública,1,63,0,2023-07-12 13:45:00,DEAM (Mulher),"Luz forense/lanterna, Macrofotografia, Empoamento",True,False,0.324
Furto d'água,Área Rural,5,17,1,2023-04-07 10:24:00,DEAM (Mulher),Empoamento,True,False,0.2872
Aborto,Estabelecimento Comercial,13,87,1,2023-08-19 10:30:00,3ª DP,"Luz forense/lanterna, Macrofotografia, Empoamento",False,False,0.1278
Violação de Sepultura,Via Pública,2,9,3,2023-10-19 13:11:00,3ª DP,"Luz forense/lanterna, Empoamento",False,True,0.3045
Feto Encontrado,Área Rural,8,37,0,2023-10-28 06:01:00,DCA (Criança e Adolescente),"Macrofotografia, Luz forense/lanterna, Empoamento",False,False,0.7247
Tráfico de Entorpecentes,Pátio,1,16,1,2023-02-08 01:04:00,1ª DP,"Luz forense/lanterna, Empoamento",False,False,0.1992
Feto Encontrado,DP,16,24,1,2023-06-26 07:28:00,DCA (Criança e Adolescente),Luz forense/lanterna,True,False,0.8272
Tentativa de Suicídio,Área Rural,2,25,5,2023-11-19 00:28:00,DHPP (Homicídios),Empoamento,False,False,0.1752
Roubo Com Estupro,Via Pública,8,16,1,2023-07-08 10:23:00,DCA (Criança e Adolescente),"Macrofotografia, Empoamento",False,False,0.7247
Tentativa de Suicídio,Área Rural,0,8,4,2023-09-21 02:52:00,DHPP (Homicídios),"Macrofotografia, Luz forense/lanterna, Empoamento",True,True,0.4254
Latrocínio e/ou Tentativa de Latrocínio,Residência,2,126,2,2023-12-13 19:29:00,DCA (Criança e Adolescente),"Empoamento, Macrofotografia",True,True,0.9923
Afogamento,Estabelecimento Comercial,7,21,1,2023-12-12 23:16:00,DCA (Criança e Adolescente),"Luz forense/lanterna, Empoamento, Macrofotografia",False,False,0.1826
Desmanche de Veículos,Área Rural,1,5,5,2023-06-17 09:15:00,2ª DP,"Empoamento, Macrofotografia, Luz forense/lanterna",True,False,0.3351
Explosão (sem vítima),Via Pública,3,9,2,2023-09-20 07:20:00,1ª DP,"Luz forense/lanterna, Empoamento",False,False,0.1533
Local de Estupro e/ou Veículo Envolvido em Estupro,Terreno Baldio,8,34,1,2023-11-12 15:52:00,DCA (Criança e Adolescente),Empoamento,False,True,0.8996
Abandono de Incapaz,Terreno Baldio,5,5,0,2023-10-16 03:28:00,1ª DP,Luz forense/lanterna,False,False,0.6677
Dano Seguido de Lesão Corporal,Residência,4,5,3,2023-01-31 06:19:00,DRFC (Furtos),"Luz forense/lanterna, Macrofotografia",True,False,0.5399
Furto,DP,1,12,6,2023-12-02 19:31:00,DHPP (Homicídios),"Empoamento, Luz forense/lanterna, Macrofotografia",True,True,0.411
Veículo Localizado (furtado ou roubado),Área Rural,0,19,0,2023-01-07 11:54:00,DHPP (Homicídios),"Empoamento, Macrofotografia, Luz forense/lanterna",False,False,0.1633
Furto d'água,Estabelecimento Comercial,1,46,4,2023-04-10 11:35:00,2ª DP,"Empoamento, Macrofotografia",False,False,0.1361
Dano,Residência,1,39,0,2023-01-12 02:52:00,DCA (Criança e Adolescente),Luz forense/lanterna,False,False,0.1149
Arremesso de Projétil,DP,0,8,4,2023-04-23 00:58:00,DRFC (Furtos),"Macrofotografia, Luz forense/lanterna",True,False,0.2674
Furto em Interior de Veículo,Terreno Baldio,3,11,0,2023-12-12 01:41:00,2ª DP,Luz forense/lanterna,False,False,0.1383
Pichação,Hospital,2,6,0,2023-09-21 22:35:00,DRFC (Furtos),"Empoamento, Luz forense/lanterna",False,True,0.3394
Explosão (sem vítima),Estabelecimento Comercial,1,10,0,2023-07-11 11:49:00,3ª DP,"Luz forense/lanterna, Macrofotografia, Empoamento",True,False,0.2946
Roubo Com Estupro,Via Pública,4,18,4,2023-03-21 10:56:00,DCA (Criança e Adolescente),"Macrofotografia, Empoamento, Luz forense/lanterna",False,False,0.686
Lesão Corporal,DP,4,7,2,2023-06-30 11:12:00,3ª DP,Luz forense/lanterna,True,False,0.5235
Tentativa de Homicídio,DP,7,47,0,2023-10-13 00:45:00,2ª DP,"Empoamento, Macrofotografia",False,True,0.8734
Receptação,DP,0,25,0,2023-07-03 20:25:00,2ª DP,"Luz forense/lanterna, Macrofotografia, Empoamento",False,False,0.1096
Estelionato,Área Rural,2,16,0,2023-06-21 23:58:00,DHPP (Homicídios),Macrofotografia,True,True,0.4789
Explosão (sem vítima),Pátio,0,11,1,2023-11-10 19:00:00,2ª DP,Luz forense/lanterna,True,False,0.3286
Local de Estupro e/ou Veículo Envolvido em Estupro,Residência,3,50,2,2023-09-28 02:06:00,DEAM (Mulher),"Empoamento, Macrofotografia",False,False,0.7345
Aborto,Via Pública,1,16,3,2023-03-22 15:42:00,DRFC (Furtos),"Empoamento, Macrofotografia",True,True,0.4567
Dano Seguido de Lesão Corporal,Residência,0,40,5,2023-10-23 00:27:00,3ª DP,Luz forense/lanterna,False,False,0.3898
Morte Aparentemente Natural,Hospital,1,11,0,2023-12-15 11:10:00,3ª DP,"Empoamento, Luz forense/lanterna",True,True,0.4588
Disparo de Arma de Fogo,Residência,6,19,1,2023-05-03 06:13:00,DCA (Criança e Adolescente),"Macrofotografia, Luz forense/lanterna",False,True,0.5887
Pichação,Terreno Baldio,0,37,2,2023-06-25 16:39:00,3ª DP,"Luz forense/lanterna, Macrofotografia",True,True,0.4508
Ameaça,Hospital,1,9,1,2023-09-05 11:11:00,DHPP (Homicídios),"Empoamento, Luz forense/lanterna, Macrofotografia",True,True,0.4526
Incêndio (com vítima),DP,0,6,4,2023-09-27 07:41:00,DHPP (Homicídios),Empoamento,False,True,0.5204
Aborto,Área Rural,1,131,1,2023-02-14 07:54:00,DEAM (Mulher),"Empoamento, Macrofotografia",True,False,0.2529
Morte Aparentemente Natural,Terreno Baldio,6,21,4,2023-01-02 01:48:00,DHPP (Homicídios),"Luz forense/lanterna, Empoamento, Macrofotografia",False,False,0.1254
Roubo Com Estupro,Via Pública,5,12,1,2023-11-06 05:49:00,3ª DP,"Empoamento, Macrofotografia",True,False,0.8229
Incêndio (com vítima),Residência,0,11,0,2023-09-05 13:44:00,DRFC (Furtos),"Luz forense/lanterna, Empoamento",False,False,0.403
Feminicídio,Residência,0,16,1,2023-10-23 15:01:00,DCA (Criança e Adolescente),"Macrofotografia, Luz forense/lanterna",True,True,0.9757
Explosão (sem vítima),DP,1,29,4,2023-09-29 18:39:00,3ª DP,"Empoamento, Luz forense/lanterna, Macrofotografia",True,True,0.4084
Afogamento,Terreno Baldio,0,49,1,2023-07-31 04:42:00,DHPP (Homicídios),Macrofotografia,True,True,0.4285
Abandono de Incapaz,Estabelecimento Comercial,1,10,1,2023-09-01 15:47:00,DHPP (Homicídios),Empoamento,True,True,0.983
Furto d'água,Hospital,3,12,7,2023-03-14 11:28:00,DRFC (Furtos),"Macrofotografia, Empoamento",True,True,0.4215
Eletroplessão,Hospital,2,11,2,2023-07-20 20:48:00,DCA (Criança e Adolescente),"Macrofotografia, Empoamento",True,False,0.3392
Cadáver Encontrado,Estabelecimento Comercial,7,5,9,2023-06-02 18:09:00,1ª DP,"Empoamento, Luz forense/lanterna",False,False,0.1035
Roubo Com Estupro,DP,3,21,0,2023-03-18 23:30:00,DEAM (Mulher),"Luz forense/lanterna, Empoamento, Macrofotografia",False,True,0.8456
Pichação,DP,8,25,0,2023-01-18 14:10:00,DCA (Criança e Adolescente),"Luz forense/lanterna, Empoamento, Macrofotografia",False,False,0.1005
Violação de Domicílio,Via Pública,3,18,0,2023-11-18 09:19:00,2ª DP,Luz forense/lanterna,False,True,0.2827
Latrocínio e/ou Tentativa de Latrocínio,DP,3,77,0,2023-11-09 03:37:00,2ª DP,Macrofotografia,True,True,0.9616
Furto em Interior de Veículo,Estabelecimento Comercial,6,64,0,2023-01-11 04:46:00,1ª DP,"Luz forense/lanterna, Empoamento, Macrofotografia",True,False,0.3328
Cadáver Encontrado,Residência,5,14,2,2023-04-24 06:57:00,3ª DP,"Macrofotografia, Luz forense/lanterna",True,False,0.2853
Arremesso de Projétil,Via Pública,8,23,0,2023-06-05 13:00:00,DEAM (Mulher),Macrofotografia,True,True,0.4338
Feminicídio,Residência,4,11,0,2023-10-10 14:03:00,2ª DP,"Empoamento, Luz forense/lanterna",True,False,0.877
Roubo Com Estupro,Estabelecimento Comercial,4,26,3,2023-01-04 12:43:00,2ª DP,"Macrofotografia, Luz forense/lanterna, Empoamento",False,False,0.7272
Dano Seguido de Lesão Corporal,Estabelecimento Comercial,0,43,3,2023-03-26 11:29:00,DEAM (Mulher),Macrofotografia,False,False,0.3734
Abandono de Incapaz,Área Rural,0,13,0,2023-01-26 10:22:00,DCA (Criança e Adolescente),"Macrofotografia, Empoamento",True,False,0.8555
Furto de Energia Elétrica ou Termodinâmica,Terreno Baldio,0,52,0,2023-06-03 18:45:00,DRFC (Furtos),Empoamento,True,True,0.4563
Ossada Encontrada,DP,2,23,4,2023-11-12 08:29:00,2ª DP,"Macrofotografia, Empoamento, Luz forense/lanterna",True,False,0.3262
Lesão Corporal,Hospital,5,19,1,2023-06-08 03:46:00,DHPP (Homicídios),"Macrofotografia, Empoamento",True,True,0.6527
Explosão (sem vítima),Pátio,11,11,1,2023-01-23 13:03:00,DHPP (Homicídios),Empoamento,False,False,0.1465
Exercício Arbitrário das Próprias Razões,Residência,5,8,0,2023-02-21 04:42:00,2ª DP,"Macrofotografia, Empoamento",True,True,0.4755
Violação de Sepultura,Hospital,1,38,0,2023-11-15 20:02:00,DCA (Criança e Adolescente),Luz forense/lanterna,True,False,0.301
Eletroplessão,Pátio,0,17,9,2023-09-25 10:05:00,DRFC (Furtos),"Luz forense/lanterna, Macrofotografia",True,False,0.2877
Receptação,Hospital,0,5,2,2023-02-15 14:57:00,DRFC (Furtos),"Luz forense/lanterna, Macrofotografia, Empoamento",False,False,0.191
Furto de Energia Elétrica ou Termodinâmica,Terreno Baldio,0,45,0,2023-05-24 07:52:00,3ª DP,"Macrofotografia, Empoamento, Luz forense/lanterna",True,False,0.3253
Veículo Localizado (furtado ou roubado),Via Pública,4,13,0,2023-10-01 14:49:00,DCA (Criança e Adolescente),Macrofotografia,False,False,0.1144
Incêndio (com vítima),Pátio,0,19,0,2023-02-04 03:29:00,DCA (Criança e Adolescente),Empoamento,True,True,0.7188
Furto,Residência,0,101,3,2023-12-26 17:34:00,DRFC (Furtos),"Macrofotografia, Luz forense/lanterna",False,False,0.1895
Exercício Arbitrário das Próprias Razões,DP,0,52,0,2023-12-20 04:11:00,DHPP (Homicídios),"Luz forense/lanterna, Empoamento",True,False,0.318
Lesão Corporal,Via Pública,7,9,4,2023-01-11 07:13:00,DCA (Criança e Adolescente),"Macrofotografia, Luz forense/lanterna, Empoamento",True,True,0.6623
Latrocínio e/ou Tentativa de Latrocínio,Residência,0,47,0,2023-04-02 23:11:00,DCA (Criança e Adolescente),"Macrofotografia, Empoamento, Luz forense/lanterna",False,True,0.8522
Furto Qualificado (arrombamento),Residência,3,19,1,2023-07-17 04:16:00,3ª DP,"Luz forense/lanterna, Macrofotografia, Empoamento",True,False,0.2763
Local de Estupro e/ou Veículo Envolvido em Estupro,Pátio,0,16,1,2023-06-24 10:57:00,DCA (Criança e Adolescente),Macrofotografia,False,False,0.6682
Abandono de Incapaz,Estabelecimento Comercial,6,24,0,2023-10-21 06:08:00,DCA (Criança e Adolescente),"Luz forense/lanterna, Empoamento, Macrofotografia",True,False,0.8262
Morte Aparentemente Natural,Estabelecimento Comercial,0,5,2,2023-08-19 08:30:00,DCA (Criança e Adolescente),"Empoamento, Macrofotografia",False,False,0.1062
Furto d'água,Pátio,5,11,0,2023-11-17 09:10:00,2ª DP,"Luz forense/lanterna, Empoamento, Macrofotografia",True,True,0.44
Dano Seguido de Lesão Corporal,Via Pública,5,36,2,2023-12-04 00:27:00,DHPP (Homicídios),"Macrofotografia, Luz forense/lanterna, Empoamento",False,False,0.3722
Dano,Área Rural,2,15,0,2023-07-09 05:44:00,2ª DP,Macrofotografia,False,False,0.174
Morte Aparentemente Natural,Estabelecimento Comercial,2,45,0,2023-10-24 08:00:00,DEAM (Mulher),"Macrofotografia, Empoamento",False,False,0.1001
Lesão Corporal,Pátio,6,13,1,2023-08-17 04:13:00,2ª DP,"Empoamento, Macrofotografia, Luz forense/lanterna",True,False,0.5272
Desmanche de Veículos,Pátio,2,32,4,2023-03-20 19:43:00,DHPP (Homicídios),"Luz forense/lanterna, Macrofotografia",True,False,0.2736
Explosão (sem vítima),Hospital,1,18,1,2023-03-18 11:01:00,DEAM (Mulher),"Macrofotografia, Luz forense/lanterna",True,True,0.401
Extorsão,Área Rural,3,19,1,2023-04-15 02:52:00,1ª DP,"Luz forense/lanterna, Empoamento",True,False,0.55
Dano,DP,5,16,0,2023-08-30 23:50:00,DHPP (Homicídios),"Luz forense/lanterna, Macrofotografia, Empoamento",True,False,0.2711
Tentativa de Homicídio,Hospital,8,83,3,2023-11-25 21:39:00,3ª DP,"Empoamento, Luz forense/lanterna",False,False,0.7203
Roubo Com Estupro,DP,4,25,2,2023-09-24 01:41:00,DCA (Criança e Adolescente),"Luz forense/lanterna, Macrofotografia, Empoamento",False,False,0.6825
Homicídio,Estabelecimento Comercial,0,23,5,2024-01-01 08:48:00,DEAM (Mulher),Empoamento,False,False,0.689
Violação de Domicílio,Área Rural,0,6,2,2023-03-02 22:50:00,DHPP (Homicídios),"Empoamento, Luz forense/lanterna, Macrofotografia",True,True,0.4296
Furto Qualificado (arrombamento),Área Rural,3,8,2,2023-04-24 13:12:00,DCA (Criança e Adolescente),Empoamento,True,False,0.3106
Veículo Localizado (furtado ou roubado),Pátio,1,23,0,2023-12-04 18:24:00,DRFC (Furtos),"Luz forense/lanterna, Empoamento",True,True,0.4121
Tentativa de Suicídio,Área Rural,4,16,1,2023-03-30 01:27:00,DCA (Criança e Adolescente),"Macrofotografia, Empoamento",True,False,0.3102
Tentativa de Homicídio,Estabelecimento Comercial,7,16,3,2023-09-17 19:25:00,3ª DP,Luz forense/lanterna,True,False,0.8309
Infanticídio,Hospital,0,8,3,2023-04-25 12:31:00,DHPP (Homicídios),Empoamento,False,True,0.8235
Disparo de Arma de Fogo,Área Rural,0,9,2,2023-05-17 01:22:00,DHPP (Homicídios),"Empoamento, Luz forense/lanterna",True,True,0.7405
Furto d'água,DP,0,13,1,2023-02-05 13:36:00,DRFC (Furtos),"Luz forense/lanterna, Macrofotografia",True,False,0.295
Furto de Energia Elétrica ou Termodinâmica,Hospital,6,32,1,2023-02-17 20:00:00,1ª DP,Luz forense/lanterna,False,False,0.1825
Extorsão,Área Rural,2,21,0,2023-07-16 19:17:00,DHPP (Homicídios),Empoamento,True,False,0.5161
Infanticídio,Via Pública,3,15,5,2023-10-14 16:23:00,DCA (Criança e Adolescente),"Empoamento, Luz forense/lanterna",False,False,0.7468
Morte Aparentemente Natural,Estabelecimento Comercial,3,10,11,2023-06-08 14:37:00,3ª DP,"Empoamento, Luz forense/lanterna",False,False,0.1968
Tentativa de Suicídio,Pátio,0,5,0,2023-05-06 17:10:00,DRFC (Furtos),"Macrofotografia, Luz forense/lanterna, Empoamento",True,False,0.3266
Afogamento,Via Pública,1,18,0,2023-03-04 13:55:00,DCA (Criança e Adolescente),"Macrofotografia, Empoamento, Luz forense/lanterna",True,False,0.2916
Violação de Sepultura,Pátio,1,11,3,2023-08-07 08:51:00,DRFC (Furtos),Empoamento,False,True,0.3321
Receptação,Hospital,1,7,0,2023-12-02 02:21:00,DHPP (Homicídios),"Empoamento, Luz forense/lanterna, Macrofotografia",True,False,0.337
Abandono de Incapaz,Terreno Baldio,3,22,6,2023-02-19 11:44:00,DHPP (Homicídios),Macrofotografia,False,False,0.7141
Infanticídio,Área Rural,1,29,1,2023-06-06 00:59:00,DRFC (Furtos),"Empoamento, Luz forense/lanterna",True,True,1.0
Incêndio (com vítima),Estabelecimento Comercial,1,18,1,2023-02-11 07:45:00,DHPP (Homicídios),Macrofotografia,True,False,0.5351
Morte Aparentemente Natural,Via Pública,2,7,0,2023-08-25 05:31:00,3ª DP,"Macrofotografia, Luz forense/lanterna, Empoamento",False,False,0.1816
Maus Tratos de Animal,Terreno Baldio,8,11,2,2023-09-29 23:27:00,DRFC (Furtos),"Empoamento, Macrofotografia",True,True,0.4524
Veículo Localizado (furtado ou roubado),Estabelecimento Comercial,0,39,3,2023-02-13 07:04:00,1ª DP,Empoamento,False,False,0.1355
Explosão (com vítima),Estabelecimento Comercial,1,14,0,2023-07-07 14:05:00,2ª DP,"Luz forense/lanterna, Empoamento, Macrofotografia",False,False,0.3501
Exercício Arbitrário das Próprias Razões,Área Rural,0,23,3,2023-08-06 21:57:00,2ª DP,Empoamento,True,False,0.2969
Cadáver Encontrado,Área Rural,1,46,0,2023-08-21 03:10:00,2ª DP,"Luz forense/lanterna, Empoamento",True,False,0.2853
Ameaça,Terreno Baldio,4,57,1,2023-10-17 10:38:00,DCA (Criança e Adolescente),"Empoamento, Macrofotografia",True,False,0.312
Furto Qualificado (arrombamento),DP,4,50,6,2023-03-15 23:25:00,2ª DP,Macrofotografia,False,False,0.1317
Furto em Interior de Veículo,Estabelecimento Comercial,1,44,3,2023-03-18 18:50:00,DEAM (Mulher),"Luz forense/lanterna, Macrofotografia",True,True,0.4101
Receptação,Área Rural,2,28,3,2023-02-12 16:37:00,DEAM (Mulher),"Luz forense/lanterna, Empoamento",True,True,0.4642
Aborto,DP,0,11,2,2023-02-02 00:29:00,DEAM (Mulher),"Macrofotografia, Empoamento",True,True,0.4708
Dano,Residência,4,7,3,2023-09-08 10:07:00,DRFC (Furtos),"Macrofotografia, Luz forense/lanterna, Empoamento",False,False,0.1795
Roubo,Via Pública,8,14,3,2023-06-12 04:44:00,3ª DP,Empoamento,True,True,0.7143
Estelionato,Residência,0,11,0,2023-03-26 05:23:00,DRFC (Furtos),"Luz forense/lanterna, Empoamento",True,False,0.3295
Eletroplessão,Residência,11,13,0,2023-02-26 03:11:00,DCA (Criança e Adolescente),Macrofotografia,True,True,0.4993
Furto em Interior de Veículo,Terreno Baldio,1,62,1,2023-01-23 11:17:00,2ª DP,"Luz forense/lanterna, Empoamento",True,False,0.2754
Ossada Encontrada,Estabelecimento Comercial,1,15,2,2023-09-04 06:41:00,DHPP (Homicídios),Macrofotografia,True,False,0.3009
Feto Encontrado,Terreno Baldio,1,22,0,2023-06-18 16:53:00,DCA (Criança e Adolescente),Luz forense/lanterna,False,False,0.678
Ossada Encontrada,Terreno Baldio,1,6,0,2023-01-20 00:53:00,DHPP (Homicídios),"Macrofotografia, Luz forense/lanterna, Empoamento",False,False,0.1007
Aborto,Hospital,0,12,2,2023-05-21 10:41:00,2ª DP,Empoamento,False,False,0.1632
Estelionato,Residência,2,18,0,2023-12-12 10:44:00,DCA (Criança e Adolescente),Empoamento,False,False,0.1126
Local de Estupro e/ou Veículo Envolvido em Estupro,DP,2,11,0,2023-08-01 08:33:00,DRFC (Furtos),Empoamento,False,True,0.884
Arremesso de Projétil,Hospital,2,36,0,2023-09-18 10:51:00,DHPP (Homicídios),"Macrofotografia, Empoamento",True,True,0.4548
Exercício Arbitrário das Próprias Razões,Área Rural,5,11,0,2023-01-18 11:51:00,DEAM (Mulher),Luz forense/lanterna,False,False,0.1234
Explosão (com vítima),Área Rural,1,13,1,2023-12-12 08:54:00,DEAM (Mulher),Empoamento,False,True,0.5892
Abandono de Incapaz,Terreno Baldio,2,20,0,2023-05-30 17:02:00,DEAM (Mulher),"Luz forense/lanterna, Empoamento, Macrofotografia",False,True,0.8889
Furto,Pátio,4,5,1,2023-09-24 06:22:00,1ª DP,Empoamento,False,False,0.1538
Eletroplessão,Estabelecimento Comercial,1,18,1,2023-08-31 14:45:00,DEAM (Mulher),"Empoamento, Luz forense/lanterna, Macrofotografia",True,True,0.4786
Arremesso de Projétil,Área Rural,0,14,0,2023-07-11 20:21:00,1ª DP,"Luz forense/lanterna, Empoamento, Macrofotografia",True,False,0.2779
Latrocínio e/ou Tentativa de Latrocínio,DP,7,13,5,2023-05-11 09:23:00,DCA (Criança e Adolescente),"Empoamento, Macrofotografia",True,True,1.0
Incêndio (com vítima),Pátio,3,44,1,2023-06-28 02:58:00,DRFC (Furtos),Macrofotografia,False,False,0.4213
Tráfico de Entorpecentes,DP,8,57,0,2023-11-30 13:14:00,DHPP (Homicídios),"Macrofotografia, Luz forense/lanterna",True,False,0.2958
Homicídio,Via Pública,0,28,1,2023-06-11 16:44:00,DRFC (Furtos),"Empoamento, Luz forense/lanterna, Macrofotografia",False,False,0.6513
Extorsão,Área Rural,0,10,6,2023-06-05 05:05:00,3ª DP,"Empoamento, Luz forense/lanterna, Macrofotografia",False,True,0.5524
Exercício Arbitrário das Próprias Razões,Terreno Baldio,6,103,1,2023-08-15 21:38:00,DRFC (Furtos),"Macrofotografia, Empoamento",False,True,0.276
Furto de Energia Elétrica ou Termodinâmica,Via Pública,0,21,1,2023-08-31 22:07:00,DHPP (Homicídios),"Empoamento, Luz forense/lanterna",False,False,0.182
Infanticídio,Terreno Baldio,0,6,1,2023-03-15 01:14:00,1ª DP,"Luz forense/lanterna, Empoamento, Macrofotografia",True,False,0.8631
Dano,Área Rural,5,30,1,2023-04-22 15:46:00,DHPP (Homicídios),Empoamento,True,False,0.3047
Furto,Pátio,1,31,0,2023-05-31 02:28:00,DHPP (Homicídios),"Empoamento, Luz forense/lanterna",True,False,0.312
Aborto,Terreno Baldio,3,10,0,2023-07-10 18:58:00,2ª DP,Luz forense/lanterna,False,False,0.1411
Arremesso de Projétil,DP,2,6,4,2023-05-31 17:47:00,DEAM (Mulher),"Empoamento, Luz forense/lanterna, Macrofotografia",True,False,0.3423
Tráfico de Entorpecentes,DP,2,62,0,2023-06-20 23:15:00,DCA (Criança e Adolescente),"Luz forense/lanterna, Macrofotografia",True,False,0.3442
Explosão (com vítima),DP,2,12,2,2023-11-16 01:56:00,DEAM (Mulher),Luz forense/lanterna,False,False,0.395
Pichação,DP,3,13,0,2023-04-24 07:27:00,DCA (Criança e Adolescente),"Macrofotografia, Luz forense/lanterna, Empoamento",True,False,0.3129
Aborto,Hospital,2,8,0,2023-03-19 22:43:00,2ª DP,"Empoamento, Luz forense/lanterna",True,False,0.3158
Abandono de Incapaz,Pátio,7,9,0,2023-11-28 02:07:00,DRFC (Furtos),"Macrofotografia, Empoamento",False,True,0.815
Tentativa de Homicídio,Terreno Baldio,0,7,0,2023-03-05 06:22:00,2ª DP,"Empoamento, Luz forense/lanterna",False,False,0.6988
Maus Tratos de Animal,Via Pública,4,8,0,2023-11-26 18:01:00,DCA (Criança e Adolescente),"Empoamento, Luz forense/lanterna",True,True,0.4264
Homicídio,DP,4,27,1,2023-09-19 15:13:00,3ª DP,"Macrofotografia, Luz forense/lanterna",True,False,0.8857
Eletroplessão,Pátio,1,15,0,2023-05-06 03:08:00,DEAM (Mulher),Empoamento,False,False,0.1234
Disparo de Arma de Fogo,Pátio,0,10,0,2023-06-24 06:58:00,DCA (Criança e Adolescente),"Macrofotografia, Luz forense/lanterna, Empoamento",False,False,0.4158
Desmanche de Veículos,Via Pública,0,16,8,2023-03-15 11:45:00,DCA (Criança e Adolescente),"Macrofotografia, Empoamento, Luz forense/lanterna",False,True,0.29
Veículo Localizado (furtado ou roubado),Hospital,0,26,0,2023-08-22 02:56:00,1ª DP,Luz forense/lanterna,True,False,0.3391
Roubo Com Estupro,Hospital,0,46,2,2023-06-02 00:50:00,3ª DP,"Macrofotografia, Empoamento",False,False,0.7228
Maus Tratos de Animal,Hospital,3,5,6,2023-02-15 19:58:00,3ª DP,Macrofotografia,True,True,0.4721
Receptação,DP,6,11,3,2023-03-16 10:26:00,DHPP (Homicídios),Macrofotografia,False,False,0.187
Local de Estupro e/ou Veículo Envolvido em Estupro,Residência,1,21,7,2023-09-28 00:35:00,DHPP (Homicídios),"Empoamento, Luz forense/lanterna",False,False,0.668
Veículo Localizado (furtado ou roubado),DP,2,7,5,2023-01-07 20:08:00,2ª DP,Macrofotografia,False,False,0.1849
Extorsão,Hospital,5,5,1,2023-12-02 06:27:00,DHPP (Homicídios),"Empoamento, Macrofotografia",False,True,0.571
Estelionato,Terreno Baldio,0,9,0,2023-10-13 15:18:00,3ª DP,Macrofotografia,True,False,0.3071
Furto em Interior de Veículo,Via Pública,0,57,0,2023-08-13 10:18:00,DRFC (Furtos),"Empoamento, Macrofotografia, Luz forense/lanterna",True,False,0.2507
Roubo,Residência,7,12,2,2023-07-28 23:56:00,DEAM (Mulher),Luz forense/lanterna,True,True,0.6707
Exercício Arbitrário das Próprias Razões,Área Rural,10,5,1,2023-08-04 04:55:00,2ª DP,"Luz forense/lanterna, Empoamento, Macrofotografia",True,False,0.3298
Violação de Domicílio,Estabelecimento Comercial,3,42,1,2023-07-31 21:04:00,DCA (Criança e Adolescente),Empoamento,True,True,0.4522
Tentativa de Suicídio,Hospital,1,38,0,2023-09-24 04:42:00,DRFC (Furtos),"Macrofotografia, Luz forense/lanterna, Empoamento",False,False,0.1301
Ameaça,Pátio,6,52,0,2023-04-14 01:47:00,DEAM (Mulher),Luz forense/lanterna,True,False,0.3251
Incêndio (sem vítima),Estabelecimento Comercial,1,8,1,2023-04-02 15:26:00,1ª DP,"Empoamento, Macrofotografia, Luz forense/lanterna",False,True,0.3169
Latrocínio e/ou Tentativa de Latrocínio,Estabelecimento Comercial,3,48,0,2023-09-19 07:30:00,DEAM (Mulher),Macrofotografia,True,True,0.9573
Lesão Corporal,Estabelecimento Comercial,2,5,2,2023-06-28 13:01:00,DCA (Criança e Adolescente),Macrofotografia,True,True,0.6519
Infanticídio,Área Rural,2,13,0,2023-06-15 17:21:00,DCA (Criança e Adolescente),"Empoamento, Macrofotografia",False,True,0.8209
Dano Seguido de Lesão Corporal,Hospital,7,30,4,2023-09-09 00:45:00,DCA (Criança e Adolescente),"Luz forense/lanterna, Empoamento",True,False,0.5588
Ossada Encontrada,Estabelecimento Comercial,0,23,1,2023-04-09 14:54:00,1ª DP,"Luz forense/lanterna, Macrofotografia",True,False,0.273
Roubo Com Estupro,Residência,2,42,0,2023-07-29 23:45:00,1ª DP,Empoamento,True,False,0.8418
Tentativa de Suicídio,Hospital,1,18,1,2023-03-31 00:23:00,2ª DP,"Macrofotografia, Empoamento",False,True,0.3427
Lesão Corporal,Pátio,2,11,3,2023-05-24 23:52:00,DEAM (Mulher),"Macrofotografia, Luz forense/lanterna, Empoamento",True,False,0.5809
Adulteração de Placa e/ou Lacre,Via Pública,15,27,1,2023-08-23 19:50:00,DEAM (Mulher),"Macrofotografia, Empoamento, Luz forense/lanterna",False,False,0.1715
Feto Encontrado,Terreno Baldio,1,21,0,2023-09-13 15:17:00,2ª DP,Luz forense/lanterna,True,False,0.8392
Tráfico de Entorpecentes,Estabelecimento Comercial,9,25,1,2023-02-16 10:09:00,DCA (Criança e Adolescente),"Empoamento, Luz forense/lanterna",False,False,0.1443
Tentativa de Homicídio,Hospital,0,15,0,2023-02-11 16:14:00,3ª DP,"Macrofotografia, Luz forense/lanterna, Empoamento",True,False,0.8794
Infanticídio,Pátio,0,24,0,2023-03-29 11:19:00,DEAM (Mulher),"Empoamento, Luz forense/lanterna, Macrofotografia",False,False,0.6854
Eletroplessão,Estabelecimento Comercial,1,8,0,2023-01-29 23:23:00,2ª DP,"Luz forense/lanterna, Macrofotografia, Empoamento",True,True,0.4463
Arremesso de Projétil,Área Rural,0,76,1,2023-07-30 07:12:00,DCA (Criança e Adolescente),Empoamento,False,True,0.2872
Receptação,Via Pública,0,52,1,2023-09-17 02:58:00,DHPP (Homicídios),"Macrofotografia, Luz forense/lanterna",True,False,0.2672
Furto de Energia Elétrica ou Termodinâmica,Estabelecimento Comercial,4,18,1,2023-09-20 23:21:00,DRFC (Furtos),"Macrofotografia, Luz forense/lanterna",False,False,0.1029
Adulteração de Placa e/ou Lacre,Pátio,5,33,0,2023-03-19 06:56:00,1ª DP,Macrofotografia,True,False,0.2614
Exercício Arbitrário das Próprias Razões,Hospital,3,25,4,2023-03-27 04:28:00,3ª DP,Macrofotografia,True,True,0.4332
Adulteração de Placa e/ou Lacre,Residência,6,77,2,2023-12-18 19:27:00,DRFC (Furtos),"Luz forense/lanterna, Empoamento, Macrofotografia",False,False,0.1029
Aborto,Terreno Baldio,6,73,0,2023-12-13 10:45:00,3ª DP,Macrofotografia,False,False,0.1368
Explosão (com vítima),Área Rural,0,9,2,2023-07-06 22:35:00,DHPP (Homicídios),"Empoamento, Macrofotografia, Luz forense/lanterna",False,True,0.5386
Adulteração de Placa e/ou Lacre,Área Rural,0,17,0,2023-09-19 07:07:00,DHPP (Homicídios),"Luz forense/lanterna, Empoamento, Macrofotografia",False,True,0.2583
Ameaça,Hospital,0,26,2,2023-09-05 23:28:00,DHPP (Homicídios),"Macrofotografia, Empoamento, Luz forense/lanterna",True,True,0.4564
Afogamento,Hospital,1,24,0,2023-12-27 19:13:00,2ª DP,"Empoamento, Macrofotografia",False,False,0.1792
Maus Tratos de Animal,DP,3,19,0,2023-07-03 04:16:00,DCA (Criança e Adolescente),"Luz forense/lanterna, Macrofotografia",False,False,0.1994
Adulteração de Placa e/ou Lacre,Via Pública,0,44,0,2023-12-17 15:57:00,DEAM (Mulher),"Luz forense/lanterna, Macrofotografia",True,False,0.3196
Violação de Domicílio,Residência,0,15,0,2023-11-04 02:57:00,DHPP (Homicídios),"Empoamento, Luz forense/lanterna, Macrofotografia",False,True,0.2886
Veículo Localizado (furtado ou roubado),Terreno Baldio,1,11,0,2023-09-09 01:04:00,DEAM (Mulher),"Empoamento, Macrofotografia",False,False,0.171
Furto de Energia Elétrica ou Termodinâmica,Via Pública,2,60,0,2023-10-30 17:50:00,DCA (Criança e Adolescente),Luz forense/lanterna,False,False,0.1308
Tentativa de Suicídio,Área Rural,0,38,6,2023-12-08 00:27:00,DHPP (Homicídios),Macrofotografia,False,True,0.2791
Morte Aparentemente Natural,Hospital,0,86,0,2023-09-07 12:43:00,DCA (Criança e Adolescente),"Empoamento, Macrofotografia, Luz forense/lanterna",False,True,0.3237
Dano Seguido de Lesão Corporal,Via Pública,3,37,2,2023-12-30 22:45:00,3ª DP,"Empoamento, Luz forense/lanterna, Macrofotografia",False,False,0.4041
Roubo Com Estupro,Hospital,1,25,0,2023-11-25 08:49:00,2ª DP,"Luz forense/lanterna, Empoamento",True,False,0.8368
Suicídio,Hospital,1,7,1,2023-01-22 11:43:00,2ª DP,Macrofotografia,True,False,0.2719
Furto,Via Pública,4,16,4,2023-07-07 14:32:00,DCA (Criança e Adolescente),"Macrofotografia, Empoamento, Luz forense/lanterna",False,False,0.1486
Infanticídio,Via Pública,4,6,1,2023-02-17 21:00:00,DCA (Criança e Adolescente),"Empoamento, Macrofotografia",True,False,0.898
Veículo Localizado (furtado ou roubado),Via Pública,1,13,1,2023-08-29 20:45:00,2ª DP,"Macrofotografia, Luz forense/lanterna",True,False,0.3423
Exercício Arbitrário das Próprias Razões,Estabelecimento Comercial,6,7,1,2023-01-08 04:10:00,2ª DP,Luz forense/lanterna,False,False,0.1498
Lesão Corporal,Hospital,1,30,6,2023-06-23 14:29:00,DEAM (Mulher),"Luz forense/lanterna, Macrofotografia, Empoamento",True,True,0.6549
Furto de Energia Elétrica ou Termodinâmica,Estabelecimento Comercial,2,61,3,2023-03-04 10:51:00,1ª DP,"Empoamento, Luz forense/lanterna, Macrofotografia",True,False,0.2556
Roubo Com Estupro,DP,4,14,0,2023-09-28 05:49:00,DCA (Criança e Adolescente),"Luz forense/lanterna, Empoamento, Macrofotografia",True,False,0.8744
Furto de Energia Elétrica ou Termodinâmica,Área Rural,3,7,2,2023-03-29 07:35:00,DHPP (Homicídios),Luz forense/lanterna,True,False,0.3354
Local de Estupro e/ou Veículo Envolvido em Estupro,DP,0,21,0,2023-11-12 03:15:00,1ª DP,"Empoamento, Macrofotografia",True,False,0.8831
Violação de Domicílio,Residência,0,38,0,2023-07-28 15:31:00,DHPP (Homicídios),"Luz forense/lanterna, Empoamento",False,True,0.2711
Furto d'água,Estabelecimento Comercial,1,14,3,2023-04-10 22:13:00,3ª DP,"Macrofotografia, Empoamento, Luz forense/lanterna",True,False,0.287
Explosão (sem vítima),DP,8,8,0,2023-08-18 15:53:00,3ª DP,Luz forense/lanterna,True,False,0.3171
Local de Estupro e/ou Veículo Envolvido em Estupro,Hospital,0,25,4,2023-06-18 22:41:00,DHPP (Homicídios),Luz forense/lanterna,False,False,0.6987
Explosão (sem vítima),DP,7,17,2,2023-08-23 08:46:00,DRFC (Furtos),Macrofotografia,False,False,0.1731
Lesão Corporal,Terreno Baldio,1,5,1,2023-03-09 18:00:00,DRFC (Furtos),"Luz forense/lanterna, Empoamento, Macrofotografia",True,False,0.5301
Veículo Localizado (furtado ou roubado),Hospital,2,5,0,2023-11-30 23:17:00,DHPP (Homicídios),"Macrofotografia, Luz forense/lanterna, Empoamento",False,True,0.2931
Tentativa de Homicídio,Área Rural,2,10,8,2023-06-14 09:40:00,3ª DP,Empoamento,True,False,0.8502
Dano Seguido de Lesão Corporal,Estabelecimento Comercial,0,43,0,2023-10-30 05:23:00,DCA (Criança e Adolescente),"Luz forense/lanterna, Macrofotografia",False,False,0.3966
Infanticídio,Pátio,2,12,4,2023-12-02 15:10:00,1ª DP,Macrofotografia,False,False,0.7118
Furto em Interior de Veículo,Pátio,2,16,5,2023-04-17 13:05:00,DCA (Criança e Adolescente),"Empoamento, Luz forense/lanterna",False,False,0.1669
Suicídio,Terreno Baldio,0,14,1,2023-11-03 14:42:00,DRFC (Furtos),"Luz forense/lanterna, Macrofotografia, Empoamento",False,False,0.1727
Extorsão,Estabelecimento Comercial,0,36,2,2023-10-19 07:51:00,1ª DP,"Empoamento, Luz forense/lanterna",True,False,0.5759
Dano,Via Pública,8,11,0,2023-10-23 18:45:00,2ª DP,"Macrofotografia, Empoamento, Luz forense/lanterna",False,False,0.1092
Tentativa de Suicídio,Pátio,4,71,0,2023-09-02 10:50:00,2ª DP,Luz forense/lanterna,False,False,0.1336
Afogamento,DP,2,65,3,2023-08-02 04:49:00,DEAM (Mulher),Luz forense/lanterna,False,True,0.3359
Lesão Corporal,Terreno Baldio,1,14,0,2023-11-12 22:15:00,1ª DP,"Macrofotografia, Empoamento, Luz forense/lanterna",True,False,0.5691
Aborto,Via Pública,3,27,7,2023-05-17 18:56:00,DEAM (Mulher),"Empoamento, Macrofotografia, Luz forense/lanterna",False,False,0.1444
Infanticídio,Terreno Baldio,0,27,1,2023-09-10 19:19:00,DCA (Criança e Adolescente),"Empoamento, Macrofotografia",False,True,0.8851
Violação de Sepultura,Via Pública,8,12,0,2023-10-08 14:04:00,DCA (Criança e Adolescente),"Empoamento, Macrofotografia",False,False,0.126
Morte Aparentemente Natural,Estabelecimento Comercial,3,7,1,2023-10-16 19:40:00,2ª DP,"Empoamento, Luz forense/lanterna, Macrofotografia",False,False,0.1353
Estelionato,DP,1,20,2,2023-06-23 21:02:00,DCA (Criança e Adolescente),Macrofotografia,True,False,0.287
Ossada Encontrada,Pátio,1,10,4,2023-06-02 14:49:00,DEAM (Mulher),Luz forense/lanterna,True,False,0.2882
Adulteração de Placa e/ou Lacre,Residência,1,9,0,2023-01-27 09:40:00,2ª DP,"Macrofotografia, Empoamento",True,False,0.3475
Feto Encontrado,Via Pública,2,12,0,2023-08-22 02:59:00,DCA (Criança e Adolescente),"Luz forense/lanterna, Empoamento, Macrofotografia",True,False,0.8322
Furto de Energia Elétrica ou Termodinâmica,Via Pública,10,8,0,2023-09-27 11:51:00,DCA (Criança e Adolescente),"Luz forense/lanterna, Macrofotografia",True,False,0.2835
Desmanche de Veículos,Via Pública,0,53,1,2023-07-28 07:22:00,DHPP (Homicídios),Macrofotografia,False,False,0.1454
Roubo Com Estupro,Área Rural,10,27,3,2023-08-30 22:38:00,DRFC (Furtos),"Macrofotografia, Empoamento, Luz forense/lanterna",True,False,0.8113
Lesão Corporal,Residência,2,21,0,2023-07-24 09:40:00,DHPP (Homicídios),Macrofotografia,False,True,0.5114
Feminicídio,Hospital,1,38,0,2023-01-13 02:14:00,DHPP (Homicídios),Luz forense/lanterna,True,False,0.8746
Latrocínio e/ou Tentativa de Latrocínio,Pátio,9,13,2,2023-09-04 23:10:00,2ª DP,Luz forense/lanterna,True,True,0.969
Feto Encontrado,Estabelecimento Comercial,1,35,2,2023-09-10 23:55:00,DRFC (Furtos),"Luz forense/lanterna, Empoamento, Macrofotografia",False,True,0.8296
Lesão Corporal,DP,1,24,1,2023-10-15 16:38:00,DEAM (Mulher),Macrofotografia,False,True,0.5396
Latrocínio e/ou Tentativa de Latrocínio,Hospital,6,21,1,2023-07-01 16:56:00,DHPP (Homicídios),Macrofotografia,True,False,0.875
Furto,Estabelecimento Comercial,3,52,1,2024-01-01 11:18:00,DEAM (Mulher),"Luz forense/lanterna, Macrofotografia",False,False,0.1663
Aborto,Via Pública,4,8,1,2023-06-26 05:57:00,DEAM (Mulher),"Macrofotografia, Empoamento, Luz forense/lanterna",False,False,0.159
Roubo Com Estupro,Via Pública,2,48,1,2023-06-22 04:39:00,DCA (Criança e Adolescente),"Macrofotografia, Empoamento",True,False,0.806
Maus Tratos de Animal,Terreno Baldio,1,38,1,2023-05-22 07:53:00,DHPP (Homicídios),"Luz forense/lanterna, Empoamento, Macrofotografia",False,True,0.267
Marca em Animal,Residência,1,12,1,2023-05-27 03:37:00,2ª DP,"Empoamento, Macrofotografia, Luz forense/lanterna",False,False,0.1703
Afogamento,Terreno Baldio,9,8,4,2023-09-14 10:04:00,DEAM (Mulher),"Empoamento, Luz forense/lanterna, Macrofotografia",False,False,0.1544
Receptação,Estabelecimento Comercial,0,22,3,2023-10-11 09:27:00,3ª DP,"Empoamento, Luz forense/lanterna, Macrofotografia",True,False,0.2707
Violação de Domicílio,Pátio,0,11,7,2023-06-03 03:57:00,DCA (Criança e Adolescente),Luz forense/lanterna,True,False,0.2907
Local de Estupro e/ou Veículo Envolvido em Estupro,Residência,1,33,1,2023-07-20 11:29:00,3ª DP,"Empoamento, Luz forense/lanterna, Macrofotografia",True,True,0.975
Maus Tratos de Animal,Terreno Baldio,0,6,3,2023-03-29 22:01:00,2ª DP,"Empoamento, Macrofotografia, Luz forense/lanterna",False,False,0.1056
Ossada Encontrada,DP,2,17,6,2023-11-22 22:07:00,DHPP (Homicídios),"Luz forense/lanterna, Macrofotografia",True,False,0.3425
Ameaça,Residência,3,16,1,2023-07-10 09:11:00,1ª DP,Empoamento,True,False,0.324
Tentativa de Suicídio,Residência,0,11,2,2023-04-19 19:16:00,DHPP (Homicídios),Empoamento,True,False,0.3354
Ameaça,Hospital,4,18,4,2023-08-21 16:53:00,DEAM (Mulher),"Luz forense/lanterna, Empoamento, Macrofotografia",True,True,0.4893
Roubo,Pátio,2,10,0,2023-08-31 23:20:00,2ª DP,"Macrofotografia, Empoamento",False,False,0.3715
Homicídio,Área Rural,1,6,5,2023-06-11 18:49:00,2ª DP,"Luz forense/lanterna, Macrofotografia, Empoamento",False,False,0.6646
Roubo,Residência,3,9,2,2023-12-11 21:08:00,DCA (Criança e Adolescente),"Macrofotografia, Empoamento, Luz forense/lanterna",False,False,0.3544
Roubo,Residência,3,15,1,2023-04-24 08:18:00,DRFC (Furtos),"Luz forense/lanterna, Macrofotografia, Empoamento",True,True,0.6874
Infanticídio,Área Rural,4,12,0,2023-08-27 06:31:00,3ª DP,Macrofotografia,False,False,0.703
Explosão (com vítima),Residência,0,8,0,2023-09-20 07:31:00,DRFC (Furtos),"Macrofotografia, Empoamento",False,False,0.4088
Tentativa de Suicídio,Terreno Baldio,0,34,2,2023-08-28 18:48:00,3ª DP,Luz forense/lanterna,False,False,0.1575
Local de Estupro e/ou Veículo Envolvido em Estupro,Residência,0,13,0,2023-09-11 17:22:00,2ª DP,"Empoamento, Macrofotografia",True,True,1.0
Furto,Pátio,0,5,0,2023-10-21 08:14:00,DEAM (Mulher),"Empoamento, Luz forense/lanterna, Macrofotografia",True,False,0.3464
Explosão (com vítima),Pátio,0,9,0,2023-05-14 18:31:00,3ª DP,"Macrofotografia, Luz forense/lanterna, Empoamento",True,True,0.7112
Tentativa de Suicídio,Terreno Baldio,0,5,2,2023-12-25 09:09:00,DRFC (Furtos),"Luz forense/lanterna, Empoamento",False,True,0.2963
Extorsão,DP,0,26,10,2023-12-28 11:31:00,1ª DP,"Luz forense/lanterna, Macrofotografia, Empoamento",True,True,0.6921
Morte Aparentemente Natural,Terreno Baldio,8,21,0,2023-10-22 09:38:00,DEAM (Mulher),"Luz forense/lanterna, Macrofotografia, Empoamento",True,True,0.4619
Dano,Hospital,9,18,6,2023-05-08 17:47:00,DEAM (Mulher),"Luz forense/lanterna, Macrofotografia",False,False,0.1719
Violação de Sepultura,Terreno Baldio,2,35,2,2023-11-17 00:21:00,1ª DP,Macrofotografia,False,False,0.1049
Desmanche de Veículos,Pátio,1,11,8,2023-01-29 22:46:00,2ª DP,"Macrofotografia, Luz forense/lanterna",False,False,0.1391
Infanticídio,Pátio,1,22,1,2023-07-04 23:25:00,DHPP (Homicídios),Luz forense/lanterna,True,True,1.0
Estelionato,Terreno Baldio,1,31,0,2023-02-22 18:06:00,DRFC (Furtos),"Empoamento, Macrofotografia",False,False,0.1603
Homicídio,Área Rural,1,42,0,2023-07-13 15:22:00,2ª DP,"Empoamento, Macrofotografia",True,False,0.8391
Furto Qualificado (arrombamento),DP,5,12,0,2023-03-02 19:34:00,1ª DP,"Macrofotografia, Luz forense/lanterna",True,False,0.3205
Dano,Terreno Baldio,0,20,1,2023-04-09 09:06:00,1ª DP,"Luz forense/lanterna, Empoamento",False,True,0.3387
Afogamento,Hospital,0,71,6,2023-04-22 12:40:00,1ª DP,Empoamento,True,True,0.4754
Extorsão,Área Rural,0,26,3,2023-02-20 17:46:00,3ª DP,"Luz forense/lanterna, Macrofotografia, Empoamento",False,False,0.3549
Furto Qualificado (arrombamento),Via Pública,0,20,1,2023-05-27 23:32:00,DRFC (Furtos),"Luz forense/lanterna, Empoamento",True,True,0.4379
Feminicídio,Via Pública,0,19,0,2023-09-18 09:20:00,2ª DP,"Macrofotografia, Luz forense/lanterna",True,False,0.8587
Violação de Sepultura,Via Pública,2,9,0,2023-09-15 13:00:00,1ª DP,"Macrofotografia, Luz forense/lanterna, Empoamento",False,True,0.3182
Dano,Via Pública,4,15,0,2023-07-13 13:45:00,DHPP (Homicídios),"Luz forense/lanterna, Macrofotografia",True,False,0.3452
Maus Tratos de Animal,Terreno Baldio,0,11,1,2023-07-28 05:27:00,DHPP (Homicídios),Empoamento,False,False,0.1574
Dano,Pátio,1,9,1,2023-10-28 20:19:00,DHPP (Homicídios),"Empoamento, Luz forense/lanterna",False,True,0.2961
Aborto,Estabelecimento Comercial,4,5,3,2023-05-19 17:56:00,3ª DP,Empoamento,False,True,0.2753
Estelionato,Via Pública,2,9,5,2023-12-16 00:12:00,2ª DP,"Luz forense/lanterna, Empoamento",True,True,0.4441
Tentativa de Homicídio,Hospital,6,14,1,2023-05-22 01:28:00,DEAM (Mulher),"Macrofotografia, Luz forense/lanterna, Empoamento",False,False,0.6871
Infanticídio,Via Pública,1,46,1,2023-07-12 04:38:00,DRFC (Furtos),Macrofotografia,True,False,0.8235
Tentativa de Homicídio,Terreno Baldio,1,9,0,2023-07-28 00:56:00,DCA (Criança e Adolescente),Macrofotografia,True,False,0.8109
Exercício Arbitrário das Próprias Razões,Via Pública,4,32,0,2023-09-07 04:30:00,DRFC (Furtos),Empoamento,False,False,0.1136
Roubo Com Estupro,Residência,0,7,0,2023-03-16 01:04:00,1ª DP,"Empoamento, Luz forense/lanterna",False,False,0.7246
Furto d'água,DP,0,15,0,2023-12-22 10:06:00,DEAM (Mulher),"Macrofotografia, Empoamento, Luz forense/lanterna",False,False,0.156
Dano,DP,0,33,0,2023-12-30 18:47:00,3ª DP,"Luz forense/lanterna, Macrofotografia",False,False,0.133
Disparo de Arma de Fogo,Residência,0,18,2,2023-02-16 23:00:00,DEAM (Mulher),"Empoamento, Macrofotografia, Luz forense/lanterna",True,False,0.5784
Maus Tratos de Animal,Residência,1,40,0,2023-11-22 15:58:00,1ª DP,"Macrofotografia, Luz forense/lanterna",True,False,0.3331
Desmanche de Veículos,Via Pública,0,52,0,2023-10-01 04:44:00,DCA (Criança e Adolescente),"Empoamento, Macrofotografia, Luz forense/lanterna",True,True,0.4303
Marca em Animal,Residência,0,32,11,2023-12-06 18:44:00,DCA (Criança e Adolescente),Macrofotografia,True,False,0.3053
Furto,Pátio,5,37,0,2023-09-21 04:14:00,3ª DP,Macrofotografia,True,True,0.4767
Adulteração de Placa e/ou Lacre,Via Pública,6,11,0,2023-10-23 22:56:00,1ª DP,Luz forense/lanterna,True,False,0.3414
Furto em Interior de Veículo,Pátio,2,26,1,2023-01-29 09:23:00,3ª DP,"Macrofotografia, Empoamento",True,True,0.4858
Homicídio,DP,5,7,1,2023-11-06 04:49:00,DHPP (Homicídios),"Empoamento, Macrofotografia",False,False,0.7398
Violação de Domicílio,Estabelecimento Comercial,2,5,1,2023-09-21 18:47:00,DEAM (Mulher),"Macrofotografia, Luz forense/lanterna",False,True,0.3406
Roubo Com Estupro,DP,1,22,2,2023-06-27 14:43:00,2ª DP,"Luz forense/lanterna, Macrofotografia, Empoamento",True,True,1.0
Receptação,Estabelecimento Comercial,1,5,1,2023-12-15 11:32:00,DRFC (Furtos),"Macrofotografia, Empoamento",False,False,0.1881
Tráfico de Entorpecentes,Hospital,7,16,4,2023-06-07 23:58:00,DHPP (Homicídios),Macrofotografia,True,False,0.332
Eletroplessão,Área Rural,0,8,5,2023-12-10 00:20:00,DCA (Criança e Adolescente),"Luz forense/lanterna, Macrofotografia",True,False,0.3191
Furto de Energia Elétrica ou Termodinâmica,Terreno Baldio,0,31,0,2023-12-15 21:20:00,1ª DP,"Macrofotografia, Luz forense/lanterna",True,False,0.259
Maus Tratos de Animal,DP,2,16,0,2023-02-18 23:53:00,DEAM (Mulher),"Macrofotografia, Luz forense/lanterna, Empoamento",True,True,0.4563
Explosão (sem vítima),Via Pública,5,6,1,2023-05-04 18:35:00,DHPP (Homicídios),"Macrofotografia, Luz forense/lanterna",False,True,0.3072
Infanticídio,DP,18,23,2,2023-02-15 19:28:00,DRFC (Furtos),Macrofotografia,False,False,0.7337
Pichação,Terreno Baldio,4,12,0,2023-01-23 06:21:00,DRFC (Furtos),Macrofotografia,False,True,0.3035
Marca em Animal,Área Rural,5,31,4,2023-06-03 12:43:00,2ª DP,"Macrofotografia, Luz forense/lanterna",True,True,0.4566
Violação de Sepultura,Pátio,2,22,0,2023-07-30 20:40:00,1ª DP,Macrofotografia,True,False,0.3491
Infanticídio,Via Pública,0,8,2,2023-07-19 04:21:00,DCA (Criança e Adolescente),Luz forense/lanterna,True,False,0.8872
Exercício Arbitrário das Próprias Razões,Hospital,6,62,2,2023-03-12 10:24:00,1ª DP,Luz forense/lanterna,False,False,0.1282
Aborto,Pátio,3,18,2,2023-08-29 08:38:00,DHPP (Homicídios),Macrofotografia,True,True,0.4772
Dano,Hospital,0,9,0,2023-10-24 11:39:00,DCA (Criança e Adolescente),Luz forense/lanterna,False,False,0.1838
Tentativa de Suicídio,Estabelecimento Comercial,6,44,1,2023-11-26 17:39:00,DEAM (Mulher),Macrofotografia,True,False,0.2868
Aborto,Residência,2,19,2,2023-09-11 12:01:00,DRFC (Furtos),Macrofotografia,True,False,0.2771
Violação de Sepultura,Hospital,1,24,2,2023-07-27 20:28:00,DEAM (Mulher),Luz forense/lanterna,False,False,0.1615
Violação de Sepultura,Residência,0,22,4,2023-04-03 00:06:00,DCA (Criança e Adolescente),Luz forense/lanterna,True,False,0.3263
Tráfico de Entorpecentes,Hospital,2,11,4,2023-04-06 06:51:00,DRFC (Furtos),"Luz forense/lanterna, Macrofotografia, Empoamento",False,False,0.1248
Abandono de Incapaz,Terreno Baldio,2,9,3,2023-09-01 15:31:00,DCA (Criança e Adolescente),Macrofotografia,True,False,0.8104
Exercício Arbitrário das Próprias Razões,Pátio,0,24,2,2023-02-04 09:05:00,DCA (Criança e Adolescente),"Luz forense/lanterna, Empoamento, Macrofotografia",True,True,0.4843
Desmanche de Veículos,DP,3,22,0,2023-06-18 23:25:00,3ª DP,"Luz forense/lanterna, Macrofotografia, Empoamento",False,False,0.1945
Arremesso de Projétil,Residência,2,28,0,2023-03-31 15:46:00,DRFC (Furtos),"Empoamento, Luz forense/lanterna, Macrofotografia",True,True,0.4695
Pichação,Área Rural,0,53,1,2023-09-28 11:51:00,DHPP (Homicídios),"Empoamento, Luz forense/lanterna, Macrofotografia",False,False,0.1291
Violação de Domicílio,Hospital,0,14,0,2023-10-29 12:25:00,2ª DP,"Macrofotografia, Empoamento",False,True,0.2734
Feminicídio,Área Rural,2,14,4,2023-03-22 21:55:00,DCA (Criança e Adolescente),"Luz forense/lanterna, Macrofotografia, Empoamento",True,False,0.8313
Furto Qualificado (arrombamento),Estabelecimento Comercial,0,11,1,2023-12-28 22:16:00,DCA (Criança e Adolescente),"Macrofotografia, Empoamento, Luz forense/lanterna",True,False,0.3196
Disparo de Arma de Fogo,Área Rural,2,10,0,2023-11-01 16:56:00,DCA (Criança e Adolescente),"Macrofotografia, Luz forense/lanterna, Empoamento",False,False,0.3873
Violação de Domicílio,Área Rural,3,34,1,2023-12-31 10:58:00,DEAM (Mulher),"Empoamento, Luz forense/lanterna, Macrofotografia",True,True,0.4056
Furto d'água,Estabelecimento Comercial,0,26,0,2023-05-21 04:11:00,1ª DP,Empoamento,True,True,0.4649
Infanticídio,DP,0,20,0,2023-10-05 09:00:00,DCA (Criança e Adolescente),"Empoamento, Macrofotografia",False,True,0.8843
Maus Tratos de Animal,Área Rural,2,7,0,2023-12-10 19:00:00,2ª DP,"Luz forense/lanterna, Empoamento, Macrofotografia",False,False,0.1941
Roubo Com Estupro,Estabelecimento Comercial,0,10,1,2023-11-06 17:26:00,DHPP (Homicídios),Luz forense/lanterna,False,True,0.8646
Dano,DP,8,88,0,2023-10-28 22:06:00,2ª DP,Luz forense/lanterna,True,True,0.4472
Furto em Interior de Veículo,Estabelecimento Comercial,0,30,0,2023-05-21 11:13:00,1ª DP,"Macrofotografia, Empoamento",True,False,0.3416
Furto Qualificado (arrombamento),Área Rural,0,43,0,2023-03-09 17:54:00,DRFC (Furtos),Macrofotografia,True,False,0.2818
Aborto,Via Pública,11,21,0,2023-08-14 15:11:00,2ª DP,Luz forense/lanterna,False,True,0.3265
Feminicídio,Estabelecimento Comercial,1,46,0,2023-03-24 04:28:00,DEAM (Mulher),"Empoamento, Luz forense/lanterna, Macrofotografia",True,False,0.8361
Dano,Terreno Baldio,13,6,4,2023-04-24 15:21:00,DEAM (Mulher),"Empoamento, Macrofotografia, Luz forense/lanterna",True,True,0.4936
Incêndio (com vítima),Hospital,4,18,0,2023-12-07 01:14:00,DEAM (Mulher),Macrofotografia,True,False,0.5722
Latrocínio e/ou Tentativa de Latrocínio,Área Rural,2,30,0,2023-06-10 14:57:00,1ª DP,"Luz forense/lanterna, Empoamento, Macrofotografia",False,False,0.6875
Veículo Localizado (furtado ou roubado),Pátio,1,13,2,2023-05-07 15:27:00,3ª DP,"Macrofotografia, Luz forense/lanterna",False,True,0.257
Violação de Sepultura,Pátio,3,27,0,2023-12-25 08:17:00,1ª DP,"Macrofotografia, Luz forense/lanterna",False,False,0.1018
Furto d'água,Pátio,4,7,2,2023-02-14 09:16:00,DEAM (Mulher),Luz forense/lanterna,True,False,0.3256
Explosão (sem vítima),Estabelecimento Comercial,0,34,1,2023-01-26 17:12:00,DHPP (Homicídios),Macrofotografia,False,True,0.2783
Morte Aparentemente Natural,Terreno Baldio,4,15,0,2023-01-20 09:34:00,2ª DP,Empoamento,True,False,0.321
Tráfico de Entorpecentes,Terreno Baldio,1,55,6,2023-08-23 08:06:00,DRFC (Furtos),"Macrofotografia, Empoamento, Luz forense/lanterna",False,False,0.1336
Explosão (com vítima),Hospital,1,14,3,2023-02-19 10:23:00,1ª DP,"Empoamento, Macrofotografia, Luz forense/lanterna",True,False,0.5352
Homicídio,Área Rural,3,17,0,2023-04-05 17:06:00,DHPP (Homicídios),"Empoamento, Macrofotografia",False,False,0.7078
Dano Seguido de Lesão Corporal,Terreno Baldio,3,16,0,2023-02-03 15:42:00,1ª DP,Luz forense/lanterna,True,False,0.5247
Tráfico de Entorpecentes,Residência,8,15,3,2023-12-27 17:32:00,DHPP (Homicídios),Macrofotografia,False,True,0.3038
Disparo de Arma de Fogo,Residência,1,12,6,2023-09-20 01:10:00,1ª DP,"Luz forense/lanterna, Empoamento, Macrofotografia",False,False,0.4345
Eletroplessão,Área Rural,1,22,3,2023-01-27 03:48:00,DRFC (Furtos),"Luz forense/lanterna, Macrofotografia, Empoamento",True,True,0.406
Marca em Animal,DP,0,68,3,2023-01-02 22:32:00,3ª DP,"Empoamento, Macrofotografia",False,True,0.3316
Feminicídio,Área Rural,2,73,0,2023-01-07 09:28:00,DEAM (Mulher),"Empoamento, Luz forense/lanterna",False,False,0.7123
Infanticídio,Terreno Baldio,0,19,1,2023-12-11 23:57:00,DHPP (Homicídios),"Macrofotografia, Luz forense/lanterna, Empoamento",False,False,0.7218
Dano Seguido de Lesão Corporal,Estabelecimento Comercial,3,6,0,2023-08-17 09:44:00,2ª DP,Empoamento,True,True,0.744
Feto Encontrado,Via Pública,0,24,1,2023-01-23 00:18:00,3ª DP,"Luz forense/lanterna, Macrofotografia, Empoamento",False,True,0.8962
Homicídio,Pátio,0,8,0,2023-07-30 19:14:00,2ª DP,"Macrofotografia, Empoamento, Luz forense/lanterna",True,False,0.8801
Receptação,Estabelecimento Comercial,0,27,0,2023-07-26 22:01:00,DCA (Criança e Adolescente),"Empoamento, Macrofotografia",True,False,0.2502
Abandono de Incapaz,DP,5,37,1,2023-02-02 13:11:00,DEAM (Mulher),"Empoamento, Macrofotografia",True,False,0.8093
Receptação,Terreno Baldio,2,41,6,2023-10-31 18:04:00,2ª DP,Macrofotografia,False,False,0.1477
Exercício Arbitrário das Próprias Razões,Residência,0,6,4,2023-12-20 16:10:00,DCA (Criança e Adolescente),"Macrofotografia, Empoamento",False,False,0.1602
Dano,Terreno Baldio,2,30,1,2023-08-25 23:50:00,DCA (Criança e Adolescente),"Luz forense/lanterna, Empoamento",False,False,0.1634
Afogamento,Via Pública,6,12,1,2023-12-10 10:38:00,DHPP (Homicídios),"Luz forense/lanterna, Empoamento, Macrofotografia",False,True,0.3179
Homicídio,Terreno Baldio,2,21,2,2023-08-02 03:24:00,2ª DP,"Macrofotografia, Empoamento",False,False,0.7437
Local de Estupro e/ou Veículo Envolvido em Estupro,DP,0,8,2,2023-08-10 11:33:00,3ª DP,"Macrofotografia, Luz forense/lanterna",True,True,0.9754
Extorsão,Residência,1,37,4,2023-07-31 17:56:00,DHPP (Homicídios),"Macrofotografia, Empoamento",True,False,0.5679
Tentativa de Homicídio,Pátio,0,5,2,2023-07-21 07:10:00,DHPP (Homicídios),"Macrofotografia, Empoamento",True,False,0.8548
Extorsão,Estabelecimento Comercial,3,23,0,2023-08-24 21:24:00,DRFC (Furtos),"Empoamento, Luz forense/lanterna",True,False,0.5399
Violação de Sepultura,Residência,1,16,1,2023-08-05 08:20:00,3ª DP,"Luz forense/lanterna, Empoamento",False,False,0.1152
Homicídio,Estabelecimento Comercial,1,11,0,2023-07-20 16:00:00,DRFC (Furtos),"Empoamento, Macrofotografia, Luz forense/lanterna",False,True,0.8544
Incêndio (sem vítima),Hospital,0,20,0,2023-03-15 18:33:00,1ª DP,"Macrofotografia, Luz forense/lanterna",True,True,0.4593
Roubo,Área Rural,0,36,0,2023-06-08 06:34:00,DRFC (Furtos),"Luz forense/lanterna, Macrofotografia, Empoamento",False,False,0.37
Latrocínio e/ou Tentativa de Latrocínio,Hospital,1,29,3,2023-09-08 03:15:00,DHPP (Homicídios),"Macrofotografia, Luz forense/lanterna",True,False,0.8239
Estelionato,Pátio,0,23,3,2023-09-24 11:48:00,DCA (Criança e Adolescente),"Empoamento, Macrofotografia, Luz forense/lanterna",False,True,0.3233
Marca em Animal,Residência,0,6,8,2023-04-27 18:15:00,DEAM (Mulher),"Luz forense/lanterna, Empoamento",True,True,0.406
Disparo de Arma de Fogo,Terreno Baldio,0,5,2,2023-08-20 14:27:00,DEAM (Mulher),"Macrofotografia, Empoamento",False,True,0.5158
Lesão Corporal,DP,5,9,8,2023-06-30 14:04:00,DCA (Criança e Adolescente),"Empoamento, Macrofotografia",False,True,0.5342
Pichação,Via Pública,3,26,0,2023-02-27 14:57:00,1ª DP,"Empoamento, Macrofotografia",False,True,0.2914
Tráfico de Entorpecentes,DP,1,32,1,2023-02-06 05:34:00,2ª DP,"Luz forense/lanterna, Macrofotografia",True,False,0.2968
Furto,Pátio,3,57,0,2023-12-11 21:29:00,3ª DP,Macrofotografia,True,False,0.332
Feminicídio,DP,16,17,3,2023-07-23 17:51:00,DRFC (Furtos),"Macrofotografia, Luz forense/lanterna, Empoamento",True,True,0.9695
Marca em Animal,Terreno Baldio,3,9,4,2023-02-19 00:28:00,2ª DP,Macrofotografia,False,False,0.1365
Homicídio,Pátio,0,21,0,2023-05-15 19:06:00,DCA (Criança e Adolescente),Empoamento,True,False,0.8344
Homicídio,Residência,0,15,3,2023-06-16 07:24:00,DCA (Criança e Adolescente),Macrofotografia,False,False,0.7147
Explosão (sem vítima),DP,0,8,2,2023-08-15 01:05:00,3ª DP,"Macrofotografia, Empoamento, Luz forense/lanterna",True,False,0.3253
Incêndio (com vítima),Via Pública,6,5,2,2023-03-20 09:51:00,DHPP (Homicídios),"Luz forense/lanterna, Empoamento, Macrofotografia",True,False,0.587
Exercício Arbitrário das Próprias Razões,Pátio,0,41,1,2023-03-23 14:43:00,2ª DP,Luz forense/lanterna,False,False,0.1662
Homicídio,Terreno Baldio,9,47,4,2023-05-07 21:15:00,2ª DP,"Luz forense/lanterna, Macrofotografia, Empoamento",True,True,0.9778
Furto em Interior de Veículo,Hospital,3,8,6,2023-04-18 06:02:00,3ª DP,Macrofotografia,True,False,0.3155
Latrocínio e/ou Tentativa de Latrocínio,Pátio,2,21,4,2023-06-30 10:03:00,DCA (Criança e Adolescente),"Luz forense/lanterna, Empoamento",False,False,0.6997
Abandono de Incapaz,Hospital,0,10,1,2023-07-03 14:25:00,DRFC (Furtos),Empoamento,True,False,0.8865
Roubo,Área Rural,3,50,3,2023-11-26 10:17:00,DHPP (Homicídios),"Macrofotografia, Empoamento, Luz forense/lanterna",False,True,0.5495
Furto de Energia Elétrica ou Termodinâmica,Terreno Baldio,2,26,1,2023-01-18 16:17:00,DCA (Criança e Adolescente),"Luz forense/lanterna, Macrofotografia, Empoamento",False,False,0.1692
Estelionato,Terreno Baldio,8,10,0,2023-09-20 09:04:00,3ª DP,"Luz forense/lanterna, Empoamento",False,False,0.1643
Latrocínio e/ou Tentativa de Latrocínio,Estabelecimento Comercial,6,6,6,2023-10-05 18:12:00,DCA (Criança e Adolescente),"Luz forense/lanterna, Empoamento, Macrofotografia",True,False,0.8054
Adulteração de Placa e/ou Lacre,Área Rural,2,12,0,2023-08-22 06:39:00,DEAM (Mulher),"Luz forense/lanterna, Empoamento, Macrofotografia",True,True,0.4532
Tráfico de Entorpecentes,Terreno Baldio,1,10,1,2023-07-06 05:22:00,DRFC (Furtos),Luz forense/lanterna,False,False,0.1499
Desmanche de Veículos,Via Pública,2,8,1,2023-11-11 16:11:00,1ª DP,Luz forense/lanterna,False,False,0.1417
Explosão (sem vítima),Área Rural,1,9,4,2023-03-27 16:44:00,1ª DP,"Empoamento, Luz forense/lanterna, Macrofotografia",True,False,0.3047
Receptação,Residência,2,25,0,2023-07-26 14:21:00,1ª DP,Luz forense/lanterna,False,True,0.3023
Adulteração de Placa e/ou Lacre,Via Pública,2,28,4,2023-01-21 15:59:00,DHPP (Homicídios),Luz forense/lanterna,True,True,0.4673
Incêndio (sem vítima),Estabelecimento Comercial,3,79,1,2023-09-19 07:11:00,2ª DP,"Luz forense/lanterna, Empoamento",True,False,0.3245
Furto,Residência,4,36,2,2023-04-12 14:23:00,1ª DP,"Empoamento, Macrofotografia, Luz forense/lanterna",True,True,0.4024
Adulteração de Placa e/ou Lacre,DP,1,22,2,2023-01-14 13:44:00,DRFC (Furtos),"Empoamento, Luz forense/lanterna",False,False,0.1414
Arremesso de Projétil,Hospital,2,20,2,2023-06-07 10:19:00,3ª DP,"Luz forense/lanterna, Macrofotografia",True,True,0.4303
Feto Encontrado,Pátio,3,45,1,2023-08-19 15:42:00,3ª DP,"Empoamento, Macrofotografia",True,False,0.8582
Incêndio (sem vítima),Hospital,1,10,0,2023-10-02 19:59:00,1ª DP,"Empoamento, Luz forense/lanterna, Macrofotografia",False,False,0.1077
Ossada Encontrada,Via Pública,3,24,3,2023-04-30 10:13:00,3ª DP,"Luz forense/lanterna, Macrofotografia",True,False,0.3125
Exercício Arbitrário das Próprias Razões,Área Rural,0,18,0,2023-04-12 14:14:00,DCA (Criança e Adolescente),"Empoamento, Macrofotografia",False,False,0.1887
Violação de Sepultura,Área Rural,1,51,1,2023-06-24 22:36:00,2ª DP,"Luz forense/lanterna, Macrofotografia, Empoamento",True,False,0.331
Arremesso de Projétil,Hospital,4,6,0,2023-12-29 17:17:00,DHPP (Homicídios),Empoamento,False,False,0.1858
Suicídio,Terreno Baldio,0,26,0,2023-07-22 19:02:00,DCA (Criança e Adolescente),Empoamento,False,False,0.1082
Furto,Terreno Baldio,13,28,7,2023-05-02 04:39:00,2ª DP,"Macrofotografia, Luz forense/lanterna, Empoamento",False,False,0.1991
Morte Aparentemente Natural,DP,1,40,0,2023-02-07 01:15:00,2ª DP,Macrofotografia,False,True,0.3087
Arremesso de Projétil,Estabelecimento Comercial,0,52,0,2023-06-22 00:55:00,3ª DP,Luz forense/lanterna,True,True,0.4605
Explosão (sem vítima),Pátio,2,15,0,2023-02-03 17:44:00,DCA (Criança e Adolescente),"Macrofotografia, Luz forense/lanterna, Empoamento",True,True,0.4946
Estelionato,DP,7,6,1,2023-07-05 10:21:00,DCA (Criança e Adolescente),"Empoamento, Luz forense/lanterna",True,True,0.4974
Explosão (com vítima),Via Pública,1,9,0,2023-06-12 17:28:00,2ª DP,Empoamento,True,False,0.5511
Furto em Interior de Veículo,Hospital,2,25,0,2023-12-26 01:26:00,DRFC (Furtos),Luz forense/lanterna,False,True,0.318
Ameaça,DP,0,27,0,2023-05-19 04:18:00,DRFC (Furtos),"Empoamento, Luz forense/lanterna",True,False,0.3191
Latrocínio e/ou Tentativa de Latrocínio,Hospital,0,13,7,2023-04-09 11:40:00,DEAM (Mulher),"Luz forense/lanterna, Macrofotografia",False,False,0.6545
Arremesso de Projétil,Terreno Baldio,2,57,2,2023-09-16 04:22:00,DHPP (Homicídios),Macrofotografia,True,False,0.2803
Eletroplessão,Área Rural,10,11,0,2023-11-14 13:39:00,DHPP (Homicídios),Luz forense/lanterna,False,False,0.1253
Disparo de Arma de Fogo,Área Rural,0,9,2,2023-11-08 06:31:00,3ª DP,Macrofotografia,False,False,0.419
Tentativa de Suicídio,Pátio,6,18,1,2023-11-01 15:54:00,DCA (Criança e Adolescente),Macrofotografia,True,True,0.4619
Arremesso de Projétil,DP,3,7,1,2023-06-04 19:17:00,1ª DP,"Empoamento, Macrofotografia, Luz forense/lanterna",False,True,0.3244
Pichação,Residência,1,14,0,2023-06-28 03:07:00,DCA (Criança e Adolescente),Luz forense/lanterna,True,False,0.3439
Violação de Sepultura,Residência,5,18,0,2023-06-11 16:16:00,2ª DP,Empoamento,True,True,0.4151
Arremesso de Projétil,DP,0,47,3,2023-04-16 12:59:00,2ª DP,Empoamento,False,False,0.1812
Violação de Domicílio,Via Pública,2,11,0,2023-07-30 01:52:00,DCA (Criança e Adolescente),"Luz forense/lanterna, Macrofotografia, Empoamento",False,False,0.1251
Lesão Corporal,Hospital,1,9,1,2023-10-22 16:30:00,2ª DP,Empoamento,False,False,0.4012
Ossada Encontrada,DP,7,15,1,2023-05-17 18:18:00,1ª DP,"Macrofotografia, Luz forense/lanterna, Empoamento",False,False,0.1243
Furto d'água,Via Pública,0,16,0,2023-10-25 15:22:00,3ª DP,"Macrofotografia, Luz forense/lanterna",True,False,0.3317
Ossada Encontrada,Estabelecimento Comercial,0,7,0,2023-08-16 07:28:00,DCA (Criança e Adolescente),"Luz forense/lanterna, Empoamento",False,False,0.1944
Roubo,Hospital,0,5,0,2023-05-04 13:21:00,DEAM (Mulher),"Luz forense/lanterna, Empoamento, Macrofotografia",False,False,0.4286
Ossada Encontrada,Via Pública,0,16,0,2023-03-24 05:29:00,3ª DP,"Macrofotografia, Luz forense/lanterna, Empoamento",False,True,0.2781
Suicídio,Área Rural,1,6,0,2023-11-08 20:37:00,DHPP (Homicídios),"Empoamento, Macrofotografia, Luz forense/lanterna",False,True,0.2691
Latrocínio e/ou Tentativa de Latrocínio,Pátio,1,16,3,2023-01-13 23:12:00,DRFC (Furtos),"Empoamento, Luz forense/lanterna",False,True,0.8276
Estelionato,Estabelecimento Comercial,1,5,1,2023-10-01 10:28:00,DHPP (Homicídios),"Macrofotografia, Empoamento",True,False,0.3483
Abandono de Incapaz,Via Pública,5,40,4,2023-11-23 21:11:00,DCA (Criança e Adolescente),Luz forense/lanterna,False,False,0.6953
Latrocínio e/ou Tentativa de Latrocínio,Estabelecimento Comercial,3,9,11,2023-07-05 05:26:00,DEAM (Mulher),"Luz forense/lanterna, Empoamento, Macrofotografia",False,False,0.6656
Homicídio,Pátio,5,48,2,2023-12-03 10:21:00,DRFC (Furtos),"Luz forense/lanterna, Macrofotografia",False,False,0.6567
Furto,Hospital,7,13,1,2023-09-27 17:08:00,DHPP (Homicídios),Empoamento,False,True,0.3282
Tentativa de Suicídio,Via Pública,4,46,3,2023-04-15 14:24:00,DEAM (Mulher),Luz forense/lanterna,False,True,0.2983
Dano,Via Pública,4,56,3,2023-09-08 09:52:00,DHPP (Homicídios),Luz forense/lanterna,True,False,0.3116
Exercício Arbitrário das Próprias Razões,Pátio,2,10,0,2023-04-25 20:05:00,DEAM (Mulher),"Empoamento, Luz forense/lanterna, Macrofotografia",True,False,0.2792
Explosão (com vítima),Residência,1,8,2,2023-07-06 09:28:00,DEAM (Mulher),"Empoamento, Luz forense/lanterna, Macrofotografia",True,False,0.5426
Tráfico de Entorpecentes,Residência,4,24,2,2023-11-28 11:12:00,DHPP (Homicídios),"Luz forense/lanterna, Macrofotografia, Empoamento",False,False,0.1937
Marca em Animal,Via Pública,0,36,0,2023-03-18 17:02:00,DCA (Criança e Adolescente),"Macrofotografia, Empoamento, Luz forense/lanterna",False,False,0.18
Violação de Domicílio,Via Pública,2,34,2,2023-08-03 23:57:00,3ª DP,Empoamento,True,False,0.2579
Furto Qualificado (arrombamento),Pátio,8,12,0,2023-03-31 17:10:00,3ª DP,"Macrofotografia, Luz forense/lanterna, Empoamento",True,True,0.4095
Cadáver Encontrado,Via Pública,1,20,6,2023-06-07 11:09:00,DRFC (Furtos),Luz forense/lanterna,True,False,0.3175
Lesão Corporal,Via Pública,4,34,0,2023-05-09 19:40:00,DHPP (Homicídios),Macrofotografia,True,False,0.5959
Dano Seguido de Lesão Corporal,Residência,6,20,2,2023-02-11 09:02:00,1ª DP,Macrofotografia,True,False,0.5967
Tentativa de Homicídio,Hospital,3,13,2,2023-05-20 01:48:00,2ª DP,"Empoamento, Macrofotografia",False,False,0.735
Disparo de Arma de Fogo,Estabelecimento Comercial,0,134,1,2024-01-01 21:11:00,2ª DP,Macrofotografia,True,False,0.5426
Afogamento,Área Rural,7,27,1,2023-10-21 20:14:00,3ª DP,"Empoamento, Luz forense/lanterna",True,True,0.4908
Dano,Via Pública,5,6,3,2023-07-04 15:30:00,DCA (Criança e Adolescente),"Empoamento, Luz forense/lanterna, Macrofotografia",False,False,0.1335
Desmanche de Veículos,Estabelecimento Comercial,0,5,0,2023-08-20 19:50:00,1ª DP,Luz forense/lanterna,False,False,0.163
Latrocínio e/ou Tentativa de Latrocínio,Estabelecimento Comercial,0,7,1,2023-05-17 12:54:00,DEAM (Mulher),"Empoamento, Luz forense/lanterna, Macrofotografia",False,True,0.8452
Violação de Sepultura,Residência,2,30,1,2023-09-25 08:05:00,DHPP (Homicídios),Empoamento,True,False,0.2665
Local de Estupro e/ou Veículo Envolvido em Estupro,Residência,1,6,0,2023-07-06 22:32:00,DEAM (Mulher),Empoamento,True,False,0.8099
Furto Qualificado (arrombamento),Área Rural,1,13,2,2023-08-27 09:01:00,3ª DP,Macrofotografia,False,False,0.1159
Suicídio,Hospital,7,5,0,2023-07-10 10:44:00,DEAM (Mulher),"Macrofotografia, Luz forense/lanterna",False,True,0.3152
Incêndio (com vítima),Área Rural,15,50,2,2023-01-30 11:17:00,DCA (Criança e Adolescente),"Macrofotografia, Empoamento, Luz forense/lanterna",True,False,0.5923
Furto de Energia Elétrica ou Termodinâmica,Via Pública,2,49,1,2023-07-04 21:21:00,3ª DP,"Luz forense/lanterna, Empoamento, Macrofotografia",False,False,0.113
Desmanche de Veículos,Área Rural,3,19,2,2023-01-06 09:19:00,DCA (Criança e Adolescente),"Macrofotografia, Luz forense/lanterna",False,True,0.2869
Abandono de Incapaz,Residência,0,23,2,2023-07-03 22:15:00,DCA (Criança e Adolescente),"Macrofotografia, Luz forense/lanterna, Empoamento",True,False,0.8596
Feminicídio,Estabelecimento Comercial,3,5,0,2023-11-02 00:36:00,DEAM (Mulher),"Luz forense/lanterna, Macrofotografia",True,False,0.8352
Furto d'água,Hospital,5,40,0,2023-12-17 20:52:00,1ª DP,Empoamento,False,True,0.2594
Pichação,Área Rural,1,15,3,2023-06-05 02:51:00,3ª DP,"Macrofotografia, Luz forense/lanterna, Empoamento",True,True,0.413
Roubo Com Estupro,Estabelecimento Comercial,0,20,3,2023-04-20 10:01:00,DRFC (Furtos),Empoamento,True,False,0.8219
Ossada Encontrada,DP,3,5,0,2023-08-03 01:12:00,1ª DP,Macrofotografia,True,False,0.2678
Explosão (com vítima),Pátio,0,20,0,2023-02-13 08:57:00,DHPP (Homicídios),"Macrofotografia, Empoamento",False,False,0.4438
Abandono de Incapaz,Pátio,0,32,6,2023-10-10 22:13:00,DCA (Criança e Adolescente),"Macrofotografia, Empoamento",True,True,0.9993
Adulteração de Placa e/ou Lacre,Residência,3,45,1,2023-07-10 19:04:00,DCA (Criança e Adolescente),"Empoamento, Luz forense/lanterna",False,False,0.1203
Suicídio,Via Pública,4,179,0,2023-04-18 06:14:00,2ª DP,Luz forense/lanterna,True,False,0.3498
Furto d'água,Residência,0,51,4,2023-08-24 12:44:00,DCA (Criança e Adolescente),"Empoamento, Macrofotografia, Luz forense/lanterna",False,False,0.1055
Extorsão,Pátio,1,63,1,2023-02-04 09:49:00,DRFC (Furtos),Empoamento,True,False,0.5005
Explosão (com vítima),Via Pública,4,5,1,2023-06-08 23:11:00,DHPP (Homicídios),Luz forense/lanterna,True,True,0.6675
Desmanche de Veículos,Terreno Baldio,1,14,0,2023-04-26 20:11:00,3ª DP,"Empoamento, Macrofotografia, Luz forense/lanterna",False,False,0.1037
Estelionato,Estabelecimento Comercial,0,57,4,2023-02-13 22:50:00,DHPP (Homicídios),"Empoamento, Macrofotografia, Luz forense/lanterna",False,True,0.2619
Explosão (com vítima),Via Pública,0,32,5,2023-07-02 20:17:00,DHPP (Homicídios),"Empoamento, Luz forense/lanterna, Macrofotografia",True,False,0.5573
Ameaça,DP,0,20,0,2023-05-18 11:38:00,2ª DP,"Luz forense/lanterna, Macrofotografia",True,True,0.465
Lesão Corporal,Área Rural,2,7,2,2023-07-02 14:21:00,DRFC (Furtos),Empoamento,True,True,0.6578
Furto de Energia Elétrica ou Termodinâmica,DP,6,48,0,2023-02-21 20:30:00,DHPP (Homicídios),Macrofotografia,False,False,0.1107
Ossada Encontrada,Área Rural,5,67,0,2023-05-04 22:57:00,DRFC (Furtos),"Luz forense/lanterna, Macrofotografia",False,True,0.3067
Dano,Hospital,0,18,0,2023-02-19 11:14:00,3ª DP,"Luz forense/lanterna, Empoamento",False,True,0.311
Eletroplessão,Residência,1,43,2,2023-02-05 03:23:00,DRFC (Furtos),"Empoamento, Luz forense/lanterna",True,False,0.2622
Ossada Encontrada,Residência,5,23,0,2023-10-30 18:49:00,1ª DP,"Empoamento, Luz forense/lanterna",True,True,0.4197
Estelionato,DP,1,6,0,2023-07-28 08:56:00,DHPP (Homicídios),"Macrofotografia, Luz forense/lanterna",True,True,0.4872
Furto em Interior de Veículo,Via Pública,0,12,2,2023-03-06 13:38:00,1ª DP,"Empoamento, Luz forense/lanterna",False,True,0.3224
Latrocínio e/ou Tentativa de Latrocínio,Área Rural,1,166,4,2023-10-28 10:45:00,1ª DP,"Macrofotografia, Empoamento",True,False,0.8436
Roubo,DP,2,49,10,2023-06-21 13:02:00,DCA (Criança e Adolescente),"Macrofotografia, Luz forense/lanterna",False,True,0.5146
Disparo de Arma de Fogo,Pátio,10,20,1,2023-05-03 13:58:00,1ª DP,"Empoamento, Macrofotografia",False,False,0.3613
Latrocínio e/ou Tentativa de Latrocínio,Pátio,1,6,0,2023-10-20 06:04:00,3ª DP,"Empoamento, Macrofotografia, Luz forense/lanterna",True,False,0.8913
Roubo,Terreno Baldio,2,32,1,2023-08-26 20:17:00,DRFC (Furtos),"Macrofotografia, Luz forense/lanterna, Empoamento",False,False,0.4064
Cadáver Encontrado,Terreno Baldio,0,35,0,2023-02-07 12:27:00,DEAM (Mulher),"Empoamento, Luz forense/lanterna, Macrofotografia",False,False,0.1266
Roubo,Residência,2,10,3,2023-10-18 22:23:00,3ª DP,"Empoamento, Luz forense/lanterna",True,False,0.5112
Roubo Com Estupro,Hospital,3,5,0,2023-12-24 18:35:00,2ª DP,"Empoamento, Macrofotografia, Luz forense/lanterna",False,False,0.7448
Roubo Com Estupro,Área Rural,2,10,2,2023-10-21 10:03:00,1ª DP,Macrofotografia,False,True,0.8148
Furto,Área Rural,1,11,1,2023-05-25 22:48:00,1ª DP,"Empoamento, Luz forense/lanterna, Macrofotografia",False,True,0.2791
Extorsão,Área Rural,8,22,1,2023-05-31 06:52:00,DHPP (Homicídios),"Empoamento, Macrofotografia",True,False,0.577
Feminicídio,Área Rural,1,5,3,2023-06-06 18:27:00,2ª DP,Macrofotografia,True,False,0.8034
Incêndio (sem vítima),Estabelecimento Comercial,3,43,0,2023-10-03 22:57:00,DRFC (Furtos),"Macrofotografia, Empoamento",True,False,0.2792
Disparo de Arma de Fogo,Via Pública,10,11,0,2023-05-26 21:28:00,DRFC (Furtos),"Empoamento, Macrofotografia, Luz forense/lanterna",False,True,0.5254
Furto de Energia Elétrica ou Termodinâmica,Terreno Baldio,2,12,1,2023-06-06 06:00:00,2ª DP,Luz forense/lanterna,False,True,0.268
Violação de Sepultura,Pátio,1,17,3,2023-03-16 05:48:00,DCA (Criança e Adolescente),Macrofotografia,False,True,0.3174
Tentativa de Homicídio,Via Pública,7,9,6,2023-04-19 03:56:00,1ª DP,"Empoamento, Luz forense/lanterna",False,False,0.7057
Incêndio (com vítima),DP,0,7,1,2023-11-05 10:59:00,DHPP (Homicídios),Empoamento,False,False,0.3852
Furto Qualificado (arrombamento),Hospital,0,5,0,2023-08-22 02:45:00,DRFC (Furtos),Macrofotografia,False,True,0.3249
Afogamento,Terreno Baldio,4,8,0,2023-12-26 18:43:00,1ª DP,"Macrofotografia, Empoamento, Luz forense/lanterna",True,True,0.4043
Desmanche de Veículos,Terreno Baldio,0,25,2,2023-09-24 06:28:00,DRFC (Furtos),Luz forense/lanterna,True,False,0.3054
Furto,DP,0,11,0,2023-12-24 09:42:00,3ª DP,Empoamento,True,False,0.2936
Morte Aparentemente Natural,Via Pública,3,44,0,2023-09-07 20:31:00,DCA (Criança e Adolescente),"Empoamento, Luz forense/lanterna",True,True,0.4075
Afogamento,Residência,0,10,2,2023-04-29 19:24:00,DHPP (Homicídios),Luz forense/lanterna,False,True,0.2685
Suicídio,Estabelecimento Comercial,1,17,1,2023-12-24 13:40:00,DEAM (Mulher),"Empoamento, Macrofotografia",False,True,0.2824
Explosão (com vítima),Hospital,2,12,1,2023-07-31 22:14:00,DCA (Criança e Adolescente),"Luz forense/lanterna, Empoamento",False,False,0.4055
Suicídio,Via Pública,7,15,0,2023-01-06 13:43:00,1ª DP,"Luz forense/lanterna, Empoamento",True,False,0.3113
Latrocínio e/ou Tentativa de Latrocínio,Hospital,1,13,0,2023-08-12 00:17:00,DEAM (Mulher),Macrofotografia,True,False,0.8591
Furto,Pátio,1,9,0,2023-09-30 02:21:00,1ª DP,"Empoamento, Luz forense/lanterna",False,False,0.1698
Roubo Com Estupro,Estabelecimento Comercial,2,27,6,2023-12-30 18:46:00,3ª DP,"Luz forense/lanterna, Empoamento, Macrofotografia",False,False,0.7177
Receptação,DP,2,17,0,2023-03-25 02:19:00,3ª DP,Empoamento,True,False,0.2649
Lesão Corporal,DP,2,45,1,2023-07-17 22:43:00,DRFC (Furtos),"Macrofotografia, Empoamento, Luz forense/lanterna",False,False,0.4162
Incêndio (sem vítima),Residência,1,13,0,2023-10-15 01:13:00,DRFC (Furtos),Empoamento,False,False,0.1854
Furto Qualificado (arrombamento),Residência,1,21,6,2023-09-29 13:14:00,DCA (Criança e Adolescente),Empoamento,True,False,0.3082
Disparo de Arma de Fogo,Área Rural,8,17,3,2023-11-01 12:13:00,DCA (Criança e Adolescente),"Empoamento, Macrofotografia",True,False,0.5738
Tentativa de Homicídio,Estabelecimento Comercial,1,29,5,2023-11-22 23:33:00,DHPP (Homicídios),Empoamento,False,False,0.6736
Local de Estupro e/ou Veículo Envolvido em Estupro,Terreno Baldio,4,7,1,2023-03-06 23:38:00,DRFC (Furtos),"Empoamento, Luz forense/lanterna, Macrofotografia",False,False,0.7082
Roubo Com Estupro,DP,3,32,0,2023-12-17 11:08:00,2ª DP,"Empoamento, Luz forense/lanterna",False,False,0.6804
Estelionato,Área Rural,4,6,5,2023-12-03 04:09:00,DCA (Criança e Adolescente),"Luz forense/lanterna, Macrofotografia",False,False,0.1491
Marca em Animal,Hospital,6,14,3,2023-07-15 15:15:00,DRFC (Furtos),Luz forense/lanterna,False,True,0.3314
Incêndio (com vítima),Hospital,0,26,0,2023-12-28 14:52:00,1ª DP,"Macrofotografia, Empoamento",False,True,0.5733
Incêndio (com vítima),Via Pública,0,12,2,2023-10-16 09:22:00,DHPP (Homicídios),Macrofotografia,False,False,0.3969
Abandono de Incapaz,DP,3,8,0,2023-01-25 15:00:00,DRFC (Furtos),Luz forense/lanterna,True,False,0.8929
Maus Tratos de Animal,Terreno Baldio,0,10,0,2023-08-31 18:45:00,DCA (Criança e Adolescente),"Empoamento, Macrofotografia, Luz forense/lanterna",False,False,0.1312
Maus Tratos de Animal,Estabelecimento Comercial,1,26,5,2023-09-21 02:22:00,DEAM (Mulher),"Empoamento, Luz forense/lanterna, Macrofotografia",False,False,0.1394
Cadáver Encontrado,Hospital,6,18,0,2023-11-12 11:47:00,1ª DP,"Macrofotografia, Luz forense/lanterna",True,False,0.2656
Suicídio,DP,0,64,2,2023-10-23 12:36:00,DHPP (Homicídios),Macrofotografia,True,True,0.4312
Incêndio (com vítima),Área Rural,0,15,7,2023-02-05 20:25:00,DEAM (Mulher),Empoamento,True,False,0.5923
Afogamento,Estabelecimento Comercial,2,60,2,2023-12-27 13:15:00,DEAM (Mulher),"Empoamento, Macrofotografia, Luz forense/lanterna",False,False,0.1429
Cadáver Encontrado,Estabelecimento Comercial,0,12,2,2023-04-15 23:12:00,DRFC (Furtos),Macrofotografia,False,True,0.3043
Cadáver Encontrado,Residência,1,15,3,2023-08-04 05:24:00,2ª DP,"Luz forense/lanterna, Empoamento",False,False,0.1577
Roubo Com Estupro,DP,4,5,0,2023-05-20 02:44:00,DRFC (Furtos),"Luz forense/lanterna, Macrofotografia, Empoamento",True,False,0.8966
Ameaça,Área Rural,2,7,2,2023-10-25 03:34:00,DCA (Criança e Adolescente),Luz forense/lanterna,True,False,0.2543
Arremesso de Projétil,Pátio,1,5,0,2023-11-12 09:49:00,DHPP (Homicídios),"Empoamento, Macrofotografia",False,False,0.186
Furto d'água,Estabelecimento Comercial,0,18,2,2023-08-12 12:52:00,DRFC (Furtos),"Luz forense/lanterna, Macrofotografia, Empoamento",False,False,0.1877
Explosão (com vítima),DP,0,6,1,2023-04-17 04:02:00,1ª DP,"Luz forense/lanterna, Empoamento, Macrofotografia",True,False,0.5317
Roubo Com Estupro,Terreno Baldio,9,62,0,2023-12-15 20:27:00,2ª DP,"Luz forense/lanterna, Macrofotografia, Empoamento",False,True,0.8755
Suicídio,Terreno Baldio,2,11,3,2023-06-01 08:02:00,DRFC (Furtos),"Macrofotografia, Luz forense/lanterna",False,False,0.1972
Incêndio (com vítima),DP,3,136,2,2023-05-02 18:58:00,2ª DP,Luz forense/lanterna,False,False,0.4176
Tráfico de Entorpecentes,Estabelecimento Comercial,7,7,3,2023-12-12 21:40:00,1ª DP,"Empoamento, Macrofotografia",True,False,0.3244
Lesão Corporal,Terreno Baldio,0,12,2,2023-07-09 02:54:00,DCA (Criança e Adolescente),Macrofotografia,True,False,0.5045
Afogamento,Área Rural,10,45,6,2023-07-11 04:49:00,DEAM (Mulher),Luz forense/lanterna,False,False,0.117
Maus Tratos de Animal,Pátio,0,15,4,2023-11-24 10:16:00,2ª DP,Luz forense/lanterna,True,False,0.3461
Maus Tratos de Animal,Pátio,0,26,0,2023-10-17 06:53:00,DCA (Criança e Adolescente),"Macrofotografia, Luz forense/lanterna, Empoamento",True,False,0.3397
Receptação,Via Pública,0,18,1,2023-02-23 22:59:00,DEAM (Mulher),"Empoamento, Luz forense/lanterna, Macrofotografia",False,True,0.3346
Roubo,Terreno Baldio,6,13,2,2023-04-21 16:04:00,1ª DP,"Luz forense/lanterna, Empoamento",True,True,0.6759
Ameaça,Pátio,0,26,0,2023-10-25 21:05:00,DCA (Criança e Adolescente),"Luz forense/lanterna, Macrofotografia, Empoamento",True,True,0.477
Dano,Estabelecimento Comercial,6,7,0,2023-12-16 23:48:00,DHPP (Homicídios),Empoamento,False,False,0.145
Exercício Arbitrário das Próprias Razões,Hospital,2,36,0,2023-10-11 07:36:00,DCA (Criança e Adolescente),"Macrofotografia, Empoamento, Luz forense/lanterna",False,False,0.1575
Morte Aparentemente Natural,Residência,0,8,0,2023-06-01 02:49:00,2ª DP,"Luz forense/lanterna, Macrofotografia, Empoamento",False,False,0.1026
Aborto,Residência,3,27,0,2023-07-29 10:19:00,DCA (Criança e Adolescente),Luz forense/lanterna,False,False,0.1965
Lesão Corporal,Área Rural,4,6,1,2023-03-08 10:06:00,3ª DP,Empoamento,False,False,0.3745
Exercício Arbitrário das Próprias Razões,Hospital,6,7,2,2023-11-12 02:05:00,3ª DP,"Luz forense/lanterna, Empoamento, Macrofotografia",False,False,0.1453
Furto Qualificado (arrombamento),Pátio,2,44,0,2023-10-12 08:35:00,DRFC (Furtos),Empoamento,True,True,0.4874
Desmanche de Veículos,Via Pública,0,14,3,2023-08-17 20:13:00,1ª DP,"Macrofotografia, Luz forense/lanterna",True,False,0.2933
Eletroplessão,Residência,13,23,0,2023-09-22 12:08:00,DEAM (Mulher),Empoamento,False,True,0.3486
Feminicídio,Terreno Baldio,5,12,0,2023-11-02 07:27:00,DEAM (Mulher),"Empoamento, Macrofotografia",True,True,0.9784
Disparo de Arma de Fogo,Estabelecimento Comercial,0,34,4,2023-07-04 12:44:00,DEAM (Mulher),Luz forense/lanterna,False,True,0.5142
Explosão (com vítima),Via Pública,3,18,2,2023-02-11 22:48:00,DHPP (Homicídios),"Macrofotografia, Empoamento",True,True,0.7464
Latrocínio e/ou Tentativa de Latrocínio,Estabelecimento Comercial,1,6,0,2023-09-03 16:04:00,DCA (Criança e Adolescente),Macrofotografia,False,True,0.873
Feminicídio,Terreno Baldio,9,8,2,2023-07-13 21:10:00,DEAM (Mulher),Luz forense/lanterna,True,False,0.8181
Abandono de Incapaz,Área Rural,2,22,0,2023-02-18 17:45:00,DCA (Criança e Adolescente),Empoamento,True,False,0.8607
Furto Qualificado (arrombamento),Hospital,0,80,4,2023-11-05 06:26:00,DRFC (Furtos),"Luz forense/lanterna, Macrofotografia",True,True,0.4219
Ameaça,Área Rural,1,12,1,2023-04-12 13:37:00,DEAM (Mulher),"Empoamento, Luz forense/lanterna",True,True,0.4578
Receptação,Área Rural,0,42,0,2023-05-03 06:43:00,1ª DP,"Luz forense/lanterna, Macrofotografia, Empoamento",True,False,0.3418
Feto Encontrado,Estabelecimento Comercial,3,26,6,2023-05-28 17:51:00,DRFC (Furtos),"Luz forense/lanterna, Empoamento",True,True,0.9878
Furto em Interior de Veículo,Hospital,3,14,0,2023-09-24 11:44:00,1ª DP,Luz forense/lanterna,True,False,0.2893
Furto Qualificado (arrombamento),Estabelecimento Comercial,2,22,0,2023-07-11 11:57:00,DCA (Criança e Adolescente),"Luz forense/lanterna, Macrofotografia",True,True,0.4377
Lesão Corporal,Terreno Baldio,1,30,11,2023-03-25 13:36:00,3ª DP,"Empoamento, Luz forense/lanterna, Macrofotografia",False,True,0.5116
Exercício Arbitrário das Próprias Razões,Via Pública,1,15,0,2023-05-17 02:50:00,DHPP (Homicídios),"Luz forense/lanterna, Empoamento, Macrofotografia",False,False,0.1918
Infanticídio,DP,3,18,0,2023-03-16 21:08:00,DRFC (Furtos),Empoamento,True,True,0.957
Homicídio,Hospital,4,51,5,2023-08-22 08:29:00,DCA (Criança e Adolescente),"Macrofotografia, Empoamento, Luz forense/lanterna",False,False,0.735
Eletroplessão,DP,0,12,2,2023-02-10 14:09:00,DRFC (Furtos),"Luz forense/lanterna, Macrofotografia",False,False,0.1702
Local de Estupro e/ou Veículo Envolvido em Estupro,Residência,1,26,1,2023-11-13 11:43:00,DEAM (Mulher),Luz forense/lanterna,True,False,0.8811
Receptação,DP,6,62,1,2023-10-16 21:48:00,2ª DP,"Empoamento, Luz forense/lanterna, Macrofotografia",True,False,0.2633
Ameaça,Área Rural,0,8,0,2023-01-14 07:04:00,DEAM (Mulher),"Empoamento, Macrofotografia, Luz forense/lanterna",True,True,0.486
Local de Estupro e/ou Veículo Envolvido em Estupro,Residência,2,25,0,2023-10-09 06:56:00,DHPP (Homicídios),Macrofotografia,True,False,0.8883
Receptação,Terreno Baldio,0,32,1,2023-03-24 10:30:00,2ª DP,"Empoamento, Macrofotografia, Luz forense/lanterna",True,False,0.3018
Pichação,Terreno Baldio,1,26,0,2023-07-17 20:48:00,DHPP (Homicídios),"Macrofotografia, Luz forense/lanterna",False,False,0.1143
Eletroplessão,Via Pública,5,9,0,2023-11-11 08:56:00,2ª DP,"Empoamento, Luz forense/lanterna",True,False,0.2837
Cadáver Encontrado,Via Pública,1,46,1,2023-09-07 04:35:00,DEAM (Mulher),"Macrofotografia, Empoamento",False,True,0.3333
Feminicídio,Pátio,7,27,2,2023-06-20 18:48:00,2ª DP,"Macrofotografia, Luz forense/lanterna, Empoamento",True,False,0.8929
Incêndio (com vítima),Hospital,3,43,3,2023-11-29 04:44:00,DRFC (Furtos),"Macrofotografia, Luz forense/lanterna, Empoamento",True,True,0.7104
Arremesso de Projétil,Hospital,1,9,0,2023-11-15 23:32:00,DEAM (Mulher),Empoamento,True,False,0.3317
Ossada Encontrada,DP,3,18,1,2023-08-23 01:26:00,DCA (Criança e Adolescente),"Empoamento, Luz forense/lanterna, Macrofotografia",True,True,0.4106
Adulteração de Placa e/ou Lacre,Terreno Baldio,8,26,1,2023-02-17 04:32:00,DHPP (Homicídios),Luz forense/lanterna,False,False,0.1791
Marca em Animal,Estabelecimento Comercial,15,7,3,2023-04-01 03:13:00,2ª DP,"Empoamento, Macrofotografia, Luz forense/lanterna",False,False,0.1596
Tentativa de Homicídio,Estabelecimento Comercial,2,11,1,2023-01-09 15:17:00,DRFC (Furtos),"Luz forense/lanterna, Empoamento, Macrofotografia",True,True,0.9831
Explosão (com vítima),Terreno Baldio,1,28,0,2023-12-14 07:35:00,2ª DP,Empoamento,False,False,0.3679
Afogamento,Via Pública,0,43,0,2023-12-13 16:35:00,DRFC (Furtos),Macrofotografia,True,False,0.259
Eletroplessão,DP,0,9,0,2023-03-27 10:26:00,DHPP (Homicídios),"Macrofotografia, Empoamento, Luz forense/lanterna",False,True,0.308
Furto de Energia Elétrica ou Termodinâmica,Estabelecimento Comercial,2,17,0,2023-06-16 08:18:00,1ª DP,"Macrofotografia, Empoamento",False,False,0.1931
Violação de Sepultura,Residência,1,42,1,2023-09-04 05:51:00,DRFC (Furtos),Empoamento,True,False,0.3434
Feminicídio,Residência,11,5,1,2023-07-27 08:45:00,1ª DP,Macrofotografia,True,True,0.9604
Violação de Domicílio,Área Rural,3,14,4,2023-03-03 16:37:00,DCA (Criança e Adolescente),"Empoamento, Luz forense/lanterna",True,False,0.2976
Local de Estupro e/ou Veículo Envolvido em Estupro,Via Pública,6,10,0,2023-08-02 08:31:00,DHPP (Homicídios),"Luz forense/lanterna, Macrofotografia, Empoamento",True,False,0.895
Ossada Encontrada,Estabelecimento Comercial,0,34,0,2023-11-26 03:09:00,2ª DP,Empoamento,False,False,0.1137
Afogamento,Via Pública,1,8,0,2023-07-25 19:53:00,DHPP (Homicídios),"Empoamento, Luz forense/lanterna, Macrofotografia",True,False,0.2592
Suicídio,DP,1,70,3,2023-10-22 18:38:00,DEAM (Mulher),"Empoamento, Macrofotografia, Luz forense/lanterna",False,False,0.1116
Tentativa de Suicídio,Via Pública,1,40,0,2023-06-09 07:51:00,DHPP (Homicídios),"Macrofotografia, Empoamento",True,True,0.4184
Homicídio,Via Pública,7,35,1,2023-02-11 04:27:00,DRFC (Furtos),"Macrofotografia, Luz forense/lanterna, Empoamento",False,False,0.6872
Aborto,DP,7,14,0,2023-11-22 20:26:00,2ª DP,"Macrofotografia, Empoamento",False,False,0.1701
Dano Seguido de Lesão Corporal,Estabelecimento Comercial,2,12,0,2023-05-09 01:21:00,DRFC (Furtos),"Empoamento, Macrofotografia",True,False,0.5693
Exercício Arbitrário das Próprias Razões,Hospital,0,22,0,2023-02-18 14:47:00,DEAM (Mulher),"Macrofotografia, Empoamento",True,True,0.4246
Ameaça,Residência,2,30,0,2023-11-27 19:50:00,2ª DP,"Macrofotografia, Luz forense/lanterna",True,False,0.3007
Furto d'água,Residência,0,11,0,2023-02-04 16:30:00,DHPP (Homicídios),"Empoamento, Luz forense/lanterna, Macrofotografia",False,True,0.3405
Estelionato,Pátio,3,20,0,2023-12-26 14:01:00,DEAM (Mulher),"Luz forense/lanterna, Empoamento",False,True,0.2739
Veículo Localizado (furtado ou roubado),Via Pública,0,80,3,2023-06-24 18:30:00,2ª DP,Empoamento,True,False,0.342
Eletroplessão,Residência,2,24,2,2023-11-15 11:28:00,DHPP (Homicídios),"Luz forense/lanterna, Empoamento",False,False,0.1417
Roubo Com Estupro,DP,2,11,0,2023-08-25 23:09:00,3ª DP,Empoamento,False,False,0.6627
Furto,Terreno Baldio,1,13,2,2023-11-10 08:02:00,DEAM (Mulher),"Empoamento, Luz forense/lanterna",False,False,0.1097
Ameaça,Estabelecimento Comercial,0,7,1,2023-11-02 01:49:00,DEAM (Mulher),"Luz forense/lanterna, Macrofotografia",True,True,0.4303
Veículo Localizado (furtado ou roubado),Residência,1,23,0,2023-04-18 11:09:00,DCA (Criança e Adolescente),"Luz forense/lanterna, Macrofotografia",True,False,0.2764
Lesão Corporal,Via Pública,6,6,2,2023-12-22 16:32:00,DEAM (Mulher),Empoamento,True,False,0.5424
Afogamento,Estabelecimento Comercial,4,45,1,2023-07-11 16:07:00,3ª DP,"Empoamento, Luz forense/lanterna, Macrofotografia",True,False,0.2711
Violação de Domicílio,Hospital,1,10,0,2023-02-03 15:11:00,3ª DP,"Macrofotografia, Luz forense/lanterna, Empoamento",True,False,0.3074
Exercício Arbitrário das Próprias Razões,Pátio,0,8,0,2023-08-21 00:47:00,DEAM (Mulher),Macrofotografia,True,False,0.254
Marca em Animal,DP,4,18,8,2023-02-03 21:53:00,2ª DP,Macrofotografia,False,True,0.3065
Morte Aparentemente Natural,Estabelecimento Comercial,7,7,0,2023-01-02 21:50:00,DRFC (Furtos),"Empoamento, Macrofotografia",False,True,0.328
Adulteração de Placa e/ou Lacre,Hospital,0,28,0,2023-05-08 00:58:00,2ª DP,"Macrofotografia, Empoamento, Luz forense/lanterna",True,False,0.3349
Disparo de Arma de Fogo,Terreno Baldio,5,23,0,2023-12-06 16:30:00,DRFC (Furtos),"Empoamento, Luz forense/lanterna",True,False,0.5603
Veículo Localizado (furtado ou roubado),Via Pública,0,41,0,2023-03-11 21:16:00,DRFC (Furtos),Luz forense/lanterna,True,False,0.2611
Local de Estupro e/ou Veículo Envolvido em Estupro,Pátio,1,31,0,2023-05-05 04:08:00,DRFC (Furtos),Empoamento,True,False,0.8265
Ameaça,Residência,6,54,0,2023-12-06 12:44:00,DEAM (Mulher),"Luz forense/lanterna, Empoamento, Macrofotografia",True,False,0.2609
Tráfico de Entorpecentes,Via Pública,0,12,0,2023-03-12 22:45:00,DHPP (Homicídios),Luz forense/lanterna,True,False,0.2633
Tráfico de Entorpecentes,Via Pública,6,12,8,2023-07-09 04:28:00,DRFC (Furtos),"Luz forense/lanterna, Macrofotografia, Empoamento",False,False,0.1732
Veículo Localizado (furtado ou roubado),Terreno Baldio,2,9,2,2023-06-13 02:34:00,DEAM (Mulher),"Empoamento, Macrofotografia",False,False,0.1516
Tráfico de Entorpecentes,Área Rural,1,19,7,2023-09-03 06:09:00,DCA (Criança e Adolescente),"Empoamento, Luz forense/lanterna, Macrofotografia",True,True,0.477
Maus Tratos de Animal,Residência,1,14,8,2023-11-14 15:27:00,1ª DP,"Luz forense/lanterna, Empoamento, Macrofotografia",True,False,0.3339
Pichação,Pátio,0,19,4,2023-11-26 16:26:00,DEAM (Mulher),Macrofotografia,False,False,0.1204
Estelionato,Terreno Baldio,2,6,0,2023-01-21 08:13:00,DEAM (Mulher),Luz forense/lanterna,True,False,0.2757
Pichação,Área Rural,1,52,2,2023-10-08 10:50:00,2ª DP,"Luz forense/lanterna, Macrofotografia",True,False,0.2884
Desmanche de Veículos,Pátio,1,20,0,2023-09-19 10:18:00,3ª DP,"Macrofotografia, Luz forense/lanterna",True,True,0.454
Incêndio (sem vítima),Pátio,1,47,2,2023-12-31 06:58:00,1ª DP,"Empoamento, Luz forense/lanterna",False,True,0.3357
Arremesso de Projétil,Estabelecimento Comercial,2,16,0,2023-05-20 23:08:00,DCA (Criança e Adolescente),Luz forense/lanterna,False,True,0.2664
Cadáver Encontrado,Via Pública,0,7,0,2023-01-25 13:05:00,1ª DP,Luz forense/lanterna,True,True,0.4316
Tentativa de Homicídio,Residência,0,7,0,2023-08-22 11:47:00,DRFC (Furtos),"Luz forense/lanterna, Empoamento",True,True,1.0
Eletroplessão,Hospital,2,60,6,2023-05-02 14:23:00,2ª DP,Empoamento,False,False,0.1209
Disparo de Arma de Fogo,Hospital,1,13,1,2023-04-18 15:13:00,DHPP (Homicídios),"Empoamento, Luz forense/lanterna",True,False,0.5915
Dano,Pátio,0,5,4,2023-09-13 10:06:00,1ª DP,"Luz forense/lanterna, Macrofotografia",True,True,0.4301
Explosão (com vítima),Hospital,3,5,2,2023-04-30 09:51:00,DHPP (Homicídios),"Macrofotografia, Luz forense/lanterna, Empoamento",True,False,0.5217
Infanticídio,Hospital,3,49,3,2023-01-07 08:15:00,1ª DP,"Macrofotografia, Luz forense/lanterna, Empoamento",False,True,0.8702
Marca em Animal,Terreno Baldio,0,30,5,2023-02-10 07:38:00,3ª DP,"Macrofotografia, Empoamento",False,False,0.1607
Furto Qualificado (arrombamento),Via Pública,0,64,12,2023-03-03 22:09:00,DHPP (Homicídios),"Macrofotografia, Empoamento, Luz forense/lanterna",True,False,0.3263
Abandono de Incapaz,Hospital,3,26,2,2023-07-11 08:04:00,3ª DP,Macrofotografia,True,False,0.8644
Feto Encontrado,Terreno Baldio,4,9,3,2023-08-31 17:48:00,1ª DP,Luz forense/lanterna,False,False,0.684
Explosão (sem vítima),Estabelecimento Comercial,0,12,4,2023-05-18 18:02:00,2ª DP,"Empoamento, Luz forense/lanterna, Macrofotografia",True,False,0.3168
Abandono de Incapaz,Estabelecimento Comercial,3,9,0,2023-09-19 22:57:00,DRFC (Furtos),"Luz forense/lanterna, Empoamento",True,True,0.9874
Ossada Encontrada,DP,7,8,1,2023-09-04 18:43:00,2ª DP,"Luz forense/lanterna, Macrofotografia, Empoamento",False,False,0.1512
Furto em Interior de Veículo,Via Pública,1,14,2,2023-04-08 07:35:00,DRFC (Furtos),"Macrofotografia, Empoamento, Luz forense/lanterna",True,True,0.473
Furto d'água,DP,2,31,0,2023-09-18 00:45:00,3ª DP,"Luz forense/lanterna, Macrofotografia, Empoamento",False,False,0.1236
Dano Seguido de Lesão Corporal,Terreno Baldio,0,33,3,2023-06-28 00:51:00,3ª DP,"Empoamento, Luz forense/lanterna",False,True,0.5532
Explosão (sem vítima),Hospital,1,43,2,2023-12-31 04:45:00,1ª DP,"Luz forense/lanterna, Macrofotografia",False,False,0.1926
Furto de Energia Elétrica ou Termodinâmica,Terreno Baldio,4,55,0,2023-06-16 19:41:00,3ª DP,"Empoamento, Luz forense/lanterna",False,True,0.2863
Veículo Localizado (furtado ou roubado),Residência,4,11,1,2023-03-09 03:07:00,DRFC (Furtos),"Macrofotografia, Empoamento",False,False,0.1121
Extorsão,Hospital,7,101,1,2023-05-04 15:02:00,3ª DP,"Luz forense/lanterna, Macrofotografia, Empoamento",False,False,0.4228
Homicídio,Residência,0,6,4,2023-08-03 09:09:00,DHPP (Homicídios),"Luz forense/lanterna, Macrofotografia, Empoamento",False,True,0.8884
Homicídio,Hospital,4,15,2,2023-07-18 11:36:00,2ª DP,"Empoamento, Macrofotografia, Luz forense/lanterna",True,False,0.8946
Marca em Animal,Residência,4,7,6,2023-09-08 08:46:00,DCA (Criança e Adolescente),"Luz forense/lanterna, Macrofotografia",False,False,0.1759
Violação de Domicílio,Residência,3,10,0,2023-07-09 15:36:00,DEAM (Mulher),Luz forense/lanterna,True,False,0.2927
Disparo de Arma de Fogo,Área Rural,3,6,3,2023-07-09 13:13:00,DCA (Criança e Adolescente),"Luz forense/lanterna, Macrofotografia",False,True,0.5707
Eletroplessão,Hospital,0,18,2,2023-11-13 03:13:00,DHPP (Homicídios),Macrofotografia,False,False,0.1179
Eletroplessão,DP,2,16,4,2023-11-06 03:42:00,DRFC (Furtos),"Macrofotografia, Empoamento, Luz forense/lanterna",False,False,0.1417
Tentativa de Suicídio,DP,3,34,0,2023-10-24 01:08:00,DEAM (Mulher),"Empoamento, Luz forense/lanterna",False,False,0.1406
Estelionato,Residência,3,28,0,2023-08-02 21:49:00,DEAM (Mulher),Macrofotografia,True,False,0.3426
Ossada Encontrada,Residência,6,8,1,2023-04-07 03:30:00,1ª DP,"Macrofotografia, Empoamento",True,True,0.4096
Violação de Domicílio,Terreno Baldio,1,48,0,2023-04-25 19:43:00,DHPP (Homicídios),"Empoamento, Macrofotografia",False,False,0.1181
Extorsão,DP,1,50,3,2024-01-01 17:22:00,DHPP (Homicídios),"Macrofotografia, Luz forense/lanterna, Empoamento",False,False,0.4001
Pichação,Estabelecimento Comercial,5,18,3,2023-02-26 02:05:00,1ª DP,Empoamento,True,False,0.3064
Pichação,Terreno Baldio,3,36,0,2023-03-22 09:49:00,2ª DP,"Luz forense/lanterna, Macrofotografia, Empoamento",False,False,0.192
Violação de Sepultura,Via Pública,0,12,3,2023-08-23 03:48:00,DRFC (Furtos),"Empoamento, Macrofotografia",True,False,0.3484
Roubo,Estabelecimento Comercial,1,9,1,2023-04-07 02:21:00,DEAM (Mulher),"Empoamento, Luz forense/lanterna, Macrofotografia",True,False,0.5827
Ossada Encontrada,Estabelecimento Comercial,0,8,0,2023-01-10 20:07:00,DCA (Criança e Adolescente),"Macrofotografia, Empoamento",False,False,0.1131
Furto,DP,1,6,0,2023-11-10 14:00:00,DHPP (Homicídios),"Macrofotografia, Luz forense/lanterna, Empoamento",True,False,0.3418
Feto Encontrado,Via Pública,0,31,0,2023-01-14 16:19:00,DHPP (Homicídios),"Empoamento, Luz forense/lanterna, Macrofotografia",False,False,0.6903
Lesão Corporal,Terreno Baldio,0,51,4,2023-02-16 18:59:00,DHPP (Homicídios),"Macrofotografia, Luz forense/lanterna, Empoamento",True,False,0.5719
Furto Qualificado (arrombamento),Residência,0,68,0,2023-08-02 15:28:00,2ª DP,"Macrofotografia, Luz forense/lanterna",False,False,0.1368
Violação de Domicílio,Pátio,0,25,2,2023-03-25 10:54:00,DHPP (Homicídios),"Luz forense/lanterna, Empoamento",True,False,0.3053
Latrocínio e/ou Tentativa de Latrocínio,DP,1,8,10,2023-09-05 07:21:00,DRFC (Furtos),"Empoamento, Macrofotografia",False,True,0.8617
Ameaça,Estabelecimento Comercial,0,22,1,2023-12-29 11:58:00,3ª DP,"Luz forense/lanterna, Empoamento, Macrofotografia",True,False,0.3357
Suicídio,Pátio,4,29,2,2023-10-22 19:14:00,2ª DP,"Empoamento, Luz forense/lanterna, Macrofotografia",True,True,0.4196
Explosão (sem vítima),Pátio,11,74,1,2023-09-25 11:19:00,DCA (Criança e Adolescente),"Empoamento, Luz forense/lanterna",True,False,0.2628
Ameaça,Terreno Baldio,1,13,0,2023-11-15 15:05:00,2ª DP,"Macrofotografia, Empoamento",True,False,0.3166
Explosão (sem vítima),Estabelecimento Comercial,0,7,5,2023-02-17 12:21:00,DRFC (Furtos),Luz forense/lanterna,False,False,0.1379
Furto em Interior de Veículo,Residência,0,23,3,2023-04-09 02:31:00,DCA (Criança e Adolescente),Macrofotografia,True,False,0.3389
Local de Estupro e/ou Veículo Envolvido em Estupro,Área Rural,1,13,3,2023-06-23 19:05:00,1ª DP,"Macrofotografia, Luz forense/lanterna, Empoamento",True,False,0.8882
Furto de Energia Elétrica ou Termodinâmica,Estabelecimento Comercial,1,41,1,2023-09-02 23:45:00,2ª DP,"Luz forense/lanterna, Macrofotografia",True,False,0.25
Suicídio,Pátio,2,20,1,2023-07-12 03:24:00,DCA (Criança e Adolescente),"Empoamento, Luz forense/lanterna",False,False,0.1833
Lesão Corporal,Terreno Baldio,1,21,1,2023-12-24 19:05:00,2ª DP,"Empoamento, Macrofotografia, Luz forense/lanterna",True,False,0.5323
Ossada Encontrada,Residência,0,13,0,2023-07-26 06:57:00,2ª DP,Empoamento,True,False,0.255
Marca em Animal,Pátio,4,35,4,2023-07-26 12:30:00,DCA (Criança e Adolescente),Macrofotografia,True,False,0.2544
Eletroplessão,Estabelecimento Comercial,0,26,0,2023-11-20 07:13:00,DEAM (Mulher),"Macrofotografia, Empoamento, Luz forense/lanterna",True,True,0.4458
Feto Encontrado,Terreno Baldio,0,9,1,2023-05-13 18:14:00,DCA (Criança e Adolescente),"Empoamento, Macrofotografia, Luz forense/lanterna",False,False,0.7464
Tentativa de Suicídio,Pátio,6,32,2,2023-06-19 23:58:00,DEAM (Mulher),"Macrofotografia, Empoamento",False,False,0.1376
Suicídio,Estabelecimento Comercial,0,19,2,2023-01-07 01:35:00,3ª DP,"Luz forense/lanterna, Empoamento, Macrofotografia",True,True,0.4597
Marca em Animal,Hospital,3,61,3,2023-04-11 23:59:00,3ª DP,"Macrofotografia, Empoamento, Luz forense/lanterna",True,True,0.4667
Furto d'água,Terreno Baldio,0,47,5,2023-02-01 07:22:00,3ª DP,"Macrofotografia, Empoamento",False,False,0.1534
Ameaça,Via Pública,0,14,2,2023-06-09 04:36:00,2ª DP,"Luz forense/lanterna, Empoamento, Macrofotografia",True,False,0.323
Ameaça,Hospital,5,5,6,2023-08-04 00:13:00,DCA (Criança e Adolescente),"Luz forense/lanterna, Empoamento",True,False,0.348
Infanticídio,Área Rural,2,5,2,2023-05-23 09:23:00,2ª DP,"Macrofotografia, Luz forense/lanterna",False,True,0.8858
Tráfico de Entorpecentes,Área Rural,0,22,1,2023-01-09 09:43:00,2ª DP,"Luz forense/lanterna, Macrofotografia",True,False,0.3012
Abandono de Incapaz,Estabelecimento Comercial,2,10,1,2023-11-08 23:14:00,2ª DP,Macrofotografia,True,True,0.9517
Roubo Com Estupro,DP,0,29,1,2023-05-01 08:57:00,1ª DP,"Empoamento, Macrofotografia",True,False,0.802
Marca em Animal,Hospital,1,23,0,2023-10-22 17:12:00,DCA (Criança e Adolescente),"Empoamento, Luz forense/lanterna",True,False,0.3046
Incêndio (com vítima),Hospital,4,32,0,2023-02-06 10:56:00,2ª DP,"Empoamento, Macrofotografia, Luz forense/lanterna",False,False,0.4315
Ossada Encontrada,Estabelecimento Comercial,0,71,2,2023-03-06 16:58:00,DEAM (Mulher),"Empoamento, Luz forense/lanterna",False,False,0.1011
Ossada Encontrada,Residência,0,10,7,2023-12-03 12:08:00,2ª DP,"Empoamento, Luz forense/lanterna",True,True,0.492
Pichação,Pátio,4,11,2,2023-03-30 22:32:00,3ª DP,Luz forense/lanterna,False,False,0.1599
Violação de Sepultura,Via Pública,1,14,3,2023-06-16 04:34:00,DHPP (Homicídios),"Macrofotografia, Luz forense/lanterna",False,True,0.3094
Explosão (sem vítima),Pátio,7,11,0,2023-11-29 05:51:00,2ª DP,"Empoamento, Luz forense/lanterna, Macrofotografia",True,False,0.2562
Roubo Com Estupro,Terreno Baldio,1,6,1,2023-02-21 01:25:00,DEAM (Mulher),Luz forense/lanterna,False,True,0.8251
Cadáver Encontrado,Estabelecimento Comercial,1,19,1,2023-10-29 02:21:00,DHPP (Homicídios),"Macrofotografia, Luz forense/lanterna",False,True,0.2754
Dano Seguido de Lesão Corporal,DP,6,13,0,2023-05-09 00:30:00,DCA (Criança e Adolescente),Luz forense/lanterna,False,True,0.5514
Maus Tratos de Animal,Pátio,4,10,4,2023-04-11 23:42:00,DHPP (Homicídios),Empoamento,False,False,0.1154
Furto,Estabelecimento Comercial,3,27,0,2023-07-14 21:56:00,2ª DP,"Empoamento, Luz forense/lanterna, Macrofotografia",False,True,0.3024
Roubo Com Estupro,Via Pública,3,23,0,2023-04-02 10:58:00,DCA (Criança e Adolescente),Luz forense/lanterna,False,False,0.7283
Desmanche de Veículos,Via Pública,7,46,1,2023-04-29 20:45:00,DCA (Criança e Adolescente),Luz forense/lanterna,False,False,0.1607
Feto Encontrado,Pátio,5,5,5,2023-09-30 08:32:00,DEAM (Mulher),"Luz forense/lanterna, Empoamento, Macrofotografia",True,False,0.8085
Violação de Domicílio,Área Rural,0,34,6,2023-11-22 12:47:00,DHPP (Homicídios),"Empoamento, Luz forense/lanterna, Macrofotografia",True,False,0.3441
Violação de Domicílio,Via Pública,0,6,2,2023-09-28 03:37:00,DRFC (Furtos),"Macrofotografia, Empoamento",False,False,0.1403
Explosão (com vítima),Via Pública,0,14,0,2023-10-27 17:27:00,1ª DP,"Macrofotografia, Empoamento, Luz forense/lanterna",True,False,0.575
Furto em Interior de Veículo,Terreno Baldio,0,25,0,2023-06-29 17:28:00,DRFC (Furtos),Empoamento,False,False,0.132
Arremesso de Projétil,Pátio,13,12,3,2023-12-17 05:02:00,2ª DP,"Macrofotografia, Empoamento",False,False,0.1589
Furto,Pátio,1,29,0,2023-09-24 17:44:00,DCA (Criança e Adolescente),"Luz forense/lanterna, Empoamento",True,True,0.4729
Local de Estupro e/ou Veículo Envolvido em Estupro,Pátio,2,38,0,2023-07-30 04:58:00,2ª DP,"Luz forense/lanterna, Macrofotografia",True,False,0.8336
Local de Estupro e/ou Veículo Envolvido em Estupro,Área Rural,0,7,0,2023-02-15 12:18:00,2ª DP,Luz forense/lanterna,True,False,0.8492
Exercício Arbitrário das Próprias Razões,Terreno Baldio,6,6,4,2023-09-28 12:28:00,DCA (Criança e Adolescente),Macrofotografia,False,True,0.2543
Furto em Interior de Veículo,Área Rural,1,65,1,2023-02-04 12:03:00,DHPP (Homicídios),Macrofotografia,True,True,0.4936
Disparo de Arma de Fogo,Pátio,1,17,0,2023-06-07 18:00:00,DRFC (Furtos),Empoamento,False,True,0.5716
Violação de Domicílio,Residência,2,10,3,2023-07-30 21:56:00,1ª DP,Empoamento,False,False,0.1438
Tentativa de Suicídio,Hospital,6,43,0,2023-11-17 06:51:00,DEAM (Mulher),"Empoamento, Luz forense/lanterna",True,True,0.4787
Arremesso de Projétil,Residência,7,7,2,2023-04-20 06:39:00,1ª DP,Luz forense/lanterna,True,True,0.442
Pichação,Terreno Baldio,0,55,0,2023-10-12 13:46:00,DHPP (Homicídios),"Macrofotografia, Luz forense/lanterna",True,True,0.4989
Cadáver Encontrado,Hospital,1,60,0,2023-06-28 23:58:00,DCA (Criança e Adolescente),Empoamento,False,False,0.1107
Marca em Animal,Estabelecimento Comercial,0,15,0,2023-06-14 00:55:00,DCA (Criança e Adolescente),"Macrofotografia, Luz forense/lanterna",False,True,0.2664
Afogamento,Via Pública,1,8,3,2023-02-23 11:44:00,2ª DP,Empoamento,False,True,0.2737
Afogamento,DP,0,21,5,2023-11-16 10:53:00,DRFC (Furtos),"Macrofotografia, Luz forense/lanterna",False,False,0.1773
Maus Tratos de Animal,DP,5,14,4,2023-06-05 21:36:00,DRFC (Furtos),Luz forense/lanterna,True,True,0.4911
Extorsão,Via Pública,2,8,2,2023-04-20 08:29:00,DEAM (Mulher),Luz forense/lanterna,False,False,0.3667
Veículo Localizado (furtado ou roubado),Residência,4,11,1,2023-08-25 10:24:00,DRFC (Furtos),Luz forense/lanterna,False,True,0.3244
Pichação,DP,8,5,0,2023-10-11 20:25:00,DRFC (Furtos),Empoamento,False,False,0.1945
Incêndio (sem vítima),Hospital,1,14,0,2023-05-31 12:50:00,DHPP (Homicídios),Luz forense/lanterna,False,False,0.1014
Exercício Arbitrário das Próprias Razões,Via Pública,5,10,6,2024-01-01 10:03:00,DCA (Criança e Adolescente),"Macrofotografia, Luz forense/lanterna, Empoamento",False,False,0.1768
Homicídio,Terreno Baldio,0,11,1,2023-02-25 02:27:00,3ª DP,"Empoamento, Luz forense/lanterna",True,False,0.8633
Furto Qualificado (arrombamento),Hospital,2,90,1,2023-08-20 21:53:00,3ª DP,Empoamento,True,False,0.3191
Ossada Encontrada,Terreno Baldio,1,24,2,2023-11-15 00:50:00,3ª DP,"Luz forense/lanterna, Macrofotografia",True,True,0.4183
Receptação,DP,1,13,0,2023-10-11 09:48:00,2ª DP,"Luz forense/lanterna, Macrofotografia",True,False,0.3108
Afogamento,Estabelecimento Comercial,0,6,1,2023-12-16 09:00:00,3ª DP,"Empoamento, Macrofotografia, Luz forense/lanterna",False,True,0.3114
Homicídio,Pátio,1,27,0,2023-02-10 08:26:00,DHPP (Homicídios),"Luz forense/lanterna, Macrofotografia",False,False,0.7049
Homicídio,Área Rural,2,39,3,2023-08-12 19:27:00,DHPP (Homicídios),"Macrofotografia, Empoamento",False,False,0.7197
Tentativa de Suicídio,Via Pública,3,9,1,2023-07-20 09:19:00,DCA (Criança e Adolescente),"Luz forense/lanterna, Empoamento, Macrofotografia",False,False,0.1472
Estelionato,Pátio,0,39,6,2023-08-29 12:32:00,DRFC (Furtos),"Empoamento, Macrofotografia",False,False,0.1775
Exercício Arbitrário das Próprias Razões,Estabelecimento Comercial,1,20,0,2023-11-17 02:44:00,DRFC (Furtos),"Empoamento, Luz forense/lanterna",True,True,0.4881
Furto,Terreno Baldio,0,7,0,2023-08-19 06:28:00,2ª DP,"Luz forense/lanterna, Empoamento, Macrofotografia",False,False,0.1234
Afogamento,Pátio,1,29,0,2023-12-02 01:34:00,DHPP (Homicídios),Empoamento,False,False,0.1827
Extorsão,DP,10,18,1,2023-08-29 21:01:00,1ª DP,"Macrofotografia, Luz forense/lanterna",False,False,0.4248
Furto de Energia Elétrica ou Termodinâmica,Estabelecimento Comercial,4,7,1,2023-12-03 19:57:00,DRFC (Furtos),"Macrofotografia, Luz forense/lanterna, Empoamento",True,True,0.4599
Dano,Área Rural,11,32,2,2023-12-09 19:01:00,DHPP (Homicídios),"Empoamento, Macrofotografia, Luz forense/lanterna",True,True,0.4271
Disparo de Arma de Fogo,Estabelecimento Comercial,4,23,0,2023-02-25 04:18:00,DEAM (Mulher),"Empoamento, Luz forense/lanterna, Macrofotografia",False,True,0.5182
Tráfico de Entorpecentes,Estabelecimento Comercial,0,14,1,2023-02-23 09:26:00,DEAM (Mulher),"Macrofotografia, Luz forense/lanterna",True,False,0.3391
Morte Aparentemente Natural,Via Pública,1,13,5,2023-12-22 06:29:00,DRFC (Furtos),"Luz forense/lanterna, Empoamento, Macrofotografia",False,False,0.1425
Arremesso de Projétil,Hospital,4,40,0,2023-10-16 20:22:00,DCA (Criança e Adolescente),"Macrofotografia, Luz forense/lanterna",True,False,0.3189
Feminicídio,Terreno Baldio,3,43,2,2023-03-05 23:58:00,3ª DP,"Empoamento, Macrofotografia",False,True,0.8499
Roubo,Hospital,5,25,0,2023-02-06 02:36:00,1ª DP,"Empoamento, Macrofotografia, Luz forense/lanterna",True,True,0.7315
Dano,DP,4,35,2,2023-03-24 11:51:00,DEAM (Mulher),"Luz forense/lanterna, Empoamento",False,False,0.127
Receptação,Estabelecimento Comercial,4,48,6,2023-10-19 02:10:00,DCA (Criança e Adolescente),"Luz forense/lanterna, Empoamento, Macrofotografia",False,False,0.1267
Veículo Localizado (furtado ou roubado),DP,2,26,1,2024-01-01 15:02:00,2ª DP,"Luz forense/lanterna, Macrofotografia",False,False,0.1432
Adulteração de Placa e/ou Lacre,Estabelecimento Comercial,0,5,4,2023-04-06 08:11:00,2ª DP,"Luz forense/lanterna, Empoamento",True,False,0.3437
Furto em Interior de Veículo,Via Pública,0,18,1,2023-06-27 00:32:00,DEAM (Mulher),Empoamento,True,False,0.2827
Latrocínio e/ou Tentativa de Latrocínio,DP,2,19,1,2023-10-18 15:04:00,3ª DP,Macrofotografia,True,False,0.8901
Roubo,Pátio,3,64,0,2023-02-11 00:56:00,2ª DP,"Macrofotografia, Luz forense/lanterna, Empoamento",True,True,0.6994
Roubo,DP,1,5,0,2023-07-12 03:44:00,DEAM (Mulher),Empoamento,True,False,0.5795
Pichação,Estabelecimento Comercial,0,24,7,2023-02-27 11:47:00,DEAM (Mulher),Empoamento,False,False,0.1107
Homicídio,Hospital,0,20,0,2023-03-19 20:31:00,3ª DP,"Empoamento, Macrofotografia",True,True,0.9804
Furto d'água,Via Pública,4,41,0,2023-01-13 11:33:00,1ª DP,"Macrofotografia, Luz forense/lanterna",False,True,0.2755
Marca em Animal,Terreno Baldio,2,150,1,2023-05-20 09:12:00,3ª DP,"Empoamento, Luz forense/lanterna",False,False,0.1555
Explosão (sem vítima),Terreno Baldio,1,10,0,2023-06-02 19:57:00,2ª DP,"Macrofotografia, Luz forense/lanterna, Empoamento",False,False,0.1996
Furto em Interior de Veículo,Pátio,0,10,8,2023-12-03 00:18:00,DHPP (Homicídios),"Empoamento, Macrofotografia, Luz forense/lanterna",True,True,0.4619
Ossada Encontrada,Terreno Baldio,0,40,0,2023-09-14 06:16:00,DCA (Criança e Adolescente),Empoamento,False,True,0.2943
Desmanche de Veículos,Terreno Baldio,0,17,0,2023-02-11 13:56:00,2ª DP,Empoamento,True,False,0.2984
Ossada Encontrada,Hospital,4,10,1,2023-02-05 16:32:00,3ª DP,Macrofotografia,False,False,0.1876
Ossada Encontrada,Pátio,0,62,0,2023-05-28 21:38:00,DCA (Criança e Adolescente),"Empoamento, Luz forense/lanterna",False,False,0.1835
Eletroplessão,Residência,1,7,0,2023-04-09 04:38:00,DHPP (Homicídios),"Empoamento, Luz forense/lanterna",False,False,0.1999
Ameaça,Residência,0,18,1,2023-01-25 02:27:00,DEAM (Mulher),Macrofotografia,False,True,0.3446
Latrocínio e/ou Tentativa de Latrocínio,Residência,12,19,4,2023-10-26 21:47:00,DEAM (Mulher),"Luz forense/lanterna, Empoamento",True,True,1.0
Furto,Área Rural,1,21,4,2023-05-13 02:46:00,3ª DP,"Luz forense/lanterna, Macrofotografia",True,False,0.2704
Pichação,Terreno Baldio,2,35,4,2023-11-06 04:32:00,3ª DP,Empoamento,False,False,0.1875
Roubo,Via Pública,0,9,1,2023-01-14 01:26:00,DCA (Criança e Adolescente),Macrofotografia,False,False,0.3602
Furto,Pátio,0,32,1,2023-05-19 08:45:00,DHPP (Homicídios),"Empoamento, Macrofotografia, Luz forense/lanterna",True,True,0.4091
Desmanche de Veículos,Estabelecimento Comercial,4,8,3,2023-06-20 20:22:00,DCA (Criança e Adolescente),"Empoamento, Luz forense/lanterna",False,False,0.1369
Dano Seguido de Lesão Corporal,DP,0,30,0,2023-01-10 16:04:00,DCA (Criança e Adolescente),Empoamento,True,True,0.6679
Furto,Pátio,2,30,8,2023-06-29 03:58:00,DRFC (Furtos),"Macrofotografia, Luz forense/lanterna, Empoamento",True,True,0.4178
Furto d'água,Pátio,2,11,0,2023-05-30 09:58:00,DRFC (Furtos),Empoamento,True,False,0.2521
Explosão (com vítima),Estabelecimento Comercial,12,17,2,2023-04-30 00:30:00,2ª DP,"Empoamento, Luz forense/lanterna",False,False,0.4335
Morte Aparentemente Natural,Terreno Baldio,0,41,3,2023-11-29 04:36:00,2ª DP,"Macrofotografia, Empoamento, Luz forense/lanterna",False,False,0.1423
Maus Tratos de Animal,Residência,3,83,0,2023-03-23 12:57:00,DRFC (Furtos),Macrofotografia,True,False,0.2988
Local de Estupro e/ou Veículo Envolvido em Estupro,DP,3,21,2,2023-02-14 10:41:00,3ª DP,Empoamento,True,False,0.8679
Feminicídio,Terreno Baldio,5,37,1,2023-11-21 15:37:00,DEAM (Mulher),"Empoamento, Macrofotografia",True,True,1.0
Maus Tratos de Animal,Terreno Baldio,3,24,0,2023-06-28 20:57:00,DHPP (Homicídios),"Macrofotografia, Luz forense/lanterna",True,False,0.3341
Morte Aparentemente Natural,Residência,0,18,3,2023-05-07 10:33:00,2ª DP,Macrofotografia,False,False,0.1059
Eletroplessão,Terreno Baldio,2,14,0,2023-03-26 20:37:00,1ª DP,"Luz forense/lanterna, Empoamento, Macrofotografia",False,False,0.1424
Homicídio,Residência,0,23,0,2023-10-20 17:37:00,DRFC (Furtos),Macrofotografia,False,False,0.6876
Estelionato,Estabelecimento Comercial,6,18,2,2023-08-09 22:21:00,DRFC (Furtos),"Macrofotografia, Luz forense/lanterna, Empoamento",False,False,0.1384
Desmanche de Veículos,Hospital,10,22,1,2023-05-14 16:11:00,2ª DP,"Luz forense/lanterna, Macrofotografia",False,True,0.2831
Roubo Com Estupro,Hospital,9,43,0,2023-04-18 09:17:00,1ª DP,"Empoamento, Macrofotografia",True,False,0.8461
Roubo Com Estupro,Terreno Baldio,2,34,1,2023-12-29 13:42:00,2ª DP,"Empoamento, Macrofotografia, Luz forense/lanterna",True,True,0.9718
Desmanche de Veículos,Área Rural,0,6,1,2023-10-11 13:22:00,DHPP (Homicídios),"Luz forense/lanterna, Macrofotografia",False,False,0.1479
Cadáver Encontrado,Terreno Baldio,2,16,2,2023-12-31 12:28:00,2ª DP,"Empoamento, Luz forense/lanterna",False,True,0.2526
Ameaça,Área Rural,0,6,2,2023-07-16 18:52:00,DEAM (Mulher),"Luz forense/lanterna, Macrofotografia, Empoamento",True,False,0.3267
Dano,Área Rural,0,5,1,2023-03-18 06:23:00,DRFC (Furtos),"Luz forense/lanterna, Macrofotografia, Empoamento",True,True,0.4495
Receptação,Área Rural,5,20,5,2023-01-29 10:42:00,DRFC (Furtos),Luz forense/lanterna,False,False,0.1763
Aborto,DP,0,26,3,2023-04-17 19:31:00,1ª DP,"Macrofotografia, Luz forense/lanterna",True,True,0.4827
Furto d'água,Residência,0,25,2,2023-07-19 20:18:00,3ª DP,"Macrofotografia, Luz forense/lanterna",True,True,0.4586
Afogamento,Terreno Baldio,0,7,2,2023-06-09 05:24:00,1ª DP,Empoamento,True,False,0.3468
Abandono de Incapaz,DP,2,9,2,2023-02-03 00:21:00,DCA (Criança e Adolescente),"Empoamento, Luz forense/lanterna",True,False,0.8277
Furto de Energia Elétrica ou Termodinâmica,DP,2,29,2,2023-10-07 12:49:00,3ª DP,Luz forense/lanterna,True,False,0.3317
Eletroplessão,DP,2,11,0,2023-07-08 19:08:00,1ª DP,Empoamento,False,False,0.1108
Morte Aparentemente Natural,Residência,2,6,0,2023-06-25 01:56:00,DRFC (Furtos),"Empoamento, Luz forense/lanterna, Macrofotografia",False,False,0.1648
Morte Aparentemente Natural,Residência,0,12,0,2023-12-07 23:52:00,DEAM (Mulher),"Macrofotografia, Luz forense/lanterna",False,False,0.1166
Desmanche de Veículos,Pátio,1,11,0,2023-06-07 13:56:00,DRFC (Furtos),"Luz forense/lanterna, Macrofotografia, Empoamento",False,True,0.3151
Tentativa de Suicídio,Terreno Baldio,2,95,1,2023-09-23 03:39:00,2ª DP,"Macrofotografia, Empoamento, Luz forense/lanterna",True,False,0.2812
Dano,Área Rural,10,5,4,2023-09-30 13:31:00,1ª DP,"Luz forense/lanterna, Macrofotografia",False,True,0.3458
Dano,Via Pública,5,13,0,2023-04-11 12:54:00,DRFC (Furtos),Luz forense/lanterna,False,False,0.1686
Veículo Localizado (furtado ou roubado),Pátio,1,46,1,2023-04-08 12:27:00,DEAM (Mulher),Empoamento,False,False,0.1742
Disparo de Arma de Fogo,Pátio,0,38,2,2023-01-25 20:13:00,DHPP (Homicídios),Macrofotografia,True,False,0.5281
Arremesso de Projétil,Estabelecimento Comercial,1,8,2,2023-11-04 21:54:00,1ª DP,Luz forense/lanterna,True,True,0.4445
Tentativa de Suicídio,Hospital,4,5,4,2023-09-26 14:27:00,3ª DP,Empoamento,False,False,0.1288
Feto Encontrado,Residência,1,19,2,2023-02-17 06:28:00,2ª DP,"Macrofotografia, Luz forense/lanterna, Empoamento",False,True,0.8357
Dano Seguido de Lesão Corporal,DP,5,25,1,2023-09-13 21:15:00,2ª DP,Luz forense/lanterna,True,False,0.5635
Roubo,Pátio,0,34,1,2023-02-06 00:07:00,3ª DP,"Empoamento, Luz forense/lanterna",False,False,0.4107
Homicídio,Terreno Baldio,1,31,0,2023-09-22 03:17:00,DRFC (Furtos),Luz forense/lanterna,False,False,0.6504
Aborto,Pátio,1,29,5,2023-05-18 07:37:00,2ª DP,"Macrofotografia, Empoamento, Luz forense/lanterna",False,True,0.2937
Exercício Arbitrário das Próprias Razões,DP,4,8,0,2023-12-25 00:47:00,2ª DP,Macrofotografia,False,False,0.1051
Violação de Sepultura,Terreno Baldio,3,73,2,2023-04-09 15:20:00,3ª DP,"Luz forense/lanterna, Empoamento",True,True,0.4682
Ossada Encontrada,Estabelecimento Comercial,7,25,0,2023-07-23 16:24:00,DRFC (Furtos),"Macrofotografia, Luz forense/lanterna, Empoamento",True,False,0.3264
Dano Seguido de Lesão Corporal,Hospital,6,18,0,2023-08-11 23:09:00,DEAM (Mulher),"Empoamento, Luz forense/lanterna",True,True,0.674
Tráfico de Entorpecentes,Estabelecimento Comercial,0,9,3,2023-11-29 00:22:00,DHPP (Homicídios),"Empoamento, Macrofotografia",True,True,0.4784
Pichação,Terreno Baldio,4,22,1,2023-12-27 15:50:00,DHPP (Homicídios),"Macrofotografia, Luz forense/lanterna, Empoamento",True,False,0.2698
Adulteração de Placa e/ou Lacre,Estabelecimento Comercial,5,18,0,2023-03-18 06:22:00,DEAM (Mulher),"Luz forense/lanterna, Empoamento",False,False,0.17
Tentativa de Suicídio,Via Pública,2,16,0,2023-09-13 22:14:00,DRFC (Furtos),Macrofotografia,True,True,0.4061
Disparo de Arma de Fogo,Via Pública,0,6,1,2023-05-16 21:13:00,3ª DP,Empoamento,True,False,0.554
Estelionato,Via Pública,0,7,1,2023-06-02 00:48:00,1ª DP,Macrofotografia,True,True,0.4708
Tentativa de Homicídio,Terreno Baldio,6,54,0,2023-07-19 15:44:00,3ª DP,"Luz forense/lanterna, Empoamento",False,False,0.7444
Disparo de Arma de Fogo,Estabelecimento Comercial,11,43,4,2023-04-06 04:54:00,DCA (Criança e Adolescente),Empoamento,True,False,0.5102
Abandono de Incapaz,Via Pública,9,28,3,2023-02-08 07:54:00,DHPP (Homicídios),"Empoamento, Luz forense/lanterna",False,True,0.8228
Ameaça,Área Rural,3,35,0,2023-09-22 14:21:00,DEAM (Mulher),"Empoamento, Macrofotografia, Luz forense/lanterna",True,False,0.3077
Infanticídio,DP,1,7,0,2023-03-02 19:04:00,3ª DP,"Luz forense/lanterna, Macrofotografia",True,False,0.8722
Homicídio,DP,0,13,0,2023-09-28 04:15:00,3ª DP,Macrofotografia,False,False,0.7175
Aborto,DP,4,17,2,2023-02-07 19:19:00,2ª DP,"Macrofotografia, Empoamento, Luz forense/lanterna",False,False,0.1714
Latrocínio e/ou Tentativa de Latrocínio,Hospital,0,21,1,2023-12-18 09:31:00,1ª DP,Empoamento,True,True,0.9807
Estelionato,Estabelecimento Comercial,0,11,1,2023-09-01 14:36:00,3ª DP,"Luz forense/lanterna, Empoamento",False,False,0.1769
Dano Seguido de Lesão Corporal,Estabelecimento Comercial,1,9,0,2023-12-19 19:43:00,DEAM (Mulher),"Luz forense/lanterna, Empoamento, Macrofotografia",False,True,0.5831
Suicídio,DP,8,42,3,2023-09-22 05:35:00,DHPP (Homicídios),"Empoamento, Macrofotografia, Luz forense/lanterna",False,False,0.1811
Desmanche de Veículos,Via Pública,1,69,1,2023-11-14 07:52:00,DHPP (Homicídios),"Luz forense/lanterna, Macrofotografia",False,False,0.1703
Extorsão,Área Rural,1,47,2,2023-02-10 15:52:00,2ª DP,"Luz forense/lanterna, Macrofotografia",False,False,0.4083
Abandono de Incapaz,DP,0,26,1,2023-08-23 03:01:00,3ª DP,Empoamento,True,True,0.9671
Maus Tratos de Animal,DP,0,11,2,2023-11-22 00:57:00,2ª DP,Empoamento,False,False,0.184
Maus Tratos de Animal,Pátio,6,14,0,2023-07-28 20:58:00,3ª DP,"Empoamento, Macrofotografia, Luz forense/lanterna",False,True,0.3222
Violação de Sepultura,Hospital,2,7,0,2023-01-14 14:27:00,DRFC (Furtos),"Empoamento, Luz forense/lanterna, Macrofotografia",True,False,0.2952
Receptação,Terreno Baldio,0,11,1,2023-04-25 14:51:00,3ª DP,Luz forense/lanterna,True,True,0.4861
Roubo,Pátio,0,23,1,2023-02-27 17:01:00,2ª DP,"Luz forense/lanterna, Macrofotografia, Empoamento",True,False,0.5593
Infanticídio,Terreno Baldio,1,5,0,2023-09-10 01:53:00,DEAM (Mulher),Empoamento,True,True,1.0
Furto,Residência,0,33,0,2023-03-19 20:21:00,DCA (Criança e Adolescente),Luz forense/lanterna,False,False,0.1695
Desmanche de Veículos,Terreno Baldio,2,76,1,2023-01-09 14:49:00,3ª DP,"Luz forense/lanterna, Empoamento, Macrofotografia",False,True,0.3421
Furto de Energia Elétrica ou Termodinâmica,Hospital,2,28,1,2023-09-06 01:30:00,3ª DP,"Luz forense/lanterna, Macrofotografia, Empoamento",True,False,0.2798
Furto Qualificado (arrombamento),Via Pública,11,13,0,2023-05-18 11:14:00,2ª DP,"Macrofotografia, Empoamento, Luz forense/lanterna",False,True,0.2867
Tráfico de Entorpecentes,Via Pública,11,24,1,2023-12-18 03:57:00,2ª DP,"Empoamento, Macrofotografia, Luz forense/lanterna",True,False,0.2767
Lesão Corporal,Residência,7,11,2,2023-04-13 18:54:00,DCA (Criança e Adolescente),"Luz forense/lanterna, Empoamento, Macrofotografia",True,False,0.5421
Furto de Energia Elétrica ou Termodinâmica,Residência,2,5,2,2023-09-06 21:22:00,DCA (Criança e Adolescente),"Empoamento, Macrofotografia, Luz forense/lanterna",False,True,0.3068
Explosão (com vítima),Estabelecimento Comercial,0,15,2,2023-10-28 12:10:00,DEAM (Mulher),"Macrofotografia, Empoamento",False,False,0.365
Ossada Encontrada,DP,0,7,0,2023-04-29 14:08:00,2ª DP,"Macrofotografia, Luz forense/lanterna",False,False,0.1786
Explosão (com vítima),Via Pública,0,9,3,2023-06-11 04:46:00,1ª DP,"Luz forense/lanterna, Macrofotografia",True,True,0.6792
Tentativa de Homicídio,Estabelecimento Comercial,0,47,0,2023-09-22 02:45:00,DHPP (Homicídios),"Empoamento, Macrofotografia, Luz forense/lanterna",True,False,0.8425
Abandono de Incapaz,Hospital,4,19,0,2023-06-04 19:08:00,DEAM (Mulher),Empoamento,False,True,0.8005
Ossada Encontrada,Área Rural,0,16,2,2023-06-25 12:01:00,DHPP (Homicídios),Luz forense/lanterna,True,False,0.2916
Incêndio (sem vítima),Pátio,5,48,0,2023-05-20 01:46:00,2ª DP,"Empoamento, Luz forense/lanterna",True,False,0.3071
Adulteração de Placa e/ou Lacre,DP,3,32,0,2023-10-20 18:55:00,1ª DP,"Macrofotografia, Empoamento, Luz forense/lanterna",True,False,0.2867
Feminicídio,Área Rural,7,16,0,2023-10-07 10:35:00,2ª DP,Macrofotografia,True,False,0.854
Abandono de Incapaz,Pátio,0,30,2,2023-10-18 15:27:00,DHPP (Homicídios),"Macrofotografia, Empoamento",False,True,0.8865
Morte Aparentemente Natural,Terreno Baldio,1,6,0,2023-07-22 19:31:00,1ª DP,Macrofotografia,False,True,0.3343
Veículo Localizado (furtado ou roubado),Hospital,3,38,2,2023-09-12 09:07:00,DRFC (Furtos),Empoamento,False,True,0.2547
Adulteração de Placa e/ou Lacre,Hospital,0,6,0,2023-10-15 06:01:00,3ª DP,Luz forense/lanterna,False,False,0.1831
Marca em Animal,Residência,2,5,0,2023-03-19 16:29:00,2ª DP,Empoamento,True,False,0.3275
Suicídio,Hospital,3,8,4,2023-06-06 20:41:00,DRFC (Furtos),"Empoamento, Luz forense/lanterna",False,False,0.1933
Maus Tratos de Animal,Área Rural,0,14,1,2023-07-01 12:37:00,DEAM (Mulher),"Macrofotografia, Empoamento, Luz forense/lanterna",True,True,0.4102
Incêndio (com vítima),Estabelecimento Comercial,2,9,2,2023-12-20 01:14:00,3ª DP,"Macrofotografia, Luz forense/lanterna",False,True,0.5843
Exercício Arbitrário das Próprias Razões,Terreno Baldio,0,32,1,2023-02-24 09:27:00,DHPP (Homicídios),Luz forense/lanterna,True,False,0.2575
Explosão (com vítima),Área Rural,2,9,2,2023-06-21 06:23:00,1ª DP,"Luz forense/lanterna, Empoamento, Macrofotografia",True,False,0.5711
Incêndio (sem vítima),Área Rural,0,16,3,2023-05-02 23:48:00,DCA (Criança e Adolescente),"Empoamento, Luz forense/lanterna, Macrofotografia",True,True,0.4457
Suicídio,Pátio,6,41,0,2023-07-05 17:46:00,3ª DP,Macrofotografia,False,False,0.1278
Abandono de Incapaz,Pátio,1,61,1,2023-12-23 11:46:00,DHPP (Homicídios),"Macrofotografia, Empoamento",True,False,0.8227
Pichação,Pátio,7,12,1,2023-09-03 18:31:00,DEAM (Mulher),Macrofotografia,True,True,0.4023
Tráfico de Entorpecentes,Via Pública,4,7,0,2023-05-11 20:31:00,1ª DP,"Macrofotografia, Empoamento",False,True,0.2553
Tráfico de Entorpecentes,Hospital,1,11,0,2023-11-01 14:02:00,1ª DP,Empoamento,False,False,0.1169
Ossada Encontrada,Via Pública,4,15,0,2023-04-01 17:44:00,DCA (Criança e Adolescente),"Empoamento, Luz forense/lanterna",True,False,0.3207
Disparo de Arma de Fogo,Terreno Baldio,5,21,0,2023-09-30 06:07:00,DCA (Criança e Adolescente),"Luz forense/lanterna, Macrofotografia, Empoamento",False,False,0.4158
Pichação,Hospital,3,31,1,2023-08-27 14:18:00,DCA (Criança e Adolescente),"Empoamento, Luz forense/lanterna, Macrofotografia",True,False,0.3348
Exercício Arbitrário das Próprias Razões,Via Pública,1,22,0,2023-04-10 04:30:00,3ª DP,Macrofotografia,False,False,0.1398
Abandono de Incapaz,DP,1,6,1,2023-11-01 12:00:00,DCA (Criança e Adolescente),Luz forense/lanterna,True,True,0.993
Latrocínio e/ou Tentativa de Latrocínio,Terreno Baldio,3,17,0,2023-11-15 05:11:00,DCA (Criança e Adolescente),Luz forense/lanterna,True,False,0.8029
Eletroplessão,Terreno Baldio,0,7,1,2023-05-18 13:02:00,DHPP (Homicídios),"Macrofotografia, Empoamento",False,False,0.1497
Violação de Domicílio,Estabelecimento Comercial,0,14,0,2023-03-26 17:24:00,2ª DP,"Macrofotografia, Empoamento",False,False,0.1983
Furto em Interior de Veículo,Área Rural,5,9,1,2023-10-08 00:58:00,DHPP (Homicídios),"Empoamento, Luz forense/lanterna",True,False,0.3132
Violação de Sepultura,Via Pública,3,5,1,2023-04-18 14:05:00,DCA (Criança e Adolescente),"Empoamento, Luz forense/lanterna, Macrofotografia",True,True,0.4891
Pichação,Via Pública,3,43,0,2023-10-10 11:07:00,1ª DP,Empoamento,True,True,0.4788
Feto Encontrado,Estabelecimento Comercial,0,54,2,2023-10-16 15:55:00,DHPP (Homicídios),"Empoamento, Macrofotografia",True,False,0.8745
Infanticídio,Pátio,5,25,2,2023-07-23 19:44:00,DHPP (Homicídios),"Macrofotografia, Luz forense/lanterna",False,False,0.7227
Violação de Domicílio,Hospital,1,13,1,2023-08-20 07:59:00,DHPP (Homicídios),Luz forense/lanterna,False,False,0.1575
Extorsão,Pátio,3,19,0,2023-12-13 17:41:00,DHPP (Homicídios),Luz forense/lanterna,False,True,0.5158
Dano,Via Pública,0,13,1,2023-11-12 14:11:00,DRFC (Furtos),Luz forense/lanterna,True,False,0.3358
Roubo,Via Pública,0,9,0,2023-07-29 20:02:00,DRFC (Furtos),Luz forense/lanterna,False,False,0.3984
Estelionato,Residência,1,8,2,2023-04-17 08:24:00,DCA (Criança e Adolescente),"Macrofotografia, Empoamento",True,False,0.2881
Incêndio (com vítima),Pátio,4,11,3,2023-02-12 11:11:00,3ª DP,Luz forense/lanterna,True,False,0.5467
Furto d'água,DP,3,60,3,2023-08-02 07:16:00,2ª DP,"Macrofotografia, Luz forense/lanterna",False,True,0.2721
Local de Estupro e/ou Veículo Envolvido em Estupro,Via Pública,4,19,5,2023-02-28 19:30:00,DRFC (Furtos),"Luz forense/lanterna, Macrofotografia, Empoamento",False,False,0.6995
Homicídio,Terreno Baldio,1,10,1,2023-09-30 23:51:00,2ª DP,"Luz forense/lanterna, Macrofotografia, Empoamento",True,False,0.8331
Adulteração de Placa e/ou Lacre,Pátio,0,6,0,2023-10-23 02:12:00,1ª DP,"Macrofotografia, Luz forense/lanterna, Empoamento",True,True,0.4297
Extorsão,Área Rural,3,6,1,2023-03-27 07:53:00,DRFC (Furtos),"Luz forense/lanterna, Macrofotografia, Empoamento",False,False,0.4216
Maus Tratos de Animal,DP,7,17,0,2023-01-01 16:25:00,DCA (Criança e Adolescente),"Luz forense/lanterna, Macrofotografia",False,True,0.2517
Furto em Interior de Veículo,Estabelecimento Comercial,7,23,2,2023-05-23 14:45:00,DCA (Criança e Adolescente),"Empoamento, Macrofotografia, Luz forense/lanterna",True,False,0.2549
Arremesso de Projétil,Pátio,1,27,0,2023-09-16 03:28:00,2ª DP,Empoamento,False,True,0.2867
Infanticídio,Pátio,2,65,1,2023-01-15 10:04:00,DHPP (Homicídios),Macrofotografia,False,True,0.8082
Incêndio (sem vítima),Via Pública,2,7,0,2023-12-09 07:03:00,DRFC (Furtos),Luz forense/lanterna,True,False,0.3337
Feto Encontrado,Área Rural,1,51,1,2023-03-25 01:56:00,DHPP (Homicídios),"Empoamento, Luz forense/lanterna, Macrofotografia",True,False,0.8375
Feminicídio,DP,0,36,1,2023-10-14 07:44:00,DRFC (Furtos),"Macrofotografia, Empoamento, Luz forense/lanterna",True,True,0.9765
Abandono de Incapaz,Terreno Baldio,5,6,1,2023-06-25 10:28:00,1ª DP,Macrofotografia,False,False,0.6935
Exercício Arbitrário das Próprias Razões,DP,0,9,0,2023-12-04 09:43:00,DRFC (Furtos),Macrofotografia,True,False,0.3033
Furto,Área Rural,1,6,0,2023-12-06 14:42:00,1ª DP,"Empoamento, Luz forense/lanterna",True,False,0.3467
Disparo de Arma de Fogo,Via Pública,7,34,3,2023-10-13 07:03:00,3ª DP,Macrofotografia,True,False,0.5075
Disparo de Arma de Fogo,Pátio,0,52,0,2023-07-23 05:16:00,1ª DP,"Empoamento, Macrofotografia",True,True,0.6558
Feto Encontrado,DP,0,24,1,2023-11-10 02:20:00,1ª DP,Luz forense/lanterna,True,True,1.0
Roubo,Via Pública,2,59,2,2023-08-23 14:33:00,DHPP (Homicídios),"Luz forense/lanterna, Macrofotografia",True,True,0.6817
Incêndio (sem vítima),DP,0,64,1,2023-09-18 12:10:00,DRFC (Furtos),"Macrofotografia, Luz forense/lanterna, Empoamento",False,False,0.14
Violação de Sepultura,Estabelecimento Comercial,1,24,2,2023-11-11 06:36:00,1ª DP,"Macrofotografia, Empoamento, Luz forense/lanterna",False,False,0.1842
Cadáver Encontrado,Estabelecimento Comercial,5,20,0,2023-03-01 13:56:00,DHPP (Homicídios),"Luz forense/lanterna, Empoamento",False,True,0.2596
Eletroplessão,Hospital,8,6,0,2023-12-04 15:45:00,DCA (Criança e Adolescente),"Luz forense/lanterna, Macrofotografia",True,False,0.3397
Extorsão,Residência,0,7,1,2023-02-06 23:55:00,DRFC (Furtos),"Empoamento, Macrofotografia",True,True,0.7088
Disparo de Arma de Fogo,Pátio,4,36,4,2023-01-04 12:50:00,3ª DP,Macrofotografia,True,False,0.5885
Adulteração de Placa e/ou Lacre,Pátio,0,20,0,2023-03-09 07:22:00,2ª DP,Macrofotografia,True,True,0.4112
Ameaça,Hospital,3,143,0,2023-01-08 19:01:00,1ª DP,Luz forense/lanterna,True,True,0.4167
Adulteração de Placa e/ou Lacre,Via Pública,21,9,0,2023-12-29 17:17:00,DCA (Criança e Adolescente),Luz forense/lanterna,False,False,0.1812
Disparo de Arma de Fogo,Residência,0,23,1,2023-03-23 19:09:00,2ª DP,Luz forense/lanterna,False,False,0.4221
Furto de Energia Elétrica ou Termodinâmica,Estabelecimento Comercial,0,5,0,2023-10-10 17:20:00,1ª DP,"Empoamento, Luz forense/lanterna",False,False,0.1384
Pichação,Pátio,8,22,2,2023-05-18 07:45:00,DHPP (Homicídios),Macrofotografia,True,True,0.4703
Feminicídio,Residência,1,76,0,2023-08-18 15:46:00,1ª DP,"Luz forense/lanterna, Macrofotografia, Empoamento",True,False,0.8582
Furto d'água,Residência,1,13,3,2023-10-23 13:50:00,3ª DP,"Empoamento, Luz forense/lanterna",False,False,0.1548
Tráfico de Entorpecentes,Estabelecimento Comercial,5,7,1,2023-07-10 14:51:00,3ª DP,"Empoamento, Luz forense/lanterna",True,False,0.2806
Furto em Interior de Veículo,Área Rural,5,15,3,2023-03-03 13:55:00,DRFC (Furtos),"Empoamento, Macrofotografia",False,True,0.2772
Suicídio,Residência,0,23,4,2023-06-11 14:41:00,DHPP (Homicídios),"Empoamento, Luz forense/lanterna",False,True,0.2887
Feminicídio,Via Pública,9,13,0,2023-05-07 05:50:00,2ª DP,Empoamento,True,False,0.8321
Local de Estupro e/ou Veículo Envolvido em Estupro,Área Rural,2,6,1,2023-07-31 07:14:00,2ª DP,"Empoamento, Luz forense/lanterna",False,True,0.8367
Tráfico de Entorpecentes,Estabelecimento Comercial,0,6,1,2023-09-23 14:00:00,DRFC (Furtos),Empoamento,False,False,0.1389
Feto Encontrado,Terreno Baldio,1,20,0,2023-06-30 04:20:00,2ª DP,"Empoamento, Luz forense/lanterna",True,False,0.826
Roubo Com Estupro,Área Rural,1,30,1,2023-08-30 21:16:00,1ª DP,"Luz forense/lanterna, Macrofotografia, Empoamento",True,False,0.8398
Morte Aparentemente Natural,Terreno Baldio,1,35,1,2023-03-20 12:20:00,DEAM (Mulher),"Luz forense/lanterna, Empoamento, Macrofotografia",True,False,0.2869
Infanticídio,Estabelecimento Comercial,3,38,0,2023-07-13 23:21:00,2ª DP,"Macrofotografia, Luz forense/lanterna",True,False,0.8095
Exercício Arbitrário das Próprias Razões,Terreno Baldio,1,9,4,2023-08-04 12:17:00,3ª DP,"Empoamento, Luz forense/lanterna, Macrofotografia",False,True,0.3187
Roubo,Pátio,4,41,1,2023-10-06 10:55:00,DCA (Criança e Adolescente),"Empoamento, Macrofotografia",False,True,0.5039
Desmanche de Veículos,Terreno Baldio,2,14,3,2023-09-24 02:59:00,DEAM (Mulher),Empoamento,True,False,0.2898
Explosão (sem vítima),Terreno Baldio,0,16,0,2023-02-23 09:17:00,2ª DP,"Luz forense/lanterna, Empoamento, Macrofotografia",False,True,0.2518
Veículo Localizado (furtado ou roubado),Estabelecimento Comercial,11,42,1,2023-04-05 05:54:00,DRFC (Furtos),"Luz forense/lanterna, Macrofotografia, Empoamento",True,False,0.3454
Ossada Encontrada,Hospital,1,52,0,2023-12-21 02:40:00,2ª DP,Luz forense/lanterna,False,True,0.3399
Local de Estupro e/ou Veículo Envolvido em Estupro,Área Rural,4,21,0,2023-06-13 05:28:00,2ª DP,"Empoamento, Macrofotografia",False,True,0.893
Maus Tratos de Animal,Área Rural,3,13,1,2023-07-17 18:30:00,DEAM (Mulher),"Empoamento, Macrofotografia, Luz forense/lanterna",True,True,0.4973
Extorsão,DP,1,38,1,2023-11-14 01:52:00,1ª DP,"Empoamento, Macrofotografia, Luz forense/lanterna",False,True,0.506
Lesão Corporal,Terreno Baldio,1,28,2,2023-11-14 09:46:00,2ª DP,"Empoamento, Macrofotografia, Luz forense/lanterna",True,False,0.5004
Marca em Animal,Via Pública,0,73,1,2023-06-07 21:52:00,DRFC (Furtos),Luz forense/lanterna,True,False,0.3424
Lesão Corporal,Terreno Baldio,3,6,2,2023-03-05 05:46:00,DRFC (Furtos),"Empoamento, Luz forense/lanterna",True,False,0.568
Aborto,Terreno Baldio,1,13,1,2023-06-11 22:10:00,3ª DP,"Macrofotografia, Empoamento, Luz forense/lanterna",True,True,0.4169
Ameaça,Área Rural,2,27,0,2023-08-22 03:47:00,DHPP (Homicídios),"Empoamento, Macrofotografia",True,False,0.2796
Tentativa de Suicídio,Pátio,0,47,2,2023-12-30 11:06:00,3ª DP,Empoamento,False,False,0.1195
Furto de Energia Elétrica ou Termodinâmica,Residência,0,5,0,2023-07-23 10:14:00,3ª DP,"Luz forense/lanterna, Macrofotografia",False,False,0.1955
Dano Seguido de Lesão Corporal,Área Rural,2,59,2,2023-12-15 16:01:00,DRFC (Furtos),Empoamento,False,False,0.3508
Tráfico de Entorpecentes,Via Pública,2,9,2,2023-09-05 03:50:00,DHPP (Homicídios),"Luz forense/lanterna, Macrofotografia",False,True,0.2962
Ossada Encontrada,Via Pública,1,28,2,2023-05-09 18:58:00,1ª DP,Empoamento,False,True,0.2908
Veículo Localizado (furtado ou roubado),Área Rural,4,81,2,2023-09-08 19:49:00,3ª DP,"Macrofotografia, Empoamento",False,False,0.1493
Exercício Arbitrário das Próprias Razões,Área Rural,10,25,1,2023-04-25 15:04:00,3ª DP,"Luz forense/lanterna, Empoamento",False,False,0.1172
Desmanche de Veículos,Residência,5,24,6,2023-07-10 23:56:00,DRFC (Furtos),Macrofotografia,True,False,0.3384
Exercício Arbitrário das Próprias Razões,Pátio,2,13,1,2023-06-23 15:27:00,DRFC (Furtos),Macrofotografia,False,True,0.2757
Furto de Energia Elétrica ou Termodinâmica,Área Rural,8,63,0,2023-01-30 03:26:00,DCA (Criança e Adolescente),"Empoamento, Macrofotografia, Luz forense/lanterna",False,True,0.3292
Exercício Arbitrário das Próprias Razões,Hospital,7,9,0,2023-11-26 20:55:00,DEAM (Mulher),"Macrofotografia, Empoamento",False,True,0.2618
Morte Aparentemente Natural,Área Rural,0,14,0,2023-01-20 11:32:00,DRFC (Furtos),"Macrofotografia, Luz forense/lanterna, Empoamento",False,True,0.348
Suicídio,Hospital,0,9,1,2023-02-08 22:41:00,2ª DP,Luz forense/lanterna,True,False,0.3316
Maus Tratos de Animal,Residência,3,14,0,2023-09-28 17:09:00,DCA (Criança e Adolescente),"Macrofotografia, Empoamento",False,True,0.3345
Furto de Energia Elétrica ou Termodinâmica,DP,0,31,0,2023-08-16 04:43:00,2ª DP,"Macrofotografia, Luz forense/lanterna",True,False,0.3397
Tráfico de Entorpecentes,Via Pública,0,47,4,2023-03-13 19:02:00,3ª DP,"Macrofotografia, Luz forense/lanterna",False,False,0.183
Furto de Energia Elétrica ou Termodinâmica,Terreno Baldio,3,84,1,2023-12-08 17:34:00,3ª DP,"Macrofotografia, Luz forense/lanterna",True,False,0.2662
Arremesso de Projétil,Terreno Baldio,0,31,0,2023-02-11 15:18:00,DHPP (Homicídios),"Luz forense/lanterna, Empoamento",True,True,0.4457
Infanticídio,Área Rural,3,19,5,2023-06-15 07:33:00,DCA (Criança e Adolescente),"Macrofotografia, Luz forense/lanterna, Empoamento",True,False,0.8701
Aborto,Pátio,4,25,1,2023-03-14 05:00:00,2ª DP,Luz forense/lanterna,True,False,0.2857
Homicídio,Estabelecimento Comercial,8,8,4,2023-10-25 01:18:00,1ª DP,"Luz forense/lanterna, Empoamento",True,False,0.8838
Abandono de Incapaz,DP,0,46,0,2023-08-03 19:28:00,DEAM (Mulher),Luz forense/lanterna,False,True,0.8745
Aborto,Terreno Baldio,4,32,4,2023-10-29 18:09:00,3ª DP,"Luz forense/lanterna, Empoamento, Macrofotografia",False,False,0.1194
Roubo Com Estupro,Estabelecimento Comercial,0,18,0,2023-04-11 05:35:00,DRFC (Furtos),"Macrofotografia, Luz forense/lanterna, Empoamento",True,False,0.8807
Feto Encontrado,Pátio,4,20,1,2023-10-23 09:44:00,2ª DP,Luz forense/lanterna,True,False,0.8228
Furto,Terreno Baldio,4,7,1,2023-11-25 18:53:00,2ª DP,Empoamento,False,False,0.1541
Furto de Energia Elétrica ou Termodinâmica,Via Pública,3,18,4,2023-11-02 22:26:00,2ª DP,"Empoamento, Luz forense/lanterna, Macrofotografia",False,False,0.1762
Roubo Com Estupro,Terreno Baldio,6,7,2,2023-08-11 13:25:00,DHPP (Homicídios),Empoamento,False,False,0.6969
Feminicídio,Hospital,4,20,0,2023-11-27 02:22:00,3ª DP,"Luz forense/lanterna, Empoamento, Macrofotografia",True,False,0.8581
Furto de Energia Elétrica ou Termodinâmica,Residência,1,6,0,2023-06-12 19:36:00,DRFC (Furtos),Macrofotografia,True,False,0.2514
Feminicídio,DP,1,22,6,2023-10-27 18:32:00,DRFC (Furtos),"Macrofotografia, Empoamento, Luz forense/lanterna",True,False,0.8733
Furto de Energia Elétrica ou Termodinâmica,Via Pública,4,15,1,2023-01-31 14:03:00,DCA (Criança e Adolescente),"Luz forense/lanterna, Macrofotografia",True,False,0.3089
Local de Estupro e/ou Veículo Envolvido em Estupro,Residência,2,7,0,2023-09-01 08:20:00,3ª DP,"Empoamento, Macrofotografia, Luz forense/lanterna",True,True,0.9856
Feto Encontrado,Pátio,0,51,1,2023-07-21 19:30:00,DEAM (Mulher),"Luz forense/lanterna, Macrofotografia, Empoamento",False,False,0.725
Furto d'água,Pátio,0,18,2,2023-03-26 17:27:00,3ª DP,"Luz forense/lanterna, Empoamento",False,False,0.1865
Explosão (sem vítima),DP,4,55,5,2023-04-27 16:03:00,2ª DP,"Macrofotografia, Luz forense/lanterna, Empoamento",True,False,0.3413
Feminicídio,Estabelecimento Comercial,0,38,0,2023-10-24 13:02:00,2ª DP,"Empoamento, Luz forense/lanterna",True,True,0.9631
Disparo de Arma de Fogo,Residência,7,15,0,2023-10-11 10:38:00,2ª DP,Empoamento,False,False,0.3983
Eletroplessão,Pátio,0,95,0,2023-12-05 07:33:00,3ª DP,"Luz forense/lanterna, Macrofotografia, Empoamento",True,False,0.329
Adulteração de Placa e/ou Lacre,Residência,1,6,0,2023-09-01 20:44:00,3ª DP,"Luz forense/lanterna, Empoamento, Macrofotografia",True,False,0.3411
Afogamento,Terreno Baldio,0,37,0,2023-06-10 23:08:00,DHPP (Homicídios),"Luz forense/lanterna, Macrofotografia, Empoamento",True,False,0.3006
Feto Encontrado,Terreno Baldio,4,19,0,2023-08-22 15:45:00,2ª DP,"Empoamento, Macrofotografia",False,False,0.7053
Extorsão,Estabelecimento Comercial,3,8,2,2023-05-19 12:53:00,DCA (Criança e Adolescente),"Macrofotografia, Empoamento, Luz forense/lanterna",True,False,0.5148
Homicídio,Hospital,5,13,2,2023-06-05 12:39:00,DCA (Criança e Adolescente),"Empoamento, Luz forense/lanterna, Macrofotografia",True,False,0.8604
Feto Encontrado,Pátio,1,32,5,2023-04-24 21:17:00,1ª DP,"Empoamento, Macrofotografia",False,False,0.6515
Lesão Corporal,Terreno Baldio,0,27,0,2023-11-03 14:51:00,DCA (Criança e Adolescente),"Empoamento, Macrofotografia",True,False,0.5759
Feto Encontrado,Via Pública,0,31,1,2023-04-01 05:11:00,DCA (Criança e Adolescente),Luz forense/lanterna,False,False,0.7478
Exercício Arbitrário das Próprias Razões,Estabelecimento Comercial,15,24,0,2023-06-07 12:02:00,2ª DP,"Macrofotografia, Luz forense/lanterna, Empoamento",False,False,0.1606
Tentativa de Suicídio,Estabelecimento Comercial,3,7,0,2023-10-29 17:31:00,DEAM (Mulher),"Macrofotografia, Luz forense/lanterna, Empoamento",False,True,0.2503
Maus Tratos de Animal,Área Rural,1,23,1,2023-02-09 14:17:00,2ª DP,Macrofotografia,True,False,0.3161
Eletroplessão,Pátio,0,38,0,2023-12-29 02:14:00,3ª DP,"Empoamento, Luz forense/lanterna",False,True,0.3035
Dano,Pátio,0,69,1,2023-04-02 19:21:00,DRFC (Furtos),"Luz forense/lanterna, Empoamento",False,False,0.1448
Feto Encontrado,Pátio,2,23,6,2023-01-13 04:19:00,DEAM (Mulher),Empoamento,True,True,1.0
Receptação,Área Rural,5,21,0,2023-06-10 18:20:00,DCA (Criança e Adolescente),"Macrofotografia, Empoamento, Luz forense/lanterna",False,True,0.2574
Estelionato,Hospital,2,17,0,2023-04-10 17:21:00,DRFC (Furtos),"Empoamento, Luz forense/lanterna, Macrofotografia",True,False,0.296
Aborto,Estabelecimento Comercial,0,45,0,2023-01-18 17:58:00,DHPP (Homicídios),Empoamento,False,True,0.3303
Explosão (sem vítima),Terreno Baldio,2,30,8,2023-08-09 07:22:00,2ª DP,"Luz forense/lanterna, Empoamento, Macrofotografia",True,False,0.2641
Furto em Interior de Veículo,Área Rural,1,29,2,2023-09-28 04:17:00,3ª DP,Luz forense/lanterna,True,True,0.4036
Homicídio,Residência,0,10,0,2023-11-04 21:47:00,1ª DP,Luz forense/lanterna,False,False,0.6509
Arremesso de Projétil,DP,1,44,7,2023-09-17 15:33:00,1ª DP,Empoamento,False,False,0.1109
Furto de Energia Elétrica ou Termodinâmica,Estabelecimento Comercial,0,23,0,2023-09-25 15:36:00,DHPP (Homicídios),Luz forense/lanterna,False,False,0.1155
Tráfico de Entorpecentes,Terreno Baldio,0,7,2,2023-10-12 04:48:00,DRFC (Furtos),"Macrofotografia, Luz forense/lanterna",False,False,0.1088
Homicídio,Hospital,6,17,0,2023-06-19 21:20:00,DCA (Criança e Adolescente),"Empoamento, Macrofotografia",True,False,0.8591
Veículo Localizado (furtado ou roubado),Pátio,5,23,7,2023-02-16 03:17:00,DHPP (Homicídios),"Empoamento, Macrofotografia, Luz forense/lanterna",False,False,0.1702
Estelionato,Via Pública,0,6,1,2023-03-02 09:52:00,2ª DP,"Empoamento, Macrofotografia",True,False,0.3436
Abandono de Incapaz,Área Rural,0,7,4,2023-11-22 16:08:00,1ª DP,"Luz forense/lanterna, Empoamento",False,False,0.6675
Furto d'água,Residência,9,12,5,2023-06-15 15:44:00,DHPP (Homicídios),"Macrofotografia, Luz forense/lanterna",True,True,0.4137
Suicídio,Pátio,6,7,11,2023-09-30 12:48:00,3ª DP,"Empoamento, Macrofotografia",True,True,0.4314
Dano,Hospital,0,6,5,2023-07-04 09:28:00,DCA (Criança e Adolescente),Empoamento,False,True,0.3209
Dano Seguido de Lesão Corporal,Pátio,0,35,1,2023-08-29 01:07:00,3ª DP,Macrofotografia,True,False,0.5812
Arremesso de Projétil,Via Pública,6,42,4,2023-02-19 23:56:00,DEAM (Mulher),Macrofotografia,True,False,0.2985
Aborto,Via Pública,9,35,0,2023-01-06 17:16:00,DCA (Criança e Adolescente),"Empoamento, Macrofotografia",False,False,0.1808
Incêndio (com vítima),DP,2,36,5,2023-11-15 07:03:00,2ª DP,Macrofotografia,False,False,0.4194
Roubo Com Estupro,Estabelecimento Comercial,0,11,5,2023-06-27 19:09:00,2ª DP,"Macrofotografia, Luz forense/lanterna",False,False,0.7249
Violação de Sepultura,Hospital,3,10,3,2023-01-12 02:05:00,DRFC (Furtos),"Macrofotografia, Empoamento",False,False,0.1607
Cadáver Encontrado,DP,2,6,0,2023-03-18 19:47:00,2ª DP,"Empoamento, Macrofotografia",False,False,0.1155
Violação de Sepultura,Via Pública,1,18,1,2023-02-01 05:15:00,DHPP (Homicídios),"Luz forense/lanterna, Macrofotografia, Empoamento",False,False,0.1507
Estelionato,Via Pública,1,21,2,2023-03-31 23:49:00,1ª DP,Empoamento,False,False,0.1687
Extorsão,Via Pública,0,9,0,2023-04-15 06:40:00,DEAM (Mulher),Macrofotografia,False,False,0.41
Tráfico de Entorpecentes,Área Rural,6,20,0,2023-03-20 18:04:00,3ª DP,"Macrofotografia, Empoamento",False,False,0.1737
Furto,Estabelecimento Comercial,0,11,4,2023-02-05 21:39:00,DCA (Criança e Adolescente),"Empoamento, Luz forense/lanterna",False,False,0.1212
Explosão (com vítima),Área Rural,0,39,1,2023-10-14 11:02:00,3ª DP,Macrofotografia,False,False,0.3953
Arremesso de Projétil,Terreno Baldio,0,12,1,2023-12-07 10:13:00,2ª DP,"Empoamento, Macrofotografia, Luz forense/lanterna",True,False,0.3331
Aborto,Residência,2,19,2,2023-04-07 05:26:00,DHPP (Homicídios),Luz forense/lanterna,True,False,0.3177
Latrocínio e/ou Tentativa de Latrocínio,Área Rural,13,30,0,2023-03-24 19:18:00,3ª DP,"Macrofotografia, Empoamento",True,True,0.9503
Infanticídio,Estabelecimento Comercial,0,5,0,2023-06-06 08:34:00,DEAM (Mulher),"Empoamento, Macrofotografia, Luz forense/lanterna",True,False,0.8639
Ossada Encontrada,Residência,1,42,0,2023-12-30 06:14:00,DEAM (Mulher),"Empoamento, Luz forense/lanterna, Macrofotografia",False,False,0.1241
Maus Tratos de Animal,Terreno Baldio,0,8,1,2023-12-29 20:02:00,DRFC (Furtos),Luz forense/lanterna,False,False,0.1111
Local de Estupro e/ou Veículo Envolvido em Estupro,Estabelecimento Comercial,0,32,4,2023-09-21 05:24:00,3ª DP,Macrofotografia,True,False,0.8761
Explosão (com vítima),Pátio,3,49,1,2023-03-16 14:36:00,3ª DP,"Empoamento, Luz forense/lanterna",True,True,0.6822
Eletroplessão,Terreno Baldio,4,12,2,2023-04-12 15:48:00,DCA (Criança e Adolescente),Empoamento,True,False,0.3455
Explosão (com vítima),Terreno Baldio,7,25,0,2023-08-27 17:21:00,DEAM (Mulher),Luz forense/lanterna,True,True,0.6582
Ossada Encontrada,Via Pública,1,27,0,2023-08-17 20:40:00,DCA (Criança e Adolescente),Luz forense/lanterna,True,True,0.4914
Incêndio (sem vítima),Pátio,6,7,1,2023-09-28 17:28:00,2ª DP,Macrofotografia,True,True,0.4647
Tentativa de Homicídio,Pátio,4,18,1,2023-09-05 03:18:00,3ª DP,"Luz forense/lanterna, Empoamento",True,True,0.9857
Desmanche de Veículos,Estabelecimento Comercial,1,12,0,2023-02-04 11:58:00,2ª DP,"Macrofotografia, Luz forense/lanterna",True,False,0.2828
Roubo Com Estupro,Residência,0,30,4,2023-07-11 09:33:00,1ª DP,"Empoamento, Macrofotografia",False,True,0.858
Violação de Sepultura,DP,0,14,0,2023-07-06 14:00:00,DHPP (Homicídios),"Luz forense/lanterna, Macrofotografia, Empoamento",False,False,0.1484
Incêndio (sem vítima),Via Pública,1,9,3,2023-01-30 23:52:00,1ª DP,Macrofotografia,False,False,0.1931
Violação de Domicílio,Pátio,2,6,0,2023-09-19 15:34:00,1ª DP,Empoamento,True,False,0.3265
Receptação,DP,0,12,1,2023-03-21 07:44:00,3ª DP,"Macrofotografia, Luz forense/lanterna, Empoamento",False,True,0.2845
Morte Aparentemente Natural,Área Rural,1,22,0,2023-07-17 00:00:00,2ª DP,Macrofotografia,False,False,0.1238
Roubo,Pátio,2,31,1,2023-03-29 22:55:00,DRFC (Furtos),Luz forense/lanterna,True,True,0.7038
Dano,DP,1,15,0,2023-10-15 00:23:00,2ª DP,"Empoamento, Macrofotografia",False,True,0.3377
Furto,DP,0,12,5,2023-05-21 03:48:00,DEAM (Mulher),"Luz forense/lanterna, Macrofotografia, Empoamento",True,False,0.3378
Furto d'água,Residência,1,5,0,2023-05-24 07:36:00,DHPP (Homicídios),"Empoamento, Macrofotografia",False,False,0.1995
Estelionato,Residência,1,17,0,2023-12-14 11:02:00,DCA (Criança e Adolescente),Macrofotografia,False,False,0.1542
Furto Qualificado (arrombamento),DP,1,5,1,2023-01-28 16:06:00,DCA (Criança e Adolescente),"Luz forense/lanterna, Empoamento",False,False,0.1297
Aborto,Terreno Baldio,4,5,0,2023-10-25 17:30:00,DCA (Criança e Adolescente),"Luz forense/lanterna, Empoamento",False,False,0.123
Incêndio (sem vítima),Hospital,0,18,3,2023-12-28 10:41:00,DRFC (Furtos),"Luz forense/lanterna, Macrofotografia",False,True,0.2855
Explosão (com vítima),Terreno Baldio,5,11,0,2023-09-29 06:28:00,1ª DP,"Luz forense/lanterna, Empoamento, Macrofotografia",True,False,0.5912
Furto d'água,Pátio,4,87,2,2023-07-16 02:24:00,DCA (Criança e Adolescente),Macrofotografia,False,False,0.1988
Roubo,DP,2,21,0,2023-07-15 14:36:00,3ª DP,Macrofotografia,False,False,0.4054
Marca em Animal,Residência,8,45,1,2023-01-13 23:27:00,DHPP (Homicídios),"Luz forense/lanterna, Macrofotografia, Empoamento",True,False,0.3432
Tentativa de Suicídio,Área Rural,3,63,0,2023-01-20 11:38:00,DHPP (Homicídios),"Luz forense/lanterna, Macrofotografia",False,False,0.1304
Explosão (com vítima),Via Pública,9,61,0,2023-08-04 05:16:00,DRFC (Furtos),"Empoamento, Macrofotografia, Luz forense/lanterna",False,False,0.4026
Furto em Interior de Veículo,Estabelecimento Comercial,2,11,2,2023-08-19 04:32:00,DCA (Criança e Adolescente),"Macrofotografia, Luz forense/lanterna, Empoamento",False,False,0.1193
Tráfico de Entorpecentes,Terreno Baldio,3,28,0,2023-11-04 06:57:00,DCA (Criança e Adolescente),"Empoamento, Macrofotografia, Luz forense/lanterna",False,False,0.1657
Estelionato,Terreno Baldio,1,5,0,2023-12-13 12:08:00,DRFC (Furtos),Luz forense/lanterna,True,False,0.2749
Feto Encontrado,Residência,0,35,4,2023-11-02 10:21:00,DCA (Criança e Adolescente),"Luz forense/lanterna, Empoamento",True,False,0.8285
Incêndio (com vítima),Residência,0,43,0,2023-11-07 17:54:00,1ª DP,Macrofotografia,True,False,0.5063
Cadáver Encontrado,Área Rural,3,23,0,2023-06-30 22:27:00,DHPP (Homicídios),"Macrofotografia, Luz forense/lanterna",True,False,0.2753
Ossada Encontrada,Hospital,0,35,1,2023-07-30 20:42:00,DEAM (Mulher),"Macrofotografia, Luz forense/lanterna",False,True,0.3485
Ameaça,Hospital,6,7,0,2023-03-24 22:26:00,3ª DP,Empoamento,True,False,0.3366
Tráfico de Entorpecentes,DP,0,20,1,2023-04-21 01:11:00,DCA (Criança e Adolescente),"Macrofotografia, Luz forense/lanterna, Empoamento",False,False,0.1821
Afogamento,Terreno Baldio,1,10,5,2023-12-12 18:13:00,3ª DP,"Macrofotografia, Luz forense/lanterna, Empoamento",False,True,0.3277
Adulteração de Placa e/ou Lacre,DP,6,11,8,2023-11-25 06:56:00,3ª DP,Macrofotografia,True,False,0.3405
Suicídio,Residência,3,56,1,2023-10-07 20:28:00,3ª DP,"Empoamento, Luz forense/lanterna",False,False,0.1687
Dano Seguido de Lesão Corporal,Residência,4,146,0,2023-05-28 08:08:00,DCA (Criança e Adolescente),"Macrofotografia, Luz forense/lanterna",True,False,0.5758
Explosão (com vítima),Residência,3,10,2,2023-04-04 08:26:00,DCA (Criança e Adolescente),"Luz forense/lanterna, Empoamento",False,False,0.3937
Veículo Localizado (furtado ou roubado),Via Pública,0,23,1,2023-10-25 16:03:00,3ª DP,"Macrofotografia, Empoamento, Luz forense/lanterna",True,False,0.2652
Pichação,Estabelecimento Comercial,14,66,2,2023-01-22 17:20:00,1ª DP,"Luz forense/lanterna, Empoamento",False,False,0.1165
Lesão Corporal,DP,3,25,6,2023-12-20 10:22:00,DEAM (Mulher),"Macrofotografia, Luz forense/lanterna, Empoamento",True,True,0.7028
Disparo de Arma de Fogo,Terreno Baldio,0,24,0,2023-02-03 15:31:00,DEAM (Mulher),"Empoamento, Macrofotografia, Luz forense/lanterna",True,True,0.6856
Extorsão,Via Pública,8,19,0,2023-10-23 10:37:00,DCA (Criança e Adolescente),"Luz forense/lanterna, Empoamento",False,False,0.4208
Morte Aparentemente Natural,Área Rural,4,58,0,2023-06-08 05:41:00,DEAM (Mulher),"Empoamento, Macrofotografia",False,False,0.1192
Violação de Domicílio,Hospital,0,13,0,2023-01-22 09:02:00,DRFC (Furtos),"Empoamento, Luz forense/lanterna",False,False,0.1755
Desmanche de Veículos,Pátio,1,14,1,2023-01-09 15:41:00,DCA (Criança e Adolescente),Macrofotografia,True,False,0.3378
Desmanche de Veículos,Via Pública,5,17,0,2023-06-13 20:53:00,DEAM (Mulher),"Macrofotografia, Luz forense/lanterna",False,False,0.1334
Furto em Interior de Veículo,Área Rural,1,17,1,2023-03-10 02:54:00,2ª DP,"Macrofotografia, Luz forense/lanterna, Empoamento",True,True,0.4881
Morte Aparentemente Natural,Via Pública,2,33,0,2023-10-10 01:41:00,DHPP (Homicídios),"Empoamento, Macrofotografia, Luz forense/lanterna",True,False,0.2735
Adulteração de Placa e/ou Lacre,Área Rural,0,16,1,2023-08-11 02:43:00,2ª DP,"Empoamento, Macrofotografia, Luz forense/lanterna",True,True,0.4153
Violação de Domicílio,DP,0,8,2,2023-09-21 20:16:00,2ª DP,"Macrofotografia, Empoamento",True,True,0.4668
Estelionato,Residência,1,29,1,2023-04-19 11:00:00,1ª DP,"Empoamento, Luz forense/lanterna, Macrofotografia",True,False,0.2662
Extorsão,Via Pública,0,14,0,2023-09-17 06:26:00,DCA (Criança e Adolescente),"Empoamento, Luz forense/lanterna, Macrofotografia",False,False,0.3644
Receptação,Residência,1,7,0,2023-10-11 21:17:00,DCA (Criança e Adolescente),Luz forense/lanterna,True,False,0.2586
Incêndio (sem vítima),Via Pública,2,45,3,2023-10-10 00:12:00,DEAM (Mulher),"Luz forense/lanterna, Empoamento, Macrofotografia",True,True,0.4812
Furto,Terreno Baldio,0,12,0,2023-08-26 17:33:00,1ª DP,"Macrofotografia, Luz forense/lanterna, Empoamento",True,True,0.4191
Abandono de Incapaz,DP,0,23,2,2023-10-29 16:13:00,DHPP (Homicídios),"Empoamento, Macrofotografia",True,False,0.8259
Ossada Encontrada,Estabelecimento Comercial,0,10,1,2023-11-21 20:05:00,DEAM (Mulher),"Luz forense/lanterna, Macrofotografia, Empoamento",True,True,0.4568
Latrocínio e/ou Tentativa de Latrocínio,Hospital,0,17,0,2023-02-06 15:02:00,2ª DP,"Macrofotografia, Empoamento, Luz forense/lanterna",False,False,0.7438
Violação de Domicílio,Pátio,3,13,0,2023-07-31 04:06:00,3ª DP,"Empoamento, Macrofotografia",False,True,0.3084
Extorsão,DP,0,12,0,2023-02-13 20:38:00,DCA (Criança e Adolescente),"Luz forense/lanterna, Empoamento",False,True,0.5039
Latrocínio e/ou Tentativa de Latrocínio,Via Pública,0,58,1,2023-01-28 09:32:00,DEAM (Mulher),"Macrofotografia, Luz forense/lanterna, Empoamento",True,True,0.9812
Homicídio,Área Rural,0,20,6,2023-04-11 20:19:00,3ª DP,Empoamento,True,False,0.8205
Incêndio (sem vítima),DP,4,10,2,2023-04-12 23:03:00,DCA (Criança e Adolescente),"Empoamento, Macrofotografia",True,False,0.2603
Furto de Energia Elétrica ou Termodinâmica,Terreno Baldio,1,19,0,2023-10-28 00:44:00,1ª DP,"Luz forense/lanterna, Empoamento, Macrofotografia",False,True,0.3127
Furto d'água,Via Pública,1,38,0,2023-01-04 23:41:00,1ª DP,Empoamento,True,True,0.4054
Infanticídio,Estabelecimento Comercial,2,19,2,2023-03-05 03:16:00,DEAM (Mulher),"Empoamento, Luz forense/lanterna, Macrofotografia",False,True,0.8713
Feminicídio,Pátio,6,6,0,2023-04-15 23:19:00,DHPP (Homicídios),Macrofotografia,True,False,0.8561
Suicídio,Hospital,0,20,1,2023-06-17 12:54:00,1ª DP,"Macrofotografia, Luz forense/lanterna, Empoamento",True,True,0.4386
Furto em Interior de Veículo,Residência,2,17,0,2023-08-20 21:10:00,DRFC (Furtos),"Macrofotografia, Empoamento, Luz forense/lanterna",False,False,0.1016
Adulteração de Placa e/ou Lacre,Estabelecimento Comercial,4,15,0,2023-04-19 12:11:00,DHPP (Homicídios),"Empoamento, Macrofotografia, Luz forense/lanterna",True,False,0.3301
Roubo Com Estupro,Estabelecimento Comercial,1,14,4,2023-11-12 10:51:00,3ª DP,"Empoamento, Luz forense/lanterna",True,False,0.8134
Furto,DP,5,30,0,2023-03-30 01:44:00,DEAM (Mulher),"Empoamento, Macrofotografia, Luz forense/lanterna",True,False,0.2695
Arremesso de Projétil,Hospital,2,70,1,2023-05-30 04:47:00,2ª DP,"Luz forense/lanterna, Macrofotografia",True,False,0.2917
Marca em Animal,DP,7,40,2,2023-06-17 06:57:00,DRFC (Furtos),"Macrofotografia, Empoamento",True,False,0.3075
Disparo de Arma de Fogo,Pátio,0,27,0,2023-02-17 14:51:00,DEAM (Mulher),"Empoamento, Macrofotografia",False,True,0.5544
Furto,Hospital,2,8,0,2023-04-22 12:25:00,DRFC (Furtos),"Macrofotografia, Luz forense/lanterna, Empoamento",True,False,0.2791
Disparo de Arma de Fogo,Terreno Baldio,0,163,7,2023-02-05 19:14:00,1ª DP,"Macrofotografia, Empoamento",False,True,0.5673
Violação de Domicílio,Residência,3,37,0,2023-03-23 06:12:00,DRFC (Furtos),"Luz forense/lanterna, Macrofotografia",False,True,0.2605
Violação de Domicílio,Terreno Baldio,3,107,0,2023-04-09 14:48:00,1ª DP,"Luz forense/lanterna, Macrofotografia, Empoamento",False,False,0.1688
Morte Aparentemente Natural,Via Pública,0,59,3,2023-08-26 00:34:00,1ª DP,"Empoamento, Luz forense/lanterna, Macrofotografia",False,False,0.1958
Latrocínio e/ou Tentativa de Latrocínio,DP,1,20,5,2023-12-06 23:39:00,DCA (Criança e Adolescente),Macrofotografia,False,False,0.7266
Ossada Encontrada,Estabelecimento Comercial,4,44,1,2023-06-04 09:38:00,3ª DP,"Empoamento, Macrofotografia",False,True,0.3323
Feto Encontrado,Área Rural,1,8,5,2023-03-30 16:48:00,2ª DP,"Empoamento, Luz forense/lanterna",False,True,0.836
Receptação,Estabelecimento Comercial,0,13,1,2023-09-30 00:20:00,1ª DP,Empoamento,False,False,0.1194
Violação de Sepultura,Residência,0,11,2,2023-02-03 01:23:00,2ª DP,"Luz forense/lanterna, Macrofotografia",False,False,0.1271
Roubo,Residência,0,11,1,2023-09-10 20:02:00,2ª DP,"Luz forense/lanterna, Empoamento, Macrofotografia",False,False,0.3604
Furto d'água,Residência,0,13,3,2023-01-25 12:08:00,1ª DP,Macrofotografia,False,True,0.3419
Furto,Área Rural,6,49,1,2023-07-23 04:03:00,3ª DP,Luz forense/lanterna,False,True,0.2564
Furto em Interior de Veículo,Terreno Baldio,0,20,1,2023-05-02 23:58:00,2ª DP,"Macrofotografia, Empoamento",False,False,0.1356
Desmanche de Veículos,Hospital,7,21,0,2023-07-29 01:54:00,1ª DP,Macrofotografia,True,False,0.3205
Estelionato,Hospital,2,50,1,2023-02-17 05:10:00,DEAM (Mulher),"Luz forense/lanterna, Macrofotografia",False,False,0.1854
Furto Qualificado (arrombamento),Estabelecimento Comercial,1,17,0,2023-10-31 05:32:00,DEAM (Mulher),Empoamento,True,False,0.2708
Local de Estupro e/ou Veículo Envolvido em Estupro,Pátio,1,15,3,2023-11-20 15:05:00,2ª DP,"Empoamento, Macrofotografia, Luz forense/lanterna",True,False,0.8349
Eletroplessão,Pátio,0,8,0,2023-05-15 09:12:00,3ª DP,"Luz forense/lanterna, Macrofotografia, Empoamento",False,False,0.1459
Incêndio (sem vítima),Hospital,0,36,2,2023-08-24 00:48:00,DCA (Criança e Adolescente),"Macrofotografia, Luz forense/lanterna",False,True,0.32
Morte Aparentemente Natural,Via Pública,0,94,4,2023-10-28 01:44:00,DHPP (Homicídios),"Luz forense/lanterna, Empoamento, Macrofotografia",True,True,0.4456
Homicídio,Terreno Baldio,2,19,4,2023-09-29 06:23:00,DHPP (Homicídios),Macrofotografia,False,False,0.6659
Roubo Com Estupro,DP,1,40,1,2023-07-02 06:03:00,DHPP (Homicídios),"Macrofotografia, Empoamento",True,True,1.0
Extorsão,Área Rural,0,15,3,2023-11-28 21:52:00,DRFC (Furtos),"Luz forense/lanterna, Empoamento, Macrofotografia",True,True,0.6537
Disparo de Arma de Fogo,Residência,6,17,0,2023-07-12 04:21:00,DRFC (Furtos),Empoamento,True,False,0.5591
Furto em Interior de Veículo,Pátio,1,18,4,2023-12-24 02:41:00,2ª DP,"Luz forense/lanterna, Empoamento",False,False,0.1413
Disparo de Arma de Fogo,Hospital,2,10,1,2023-02-21 19:38:00,DEAM (Mulher),Macrofotografia,True,False,0.5183
Abandono de Incapaz,Terreno Baldio,1,27,1,2023-05-08 21:03:00,3ª DP,"Empoamento, Luz forense/lanterna",True,False,0.874
Ameaça,Área Rural,0,8,1,2023-06-07 00:53:00,DRFC (Furtos),"Macrofotografia, Luz forense/lanterna, Empoamento",True,True,0.4886
Ameaça,Área Rural,15,32,1,2023-07-06 01:42:00,2ª DP,"Empoamento, Luz forense/lanterna, Macrofotografia",True,False,0.3471
Roubo Com Estupro,Área Rural,6,11,1,2023-02-19 09:33:00,DHPP (Homicídios),"Macrofotografia, Empoamento",False,False,0.6735
Incêndio (com vítima),Área Rural,7,14,1,2023-10-01 18:19:00,DCA (Criança e Adolescente),Empoamento,True,False,0.5074
Eletroplessão,Área Rural,1,5,0,2023-06-02 10:35:00,2ª DP,"Macrofotografia, Luz forense/lanterna, Empoamento",True,False,0.2999
Furto,Via Pública,3,18,1,2023-06-15 16:41:00,DCA (Criança e Adolescente),Macrofotografia,False,False,0.1721
Explosão (sem vítima),Hospital,4,6,3,2023-02-12 20:22:00,DEAM (Mulher),Empoamento,True,True,0.4482
Furto d'água,Pátio,0,8,0,2023-12-27 10:42:00,DEAM (Mulher),"Luz forense/lanterna, Macrofotografia, Empoamento",False,False,0.1117
Disparo de Arma de Fogo,Hospital,10,30,1,2023-08-23 14:42:00,3ª DP,"Luz forense/lanterna, Macrofotografia",True,False,0.5545
Tráfico de Entorpecentes,Área Rural,2,10,1,2023-10-28 20:38:00,2ª DP,"Luz forense/lanterna, Macrofotografia, Empoamento",False,False,0.1116
Furto d'água,Terreno Baldio,1,17,1,2023-08-02 03:59:00,DEAM (Mulher),"Luz forense/lanterna, Macrofotografia, Empoamento",False,False,0.1733
Tráfico de Entorpecentes,Via Pública,2,5,0,2023-09-08 07:29:00,DEAM (Mulher),Macrofotografia,True,False,0.2753
Infanticídio,Área Rural,0,14,0,2023-05-21 19:56:00,DHPP (Homicídios),Macrofotografia,False,False,0.7134
Local de Estupro e/ou Veículo Envolvido em Estupro,Via Pública,0,51,4,2023-01-27 07:41:00,DEAM (Mulher),Macrofotografia,True,True,1.0
Extorsão,Terreno Baldio,0,25,5,2023-04-08 00:02:00,2ª DP,"Macrofotografia, Empoamento",True,False,0.5228
Furto em Interior de Veículo,Residência,4,12,2,2024-01-01 08:15:00,DCA (Criança e Adolescente),"Macrofotografia, Luz forense/lanterna, Empoamento",False,True,0.3091
Veículo Localizado (furtado ou roubado),Pátio,3,24,0,2023-03-27 03:32:00,DEAM (Mulher),"Empoamento, Luz forense/lanterna",True,False,0.3448
Desmanche de Veículos,Estabelecimento Comercial,0,10,0,2023-02-08 20:29:00,3ª DP,"Macrofotografia, Empoamento",True,False,0.2855
Explosão (com vítima),Estabelecimento Comercial,0,6,4,2023-04-25 09:49:00,DEAM (Mulher),Macrofotografia,True,True,0.7496
Receptação,Pátio,1,32,0,2023-07-12 13:39:00,DRFC (Furtos),"Empoamento, Luz forense/lanterna, Macrofotografia",True,False,0.2717
Tentativa de Homicídio,Terreno Baldio,0,28,1,2023-01-20 11:46:00,DEAM (Mulher),Macrofotografia,False,False,0.6597
Arremesso de Projétil,Residência,0,38,3,2023-08-19 23:56:00,DHPP (Homicídios),"Luz forense/lanterna, Macrofotografia",False,False,0.1065
Furto de Energia Elétrica ou Termodinâmica,DP,0,51,0,2023-09-10 20:05:00,3ª DP,"Luz forense/lanterna, Empoamento, Macrofotografia",True,False,0.2832
Furto d'água,Estabelecimento Comercial,1,25,3,2023-06-22 02:23:00,3ª DP,"Empoamento, Macrofotografia, Luz forense/lanterna",True,True,0.4211
Furto em Interior de Veículo,Estabelecimento Comercial,0,54,8,2023-03-10 00:54:00,DCA (Criança e Adolescente),Macrofotografia,True,True,0.4609
Lesão Corporal,DP,1,7,6,2023-03-27 17:07:00,DHPP (Homicídios),"Macrofotografia, Luz forense/lanterna",False,True,0.5276
Ossada Encontrada,Residência,3,21,0,2023-05-31 17:06:00,DRFC (Furtos),"Macrofotografia, Empoamento, Luz forense/lanterna",True,True,0.4036
Disparo de Arma de Fogo,Terreno Baldio,5,6,0,2023-09-10 07:51:00,DEAM (Mulher),"Empoamento, Luz forense/lanterna, Macrofotografia",True,False,0.5549
Feminicídio,DP,0,31,0,2023-10-05 11:13:00,DRFC (Furtos),Empoamento,True,False,0.8926
Arremesso de Projétil,Área Rural,0,10,0,2023-07-09 13:46:00,1ª DP,"Luz forense/lanterna, Empoamento, Macrofotografia",True,False,0.2645
Afogamento,Residência,0,13,0,2023-06-14 15:20:00,3ª DP,Luz forense/lanterna,False,False,0.1954
Dano,Pátio,3,15,7,2023-10-02 11:20:00,1ª DP,"Empoamento, Luz forense/lanterna",False,False,0.101
Ameaça,Pátio,0,17,1,2023-07-19 10:36:00,DRFC (Furtos),Macrofotografia,True,True,0.4272
Latrocínio e/ou Tentativa de Latrocínio,Área Rural,3,7,0,2023-09-06 06:13:00,DRFC (Furtos),"Macrofotografia, Empoamento",False,True,0.831
Exercício Arbitrário das Próprias Razões,Estabelecimento Comercial,3,46,0,2023-11-09 10:45:00,DRFC (Furtos),"Empoamento, Macrofotografia, Luz forense/lanterna",True,True,0.4045
Tentativa de Suicídio,Pátio,1,12,3,2023-08-25 03:40:00,1ª DP,"Empoamento, Luz forense/lanterna, Macrofotografia",False,True,0.2584
Lesão Corporal,Pátio,0,44,1,2023-04-06 19:10:00,2ª DP,"Empoamento, Luz forense/lanterna",True,False,0.5632
Veículo Localizado (furtado ou roubado),Estabelecimento Comercial,2,73,2,2023-09-22 23:01:00,2ª DP,Empoamento,False,False,0.149
Suicídio,Estabelecimento Comercial,0,44,0,2023-12-02 17:49:00,DCA (Criança e Adolescente),"Empoamento, Luz forense/lanterna, Macrofotografia",True,False,0.2875
Disparo de Arma de Fogo,Área Rural,3,31,8,2023-06-10 02:01:00,2ª DP,"Empoamento, Luz forense/lanterna, Macrofotografia",False,True,0.5106
Dano Seguido de Lesão Corporal,Estabelecimento Comercial,1,16,0,2023-02-05 21:08:00,DHPP (Homicídios),"Luz forense/lanterna, Macrofotografia",False,False,0.4239
Disparo de Arma de Fogo,Estabelecimento Comercial,3,30,2,2023-06-26 21:48:00,DCA (Criança e Adolescente),"Macrofotografia, Empoamento",True,False,0.5236
Maus Tratos de Animal,DP,5,22,2,2023-04-23 13:36:00,DHPP (Homicídios),"Macrofotografia, Luz forense/lanterna, Empoamento",False,True,0.3319
Morte Aparentemente Natural,Estabelecimento Comercial,0,64,1,2023-03-03 00:03:00,DHPP (Homicídios),"Macrofotografia, Luz forense/lanterna, Empoamento",False,True,0.3052
Roubo,Pátio,1,14,4,2023-06-11 10:36:00,1ª DP,Empoamento,False,False,0.3588
Furto de Energia Elétrica ou Termodinâmica,Área Rural,2,11,1,2023-11-13 18:55:00,2ª DP,Macrofotografia,True,True,0.4321
Dano Seguido de Lesão Corporal,Pátio,3,6,0,2023-08-20 21:38:00,DCA (Criança e Adolescente),"Macrofotografia, Empoamento",False,False,0.3547
Tentativa de Homicídio,Residência,5,24,4,2023-05-28 11:36:00,DCA (Criança e Adolescente),"Luz forense/lanterna, Macrofotografia, Empoamento",False,True,0.8374
Arremesso de Projétil,DP,0,20,6,2023-01-28 19:14:00,3ª DP,"Luz forense/lanterna, Empoamento",False,False,0.1599
Maus Tratos de Animal,Pátio,0,19,9,2023-11-23 14:05:00,3ª DP,"Luz forense/lanterna, Empoamento",True,False,0.2709
Furto de Energia Elétrica ou Termodinâmica,Hospital,2,56,0,2023-01-16 20:25:00,DEAM (Mulher),"Empoamento, Macrofotografia, Luz forense/lanterna",True,False,0.2924
Furto Qualificado (arrombamento),Residência,5,18,2,2023-03-18 18:43:00,DHPP (Homicídios),"Empoamento, Macrofotografia",False,True,0.3371
Disparo de Arma de Fogo,Residência,0,40,1,2023-04-05 09:31:00,DCA (Criança e Adolescente),"Empoamento, Luz forense/lanterna, Macrofotografia",False,False,0.3801
Pichação,Via Pública,1,8,1,2023-07-31 02:13:00,DCA (Criança e Adolescente),"Empoamento, Luz forense/lanterna, Macrofotografia",False,False,0.1196
Violação de Sepultura,Hospital,7,24,1,2023-02-06 06:58:00,DRFC (Furtos),"Macrofotografia, Luz forense/lanterna, Empoamento",False,True,0.3094
Arremesso de Projétil,Área Rural,9,34,0,2023-11-26 22:28:00,2ª DP,"Luz forense/lanterna, Empoamento",True,True,0.4272
Furto em Interior de Veículo,Pátio,3,26,1,2023-04-24 12:04:00,DHPP (Homicídios),"Macrofotografia, Empoamento, Luz forense/lanterna",False,False,0.1179
Marca em Animal,Residência,0,32,0,2023-07-25 11:13:00,2ª DP,"Macrofotografia, Luz forense/lanterna",False,True,0.2962
Tentativa de Suicídio,DP,1,10,2,2023-03-17 20:36:00,2ª DP,"Luz forense/lanterna, Empoamento, Macrofotografia",True,False,0.2878
Dano Seguido de Lesão Corporal,DP,7,13,2,2023-08-01 05:51:00,DRFC (Furtos),"Empoamento, Macrofotografia",False,True,0.5213
Ameaça,Pátio,8,14,4,2023-12-08 02:23:00,1ª DP,"Luz forense/lanterna, Empoamento",True,False,0.2898
Maus Tratos de Animal,Área Rural,1,16,2,2023-07-06 13:55:00,DRFC (Furtos),Macrofotografia,False,False,0.1557
Adulteração de Placa e/ou Lacre,Hospital,0,29,2,2023-04-22 06:40:00,DEAM (Mulher),"Empoamento, Luz forense/lanterna, Macrofotografia",True,True,0.4731
Suicídio,Terreno Baldio,1,28,1,2023-04-03 04:10:00,DCA (Criança e Adolescente),Empoamento,True,False,0.3407
Roubo,Área Rural,4,126,1,2023-05-04 00:02:00,3ª DP,"Empoamento, Macrofotografia, Luz forense/lanterna",False,False,0.4269
Furto,DP,10,12,1,2023-10-21 06:16:00,2ª DP,"Macrofotografia, Empoamento",False,False,0.1208
Exercício Arbitrário das Próprias Razões,Estabelecimento Comercial,15,12,2,2023-08-20 07:10:00,DCA (Criança e Adolescente),Luz forense/lanterna,True,False,0.3107
Roubo,Residência,1,86,0,2023-09-09 08:02:00,1ª DP,"Luz forense/lanterna, Empoamento, Macrofotografia",True,True,0.7295
Furto Qualificado (arrombamento),DP,1,16,2,2023-04-30 00:29:00,1ª DP,"Macrofotografia, Empoamento, Luz forense/lanterna",True,True,0.4012
Ossada Encontrada,Estabelecimento Comercial,0,16,1,2023-08-27 19:28:00,3ª DP,Macrofotografia,False,False,0.1207
Homicídio,Terreno Baldio,2,37,5,2023-04-29 07:00:00,2ª DP,Macrofotografia,True,False,0.8252
Feto Encontrado,Estabelecimento Comercial,2,11,0,2023-08-10 17:37:00,DEAM (Mulher),"Luz forense/lanterna, Empoamento, Macrofotografia",False,False,0.7302
Disparo de Arma de Fogo,Área Rural,0,9,14,2023-06-23 14:50:00,2ª DP,Macrofotografia,False,False,0.4193
Veículo Localizado (furtado ou roubado),Área Rural,2,19,2,2023-11-07 00:56:00,DHPP (Homicídios),"Macrofotografia, Luz forense/lanterna",True,False,0.273
Adulteração de Placa e/ou Lacre,Residência,7,12,0,2023-03-10 21:05:00,2ª DP,Macrofotografia,False,False,0.1355
Abandono de Incapaz,Hospital,3,7,2,2023-11-25 00:16:00,3ª DP,Macrofotografia,False,False,0.7008
Ossada Encontrada,DP,0,39,1,2023-01-10 10:00:00,DHPP (Homicídios),Luz forense/lanterna,True,True,0.4551
Ameaça,Pátio,1,14,4,2023-02-06 01:06:00,2ª DP,"Luz forense/lanterna, Macrofotografia, Empoamento",True,True,0.4518
Explosão (com vítima),Estabelecimento Comercial,1,17,0,2023-10-28 06:46:00,DHPP (Homicídios),"Luz forense/lanterna, Macrofotografia",True,False,0.5318
Latrocínio e/ou Tentativa de Latrocínio,Hospital,2,17,1,2023-12-31 18:02:00,1ª DP,"Luz forense/lanterna, Macrofotografia",False,True,0.8343
Ossada Encontrada,Área Rural,4,17,2,2023-06-04 04:53:00,DHPP (Homicídios),"Empoamento, Luz forense/lanterna",True,True,0.4704
Latrocínio e/ou Tentativa de Latrocínio,DP,3,28,0,2023-06-02 03:46:00,DEAM (Mulher),"Empoamento, Macrofotografia",True,True,1.0
Morte Aparentemente Natural,Estabelecimento Comercial,1,14,2,2023-05-31 10:53:00,2ª DP,"Empoamento, Macrofotografia",False,True,0.2911
Violação de Sepultura,Estabelecimento Comercial,0,35,4,2023-01-14 17:28:00,DEAM (Mulher),"Luz forense/lanterna, Empoamento, Macrofotografia",False,False,0.1825
Cadáver Encontrado,Residência,3,32,4,2023-03-10 15:04:00,3ª DP,Macrofotografia,False,True,0.258
Adulteração de Placa e/ou Lacre,Hospital,2,20,1,2023-12-18 13:20:00,DCA (Criança e Adolescente),Macrofotografia,False,False,0.1243
Furto em Interior de Veículo,DP,3,10,0,2023-08-28 06:27:00,DCA (Criança e Adolescente),Empoamento,True,False,0.308
Feto Encontrado,Hospital,0,6,0,2023-07-23 01:25:00,1ª DP,Luz forense/lanterna,False,True,0.8699
Local de Estupro e/ou Veículo Envolvido em Estupro,Hospital,0,42,2,2023-03-03 18:27:00,3ª DP,"Macrofotografia, Empoamento, Luz forense/lanterna",True,True,0.9742
Latrocínio e/ou Tentativa de Latrocínio,DP,0,17,0,2023-06-10 07:33:00,1ª DP,"Luz forense/lanterna, Empoamento, Macrofotografia",True,True,0.9796
Adulteração de Placa e/ou Lacre,Via Pública,0,12,3,2023-03-21 23:28:00,3ª DP,"Empoamento, Macrofotografia",True,False,0.3215
Arremesso de Projétil,DP,2,16,2,2023-08-15 23:43:00,1ª DP,Empoamento,True,False,0.2907
Furto d'água,Via Pública,6,38,0,2023-12-31 14:11:00,DCA (Criança e Adolescente),"Empoamento, Luz forense/lanterna",False,False,0.1287
Incêndio (sem vítima),Estabelecimento Comercial,0,13,0,2023-12-03 11:23:00,DHPP (Homicídios),"Macrofotografia, Empoamento, Luz forense/lanterna",False,False,0.1243
Furto,DP,3,13,0,2023-11-23 22:14:00,DRFC (Furtos),"Macrofotografia, Empoamento, Luz forense/lanterna",False,False,0.1192
Abandono de Incapaz,DP,5,13,1,2023-08-05 08:16:00,3ª DP,"Empoamento, Macrofotografia, Luz forense/lanterna",True,True,1.0
Dano,Residência,0,8,1,2023-03-18 09:24:00,3ª DP,Macrofotografia,True,True,0.4131
Feto Encontrado,Estabelecimento Comercial,3,11,1,2023-03-21 06:43:00,DRFC (Furtos),"Empoamento, Macrofotografia",True,True,0.9979
Maus Tratos de Animal,Pátio,4,43,0,2023-05-20 05:56:00,DCA (Criança e Adolescente),"Empoamento, Luz forense/lanterna, Macrofotografia",True,False,0.2562
Ossada Encontrada,DP,1,5,1,2023-08-04 21:23:00,1ª DP,Empoamento,True,False,0.3228
Incêndio (com vítima),Via Pública,0,22,1,2023-06-26 02:59:00,2ª DP,Macrofotografia,True,True,0.6748
Explosão (com vítima),Estabelecimento Comercial,0,22,4,2023-10-08 12:24:00,DHPP (Homicídios),"Empoamento, Luz forense/lanterna, Macrofotografia",True,False,0.5172
Ameaça,Hospital,5,5,3,2023-05-23 14:47:00,2ª DP,"Empoamento, Luz forense/lanterna, Macrofotografia",True,False,0.2805
Ameaça,Pátio,0,8,2,2023-04-04 13:09:00,1ª DP,Empoamento,True,False,0.3124
Morte Aparentemente Natural,DP,0,108,0,2023-12-10 20:58:00,DHPP (Homicídios),"Macrofotografia, Empoamento",True,False,0.3492
Furto de Energia Elétrica ou Termodinâmica,Pátio,6,7,2,2023-07-20 10:54:00,DHPP (Homicídios),Luz forense/lanterna,False,False,0.1315
Tentativa de Homicídio,Residência,2,57,0,2023-05-14 17:27:00,DRFC (Furtos),Macrofotografia,False,True,0.8895
Marca em Animal,Área Rural,1,23,0,2023-08-02 16:01:00,DCA (Criança e Adolescente),"Empoamento, Luz forense/lanterna, Macrofotografia",True,False,0.27
Eletroplessão,Via Pública,0,26,0,2023-11-23 10:35:00,DHPP (Homicídios),Macrofotografia,True,False,0.3312
Furto Qualificado (arrombamento),DP,2,26,2,2023-04-06 02:17:00,DEAM (Mulher),Luz forense/lanterna,False,True,0.2867
Roubo Com Estupro,Residência,2,5,2,2023-12-25 18:33:00,DEAM (Mulher),"Luz forense/lanterna, Empoamento",False,True,0.8265
Incêndio (sem vítima),DP,0,18,4,2023-01-27 02:26:00,DCA (Criança e Adolescente),"Empoamento, Macrofotografia, Luz forense/lanterna",True,False,0.27
Violação de Sepultura,Terreno Baldio,0,13,0,2023-09-13 08:43:00,DRFC (Furtos),"Macrofotografia, Luz forense/lanterna",True,True,0.4641
Furto de Energia Elétrica ou Termodinâmica,Via Pública,3,24,1,2023-01-06 14:05:00,3ª DP,Luz forense/lanterna,False,False,0.1901
Tentativa de Suicídio,Residência,5,31,0,2023-10-28 10:50:00,2ª DP,"Empoamento, Macrofotografia, Luz forense/lanterna",True,False,0.3483
Arremesso de Projétil,Estabelecimento Comercial,5,24,8,2023-08-30 21:09:00,DCA (Criança e Adolescente),"Luz forense/lanterna, Macrofotografia",False,False,0.1179
Feto Encontrado,Via Pública,8,34,1,2023-11-27 05:48:00,1ª DP,"Macrofotografia, Empoamento",True,True,1.0
Ossada Encontrada,Residência,1,12,2,2023-06-15 06:03:00,DCA (Criança e Adolescente),"Empoamento, Macrofotografia, Luz forense/lanterna",True,True,0.4911
Furto de Energia Elétrica ou Termodinâmica,Área Rural,2,5,0,2023-08-02 17:16:00,2ª DP,"Empoamento, Luz forense/lanterna",False,False,0.1402
Maus Tratos de Animal,Pátio,1,14,0,2023-06-24 07:42:00,2ª DP,Empoamento,True,False,0.3258
Roubo Com Estupro,Área Rural,0,19,2,2023-10-29 23:06:00,DCA (Criança e Adolescente),"Macrofotografia, Empoamento",False,False,0.749
Estelionato,Hospital,2,26,1,2023-10-02 01:53:00,2ª DP,"Luz forense/lanterna, Macrofotografia",True,False,0.2542
Suicídio,Hospital,1,10,2,2023-06-02 21:09:00,DRFC (Furtos),Empoamento,False,False,0.1479
Feminicídio,Hospital,1,38,1,2023-07-29 14:59:00,DRFC (Furtos),Empoamento,True,False,0.8298
Local de Estupro e/ou Veículo Envolvido em Estupro,Residência,0,34,0,2023-03-28 15:38:00,DHPP (Homicídios),"Luz forense/lanterna, Empoamento, Macrofotografia",True,False,0.8971
Violação de Domicílio,Residência,0,10,7,2023-04-21 04:36:00,DEAM (Mulher),"Empoamento, Luz forense/lanterna, Macrofotografia",True,False,0.316
Extorsão,Terreno Baldio,2,7,1,2023-06-13 08:15:00,1ª DP,"Macrofotografia, Empoamento",True,False,0.5801
Tentativa de Suicídio,Estabelecimento Comercial,0,11,3,2023-03-21 20:45:00,1ª DP,"Luz forense/lanterna, Macrofotografia",True,False,0.3062
Infanticídio,Área Rural,1,14,0,2023-07-22 16:29:00,3ª DP,"Luz forense/lanterna, Macrofotografia, Empoamento",True,False,0.842
Suicídio,DP,0,15,1,2023-04-21 13:54:00,DCA (Criança e Adolescente),"Luz forense/lanterna, Empoamento",False,False,0.1327
Estelionato,Residência,0,20,1,2023-02-24 06:24:00,DHPP (Homicídios),"Macrofotografia, Luz forense/lanterna, Empoamento",True,True,0.4261
Roubo,Pátio,1,51,0,2023-08-23 18:28:00,1ª DP,Macrofotografia,True,True,0.6569
Aborto,Residência,11,46,1,2023-04-29 23:05:00,DEAM (Mulher),"Empoamento, Macrofotografia, Luz forense/lanterna",True,False,0.3333
Feminicídio,Via Pública,4,19,1,2023-11-18 13:44:00,3ª DP,"Macrofotografia, Luz forense/lanterna, Empoamento",True,False,0.8022
Exercício Arbitrário das Próprias Razões,Área Rural,1,9,1,2023-06-28 21:39:00,3ª DP,"Macrofotografia, Empoamento, Luz forense/lanterna",True,True,0.4737
Veículo Localizado (furtado ou roubado),Hospital,2,7,1,2023-02-10 03:06:00,3ª DP,Empoamento,False,False,0.11
Incêndio (sem vítima),Via Pública,7,15,0,2023-11-03 05:10:00,DRFC (Furtos),"Empoamento, Luz forense/lanterna, Macrofotografia",True,False,0.2715
Disparo de Arma de Fogo,DP,2,8,2,2023-08-10 16:45:00,DRFC (Furtos),"Luz forense/lanterna, Macrofotografia, Empoamento",False,True,0.5039
Incêndio (com vítima),Área Rural,5,13,4,2023-07-19 17:02:00,3ª DP,"Macrofotografia, Empoamento",True,False,0.5983
Afogamento,Via Pública,0,5,1,2023-08-29 16:39:00,DRFC (Furtos),"Luz forense/lanterna, Empoamento, Macrofotografia",False,False,0.176
Exercício Arbitrário das Próprias Razões,Área Rural,7,9,0,2023-07-28 22:37:00,2ª DP,"Macrofotografia, Empoamento",True,True,0.4781
Infanticídio,Terreno Baldio,1,61,6,2023-08-07 15:49:00,DEAM (Mulher),"Macrofotografia, Luz forense/lanterna, Empoamento",False,False,0.6617
Explosão (sem vítima),Residência,0,5,8,2023-10-25 07:25:00,DEAM (Mulher),Empoamento,True,True,0.4603
Furto d'água,Via Pública,3,7,4,2023-11-04 21:52:00,2ª DP,Empoamento,True,False,0.3491
Desmanche de Veículos,Residência,18,9,2,2023-05-09 09:13:00,1ª DP,"Empoamento, Luz forense/lanterna, Macrofotografia",False,True,0.3093
Afogamento,Estabelecimento Comercial,0,10,3,2023-05-16 06:08:00,2ª DP,"Luz forense/lanterna, Empoamento, Macrofotografia",True,True,0.4136
Pichação,Pátio,1,7,9,2023-06-16 16:36:00,DRFC (Furtos),"Macrofotografia, Empoamento, Luz forense/lanterna",False,False,0.1692
Explosão (com vítima),Terreno Baldio,3,25,2,2023-09-08 02:04:00,DHPP (Homicídios),Empoamento,True,False,0.5642
Extorsão,Via Pública,3,59,3,2023-12-19 15:05:00,2ª DP,"Luz forense/lanterna, Macrofotografia",True,False,0.5052
Aborto,DP,2,28,0,2023-05-19 21:09:00,DEAM (Mulher),Macrofotografia,False,False,0.1604
Violação de Sepultura,Pátio,3,82,2,2023-01-19 09:16:00,1ª DP,"Empoamento, Macrofotografia",False,False,0.1967
Dano,Pátio,6,14,0,2023-03-20 20:27:00,DEAM (Mulher),"Macrofotografia, Luz forense/lanterna",False,False,0.1992
Tentativa de Suicídio,Estabelecimento Comercial,0,20,3,2023-04-16 01:32:00,1ª DP,"Empoamento, Luz forense/lanterna, Macrofotografia",False,True,0.3376
Veículo Localizado (furtado ou roubado),Residência,12,18,2,2023-11-17 23:28:00,DCA (Criança e Adolescente),Macrofotografia,True,True,0.4937
Roubo,Área Rural,0,12,0,2023-04-26 01:40:00,2ª DP,"Empoamento, Macrofotografia, Luz forense/lanterna",True,False,0.5479
Morte Aparentemente Natural,Estabelecimento Comercial,5,33,0,2023-06-07 08:52:00,DEAM (Mulher),"Macrofotografia, Luz forense/lanterna",False,False,0.1887
Feminicídio,Área Rural,1,46,7,2023-07-22 11:44:00,1ª DP,Luz forense/lanterna,False,True,0.8389
Tráfico de Entorpecentes,Via Pública,1,11,0,2023-10-13 02:07:00,DEAM (Mulher),Macrofotografia,True,True,0.4907
Maus Tratos de Animal,Via Pública,9,13,0,2023-07-13 21:30:00,1ª DP,"Empoamento, Macrofotografia",True,False,0.2903
Pichação,Pátio,3,6,0,2023-01-02 21:04:00,1ª DP,"Macrofotografia, Luz forense/lanterna, Empoamento",True,False,0.3342
Furto de Energia Elétrica ou Termodinâmica,Estabelecimento Comercial,10,17,2,2023-07-07 21:06:00,1ª DP,"Macrofotografia, Luz forense/lanterna, Empoamento",False,True,0.3356
Roubo,Hospital,2,38,1,2023-12-31 07:45:00,3ª DP,Macrofotografia,False,True,0.5282
Local de Estupro e/ou Veículo Envolvido em Estupro,Área Rural,3,9,2,2023-08-19 12:24:00,DHPP (Homicídios),"Empoamento, Macrofotografia",True,False,0.8374
Suicídio,Hospital,7,22,0,2023-04-18 02:34:00,DRFC (Furtos),"Luz forense/lanterna, Macrofotografia, Empoamento",False,False,0.1854
Roubo,Via Pública,5,7,3,2023-08-29 04:37:00,DCA (Criança e Adolescente),"Empoamento, Macrofotografia",False,True,0.5825
Tentativa de Homicídio,Hospital,0,8,0,2023-02-23 00:46:00,DCA (Criança e Adolescente),Macrofotografia,True,False,0.8699
Tentativa de Homicídio,Pátio,1,42,3,2023-09-25 01:01:00,3ª DP,Macrofotografia,False,False,0.7025
Furto Qualificado (arrombamento),Área Rural,4,18,2,2023-03-11 03:59:00,DEAM (Mulher),"Empoamento, Macrofotografia, Luz forense/lanterna",True,False,0.3178
Ameaça,Pátio,1,6,5,2023-04-10 22:17:00,1ª DP,"Empoamento, Luz forense/lanterna",True,False,0.2566
Violação de Sepultura,Estabelecimento Comercial,4,5,2,2023-03-23 01:28:00,1ª DP,"Macrofotografia, Empoamento",True,False,0.3144
Feminicídio,Pátio,0,9,2,2023-10-11 00:26:00,3ª DP,Luz forense/lanterna,True,True,0.9939
Feto Encontrado,Via Pública,1,24,4,2023-03-18 01:55:00,DCA (Criança e Adolescente),"Macrofotografia, Empoamento",False,False,0.6581
Incêndio (com vítima),Estabelecimento Comercial,4,7,3,2023-10-12 16:16:00,1ª DP,"Macrofotografia, Empoamento",False,False,0.4006
Aborto,Residência,1,27,0,2023-08-20 23:14:00,DRFC (Furtos),Macrofotografia,True,True,0.4003
Violação de Sepultura,Pátio,1,6,0,2023-01-12 09:28:00,DRFC (Furtos),Luz forense/lanterna,False,False,0.1227
Receptação,Pátio,1,6,0,2023-12-25 09:52:00,2ª DP,"Luz forense/lanterna, Empoamento",False,False,0.1303
Tráfico de Entorpecentes,Residência,5,10,2,2023-11-23 01:36:00,DHPP (Homicídios),"Luz forense/lanterna, Macrofotografia",True,False,0.3291
Veículo Localizado (furtado ou roubado),Via Pública,3,21,0,2023-04-01 18:16:00,DEAM (Mulher),"Empoamento, Macrofotografia, Luz forense/lanterna",False,False,0.1183
Latrocínio e/ou Tentativa de Latrocínio,Área Rural,6,22,0,2023-03-10 00:48:00,DEAM (Mulher),Luz forense/lanterna,True,False,0.8235
Dano Seguido de Lesão Corporal,Estabelecimento Comercial,12,20,0,2023-02-26 05:03:00,DCA (Criança e Adolescente),"Macrofotografia, Luz forense/lanterna, Empoamento",False,False,0.3558
Dano,Residência,8,13,3,2023-02-02 10:35:00,DCA (Criança e Adolescente),"Macrofotografia, Luz forense/lanterna",False,False,0.1296
Lesão Corporal,Área Rural,5,17,1,2023-08-29 23:10:00,3ª DP,Empoamento,True,False,0.583
Arremesso de Projétil,Área Rural,1,7,0,2023-09-17 16:14:00,1ª DP,Empoamento,False,False,0.1013
Exercício Arbitrário das Próprias Razões,Hospital,1,28,3,2023-10-19 00:04:00,2ª DP,"Empoamento, Luz forense/lanterna",True,False,0.3331
Roubo Com Estupro,Via Pública,1,109,0,2023-02-05 22:22:00,DRFC (Furtos),"Empoamento, Luz forense/lanterna, Macrofotografia",False,False,0.6542
Furto em Interior de Veículo,DP,0,10,1,2023-02-15 12:29:00,3ª DP,"Macrofotografia, Luz forense/lanterna",True,False,0.3131
Incêndio (sem vítima),Pátio,0,5,0,2023-05-08 12:22:00,3ª DP,"Empoamento, Luz forense/lanterna",True,False,0.2974
Aborto,DP,0,11,1,2023-05-12 17:34:00,DCA (Criança e Adolescente),"Empoamento, Luz forense/lanterna",True,False,0.2711
Explosão (com vítima),Pátio,3,45,2,2023-10-12 23:26:00,DEAM (Mulher),"Macrofotografia, Luz forense/lanterna, Empoamento",True,False,0.5868
Extorsão,Terreno Baldio,0,95,0,2023-06-26 02:48:00,DCA (Criança e Adolescente),Luz forense/lanterna,False,True,0.5709
Tentativa de Homicídio,Residência,1,9,0,2023-02-07 09:19:00,DHPP (Homicídios),Luz forense/lanterna,False,True,0.8546
Morte Aparentemente Natural,Hospital,9,9,3,2023-01-02 19:53:00,3ª DP,"Macrofotografia, Empoamento",False,True,0.2826
Roubo,Estabelecimento Comercial,4,12,0,2023-10-29 12:16:00,DCA (Criança e Adolescente),"Macrofotografia, Empoamento, Luz forense/lanterna",False,False,0.3753
Pichação,Via Pública,0,6,7,2023-01-19 22:06:00,2ª DP,"Macrofotografia, Luz forense/lanterna",True,False,0.2942
Incêndio (com vítima),Área Rural,3,40,1,2023-04-22 18:26:00,DCA (Criança e Adolescente),"Empoamento, Macrofotografia, Luz forense/lanterna",False,False,0.4232
Furto d'água,Pátio,6,57,0,2023-03-23 12:29:00,3ª DP,"Macrofotografia, Luz forense/lanterna, Empoamento",False,False,0.1718
Lesão Corporal,Estabelecimento Comercial,2,7,0,2023-12-11 19:42:00,DEAM (Mulher),"Luz forense/lanterna, Empoamento",True,True,0.7157
Morte Aparentemente Natural,Terreno Baldio,0,13,0,2023-08-20 20:07:00,DCA (Criança e Adolescente),"Empoamento, Luz forense/lanterna",True,True,0.4373
Roubo Com Estupro,Hospital,0,5,6,2023-01-03 19:31:00,1ª DP,"Luz forense/lanterna, Macrofotografia",False,True,0.8763
Morte Aparentemente Natural,DP,1,14,2,2023-06-19 23:58:00,3ª DP,"Empoamento, Luz forense/lanterna",False,True,0.284
Feminicídio,Hospital,2,21,0,2023-01-04 12:31:00,1ª DP,"Empoamento, Luz forense/lanterna",True,True,1.0
Aborto,DP,0,27,0,2023-10-12 08:30:00,3ª DP,"Luz forense/lanterna, Empoamento, Macrofotografia",False,False,0.1748
Disparo de Arma de Fogo,Terreno Baldio,2,18,0,2023-03-15 10:13:00,DHPP (Homicídios),"Macrofotografia, Luz forense/lanterna, Empoamento",True,True,0.69
Dano Seguido de Lesão Corporal,Terreno Baldio,5,8,1,2023-11-19 08:33:00,1ª DP,Macrofotografia,False,False,0.4365
Explosão (sem vítima),Estabelecimento Comercial,3,8,0,2023-08-29 08:28:00,2ª DP,"Empoamento, Macrofotografia",False,False,0.1329
Maus Tratos de Animal,Residência,0,20,2,2023-10-08 19:03:00,DEAM (Mulher),"Empoamento, Luz forense/lanterna",False,True,0.2811
Desmanche de Veículos,Pátio,9,8,0,2023-05-04 18:13:00,DRFC (Furtos),Macrofotografia,True,False,0.3046
Roubo,Área Rural,10,17,3,2023-11-28 16:22:00,2ª DP,"Macrofotografia, Empoamento, Luz forense/lanterna",False,False,0.3754
Tentativa de Homicídio,DP,3,32,10,2023-11-18 19:51:00,DRFC (Furtos),"Empoamento, Luz forense/lanterna",True,True,0.9769
Latrocínio e/ou Tentativa de Latrocínio,Terreno Baldio,0,64,2,2023-08-29 10:01:00,DCA (Criança e Adolescente),"Macrofotografia, Empoamento, Luz forense/lanterna",False,False,0.6833
Ameaça,Hospital,0,9,3,2023-10-01 13:21:00,3ª DP,"Macrofotografia, Empoamento, Luz forense/lanterna",True,False,0.3342
Suicídio,Residência,1,9,0,2023-05-26 06:47:00,1ª DP,"Macrofotografia, Luz forense/lanterna",False,True,0.2926
Furto em Interior de Veículo,Residência,1,14,1,2023-03-16 02:42:00,DHPP (Homicídios),"Empoamento, Luz forense/lanterna",True,False,0.3141
Explosão (sem vítima),Terreno Baldio,1,15,0,2023-03-14 09:03:00,2ª DP,"Macrofotografia, Empoamento, Luz forense/lanterna",True,True,0.4244
Feto Encontrado,Área Rural,3,15,0,2023-11-25 04:32:00,DCA (Criança e Adolescente),"Empoamento, Macrofotografia, Luz forense/lanterna",True,False,0.8191
Explosão (com vítima),Pátio,4,7,0,2023-03-10 16:54:00,DCA (Criança e Adolescente),Macrofotografia,False,False,0.4052
Roubo Com Estupro,Pátio,1,11,7,2023-04-12 09:10:00,DCA (Criança e Adolescente),"Luz forense/lanterna, Macrofotografia, Empoamento",True,False,0.8866
Tráfico de Entorpecentes,Hospital,0,13,8,2023-12-09 07:32:00,DRFC (Furtos),Luz forense/lanterna,False,False,0.11
Estelionato,DP,2,40,5,2023-07-27 05:25:00,DRFC (Furtos),"Macrofotografia, Luz forense/lanterna, Empoamento",False,True,0.2841
Feminicídio,DP,0,44,2,2023-05-24 04:50:00,DCA (Criança e Adolescente),"Luz forense/lanterna, Empoamento",False,False,0.7148
Dano,Estabelecimento Comercial,0,12,11,2023-07-21 07:06:00,DCA (Criança e Adolescente),"Macrofotografia, Empoamento, Luz forense/lanterna",True,False,0.3496
Suicídio,Terreno Baldio,2,11,1,2023-06-03 16:24:00,DHPP (Homicídios),"Macrofotografia, Empoamento",True,False,0.3121
Morte Aparentemente Natural,Área Rural,11,9,2,2023-01-26 19:20:00,DHPP (Homicídios),"Luz forense/lanterna, Empoamento, Macrofotografia",True,False,0.2504
Lesão Corporal,Via Pública,1,6,0,2023-04-28 11:37:00,DRFC (Furtos),"Luz forense/lanterna, Empoamento",True,False,0.5851
Estelionato,Via Pública,1,12,1,2023-12-22 07:10:00,1ª DP,"Macrofotografia, Luz forense/lanterna, Empoamento",False,True,0.268
Pichação,Pátio,10,28,2,2023-08-23 18:49:00,DEAM (Mulher),"Empoamento, Luz forense/lanterna",True,False,0.329
Local de Estupro e/ou Veículo Envolvido em Estupro,Área Rural,2,22,2,2023-06-02 08:29:00,DCA (Criança e Adolescente),Luz forense/lanterna,False,True,0.82
Homicídio,Hospital,1,35,2,2023-12-05 07:28:00,3ª DP,Empoamento,False,False,0.746
Desmanche de Veículos,Via Pública,4,5,0,2023-11-14 15:28:00,3ª DP,"Empoamento, Luz forense/lanterna",False,True,0.3288
Tentativa de Suicídio,Via Pública,1,22,6,2023-05-13 18:37:00,DHPP (Homicídios),"Empoamento, Luz forense/lanterna, Macrofotografia",True,True,0.4314
Violação de Domicílio,Via Pública,1,5,3,2023-01-26 13:48:00,DCA (Criança e Adolescente),"Macrofotografia, Empoamento",True,False,0.2908
Furto de Energia Elétrica ou Termodinâmica,Pátio,5,68,1,2023-10-28 06:34:00,3ª DP,"Empoamento, Macrofotografia",True,False,0.2967
Dano Seguido de Lesão Corporal,Residência,6,33,0,2023-04-12 05:24:00,DEAM (Mulher),Macrofotografia,False,True,0.5072
Veículo Localizado (furtado ou roubado),Área Rural,5,9,0,2023-04-30 17:24:00,3ª DP,"Luz forense/lanterna, Macrofotografia, Empoamento",True,False,0.2576
Pichação,Residência,1,6,1,2023-10-16 15:44:00,3ª DP,"Luz forense/lanterna, Empoamento",False,False,0.1353
Tentativa de Suicídio,Pátio,2,6,4,2023-05-20 12:20:00,DEAM (Mulher),Empoamento,True,False,0.2935
Estelionato,Pátio,0,42,0,2023-06-09 17:43:00,DEAM (Mulher),"Luz forense/lanterna, Macrofotografia",False,False,0.1783
Tentativa de Homicídio,Área Rural,1,25,1,2023-05-31 09:50:00,DHPP (Homicídios),Luz forense/lanterna,False,False,0.6709
Adulteração de Placa e/ou Lacre,Terreno Baldio,3,24,0,2023-02-02 14:51:00,DCA (Criança e Adolescente),"Luz forense/lanterna, Macrofotografia",True,True,0.4354
Furto de Energia Elétrica ou Termodinâmica,DP,0,21,0,2023-10-21 04:10:00,2ª DP,Empoamento,True,True,0.4657
Violação de Domicílio,Estabelecimento Comercial,1,16,0,2023-06-16 20:05:00,2ª DP,"Empoamento, Macrofotografia, Luz forense/lanterna",False,False,0.1256
Estelionato,Terreno Baldio,3,8,1,2023-07-08 08:39:00,3ª DP,Empoamento,True,True,0.489
Maus Tratos de Animal,Pátio,1,37,0,2023-12-06 10:22:00,DRFC (Furtos),"Macrofotografia, Luz forense/lanterna, Empoamento",True,False,0.3272
Tráfico de Entorpecentes,DP,1,25,3,2023-02-01 10:41:00,1ª DP,"Empoamento, Luz forense/lanterna, Macrofotografia",False,False,0.1839
Latrocínio e/ou Tentativa de Latrocínio,Pátio,1,26,1,2023-09-12 04:31:00,DEAM (Mulher),Macrofotografia,True,False,0.8266
Tentativa de Suicídio,Terreno Baldio,1,12,2,2023-01-28 00:38:00,DEAM (Mulher),Luz forense/lanterna,True,False,0.3029
Cadáver Encontrado,Área Rural,5,22,0,2023-03-13 00:40:00,3ª DP,Empoamento,False,False,0.1374
Infanticídio,DP,0,8,0,2023-08-16 20:02:00,DRFC (Furtos),"Luz forense/lanterna, Empoamento, Macrofotografia",True,True,1.0
Feto Encontrado,Estabelecimento Comercial,0,30,0,2023-12-30 02:34:00,2ª DP,"Empoamento, Luz forense/lanterna",True,False,0.8931
Receptação,Hospital,0,34,1,2023-07-06 10:56:00,DRFC (Furtos),"Empoamento, Macrofotografia",True,True,0.4696
Explosão (com vítima),Área Rural,6,31,2,2023-04-25 12:39:00,DEAM (Mulher),Macrofotografia,False,True,0.5646
Homicídio,DP,2,6,0,2023-01-11 12:56:00,1ª DP,"Empoamento, Luz forense/lanterna",False,True,0.8919
Cadáver Encontrado,Via Pública,3,42,0,2023-04-15 05:20:00,DEAM (Mulher),Empoamento,True,False,0.3255
Furto em Interior de Veículo,Área Rural,1,12,0,2023-03-17 10:37:00,DHPP (Homicídios),"Empoamento, Luz forense/lanterna, Macrofotografia",False,False,0.1001
Furto de Energia Elétrica ou Termodinâmica,Pátio,1,99,0,2023-03-20 08:06:00,1ª DP,"Empoamento, Macrofotografia, Luz forense/lanterna",False,False,0.19
Aborto,Via Pública,1,6,2,2023-12-18 20:43:00,DEAM (Mulher),"Macrofotografia, Luz forense/lanterna",False,True,0.3178
Morte Aparentemente Natural,Terreno Baldio,3,47,0,2023-02-14 13:52:00,DRFC (Furtos),"Empoamento, Luz forense/lanterna",True,False,0.3279
Aborto,Residência,0,20,3,2023-07-05 17:33:00,3ª DP,"Luz forense/lanterna, Empoamento, Macrofotografia",False,False,0.1053
Marca em Animal,Estabelecimento Comercial,1,39,2,2023-06-17 02:16:00,DEAM (Mulher),"Empoamento, Macrofotografia, Luz forense/lanterna",False,False,0.192
Homicídio,Hospital,2,11,0,2023-12-05 03:47:00,DRFC (Furtos),"Macrofotografia, Luz forense/lanterna",False,False,0.7263
Extorsão,Hospital,0,8,0,2023-05-20 07:47:00,2ª DP,"Empoamento, Luz forense/lanterna, Macrofotografia",False,False,0.4478
Explosão (com vítima),Via Pública,0,29,0,2023-01-29 05:07:00,DEAM (Mulher),Macrofotografia,True,False,0.5353
Explosão (sem vítima),Hospital,2,32,0,2023-04-14 07:03:00,3ª DP,"Empoamento, Macrofotografia, Luz forense/lanterna",True,False,0.3019
Infanticídio,Via Pública,3,14,6,2023-04-05 04:37:00,1ª DP,"Luz forense/lanterna, Macrofotografia, Empoamento",True,True,1.0
Adulteração de Placa e/ou Lacre,Via Pública,8,6,1,2023-06-09 04:01:00,DEAM (Mulher),"Empoamento, Luz forense/lanterna, Macrofotografia",False,True,0.2808
Violação de Domicílio,Estabelecimento Comercial,0,33,1,2023-09-12 18:49:00,DHPP (Homicídios),Empoamento,False,True,0.2547
Furto Qualificado (arrombamento),Residência,8,12,1,2023-06-07 11:04:00,3ª DP,Luz forense/lanterna,False,False,0.1579
Estelionato,Estabelecimento Comercial,9,71,3,2023-03-08 13:03:00,DHPP (Homicídios),Empoamento,False,False,0.1489
Estelionato,Área Rural,1,115,2,2023-02-16 02:42:00,DCA (Criança e Adolescente),"Luz forense/lanterna, Empoamento",True,False,0.3008
Furto em Interior de Veículo,Estabelecimento Comercial,0,5,1,2023-10-08 04:00:00,2ª DP,Luz forense/lanterna,False,True,0.2936
Violação de Domicílio,Residência,6,24,1,2023-12-10 20:48:00,1ª DP,Luz forense/lanterna,False,False,0.1386
Incêndio (sem vítima),Hospital,0,43,2,2023-02-23 10:10:00,DEAM (Mulher),"Macrofotografia, Luz forense/lanterna, Empoamento",False,False,0.1678
Aborto,DP,4,12,0,2023-11-22 15:24:00,DEAM (Mulher),"Empoamento, Macrofotografia, Luz forense/lanterna",True,False,0.263
Abandono de Incapaz,Área Rural,1,84,0,2023-03-05 13:12:00,DHPP (Homicídios),"Empoamento, Luz forense/lanterna, Macrofotografia",False,True,0.8495
Homicídio,Terreno Baldio,6,37,1,2023-04-03 12:37:00,3ª DP,Luz forense/lanterna,True,True,1.0
Feminicídio,Via Pública,7,17,1,2023-10-29 21:44:00,2ª DP,"Empoamento, Macrofotografia, Luz forense/lanterna",True,True,0.9642
Incêndio (sem vítima),Pátio,0,24,0,2023-12-30 02:52:00,DHPP (Homicídios),"Luz forense/lanterna, Empoamento, Macrofotografia",False,False,0.1184
Desmanche de Veículos,Pátio,0,5,1,2023-06-14 16:34:00,DEAM (Mulher),"Luz forense/lanterna, Empoamento",False,False,0.1592
Desmanche de Veículos,DP,0,47,0,2023-09-11 05:31:00,2ª DP,"Macrofotografia, Luz forense/lanterna, Empoamento",True,True,0.4628
Explosão (com vítima),Hospital,0,11,1,2023-12-15 00:33:00,2ª DP,Luz forense/lanterna,True,False,0.5635
Furto em Interior de Veículo,Residência,2,19,0,2023-02-10 19:53:00,DCA (Criança e Adolescente),Macrofotografia,False,False,0.1732
Furto,DP,1,23,2,2023-11-22 08:15:00,DCA (Criança e Adolescente),"Macrofotografia, Luz forense/lanterna, Empoamento",False,False,0.1213
Exercício Arbitrário das Próprias Razões,Terreno Baldio,0,10,5,2023-04-08 01:38:00,DEAM (Mulher),"Empoamento, Luz forense/lanterna, Macrofotografia",True,False,0.3381
Extorsão,DP,2,34,8,2023-08-16 19:35:00,2ª DP,"Macrofotografia, Empoamento, Luz forense/lanterna",False,False,0.3645
Estelionato,Via Pública,1,18,0,2023-05-14 13:34:00,DEAM (Mulher),Macrofotografia,False,False,0.1563
Incêndio (com vítima),Residência,2,10,2,2023-11-10 08:00:00,DRFC (Furtos),"Macrofotografia, Luz forense/lanterna, Empoamento",False,False,0.3648
Furto de Energia Elétrica ou Termodinâmica,Estabelecimento Comercial,0,86,2,2023-06-18 15:15:00,DCA (Criança e Adolescente),"Macrofotografia, Empoamento",True,True,0.4459
Morte Aparentemente Natural,Via Pública,6,9,3,2023-10-11 04:11:00,3ª DP,"Empoamento, Macrofotografia, Luz forense/lanterna",False,True,0.2625
Morte Aparentemente Natural,Estabelecimento Comercial,0,6,4,2023-03-23 06:55:00,2ª DP,"Macrofotografia, Luz forense/lanterna",False,False,0.1182
Infanticídio,Estabelecimento Comercial,3,52,5,2023-10-29 18:50:00,DEAM (Mulher),Macrofotografia,True,False,0.8524
Furto de Energia Elétrica ou Termodinâmica,Pátio,1,39,6,2023-02-17 08:13:00,DCA (Criança e Adolescente),"Macrofotografia, Empoamento",True,False,0.3217
Adulteração de Placa e/ou Lacre,Área Rural,5,8,0,2023-07-29 16:20:00,2ª DP,"Luz forense/lanterna, Macrofotografia",True,False,0.3172
Dano Seguido de Lesão Corporal,Hospital,1,70,0,2023-01-24 19:15:00,3ª DP,"Empoamento, Luz forense/lanterna",False,False,0.4004
Furto de Energia Elétrica ou Termodinâmica,Área Rural,0,16,1,2023-11-16 13:54:00,DCA (Criança e Adolescente),"Empoamento, Macrofotografia",False,False,0.1466
Furto,Terreno Baldio,0,15,4,2023-02-20 10:36:00,DCA (Criança e Adolescente),"Empoamento, Macrofotografia, Luz forense/lanterna",True,False,0.2831
Tentativa de Homicídio,Hospital,0,6,1,2023-10-05 01:26:00,2ª DP,"Empoamento, Luz forense/lanterna, Macrofotografia",False,False,0.6619
Feminicídio,Terreno Baldio,7,44,4,2023-08-13 10:27:00,DHPP (Homicídios),"Luz forense/lanterna, Empoamento, Macrofotografia",True,False,0.8369
Roubo Com Estupro,Terreno Baldio,6,8,1,2023-06-29 22:15:00,DEAM (Mulher),"Luz forense/lanterna, Macrofotografia",False,True,0.8741
Suicídio,Residência,1,18,0,2023-01-30 13:13:00,DEAM (Mulher),"Luz forense/lanterna, Empoamento, Macrofotografia",True,True,0.4472
Dano Seguido de Lesão Corporal,Estabelecimento Comercial,3,36,0,2023-01-05 16:46:00,DRFC (Furtos),"Macrofotografia, Luz forense/lanterna",False,False,0.4151
Receptação,Estabelecimento Comercial,0,32,0,2023-06-08 14:44:00,DHPP (Homicídios),"Luz forense/lanterna, Macrofotografia",True,False,0.3246
Furto de Energia Elétrica ou Termodinâmica,Área Rural,0,21,0,2023-12-12 10:57:00,DHPP (Homicídios),Macrofotografia,True,True,0.488
Homicídio,Área Rural,1,22,1,2023-11-27 15:55:00,DHPP (Homicídios),"Empoamento, Luz forense/lanterna",False,False,0.7059
Arremesso de Projétil,Hospital,1,9,2,2023-06-20 10:00:00,DEAM (Mulher),Empoamento,True,False,0.299
Afogamento,Hospital,4,18,0,2023-07-26 00:51:00,3ª DP,"Luz forense/lanterna, Empoamento, Macrofotografia",True,False,0.3323
Tráfico de Entorpecentes,Hospital,5,97,10,2023-09-21 13:58:00,1ª DP,"Luz forense/lanterna, Empoamento, Macrofotografia",True,False,0.2928
Incêndio (com vítima),Via Pública,3,29,0,2023-08-23 04:04:00,3ª DP,"Empoamento, Luz forense/lanterna, Macrofotografia",False,False,0.4223
Tentativa de Homicídio,Residência,2,23,1,2023-03-11 22:07:00,DHPP (Homicídios),"Macrofotografia, Empoamento",True,False,0.8118
Eletroplessão,Área Rural,0,42,1,2023-10-01 15:45:00,DHPP (Homicídios),Macrofotografia,False,True,0.2574
Afogamento,Via Pública,1,29,0,2023-10-19 04:47:00,DRFC (Furtos),Macrofotografia,True,False,0.2753
Furto,Via Pública,1,59,0,2023-06-07 22:48:00,DHPP (Homicídios),"Luz forense/lanterna, Empoamento",True,False,0.2713
Dano,Pátio,4,28,1,2023-10-22 12:39:00,DHPP (Homicídios),"Empoamento, Macrofotografia",False,False,0.1321
Disparo de Arma de Fogo,Estabelecimento Comercial,0,45,4,2023-09-06 10:01:00,DCA (Criança e Adolescente),"Macrofotografia, Empoamento, Luz forense/lanterna",False,True,0.569
Morte Aparentemente Natural,Terreno Baldio,3,6,2,2023-02-20 23:56:00,DCA (Criança e Adolescente),Luz forense/lanterna,False,False,0.1976
Eletroplessão,Via Pública,1,14,5,2023-09-17 09:34:00,DHPP (Homicídios),"Luz forense/lanterna, Empoamento",False,False,0.1444
Violação de Sepultura,DP,13,17,0,2023-08-19 15:45:00,2ª DP,Luz forense/lanterna,True,False,0.3134
Lesão Corporal,Área Rural,0,11,0,2023-01-11 08:50:00,3ª DP,Empoamento,True,True,0.7131
Aborto,Residência,1,8,1,2023-11-25 07:56:00,DHPP (Homicídios),"Luz forense/lanterna, Empoamento",False,False,0.1946
Extorsão,Residência,0,9,1,2023-03-03 18:36:00,2ª DP,"Luz forense/lanterna, Empoamento",False,False,0.4049
Exercício Arbitrário das Próprias Razões,Pátio,0,77,0,2023-09-07 17:06:00,2ª DP,Luz forense/lanterna,False,False,0.1292
Morte Aparentemente Natural,Hospital,6,8,4,2023-05-15 18:28:00,DRFC (Furtos),Empoamento,False,False,0.1353
Tentativa de Suicídio,Terreno Baldio,2,5,2,2023-07-11 14:54:00,2ª DP,"Macrofotografia, Empoamento, Luz forense/lanterna",False,True,0.2955
Maus Tratos de Animal,Residência,3,101,0,2023-01-24 00:35:00,DRFC (Furtos),Empoamento,True,False,0.2668
Exercício Arbitrário das Próprias Razões,Pátio,3,133,4,2023-03-25 01:47:00,DHPP (Homicídios),"Empoamento, Luz forense/lanterna, Macrofotografia",False,True,0.3396
Maus Tratos de Animal,Residência,1,9,1,2023-11-26 12:04:00,DEAM (Mulher),Macrofotografia,False,False,0.113
Feminicídio,Estabelecimento Comercial,0,5,1,2023-10-24 02:53:00,DHPP (Homicídios),"Empoamento, Macrofotografia, Luz forense/lanterna",True,False,0.8671
Feminicídio,Estabelecimento Comercial,5,45,0,2023-02-03 02:48:00,DRFC (Furtos),"Luz forense/lanterna, Macrofotografia",True,False,0.8096
Roubo Com Estupro,DP,2,98,0,2023-01-29 08:40:00,3ª DP,"Empoamento, Luz forense/lanterna",False,True,0.8641
Maus Tratos de Animal,Área Rural,2,43,0,2023-06-17 21:53:00,DCA (Criança e Adolescente),Empoamento,False,False,0.1403
Feto Encontrado,Terreno Baldio,2,35,2,2023-12-25 07:08:00,DHPP (Homicídios),"Macrofotografia, Luz forense/lanterna, Empoamento",False,False,0.6718
Roubo,Pátio,1,20,2,2023-02-01 02:45:00,2ª DP,Empoamento,True,False,0.5429
Latrocínio e/ou Tentativa de Latrocínio,Residência,3,8,1,2023-03-30 04:31:00,DEAM (Mulher),"Empoamento, Macrofotografia",False,True,0.8936
Incêndio (sem vítima),Estabelecimento Comercial,2,6,1,2023-05-30 10:06:00,2ª DP,"Luz forense/lanterna, Macrofotografia, Empoamento",True,False,0.2974
Explosão (com vítima),Estabelecimento Comercial,1,9,9,2023-07-17 06:05:00,3ª DP,Macrofotografia,False,True,0.5923
Aborto,Residência,0,33,2,2023-09-22 23:48:00,DRFC (Furtos),"Macrofotografia, Empoamento",False,False,0.1181
Ameaça,DP,7,31,1,2023-07-20 01:27:00,DCA (Criança e Adolescente),"Empoamento, Luz forense/lanterna, Macrofotografia",True,False,0.2611
Veículo Localizado (furtado ou roubado),Residência,1,20,2,2023-02-19 16:30:00,1ª DP,"Empoamento, Luz forense/lanterna, Macrofotografia",True,True,0.4181
Ameaça,Estabelecimento Comercial,1,9,6,2023-12-19 12:00:00,3ª DP,Macrofotografia,True,False,0.2644
Exercício Arbitrário das Próprias Razões,Área Rural,1,19,3,2023-10-22 09:53:00,DRFC (Furtos),"Macrofotografia, Empoamento, Luz forense/lanterna",True,False,0.3064
Feto Encontrado,Terreno Baldio,6,30,2,2023-01-09 00:31:00,3ª DP,"Macrofotografia, Empoamento",True,False,0.8803
Incêndio (com vítima),Via Pública,2,11,0,2023-07-22 21:21:00,DEAM (Mulher),"Empoamento, Macrofotografia, Luz forense/lanterna",True,False,0.5585
Afogamento,Residência,2,24,0,2023-03-27 09:59:00,3ª DP,"Macrofotografia, Empoamento",False,False,0.1891
Furto Qualificado (arrombamento),Residência,2,7,0,2023-02-04 04:14:00,3ª DP,Macrofotografia,False,True,0.3091
Dano,Estabelecimento Comercial,2,10,0,2023-02-21 14:07:00,DEAM (Mulher),"Empoamento, Macrofotografia",False,True,0.2511
Maus Tratos de Animal,Estabelecimento Comercial,7,31,5,2023-01-22 16:09:00,DEAM (Mulher),"Empoamento, Luz forense/lanterna, Macrofotografia",False,False,0.1417
Explosão (sem vítima),Área Rural,2,49,4,2023-01-19 12:26:00,2ª DP,"Macrofotografia, Empoamento",True,False,0.2715
Abandono de Incapaz,Área Rural,3,12,2,2023-03-17 04:59:00,3ª DP,Luz forense/lanterna,False,False,0.7097
Feto Encontrado,Hospital,0,21,1,2023-05-09 12:59:00,1ª DP,Empoamento,True,False,0.893
Latrocínio e/ou Tentativa de Latrocínio,DP,5,7,0,2023-02-21 22:39:00,1ª DP,"Macrofotografia, Luz forense/lanterna, Empoamento",False,False,0.651
Roubo,Via Pública,2,33,0,2023-11-07 19:48:00,DCA (Criança e Adolescente),"Luz forense/lanterna, Empoamento, Macrofotografia",True,False,0.5558
Marca em Animal,Área Rural,0,10,0,2023-01-14 19:36:00,DHPP (Homicídios),"Macrofotografia, Empoamento",False,False,0.1535
Estelionato,Residência,3,11,1,2023-12-08 01:28:00,1ª DP,"Luz forense/lanterna, Macrofotografia, Empoamento",True,True,0.4103
Suicídio,Via Pública,4,59,0,2023-05-15 02:09:00,DCA (Criança e Adolescente),"Macrofotografia, Luz forense/lanterna",False,False,0.1242
Furto Qualificado (arrombamento),Área Rural,8,15,0,2023-12-06 19:08:00,DEAM (Mulher),Luz forense/lanterna,True,False,0.3179
Desmanche de Veículos,Residência,0,10,0,2023-10-27 06:50:00,DHPP (Homicídios),"Macrofotografia, Luz forense/lanterna",True,False,0.3274
Furto Qualificado (arrombamento),Terreno Baldio,2,17,4,2023-07-22 03:05:00,DEAM (Mulher),"Empoamento, Macrofotografia",True,False,0.2632
Roubo,Pátio,1,18,1,2023-04-18 17:41:00,1ª DP,Luz forense/lanterna,False,True,0.5577
Furto Qualificado (arrombamento),Área Rural,0,18,4,2023-01-12 06:38:00,1ª DP,"Macrofotografia, Luz forense/lanterna",False,False,0.1497
Marca em Animal,Hospital,3,13,2,2023-07-28 07:03:00,DCA (Criança e Adolescente),"Empoamento, Luz forense/lanterna, Macrofotografia",False,False,0.1206
Roubo,Via Pública,0,5,2,2023-11-01 13:38:00,1ª DP,Empoamento,False,True,0.5424
Adulteração de Placa e/ou Lacre,Área Rural,1,10,2,2023-01-15 14:03:00,DEAM (Mulher),Luz forense/lanterna,True,True,0.4028
Tráfico de Entorpecentes,Via Pública,5,28,1,2023-02-26 08:09:00,2ª DP,"Luz forense/lanterna, Empoamento",True,False,0.3218
Local de Estupro e/ou Veículo Envolvido em Estupro,Residência,1,6,2,2023-03-15 21:13:00,1ª DP,Empoamento,True,True,1.0
Tentativa de Suicídio,Residência,2,7,8,2023-04-15 11:18:00,DHPP (Homicídios),"Luz forense/lanterna, Macrofotografia",False,False,0.1047
Receptação,Área Rural,0,28,2,2023-01-07 06:05:00,DCA (Criança e Adolescente),"Macrofotografia, Luz forense/lanterna",True,False,0.3142
Feto Encontrado,Terreno Baldio,0,19,3,2023-08-24 05:37:00,3ª DP,"Macrofotografia, Luz forense/lanterna",True,False,0.8216
Afogamento,Terreno Baldio,4,5,2,2023-09-10 12:39:00,DEAM (Mulher),Empoamento,True,True,0.4183
Dano Seguido de Lesão Corporal,Estabelecimento Comercial,0,7,0,2023-05-09 20:38:00,1ª DP,Luz forense/lanterna,False,False,0.4492
Infanticídio,Terreno Baldio,1,28,2,2023-12-20 01:51:00,DHPP (Homicídios),"Luz forense/lanterna, Empoamento",True,False,0.8419
Explosão (com vítima),Hospital,3,10,0,2023-11-24 08:09:00,DEAM (Mulher),Macrofotografia,True,False,0.5796
Exercício Arbitrário das Próprias Razões,Pátio,2,42,4,2023-01-16 08:30:00,DCA (Criança e Adolescente),"Empoamento, Luz forense/lanterna",False,False,0.1979
Furto de Energia Elétrica ou Termodinâmica,DP,1,34,1,2023-08-14 10:25:00,3ª DP,"Macrofotografia, Empoamento",True,False,0.3358
Ossada Encontrada,Pátio,5,25,1,2023-02-08 09:05:00,1ª DP,Empoamento,False,True,0.3386
Roubo,Via Pública,4,8,0,2023-04-10 16:20:00,DHPP (Homicídios),Empoamento,True,False,0.51
Estelionato,Estabelecimento Comercial,4,15,5,2023-09-18 13:23:00,3ª DP,"Luz forense/lanterna, Empoamento, Macrofotografia",False,False,0.1461
Dano,Hospital,3,19,0,2023-08-21 23:53:00,DRFC (Furtos),Empoamento,False,False,0.1189
Morte Aparentemente Natural,Via Pública,1,7,2,2023-03-10 10:38:00,2ª DP,Macrofotografia,False,True,0.289
Explosão (sem vítima),Residência,3,8,1,2023-02-05 22:30:00,DCA (Criança e Adolescente),"Macrofotografia, Luz forense/lanterna, Empoamento",True,False,0.2827
Morte Aparentemente Natural,Hospital,0,22,6,2023-10-28 12:19:00,3ª DP,"Empoamento, Luz forense/lanterna, Macrofotografia",False,False,0.1094
Lesão Corporal,Área Rural,5,15,0,2023-04-26 13:23:00,2ª DP,"Empoamento, Luz forense/lanterna",True,False,0.5191
Infanticídio,Estabelecimento Comercial,1,19,1,2023-02-09 12:52:00,DEAM (Mulher),"Empoamento, Luz forense/lanterna",False,False,0.74
Afogamento,Via Pública,1,8,1,2023-12-23 14:13:00,DRFC (Furtos),"Macrofotografia, Luz forense/lanterna, Empoamento",True,False,0.2753
Ameaça,Estabelecimento Comercial,5,35,1,2023-03-07 12:56:00,DHPP (Homicídios),"Empoamento, Luz forense/lanterna, Macrofotografia",True,False,0.288
Incêndio (com vítima),Pátio,3,12,1,2023-09-23 12:25:00,DRFC (Furtos),"Luz forense/lanterna, Empoamento",False,False,0.374
Violação de Domicílio,DP,2,19,2,2023-06-07 12:06:00,2ª DP,"Luz forense/lanterna, Macrofotografia, Empoamento",True,False,0.3318
Furto Qualificado (arrombamento),Hospital,1,16,3,2023-07-05 05:18:00,DHPP (Homicídios),Luz forense/lanterna,False,True,0.3444
Aborto,Terreno Baldio,2,8,1,2023-10-07 15:01:00,DHPP (Homicídios),"Empoamento, Macrofotografia",False,False,0.1193
Receptação,Estabelecimento Comercial,2,25,0,2023-04-30 15:55:00,DHPP (Homicídios),"Luz forense/lanterna, Empoamento, Macrofotografia",False,True,0.3451
Pichação,Via Pública,2,8,1,2023-02-13 04:50:00,DRFC (Furtos),"Macrofotografia, Empoamento, Luz forense/lanterna",True,False,0.2676
Disparo de Arma de Fogo,Pátio,1,20,1,2023-03-13 02:40:00,DHPP (Homicídios),"Empoamento, Macrofotografia",False,True,0.5814
Infanticídio,Área Rural,8,26,1,2023-12-03 09:49:00,DEAM (Mulher),Empoamento,True,False,0.8317
Aborto,Hospital,0,10,1,2023-07-05 11:28:00,1ª DP,"Macrofotografia, Luz forense/lanterna",False,False,0.1334
Eletroplessão,DP,0,32,0,2023-04-01 13:03:00,1ª DP,"Macrofotografia, Luz forense/lanterna, Empoamento",False,True,0.2661
Explosão (sem vítima),Área Rural,1,8,1,2023-05-16 08:07:00,1ª DP,"Luz forense/lanterna, Empoamento",False,False,0.1099
Tentativa de Homicídio,Via Pública,2,41,0,2023-02-20 09:28:00,1ª DP,Macrofotografia,False,False,0.7142
Disparo de Arma de Fogo,Via Pública,1,8,0,2023-07-21 18:22:00,DHPP (Homicídios),Luz forense/lanterna,False,False,0.4049
Maus Tratos de Animal,Hospital,3,14,0,2023-10-19 09:19:00,1ª DP,"Macrofotografia, Empoamento, Luz forense/lanterna",True,False,0.2516
Roubo,DP,16,84,2,2023-01-06 00:10:00,DCA (Criança e Adolescente),"Macrofotografia, Luz forense/lanterna, Empoamento",True,True,0.7446
Pichação,Área Rural,5,17,2,2023-02-21 21:26:00,DHPP (Homicídios),Luz forense/lanterna,False,False,0.1652
Roubo Com Estupro,Via Pública,0,14,6,2023-10-14 12:27:00,2ª DP,Macrofotografia,False,False,0.7234
Lesão Corporal,Área Rural,1,19,1,2023-08-17 05:41:00,DHPP (Homicídios),Macrofotografia,True,False,0.5574
Adulteração de Placa e/ou Lacre,Via Pública,0,6,1,2023-03-16 19:15:00,3ª DP,"Luz forense/lanterna, Empoamento",False,False,0.1693
Dano,Área Rural,0,26,1,2023-11-22 12:59:00,2ª DP,Macrofotografia,True,True,0.463
Receptação,Área Rural,4,93,0,2023-06-14 10:41:00,DEAM (Mulher),Luz forense/lanterna,True,False,0.3218
Disparo de Arma de Fogo,Pátio,5,85,1,2023-08-20 14:37:00,1ª DP,Empoamento,False,True,0.5372
Furto em Interior de Veículo,Estabelecimento Comercial,1,20,2,2023-04-24 10:05:00,DHPP (Homicídios),"Empoamento, Macrofotografia, Luz forense/lanterna",False,False,0.1634
Arremesso de Projétil,Terreno Baldio,1,6,0,2023-10-22 14:03:00,DRFC (Furtos),"Luz forense/lanterna, Empoamento, Macrofotografia",False,True,0.2631
Tentativa de Homicídio,Área Rural,2,5,0,2023-07-30 03:07:00,DRFC (Furtos),Luz forense/lanterna,True,False,0.8239
Feminicídio,Hospital,4,21,0,2023-05-26 21:30:00,1ª DP,"Luz forense/lanterna, Empoamento, Macrofotografia",True,False,0.8973
Infanticídio,Residência,5,51,9,2023-03-08 17:38:00,3ª DP,Empoamento,True,True,1.0
Furto de Energia Elétrica ou Termodinâmica,DP,3,22,1,2023-02-12 22:11:00,2ª DP,"Luz forense/lanterna, Macrofotografia, Empoamento",False,False,0.1735
Afogamento,DP,4,57,1,2023-03-08 04:24:00,DRFC (Furtos),"Luz forense/lanterna, Empoamento",False,False,0.1746
Maus Tratos de Animal,Área Rural,0,9,0,2023-07-29 06:42:00,1ª DP,"Luz forense/lanterna, Empoamento, Macrofotografia",False,False,0.1338
Cadáver Encontrado,DP,0,16,2,2023-10-24 03:52:00,2ª DP,Macrofotografia,True,False,0.3468
Suicídio,Estabelecimento Comercial,2,15,0,2023-09-15 22:19:00,3ª DP,Macrofotografia,False,True,0.257
Furto em Interior de Veículo,Residência,0,44,6,2023-04-28 11:43:00,1ª DP,"Empoamento, Luz forense/lanterna, Macrofotografia",True,True,0.4643
Dano,Estabelecimento Comercial,2,16,2,2023-09-30 07:31:00,2ª DP,Empoamento,False,False,0.1901
Feminicídio,DP,2,12,1,2023-01-19 21:26:00,2ª DP,Empoamento,True,False,0.8898
Tráfico de Entorpecentes,DP,0,28,0,2023-01-06 23:17:00,DEAM (Mulher),Macrofotografia,False,False,0.1882
Suicídio,Hospital,4,8,0,2023-10-24 12:16:00,DCA (Criança e Adolescente),"Empoamento, Macrofotografia",True,False,0.3487
Latrocínio e/ou Tentativa de Latrocínio,DP,4,6,0,2023-12-02 13:35:00,DRFC (Furtos),Luz forense/lanterna,True,True,0.9537
Furto Qualificado (arrombamento),DP,0,10,2,2023-11-14 15:16:00,1ª DP,"Macrofotografia, Luz forense/lanterna",False,False,0.15
Furto d'água,Área Rural,1,9,2,2023-03-10 19:08:00,2ª DP,"Empoamento, Macrofotografia, Luz forense/lanterna",True,False,0.2961
Incêndio (com vítima),DP,1,24,3,2023-08-01 07:17:00,1ª DP,"Luz forense/lanterna, Macrofotografia",False,False,0.4038
Ossada Encontrada,Terreno Baldio,4,9,1,2023-08-23 03:31:00,DRFC (Furtos),"Luz forense/lanterna, Empoamento",False,False,0.1257
Furto d'água,Via Pública,1,38,0,2023-10-09 21:01:00,DRFC (Furtos),Macrofotografia,False,True,0.2923
Afogamento,DP,1,31,1,2023-04-18 21:47:00,DHPP (Homicídios),"Luz forense/lanterna, Macrofotografia",True,False,0.289
Abandono de Incapaz,Via Pública,6,54,5,2023-09-01 04:20:00,1ª DP,"Macrofotografia, Empoamento, Luz forense/lanterna",True,True,1.0
Infanticídio,Hospital,1,41,2,2023-07-18 05:52:00,1ª DP,"Luz forense/lanterna, Macrofotografia",True,False,0.8444
Morte Aparentemente Natural,Estabelecimento Comercial,0,37,0,2023-04-21 16:34:00,2ª DP,"Empoamento, Macrofotografia",True,True,0.4351
Explosão (com vítima),Área Rural,0,37,5,2023-04-08 08:26:00,DRFC (Furtos),Macrofotografia,False,False,0.4042
Extorsão,Via Pública,3,15,5,2023-12-02 17:45:00,DHPP (Homicídios),Luz forense/lanterna,False,False,0.3571
Furto,Residência,1,31,1,2023-06-18 11:40:00,DCA (Criança e Adolescente),"Macrofotografia, Luz forense/lanterna, Empoamento",True,True,0.4082
Homicídio,Hospital,3,31,1,2023-10-17 13:58:00,3ª DP,Empoamento,True,False,0.8812
Exercício Arbitrário das Próprias Razões,DP,3,6,1,2023-09-15 13:03:00,DCA (Criança e Adolescente),"Macrofotografia, Empoamento, Luz forense/lanterna",True,False,0.3119
Abandono de Incapaz,DP,1,25,0,2023-12-05 02:56:00,3ª DP,"Macrofotografia, Luz forense/lanterna, Empoamento",True,False,0.8188
Eletroplessão,Residência,3,44,0,2023-02-17 12:13:00,DEAM (Mulher),"Macrofotografia, Empoamento, Luz forense/lanterna",False,False,0.1528
Marca em Animal,DP,4,21,4,2023-06-02 20:52:00,DHPP (Homicídios),"Luz forense/lanterna, Empoamento, Macrofotografia",False,False,0.1807
Furto Qualificado (arrombamento),Hospital,0,33,0,2023-07-03 02:33:00,2ª DP,Macrofotografia,False,False,0.105
Estelionato,Pátio,4,50,0,2023-09-28 03:16:00,3ª DP,Empoamento,True,False,0.279
Tentativa de Suicídio,Pátio,0,46,4,2023-12-17 17:56:00,DHPP (Homicídios),Empoamento,True,True,0.4842
Morte Aparentemente Natural,Estabelecimento Comercial,0,10,3,2023-10-25 02:51:00,3ª DP,"Empoamento, Macrofotografia, Luz forense/lanterna",True,True,0.4146
Dano,Via Pública,0,20,6,2023-09-05 09:15:00,2ª DP,"Macrofotografia, Luz forense/lanterna",True,False,0.2898
Veículo Localizado (furtado ou roubado),Via Pública,3,30,2,2023-10-03 23:33:00,2ª DP,Macrofotografia,False,True,0.2645
Aborto,DP,2,6,0,2023-08-21 08:27:00,DEAM (Mulher),Empoamento,False,False,0.114
Eletroplessão,Hospital,3,21,1,2023-03-18 04:08:00,3ª DP,Macrofotografia,True,True,0.4057
Tentativa de Suicídio,DP,2,59,1,2023-01-31 02:27:00,DHPP (Homicídios),Macrofotografia,False,False,0.103
Violação de Domicílio,Estabelecimento Comercial,0,47,1,2023-10-23 22:12:00,2ª DP,"Luz forense/lanterna, Empoamento",True,True,0.4275
Disparo de Arma de Fogo,DP,1,30,0,2023-09-21 00:56:00,3ª DP,Macrofotografia,False,False,0.4475
Arremesso de Projétil,Estabelecimento Comercial,4,7,1,2023-06-21 01:36:00,DCA (Criança e Adolescente),"Macrofotografia, Empoamento",False,True,0.2963
Exercício Arbitrário das Próprias Razões,DP,0,31,1,2023-02-28 01:01:00,1ª DP,"Macrofotografia, Luz forense/lanterna, Empoamento",False,False,0.1528
Pichação,Via Pública,0,6,1,2023-09-14 11:11:00,DEAM (Mulher),Luz forense/lanterna,True,True,0.4935
Afogamento,Área Rural,0,52,5,2023-01-16 11:07:00,2ª DP,Luz forense/lanterna,True,True,0.4705
Tráfico de Entorpecentes,DP,5,29,4,2023-12-23 00:17:00,DRFC (Furtos),"Macrofotografia, Empoamento",True,True,0.4028
Furto d'água,Terreno Baldio,2,39,5,2023-12-05 15:32:00,DCA (Criança e Adolescente),"Macrofotografia, Empoamento, Luz forense/lanterna",True,True,0.4435
Local de Estupro e/ou Veículo Envolvido em Estupro,DP,3,5,2,2023-01-18 14:16:00,3ª DP,"Empoamento, Luz forense/lanterna",True,False,0.8604
Infanticídio,Estabelecimento Comercial,0,10,1,2023-06-22 14:13:00,DHPP (Homicídios),"Macrofotografia, Luz forense/lanterna, Empoamento",True,True,1.0
Adulteração de Placa e/ou Lacre,Área Rural,3,7,1,2023-08-29 19:12:00,DRFC (Furtos),"Empoamento, Macrofotografia, Luz forense/lanterna",True,False,0.2641
Lesão Corporal,Hospital,6,21,1,2023-08-26 20:45:00,DHPP (Homicídios),"Empoamento, Luz forense/lanterna",True,False,0.5175
Furto d'água,Estabelecimento Comercial,1,40,3,2023-02-05 14:01:00,1ª DP,Luz forense/lanterna,True,True,0.4208
Cadáver Encontrado,DP,1,60,0,2023-10-24 08:02:00,3ª DP,"Luz forense/lanterna, Empoamento",False,False,0.1191
Latrocínio e/ou Tentativa de Latrocínio,Via Pública,0,21,0,2023-02-24 15:37:00,DEAM (Mulher),"Luz forense/lanterna, Macrofotografia, Empoamento",True,True,1.0
Abandono de Incapaz,Terreno Baldio,2,10,2,2023-12-26 06:59:00,DCA (Criança e Adolescente),"Luz forense/lanterna, Macrofotografia",True,False,0.8397
Cadáver Encontrado,Pátio,0,14,3,2023-10-10 04:53:00,1ª DP,"Luz forense/lanterna, Empoamento",True,False,0.2554
Tráfico de Entorpecentes,Via Pública,0,10,2,2023-04-02 19:33:00,2ª DP,"Empoamento, Luz forense/lanterna",True,False,0.3194
Marca em Animal,Hospital,1,19,0,2023-03-21 12:34:00,2ª DP,Empoamento,True,True,0.401
Adulteração de Placa e/ou Lacre,Residência,3,75,2,2023-11-17 09:10:00,DHPP (Homicídios),"Macrofotografia, Luz forense/lanterna",False,False,0.1546
Latrocínio e/ou Tentativa de Latrocínio,Pátio,4,34,0,2023-06-29 17:19:00,DHPP (Homicídios),"Luz forense/lanterna, Empoamento, Macrofotografia",False,True,0.8687
Tentativa de Suicídio,Pátio,4,36,1,2023-11-11 07:54:00,DHPP (Homicídios),Luz forense/lanterna,False,False,0.1576
Furto d'água,Área Rural,12,6,0,2023-03-02 13:45:00,DHPP (Homicídios),"Empoamento, Macrofotografia, Luz forense/lanterna",True,False,0.319
Incêndio (sem vítima),DP,5,61,1,2023-08-26 08:28:00,1ª DP,Macrofotografia,True,True,0.4955
Violação de Sepultura,Pátio,5,37,0,2023-01-17 01:53:00,DHPP (Homicídios),Luz forense/lanterna,False,False,0.106
Latrocínio e/ou Tentativa de Latrocínio,Via Pública,2,19,0,2023-03-29 02:36:00,2ª DP,"Luz forense/lanterna, Empoamento, Macrofotografia",False,True,0.8658
Violação de Sepultura,Estabelecimento Comercial,1,5,2,2023-10-10 08:33:00,DHPP (Homicídios),"Macrofotografia, Empoamento, Luz forense/lanterna",False,False,0.1255
Receptação,Via Pública,0,9,1,2023-09-26 17:30:00,2ª DP,Empoamento,True,False,0.2828
Furto d'água,Área Rural,4,61,0,2023-04-15 04:39:00,DEAM (Mulher),Luz forense/lanterna,True,False,0.276
Disparo de Arma de Fogo,Pátio,3,59,0,2023-01-01 15:51:00,DCA (Criança e Adolescente),Macrofotografia,False,False,0.3728
Violação de Sepultura,Hospital,3,23,0,2023-10-24 10:48:00,DEAM (Mulher),"Macrofotografia, Empoamento, Luz forense/lanterna",True,True,0.4828
Ossada Encontrada,Via Pública,1,30,0,2023-08-29 12:57:00,DHPP (Homicídios),"Empoamento, Macrofotografia, Luz forense/lanterna",True,False,0.3011
Desmanche de Veículos,Terreno Baldio,0,66,8,2023-06-25 07:24:00,DHPP (Homicídios),"Macrofotografia, Luz forense/lanterna",False,False,0.1588
Maus Tratos de Animal,Pátio,4,8,3,2023-05-30 06:56:00,1ª DP,Macrofotografia,True,False,0.305
Furto d'água,DP,1,17,5,2023-12-06 23:25:00,DCA (Criança e Adolescente),Empoamento,True,True,0.4007
Extorsão,Estabelecimento Comercial,1,10,0,2023-01-21 03:47:00,DRFC (Furtos),Empoamento,False,True,0.5085
Disparo de Arma de Fogo,Hospital,1,42,5,2023-11-06 00:31:00,1ª DP,"Empoamento, Luz forense/lanterna",True,False,0.5047
Dano,Área Rural,4,47,0,2023-07-08 09:54:00,3ª DP,Macrofotografia,True,True,0.4708
Estelionato,Pátio,3,14,1,2023-02-27 21:10:00,DRFC (Furtos),Macrofotografia,False,False,0.131
Arremesso de Projétil,Estabelecimento Comercial,10,21,3,2023-03-01 21:48:00,DHPP (Homicídios),"Empoamento, Macrofotografia",False,True,0.3081
Incêndio (sem vítima),Área Rural,11,12,0,2023-11-15 16:35:00,1ª DP,Luz forense/lanterna,False,True,0.3232
Maus Tratos de Animal,Área Rural,8,10,0,2023-04-16 03:23:00,2ª DP,Macrofotografia,False,False,0.1025
Explosão (com vítima),Área Rural,4,22,1,2023-05-12 04:21:00,DEAM (Mulher),"Empoamento, Macrofotografia, Luz forense/lanterna",False,False,0.3983
Suicídio,Pátio,1,8,1,2023-06-11 13:07:00,DHPP (Homicídios),"Macrofotografia, Luz forense/lanterna",False,True,0.2565
Furto d'água,Área Rural,3,28,0,2023-05-23 13:34:00,2ª DP,Luz forense/lanterna,True,True,0.4553
Incêndio (sem vítima),Pátio,6,28,0,2023-01-20 07:37:00,DRFC (Furtos),Macrofotografia,False,False,0.1079
Violação de Domicílio,Terreno Baldio,1,16,0,2023-01-27 21:23:00,2ª DP,"Luz forense/lanterna, Empoamento",False,False,0.1248
Exercício Arbitrário das Próprias Razões,Área Rural,10,19,0,2023-07-02 03:47:00,DRFC (Furtos),Empoamento,False,False,0.1324
Dano,Pátio,2,31,0,2023-12-07 14:08:00,2ª DP,"Luz forense/lanterna, Empoamento",True,True,0.458
Ossada Encontrada,Hospital,0,31,0,2023-03-09 17:00:00,DEAM (Mulher),Macrofotografia,False,False,0.1539
Dano,Pátio,0,9,0,2023-10-27 16:54:00,DRFC (Furtos),"Macrofotografia, Empoamento, Luz forense/lanterna",False,True,0.2843
Aborto,Pátio,0,17,0,2023-07-25 19:36:00,1ª DP,Luz forense/lanterna,True,True,0.4102
Cadáver Encontrado,Pátio,1,41,2,2023-02-25 05:41:00,3ª DP,"Luz forense/lanterna, Macrofotografia, Empoamento",False,False,0.1874
Adulteração de Placa e/ou Lacre,Pátio,2,26,0,2023-09-11 14:41:00,DHPP (Homicídios),"Macrofotografia, Empoamento",False,False,0.1513
Infanticídio,Hospital,1,8,0,2023-12-28 02:13:00,DCA (Criança e Adolescente),"Empoamento, Luz forense/lanterna",False,False,0.7463
Adulteração de Placa e/ou Lacre,Hospital,1,18,0,2023-10-23 10:56:00,3ª DP,"Empoamento, Macrofotografia",True,False,0.3354
Estelionato,Área Rural,1,9,3,2023-03-21 08:01:00,1ª DP,"Macrofotografia, Luz forense/lanterna",False,False,0.1214
Infanticídio,Área Rural,1,9,3,2023-08-21 03:09:00,DCA (Criança e Adolescente),Empoamento,False,False,0.7356
Suicídio,Pátio,0,15,1,2023-10-28 16:47:00,DCA (Criança e Adolescente),"Empoamento, Luz forense/lanterna",True,True,0.4508
Roubo Com Estupro,Pátio,6,35,1,2023-01-16 22:14:00,DEAM (Mulher),"Macrofotografia, Empoamento, Luz forense/lanterna",False,True,0.8849
Roubo,Área Rural,1,35,2,2023-12-30 01:41:00,1ª DP,Macrofotografia,True,False,0.5027
Maus Tratos de Animal,DP,1,6,0,2023-10-25 13:31:00,DRFC (Furtos),Luz forense/lanterna,False,False,0.1324
Disparo de Arma de Fogo,Via Pública,4,51,1,2023-11-25 08:31:00,DRFC (Furtos),Macrofotografia,True,False,0.5666
Estelionato,Residência,2,10,2,2023-03-03 17:14:00,1ª DP,Empoamento,False,False,0.1829
Maus Tratos de Animal,Residência,0,14,1,2023-08-24 18:43:00,DRFC (Furtos),"Empoamento, Luz forense/lanterna",True,True,0.4111
Exercício Arbitrário das Próprias Razões,Hospital,0,11,0,2023-08-25 18:39:00,1ª DP,Macrofotografia,False,False,0.1725
Eletroplessão,Terreno Baldio,1,65,8,2023-03-25 01:00:00,DHPP (Homicídios),"Luz forense/lanterna, Macrofotografia",False,True,0.3224
Tentativa de Homicídio,Estabelecimento Comercial,9,19,0,2023-03-12 07:45:00,2ª DP,"Luz forense/lanterna, Empoamento",False,False,0.7106
Feto Encontrado,Residência,1,9,0,2023-07-04 07:40:00,DCA (Criança e Adolescente),"Macrofotografia, Empoamento, Luz forense/lanterna",False,False,0.6885
Roubo,Terreno Baldio,10,10,4,2023-10-17 09:49:00,1ª DP,Macrofotografia,True,False,0.5943
Violação de Sepultura,Via Pública,2,8,0,2023-03-26 09:51:00,DEAM (Mulher),Luz forense/lanterna,True,True,0.4605
Adulteração de Placa e/ou Lacre,Terreno Baldio,4,9,0,2023-10-21 18:40:00,3ª DP,"Empoamento, Luz forense/lanterna, Macrofotografia",True,False,0.2594
Eletroplessão,Estabelecimento Comercial,0,25,0,2023-12-21 12:59:00,DRFC (Furtos),"Luz forense/lanterna, Empoamento, Macrofotografia",False,False,0.118
Feto Encontrado,Residência,1,37,1,2023-11-22 07:06:00,DCA (Criança e Adolescente),"Empoamento, Macrofotografia, Luz forense/lanterna",True,False,0.8801
Cadáver Encontrado,Área Rural,7,10,0,2023-09-25 09:33:00,DHPP (Homicídios),Luz forense/lanterna,True,False,0.3196
Estelionato,Residência,3,40,0,2023-04-29 13:49:00,DCA (Criança e Adolescente),"Macrofotografia, Luz forense/lanterna, Empoamento",False,False,0.1892
Furto d'água,Pátio,5,16,0,2023-04-22 10:49:00,2ª DP,Empoamento,False,False,0.131
Furto d'água,Estabelecimento Comercial,6,34,0,2023-03-20 09:41:00,DRFC (Furtos),Macrofotografia,True,True,0.4133
Estelionato,Residência,0,45,2,2023-01-28 08:35:00,1ª DP,"Empoamento, Macrofotografia",False,False,0.1772
Furto em Interior de Veículo,Área Rural,5,43,0,2023-02-17 15:10:00,DHPP (Homicídios),"Luz forense/lanterna, Macrofotografia, Empoamento",True,False,0.2582
Disparo de Arma de Fogo,DP,1,18,1,2023-07-10 01:57:00,DCA (Criança e Adolescente),"Empoamento, Luz forense/lanterna",True,False,0.5566
Dano,Área Rural,2,72,2,2023-09-26 03:18:00,DRFC (Furtos),Empoamento,False,False,0.1852
Furto Qualificado (arrombamento),Hospital,1,6,0,2023-02-02 16:11:00,DEAM (Mulher),Macrofotografia,False,False,0.1199
Aborto,Hospital,0,32,1,2023-05-21 11:07:00,3ª DP,"Empoamento, Luz forense/lanterna, Macrofotografia",False,False,0.1692
Maus Tratos de Animal,Residência,3,20,10,2023-04-04 03:17:00,3ª DP,"Empoamento, Luz forense/lanterna",False,False,0.1559
Marca em Animal,Hospital,1,17,2,2023-10-30 09:08:00,DEAM (Mulher),Empoamento,False,False,0.13
Incêndio (com vítima),Residência,3,11,0,2023-07-01 05:14:00,DRFC (Furtos),"Luz forense/lanterna, Macrofotografia, Empoamento",False,False,0.4248
Feminicídio,Via Pública,0,11,1,2023-06-22 21:07:00,2ª DP,Empoamento,True,False,0.8303
Explosão (com vítima),Estabelecimento Comercial,5,15,0,2023-09-13 09:09:00,3ª DP,"Macrofotografia, Empoamento, Luz forense/lanterna",True,False,0.57
Dano Seguido de Lesão Corporal,Via Pública,0,35,2,2023-03-16 15:47:00,DRFC (Furtos),Macrofotografia,False,False,0.4143
Extorsão,Terreno Baldio,0,24,1,2023-12-17 13:49:00,DHPP (Homicídios),"Luz forense/lanterna, Empoamento, Macrofotografia",True,False,0.5764
Tráfico de Entorpecentes,Área Rural,2,6,0,2023-08-24 10:11:00,DEAM (Mulher),"Luz forense/lanterna, Empoamento",False,True,0.3016
Feto Encontrado,DP,0,15,2,2023-04-24 23:46:00,2ª DP,Luz forense/lanterna,True,True,0.9807
Eletroplessão,Estabelecimento Comercial,1,22,1,2023-05-25 17:09:00,DRFC (Furtos),Macrofotografia,True,False,0.3435
Receptação,DP,0,9,1,2023-12-10 08:06:00,2ª DP,"Empoamento, Luz forense/lanterna, Macrofotografia",True,False,0.3115
Local de Estupro e/ou Veículo Envolvido em Estupro,Via Pública,0,6,0,2023-12-14 02:07:00,DRFC (Furtos),"Macrofotografia, Empoamento",False,False,0.7474
Disparo de Arma de Fogo,Pátio,5,6,0,2023-12-12 18:27:00,DEAM (Mulher),Macrofotografia,True,True,0.6602
Feminicídio,Pátio,0,33,0,2023-03-26 09:29:00,2ª DP,"Macrofotografia, Luz forense/lanterna, Empoamento",True,True,1.0
Suicídio,Residência,10,10,2,2023-10-03 02:21:00,3ª DP,Empoamento,True,True,0.4256
Furto d'água,Estabelecimento Comercial,3,11,2,2023-11-19 16:38:00,DRFC (Furtos),"Macrofotografia, Luz forense/lanterna",True,False,0.3001
Tentativa de Homicídio,Estabelecimento Comercial,2,86,0,2023-02-09 11:39:00,DCA (Criança e Adolescente),Luz forense/lanterna,True,False,0.8841
Aborto,Terreno Baldio,3,17,7,2023-02-26 18:22:00,DEAM (Mulher),"Empoamento, Luz forense/lanterna, Macrofotografia",True,False,0.2763
Morte Aparentemente Natural,Estabelecimento Comercial,0,23,0,2023-01-08 04:53:00,2ª DP,"Macrofotografia, Empoamento, Luz forense/lanterna",True,True,0.4472
Extorsão,Hospital,3,8,2,2023-02-13 00:23:00,DHPP (Homicídios),Luz forense/lanterna,False,False,0.4029
Local de Estupro e/ou Veículo Envolvido em Estupro,Residência,4,21,0,2023-11-22 07:56:00,DRFC (Furtos),"Macrofotografia, Empoamento, Luz forense/lanterna",False,False,0.7322
Dano,Hospital,2,25,0,2023-10-27 12:01:00,1ª DP,"Macrofotografia, Empoamento, Luz forense/lanterna",False,False,0.1016
Feminicídio,Hospital,1,16,4,2023-09-13 08:02:00,2ª DP,Luz forense/lanterna,False,False,0.7093
Estelionato,Pátio,2,15,8,2023-12-27 00:20:00,DRFC (Furtos),"Luz forense/lanterna, Empoamento, Macrofotografia",False,False,0.1719
Furto Qualificado (arrombamento),Terreno Baldio,3,15,8,2023-12-25 14:13:00,DRFC (Furtos),"Empoamento, Macrofotografia",False,True,0.3216
Homicídio,Terreno Baldio,1,5,6,2023-10-08 09:23:00,3ª DP,"Empoamento, Macrofotografia, Luz forense/lanterna",False,False,0.6591
Extorsão,DP,12,25,0,2023-10-16 03:44:00,2ª DP,"Luz forense/lanterna, Empoamento, Macrofotografia",True,False,0.587
Ameaça,Via Pública,10,15,1,2023-10-17 13:57:00,2ª DP,Luz forense/lanterna,False,True,0.3176
Infanticídio,Área Rural,0,28,1,2023-12-23 19:17:00,DEAM (Mulher),"Luz forense/lanterna, Macrofotografia",True,False,0.8005
Desmanche de Veículos,Pátio,3,21,7,2023-12-27 03:11:00,2ª DP,Macrofotografia,False,False,0.1457
Homicídio,Pátio,6,12,0,2023-08-06 11:12:00,DCA (Criança e Adolescente),"Macrofotografia, Luz forense/lanterna",True,False,0.8788
Explosão (sem vítima),Estabelecimento Comercial,4,38,0,2023-01-26 08:28:00,3ª DP,Macrofotografia,False,False,0.1132
Suicídio,Estabelecimento Comercial,3,13,3,2023-05-16 05:40:00,2ª DP,Luz forense/lanterna,False,True,0.2728
Desmanche de Veículos,Terreno Baldio,3,40,2,2023-01-26 12:02:00,DEAM (Mulher),"Luz forense/lanterna, Empoamento, Macrofotografia",False,False,0.1335
Local de Estupro e/ou Veículo Envolvido em Estupro,DP,5,53,3,2023-07-25 09:52:00,1ª DP,Macrofotografia,False,True,0.8874
Furto em Interior de Veículo,Pátio,5,6,8,2023-07-31 10:26:00,1ª DP,"Luz forense/lanterna, Empoamento, Macrofotografia",True,True,0.4933
Tentativa de Suicídio,Via Pública,1,32,0,2023-09-25 15:43:00,DHPP (Homicídios),"Luz forense/lanterna, Empoamento",True,False,0.3147
Morte Aparentemente Natural,Pátio,0,19,0,2023-05-05 19:17:00,DRFC (Furtos),"Empoamento, Luz forense/lanterna, Macrofotografia",True,False,0.2804
Receptação,DP,1,97,1,2023-11-04 13:57:00,3ª DP,"Empoamento, Luz forense/lanterna",False,False,0.1209
Furto Qualificado (arrombamento),Área Rural,5,12,3,2023-06-10 11:35:00,3ª DP,"Luz forense/lanterna, Macrofotografia, Empoamento",False,True,0.2673
Afogamento,Área Rural,0,34,4,2023-10-18 18:58:00,DEAM (Mulher),"Empoamento, Macrofotografia, Luz forense/lanterna",True,True,0.4857
Explosão (com vítima),Terreno Baldio,0,28,0,2023-05-31 18:55:00,DEAM (Mulher),Luz forense/lanterna,True,False,0.5235
Suicídio,Área Rural,1,70,1,2023-05-10 10:24:00,3ª DP,"Empoamento, Luz forense/lanterna",True,False,0.3333
Afogamento,Área Rural,5,102,1,2023-04-09 17:52:00,3ª DP,"Macrofotografia, Luz forense/lanterna",False,True,0.3313
Furto d'água,Hospital,4,54,6,2023-05-03 16:52:00,1ª DP,Luz forense/lanterna,True,False,0.3013
Tentativa de Suicídio,Pátio,0,6,0,2023-09-22 06:34:00,DEAM (Mulher),"Empoamento, Macrofotografia, Luz forense/lanterna",True,False,0.2711
Estelionato,Hospital,2,6,0,2023-11-25 02:42:00,1ª DP,"Luz forense/lanterna, Macrofotografia, Empoamento",False,False,0.1044
Local de Estupro e/ou Veículo Envolvido em Estupro,Pátio,0,52,2,2023-10-16 13:45:00,1ª DP,Luz forense/lanterna,True,False,0.8085
Desmanche de Veículos,Via Pública,1,9,0,2023-06-20 13:08:00,DEAM (Mulher),"Luz forense/lanterna, Empoamento, Macrofotografia",False,False,0.1806
Cadáver Encontrado,Área Rural,0,22,1,2023-04-11 00:24:00,DEAM (Mulher),"Luz forense/lanterna, Macrofotografia",True,False,0.3169
Local de Estupro e/ou Veículo Envolvido em Estupro,Hospital,0,21,7,2023-11-12 04:27:00,DRFC (Furtos),Empoamento,False,False,0.6779
Receptação,Pátio,0,28,5,2023-02-10 03:02:00,DCA (Criança e Adolescente),Macrofotografia,True,False,0.2786
Roubo Com Estupro,Pátio,3,6,0,2023-09-11 10:07:00,DEAM (Mulher),"Empoamento, Luz forense/lanterna",True,False,0.8807
Latrocínio e/ou Tentativa de Latrocínio,Terreno Baldio,0,5,1,2023-11-14 04:25:00,2ª DP,"Macrofotografia, Empoamento",True,False,0.8726
Eletroplessão,DP,0,66,4,2023-09-13 00:51:00,DRFC (Furtos),"Macrofotografia, Luz forense/lanterna",True,False,0.3231
Maus Tratos de Animal,DP,6,21,2,2023-01-09 19:41:00,1ª DP,"Macrofotografia, Empoamento, Luz forense/lanterna",True,False,0.2946
Disparo de Arma de Fogo,Hospital,3,10,9,2023-09-16 13:37:00,DEAM (Mulher),"Luz forense/lanterna, Empoamento",True,False,0.5273
Roubo,DP,0,35,3,2023-02-21 05:30:00,1ª DP,"Empoamento, Luz forense/lanterna, Macrofotografia",False,False,0.3659
Abandono de Incapaz,Residência,8,8,0,2023-01-19 04:43:00,2ª DP,"Macrofotografia, Luz forense/lanterna",True,True,1.0
Explosão (com vítima),Via Pública,2,62,4,2023-02-24 09:20:00,DHPP (Homicídios),"Empoamento, Luz forense/lanterna, Macrofotografia",True,False,0.5844
Roubo,Pátio,0,7,3,2023-09-08 02:24:00,DHPP (Homicídios),"Macrofotografia, Luz forense/lanterna",True,False,0.5781
Incêndio (com vítima),Via Pública,1,33,0,2023-05-20 04:14:00,DCA (Criança e Adolescente),"Luz forense/lanterna, Macrofotografia",True,False,0.5667
Disparo de Arma de Fogo,Terreno Baldio,0,49,2,2023-02-14 19:30:00,DCA (Criança e Adolescente),"Empoamento, Luz forense/lanterna, Macrofotografia",True,False,0.5132
Lesão Corporal,Terreno Baldio,6,18,1,2023-10-16 00:54:00,DHPP (Homicídios),"Empoamento, Macrofotografia, Luz forense/lanterna",True,False,0.5178
Incêndio (sem vítima),Via Pública,3,21,3,2023-11-01 03:28:00,2ª DP,"Empoamento, Luz forense/lanterna",False,True,0.2519
Disparo de Arma de Fogo,Residência,2,53,1,2023-02-12 18:41:00,DCA (Criança e Adolescente),"Macrofotografia, Luz forense/lanterna",False,False,0.3755
Feminicídio,DP,0,22,1,2023-03-21 15:03:00,DHPP (Homicídios),Empoamento,False,False,0.7128
Receptação,Estabelecimento Comercial,4,8,2,2023-08-15 02:22:00,3ª DP,"Empoamento, Luz forense/lanterna",False,True,0.3301
Furto d'água,Pátio,0,7,0,2023-07-14 16:41:00,DEAM (Mulher),Luz forense/lanterna,True,False,0.3065
Dano Seguido de Lesão Corporal,Hospital,4,112,2,2023-06-20 06:19:00,1ª DP,Luz forense/lanterna,True,False,0.5945
Adulteração de Placa e/ou Lacre,Pátio,1,48,0,2023-02-13 07:10:00,1ª DP,"Macrofotografia, Luz forense/lanterna, Empoamento",False,True,0.3192
Violação de Domicílio,Terreno Baldio,4,19,0,2023-04-10 21:28:00,DCA (Criança e Adolescente),"Macrofotografia, Empoamento",False,False,0.1288
Suicídio,Terreno Baldio,0,26,3,2023-10-28 19:07:00,2ª DP,Empoamento,True,False,0.2576
Maus Tratos de Animal,Hospital,6,28,2,2023-01-19 04:18:00,DCA (Criança e Adolescente),Luz forense/lanterna,True,False,0.2753
Receptação,DP,0,47,0,2023-03-08 01:50:00,2ª DP,Luz forense/lanterna,False,False,0.1787
Disparo de Arma de Fogo,Pátio,1,6,3,2023-08-25 08:07:00,3ª DP,"Macrofotografia, Empoamento, Luz forense/lanterna",False,False,0.3677
Ossada Encontrada,Área Rural,0,23,4,2023-02-08 11:44:00,3ª DP,Macrofotografia,False,True,0.3276
Maus Tratos de Animal,Hospital,10,24,1,2023-08-11 09:30:00,2ª DP,"Empoamento, Luz forense/lanterna",True,False,0.2949
Lesão Corporal,Área Rural,4,17,0,2023-06-01 02:28:00,3ª DP,Empoamento,True,False,0.5706
Tráfico de Entorpecentes,Residência,0,17,0,2023-02-23 01:19:00,DEAM (Mulher),"Empoamento, Macrofotografia",False,False,0.1461
Incêndio (sem vítima),Estabelecimento Comercial,7,6,6,2023-12-10 09:33:00,DCA (Criança e Adolescente),"Empoamento, Luz forense/lanterna, Macrofotografia",True,False,0.2501
Receptação,Hospital,1,47,0,2023-02-09 20:53:00,1ª DP,"Luz forense/lanterna, Empoamento",True,False,0.3133
Arremesso de Projétil,Residência,0,24,3,2023-03-18 04:53:00,DCA (Criança e Adolescente),"Luz forense/lanterna, Empoamento",True,False,0.2588
Feminicídio,Hospital,0,18,0,2023-09-09 14:12:00,DCA (Criança e Adolescente),Empoamento,True,False,0.829
Furto em Interior de Veículo,Terreno Baldio,7,7,0,2023-12-10 22:04:00,2ª DP,Empoamento,True,True,0.4581
Explosão (com vítima),Residência,1,11,0,2023-05-16 15:51:00,1ª DP,"Empoamento, Luz forense/lanterna",False,True,0.5606
Afogamento,Área Rural,0,5,1,2023-05-27 11:44:00,1ª DP,"Luz forense/lanterna, Macrofotografia",False,False,0.1536
Furto em Interior de Veículo,Via Pública,1,44,3,2023-01-15 19:27:00,DHPP (Homicídios),"Empoamento, Luz forense/lanterna",False,False,0.1044
Aborto,DP,2,59,6,2023-03-09 14:52:00,DRFC (Furtos),"Macrofotografia, Luz forense/lanterna, Empoamento",True,False,0.347
Furto em Interior de Veículo,DP,0,23,2,2023-01-28 04:42:00,DHPP (Homicídios),"Macrofotografia, Empoamento",True,False,0.3023
Local de Estupro e/ou Veículo Envolvido em Estupro,Hospital,7,24,0,2023-06-01 23:59:00,DRFC (Furtos),"Luz forense/lanterna, Macrofotografia, Empoamento",False,True,0.8797
Marca em Animal,Via Pública,0,10,1,2023-10-01 07:16:00,DRFC (Furtos),Empoamento,True,True,0.4565
Homicídio,Estabelecimento Comercial,3,13,1,2023-11-22 08:11:00,DHPP (Homicídios),Luz forense/lanterna,False,False,0.7428
Extorsão,Residência,2,39,0,2023-04-10 12:25:00,DCA (Criança e Adolescente),"Luz forense/lanterna, Empoamento, Macrofotografia",True,True,0.6628
Eletroplessão,DP,5,10,0,2023-11-19 14:42:00,DRFC (Furtos),"Luz forense/lanterna, Empoamento, Macrofotografia",True,False,0.296
Abandono de Incapaz,DP,3,36,3,2023-08-28 05:21:00,3ª DP,Luz forense/lanterna,True,False,0.8289
Latrocínio e/ou Tentativa de Latrocínio,Terreno Baldio,0,70,6,2023-01-12 17:34:00,2ª DP,"Luz forense/lanterna, Macrofotografia, Empoamento",True,True,0.984
Roubo Com Estupro,Terreno Baldio,1,23,2,2023-03-26 16:35:00,3ª DP,"Macrofotografia, Empoamento",False,False,0.7445
Tráfico de Entorpecentes,Via Pública,1,15,7,2023-05-08 00:51:00,2ª DP,"Luz forense/lanterna, Empoamento",False,True,0.3023
Infanticídio,Hospital,4,14,0,2023-10-10 15:03:00,DHPP (Homicídios),"Luz forense/lanterna, Empoamento, Macrofotografia",False,True,0.803
Furto de Energia Elétrica ou Termodinâmica,Estabelecimento Comercial,0,7,0,2023-07-19 07:50:00,3ª DP,"Macrofotografia, Empoamento, Luz forense/lanterna",True,False,0.2718
Receptação,Terreno Baldio,5,16,0,2023-10-01 00:55:00,1ª DP,"Empoamento, Macrofotografia, Luz forense/lanterna",False,False,0.1111
Incêndio (sem vítima),Via Pública,0,20,0,2023-10-12 15:21:00,DEAM (Mulher),"Luz forense/lanterna, Empoamento",True,False,0.292
Extorsão,Hospital,6,20,1,2023-10-13 14:48:00,DCA (Criança e Adolescente),Luz forense/lanterna,False,True,0.5873
Furto de Energia Elétrica ou Termodinâmica,Terreno Baldio,0,5,0,2023-03-01 21:35:00,1ª DP,"Macrofotografia, Empoamento",True,False,0.303
Feminicídio,DP,2,123,2,2023-01-08 10:13:00,3ª DP,"Macrofotografia, Empoamento",True,False,0.852
Local de Estupro e/ou Veículo Envolvido em Estupro,Terreno Baldio,2,11,1,2023-04-13 01:57:00,DRFC (Furtos),"Empoamento, Luz forense/lanterna, Macrofotografia",False,False,0.7323
Ossada Encontrada,DP,4,40,1,2023-02-08 00:47:00,DHPP (Homicídios),Luz forense/lanterna,False,True,0.2907
Estelionato,Pátio,1,22,2,2023-02-11 05:48:00,2ª DP,"Luz forense/lanterna, Macrofotografia, Empoamento",False,False,0.1653
Cadáver Encontrado,Via Pública,0,18,1,2023-04-03 20:34:00,3ª DP,Empoamento,True,False,0.253
Incêndio (com vítima),Hospital,0,24,0,2023-05-15 16:18:00,DEAM (Mulher),Macrofotografia,True,True,0.739
Violação de Sepultura,Pátio,0,7,0,2023-12-07 23:56:00,1ª DP,"Macrofotografia, Empoamento",True,True,0.4828
Desmanche de Veículos,DP,1,11,2,2023-06-12 02:49:00,2ª DP,"Empoamento, Luz forense/lanterna",False,False,0.13
Violação de Sepultura,Hospital,4,11,2,2023-09-06 02:33:00,DHPP (Homicídios),"Empoamento, Macrofotografia, Luz forense/lanterna",False,False,0.1703
Desmanche de Veículos,Via Pública,2,5,6,2023-04-21 15:48:00,3ª DP,"Luz forense/lanterna, Empoamento",True,False,0.2707
Roubo,DP,0,8,0,2023-10-22 05:36:00,3ª DP,"Luz forense/lanterna, Empoamento",False,False,0.3878
Explosão (com vítima),Área Rural,1,14,1,2023-09-27 11:45:00,DEAM (Mulher),"Empoamento, Macrofotografia, Luz forense/lanterna",False,False,0.4379
Ossada Encontrada,Terreno Baldio,2,15,9,2023-03-28 22:15:00,1ª DP,"Macrofotografia, Luz forense/lanterna",True,False,0.315
Arremesso de Projétil,Terreno Baldio,3,32,0,2023-12-01 07:06:00,DHPP (Homicídios),"Macrofotografia, Empoamento, Luz forense/lanterna",True,False,0.3206
Aborto,Via Pública,0,16,0,2023-10-23 08:47:00,2ª DP,"Empoamento, Luz forense/lanterna, Macrofotografia",False,False,0.1631
Furto d'água,Via Pública,1,32,2,2023-01-20 02:36:00,DEAM (Mulher),"Macrofotografia, Luz forense/lanterna",True,False,0.2631
Afogamento,Terreno Baldio,0,12,0,2023-01-14 11:58:00,1ª DP,Luz forense/lanterna,True,True,0.4534
Tentativa de Homicídio,Área Rural,5,75,0,2023-08-16 11:22:00,DHPP (Homicídios),"Luz forense/lanterna, Empoamento, Macrofotografia",True,False,0.8605
Abandono de Incapaz,Estabelecimento Comercial,0,37,0,2023-05-03 18:22:00,DEAM (Mulher),"Empoamento, Macrofotografia, Luz forense/lanterna",False,False,0.7249
Cadáver Encontrado,Residência,1,56,2,2023-09-01 07:23:00,3ª DP,"Macrofotografia, Luz forense/lanterna",True,False,0.2596
Explosão (com vítima),Hospital,1,15,0,2023-07-10 18:52:00,DEAM (Mulher),Macrofotografia,True,True,0.6516
Explosão (sem vítima),Residência,0,16,3,2023-02-13 23:08:00,3ª DP,Empoamento,True,False,0.3154
Desmanche de Veículos,Residência,0,6,1,2023-01-07 12:09:00,1ª DP,"Macrofotografia, Empoamento, Luz forense/lanterna",True,False,0.2967
Homicídio,Estabelecimento Comercial,0,34,2,2023-06-25 09:22:00,DCA (Criança e Adolescente),"Macrofotografia, Luz forense/lanterna, Empoamento",False,False,0.7281
Dano,Pátio,1,28,6,2023-08-28 00:24:00,DRFC (Furtos),Luz forense/lanterna,True,False,0.2574
Furto de Energia Elétrica ou Termodinâmica,Terreno Baldio,1,14,0,2023-02-13 21:52:00,DCA (Criança e Adolescente),"Luz forense/lanterna, Empoamento, Macrofotografia",True,False,0.3244
Maus Tratos de Animal,Terreno Baldio,4,8,3,2023-06-20 04:02:00,DCA (Criança e Adolescente),Macrofotografia,False,False,0.1786
Desmanche de Veículos,Residência,4,28,2,2023-02-25 12:35:00,DEAM (Mulher),"Empoamento, Luz forense/lanterna",False,False,0.195
Aborto,Residência,3,9,1,2023-05-13 06:37:00,DRFC (Furtos),"Empoamento, Macrofotografia",False,False,0.1256
Pichação,Terreno Baldio,0,7,2,2023-07-25 17:01:00,1ª DP,"Luz forense/lanterna, Empoamento, Macrofotografia",True,False,0.2865
Tentativa de Suicídio,Terreno Baldio,2,33,8,2023-04-27 05:19:00,DHPP (Homicídios),Macrofotografia,True,False,0.2568
Receptação,DP,2,19,1,2023-03-01 20:03:00,DHPP (Homicídios),"Empoamento, Macrofotografia",True,False,0.3387
Roubo,DP,0,15,1,2023-09-28 01:06:00,3ª DP,"Luz forense/lanterna, Empoamento",True,True,0.7337
Tentativa de Suicídio,Estabelecimento Comercial,0,5,2,2023-08-30 18:28:00,DCA (Criança e Adolescente),"Macrofotografia, Empoamento",True,True,0.4991
Explosão (com vítima),Área Rural,5,49,1,2023-02-02 05:25:00,DCA (Criança e Adolescente),Empoamento,True,True,0.7317
Eletroplessão,Pátio,4,19,0,2023-06-08 15:52:00,DRFC (Furtos),Luz forense/lanterna,False,False,0.1902
Marca em Animal,Área Rural,1,6,2,2023-03-25 22:12:00,2ª DP,"Luz forense/lanterna, Macrofotografia, Empoamento",True,False,0.2732
Exercício Arbitrário das Próprias Razões,Estabelecimento Comercial,2,16,0,2023-04-20 20:47:00,DHPP (Homicídios),"Empoamento, Luz forense/lanterna, Macrofotografia",True,False,0.3126
Exercício Arbitrário das Próprias Razões,Estabelecimento Comercial,0,24,1,2024-01-01 00:58:00,DHPP (Homicídios),"Macrofotografia, Luz forense/lanterna",True,False,0.27
Veículo Localizado (furtado ou roubado),Estabelecimento Comercial,0,11,0,2023-01-23 11:10:00,DEAM (Mulher),Macrofotografia,True,True,0.4476
Morte Aparentemente Natural,Estabelecimento Comercial,3,55,1,2023-12-10 11:43:00,DHPP (Homicídios),"Macrofotografia, Empoamento, Luz forense/lanterna",False,False,0.1327
Homicídio,DP,4,9,3,2023-03-11 20:11:00,1ª DP,"Macrofotografia, Empoamento, Luz forense/lanterna",True,False,0.8098
Abandono de Incapaz,Pátio,3,5,0,2023-06-29 04:25:00,2ª DP,Macrofotografia,False,False,0.7274
Abandono de Incapaz,Via Pública,7,30,4,2023-10-04 06:35:00,DCA (Criança e Adolescente),"Luz forense/lanterna, Empoamento",False,False,0.731
Furto d'água,Residência,3,10,0,2023-03-04 01:26:00,1ª DP,"Empoamento, Macrofotografia",True,False,0.279
Local de Estupro e/ou Veículo Envolvido em Estupro,Área Rural,1,32,0,2023-01-05 09:07:00,DCA (Criança e Adolescente),Luz forense/lanterna,False,False,0.7421
Veículo Localizado (furtado ou roubado),Terreno Baldio,0,13,4,2023-11-30 21:47:00,DEAM (Mulher),Empoamento,False,False,0.1884
Arremesso de Projétil,Estabelecimento Comercial,1,11,2,2023-12-10 00:27:00,DEAM (Mulher),"Luz forense/lanterna, Macrofotografia",False,True,0.3357
Arremesso de Projétil,Via Pública,9,12,0,2023-10-27 22:30:00,DEAM (Mulher),Luz forense/lanterna,False,True,0.2708
Furto Qualificado (arrombamento),Estabelecimento Comercial,4,5,0,2023-03-23 15:35:00,1ª DP,"Luz forense/lanterna, Empoamento",True,True,0.4858
Estelionato,Estabelecimento Comercial,1,18,6,2023-06-06 05:50:00,DHPP (Homicídios),"Luz forense/lanterna, Macrofotografia, Empoamento",True,True,0.4205
Suicídio,Área Rural,1,12,0,2023-09-22 14:26:00,DHPP (Homicídios),"Empoamento, Luz forense/lanterna, Macrofotografia",False,False,0.1636
Tentativa de Suicídio,Área Rural,2,5,0,2023-03-24 16:07:00,DRFC (Furtos),"Macrofotografia, Empoamento, Luz forense/lanterna",True,False,0.2916
Latrocínio e/ou Tentativa de Latrocínio,Área Rural,5,31,0,2023-05-03 08:08:00,DHPP (Homicídios),"Empoamento, Macrofotografia",False,False,0.7393
Ossada Encontrada,Área Rural,9,14,2,2023-06-24 13:22:00,DHPP (Homicídios),"Luz forense/lanterna, Macrofotografia",True,False,0.2986
Violação de Sepultura,Pátio,6,20,0,2023-03-29 23:52:00,DCA (Criança e Adolescente),Empoamento,True,False,0.2717
Adulteração de Placa e/ou Lacre,Estabelecimento Comercial,16,5,0,2023-02-17 05:47:00,DCA (Criança e Adolescente),Empoamento,False,False,0.1218
Morte Aparentemente Natural,Hospital,0,26,0,2023-01-03 13:09:00,3ª DP,Empoamento,True,False,0.3211
Infanticídio,Terreno Baldio,8,24,0,2023-07-04 17:49:00,3ª DP,Macrofotografia,True,False,0.8255
Pichação,Via Pública,5,28,0,2023-04-13 04:00:00,DRFC (Furtos),Luz forense/lanterna,True,True,0.4324
Maus Tratos de Animal,Hospital,7,20,2,2023-02-27 18:07:00,DHPP (Homicídios),Luz forense/lanterna,True,False,0.28
Furto,Pátio,0,21,0,2023-06-23 18:22:00,DRFC (Furtos),Empoamento,False,True,0.2765
Ossada Encontrada,Estabelecimento Comercial,7,25,6,2023-05-22 20:58:00,3ª DP,"Luz forense/lanterna, Macrofotografia",True,False,0.3232
Explosão (sem vítima),Residência,6,14,2,2023-01-06 02:37:00,DRFC (Furtos),"Luz forense/lanterna, Macrofotografia",True,True,0.4752
Suicídio,Hospital,0,10,0,2023-02-03 02:53:00,DEAM (Mulher),Empoamento,True,False,0.2633
Explosão (com vítima),Pátio,0,9,1,2023-04-15 02:13:00,DHPP (Homicídios),"Luz forense/lanterna, Macrofotografia, Empoamento",True,False,0.5436
Extorsão,Residência,2,30,0,2023-01-08 21:25:00,3ª DP,"Luz forense/lanterna, Macrofotografia, Empoamento",True,False,0.5188
Aborto,DP,3,43,2,2023-03-09 16:33:00,DCA (Criança e Adolescente),"Luz forense/lanterna, Macrofotografia",False,False,0.1922
Abandono de Incapaz,DP,2,6,0,2023-10-29 12:07:00,2ª DP,"Empoamento, Luz forense/lanterna",True,False,0.8951
Ameaça,Via Pública,0,27,2,2023-09-11 16:50:00,3ª DP,Empoamento,True,False,0.2751
Ameaça,DP,2,22,2,2023-10-18 20:11:00,3ª DP,"Empoamento, Macrofotografia, Luz forense/lanterna",False,False,0.1176
Eletroplessão,Terreno Baldio,3,21,2,2023-06-16 02:13:00,DEAM (Mulher),"Macrofotografia, Empoamento, Luz forense/lanterna",True,False,0.2931
Feto Encontrado,Área Rural,4,5,2,2023-07-16 10:21:00,2ª DP,"Luz forense/lanterna, Empoamento, Macrofotografia",False,False,0.6634
Marca em Animal,DP,0,25,1,2023-01-13 12:17:00,2ª DP,"Empoamento, Luz forense/lanterna",True,False,0.2974
Dano Seguido de Lesão Corporal,Pátio,0,5,6,2023-10-14 11:43:00,2ª DP,Empoamento,True,False,0.5256
Arremesso de Projétil,Pátio,3,19,0,2023-03-28 18:17:00,DRFC (Furtos),"Macrofotografia, Empoamento, Luz forense/lanterna",False,False,0.1519
Furto,Área Rural,2,9,2,2023-05-25 18:46:00,DEAM (Mulher),"Luz forense/lanterna, Empoamento",True,False,0.2958
Maus Tratos de Animal,Pátio,6,14,0,2023-01-08 21:13:00,1ª DP,"Empoamento, Luz forense/lanterna, Macrofotografia",False,True,0.3328
Desmanche de Veículos,Residência,2,6,2,2023-06-22 23:06:00,DEAM (Mulher),Luz forense/lanterna,False,True,0.3329
Suicídio,Residência,1,40,2,2023-05-02 01:59:00,DCA (Criança e Adolescente),"Empoamento, Macrofotografia, Luz forense/lanterna",False,False,0.1158
Adulteração de Placa e/ou Lacre,Residência,3,46,9,2023-01-17 23:42:00,DHPP (Homicídios),"Macrofotografia, Luz forense/lanterna, Empoamento",False,False,0.1127
Violação de Domicílio,Pátio,0,5,0,2023-07-12 00:40:00,DHPP (Homicídios),Macrofotografia,False,False,0.178
Adulteração de Placa e/ou Lacre,DP,1,54,1,2023-11-18 18:30:00,3ª DP,Luz forense/lanterna,True,True,0.4899
Ameaça,Via Pública,4,47,0,2023-03-18 05:43:00,2ª DP,"Luz forense/lanterna, Macrofotografia",False,True,0.2622
Arremesso de Projétil,Pátio,0,17,1,2023-04-15 09:53:00,DRFC (Furtos),"Empoamento, Macrofotografia, Luz forense/lanterna",True,True,0.4003
Explosão (sem vítima),Via Pública,0,41,0,2023-01-21 20:49:00,DHPP (Homicídios),"Luz forense/lanterna, Empoamento",False,False,0.1863
Homicídio,Terreno Baldio,7,9,0,2023-01-13 22:33:00,DHPP (Homicídios),"Luz forense/lanterna, Macrofotografia",False,False,0.6678
Receptação,Estabelecimento Comercial,0,24,0,2023-06-17 17:14:00,DRFC (Furtos),"Luz forense/lanterna, Macrofotografia",True,False,0.3199
Dano Seguido de Lesão Corporal,Área Rural,2,24,1,2023-05-23 10:37:00,DEAM (Mulher),"Empoamento, Luz forense/lanterna",False,True,0.5673
Ossada Encontrada,Área Rural,0,49,0,2023-10-09 23:37:00,DEAM (Mulher),"Macrofotografia, Luz forense/lanterna, Empoamento",True,False,0.2684
Dano,Residência,10,23,3,2023-09-14 02:06:00,DEAM (Mulher),"Empoamento, Macrofotografia",True,False,0.2534
Local de Estupro e/ou Veículo Envolvido em Estupro,DP,1,43,1,2023-03-21 20:44:00,DHPP (Homicídios),"Macrofotografia, Luz forense/lanterna",True,False,0.838
Violação de Domicílio,Pátio,1,7,6,2023-11-09 13:11:00,DEAM (Mulher),"Luz forense/lanterna, Empoamento",True,False,0.2725
Receptação,Terreno Baldio,0,12,0,2023-07-26 13:01:00,DCA (Criança e Adolescente),"Empoamento, Luz forense/lanterna, Macrofotografia",False,False,0.1649
Tentativa de Suicídio,Via Pública,7,58,1,2023-03-28 16:50:00,DHPP (Homicídios),"Macrofotografia, Luz forense/lanterna, Empoamento",False,False,0.1726
Feto Encontrado,DP,0,27,2,2023-11-04 17:53:00,DEAM (Mulher),"Luz forense/lanterna, Empoamento, Macrofotografia",True,True,1.0
Abandono de Incapaz,DP,0,13,0,2023-06-04 23:48:00,2ª DP,"Luz forense/lanterna, Empoamento",True,False,0.8342
Roubo,Residência,0,29,0,2023-12-11 08:35:00,DEAM (Mulher),Luz forense/lanterna,True,False,0.5618
Homicídio,Terreno Baldio,1,10,1,2023-06-18 03:02:00,DCA (Criança e Adolescente),Luz forense/lanterna,False,True,0.8086
Suicídio,Estabelecimento Comercial,0,7,0,2023-04-12 09:31:00,1ª DP,"Luz forense/lanterna, Empoamento, Macrofotografia",True,False,0.319
Marca em Animal,Residência,2,27,0,2023-04-03 00:39:00,1ª DP,"Luz forense/lanterna, Macrofotografia, Empoamento",True,True,0.4767
Afogamento,Terreno Baldio,6,8,1,2023-12-31 11:06:00,DEAM (Mulher),"Luz forense/lanterna, Macrofotografia",True,False,0.2696
Morte Aparentemente Natural,Via Pública,1,15,3,2023-12-28 23:57:00,DHPP (Homicídios),"Empoamento, Macrofotografia",False,True,0.2828
Tentativa de Homicídio,Residência,6,9,1,2023-04-26 18:09:00,2ª DP,"Luz forense/lanterna, Empoamento",False,True,0.8601
Feminicídio,DP,0,49,0,2023-03-16 21:31:00,3ª DP,"Macrofotografia, Empoamento, Luz forense/lanterna",False,False,0.7131
Dano,Estabelecimento Comercial,0,18,0,2023-11-21 16:01:00,DCA (Criança e Adolescente),Empoamento,False,False,0.1732
Desmanche de Veículos,Via Pública,1,32,1,2023-09-12 10:07:00,DRFC (Furtos),"Macrofotografia, Luz forense/lanterna",True,False,0.3232
Extorsão,Via Pública,0,5,4,2023-11-29 17:50:00,DCA (Criança e Adolescente),"Macrofotografia, Luz forense/lanterna, Empoamento",True,False,0.5547
Roubo Com Estupro,Pátio,1,9,1,2023-10-12 21:15:00,DHPP (Homicídios),"Empoamento, Luz forense/lanterna, Macrofotografia",False,False,0.7086
Tráfico de Entorpecentes,Via Pública,8,17,0,2023-05-04 13:24:00,DCA (Criança e Adolescente),"Luz forense/lanterna, Macrofotografia",True,False,0.2676
Roubo,Hospital,1,11,0,2023-06-13 22:57:00,DHPP (Homicídios),Luz forense/lanterna,True,True,0.6765
Ameaça,DP,0,22,3,2023-08-13 15:22:00,DHPP (Homicídios),"Empoamento, Luz forense/lanterna, Macrofotografia",True,False,0.2896
Disparo de Arma de Fogo,Pátio,3,16,0,2023-11-14 17:41:00,1ª DP,"Luz forense/lanterna, Empoamento, Macrofotografia",False,True,0.5521
Violação de Sepultura,Terreno Baldio,2,42,0,2023-02-12 04:39:00,DRFC (Furtos),"Luz forense/lanterna, Empoamento, Macrofotografia",True,True,0.403
Furto de Energia Elétrica ou Termodinâmica,Hospital,0,9,2,2023-08-31 10:10:00,DEAM (Mulher),Luz forense/lanterna,True,True,0.4891
Desmanche de Veículos,Residência,0,47,1,2023-12-02 04:50:00,1ª DP,"Macrofotografia, Empoamento",False,False,0.1591
Extorsão,DP,3,9,1,2023-05-28 23:22:00,DRFC (Furtos),"Empoamento, Macrofotografia",True,False,0.5408
Furto d'água,Pátio,9,47,3,2023-07-07 11:05:00,3ª DP,"Macrofotografia, Empoamento",True,True,0.4568
Infanticídio,Hospital,1,48,0,2023-03-14 16:19:00,1ª DP,Luz forense/lanterna,True,False,0.8689
Homicídio,Área Rural,3,22,1,2023-03-13 12:35:00,2ª DP,"Macrofotografia, Empoamento, Luz forense/lanterna",True,True,1.0
Desmanche de Veículos,Hospital,1,9,0,2023-07-27 19:46:00,DEAM (Mulher),Empoamento,True,True,0.4799
Suicídio,Terreno Baldio,1,44,0,2023-03-22 11:11:00,1ª DP,"Empoamento, Macrofotografia, Luz forense/lanterna",True,True,0.4411
Marca em Animal,DP,0,7,0,2023-11-19 15:52:00,DCA (Criança e Adolescente),"Macrofotografia, Luz forense/lanterna",False,True,0.2803
Roubo,Residência,2,10,1,2023-12-17 23:34:00,1ª DP,"Luz forense/lanterna, Empoamento, Macrofotografia",False,False,0.4177
Arremesso de Projétil,Pátio,1,19,2,2023-05-08 12:14:00,DCA (Criança e Adolescente),Macrofotografia,True,True,0.4232
Dano Seguido de Lesão Corporal,Área Rural,5,6,0,2023-12-05 01:55:00,DCA (Criança e Adolescente),"Macrofotografia, Luz forense/lanterna, Empoamento",True,False,0.5212
Aborto,Pátio,0,7,0,2023-01-03 07:27:00,2ª DP,"Empoamento, Macrofotografia",False,False,0.1856
Suicídio,Estabelecimento Comercial,7,12,5,2023-03-01 05:36:00,1ª DP,Empoamento,False,False,0.1046
Tentativa de Suicídio,Pátio,0,22,1,2023-07-28 06:38:00,2ª DP,"Luz forense/lanterna, Macrofotografia",False,False,0.1767
Desmanche de Veículos,Residência,1,81,0,2023-05-31 12:55:00,1ª DP,"Macrofotografia, Empoamento, Luz forense/lanterna",True,False,0.3206
Ameaça,DP,1,11,0,2023-05-24 14:03:00,DCA (Criança e Adolescente),"Luz forense/lanterna, Empoamento, Macrofotografia",True,False,0.3286
Exercício Arbitrário das Próprias Razões,Pátio,2,22,1,2023-03-18 14:06:00,DHPP (Homicídios),"Luz forense/lanterna, Macrofotografia",True,True,0.4547
Feto Encontrado,Residência,5,33,0,2023-07-14 00:36:00,DCA (Criança e Adolescente),Macrofotografia,True,False,0.8339
Incêndio (com vítima),Estabelecimento Comercial,2,11,9,2023-01-11 02:18:00,DHPP (Homicídios),Macrofotografia,True,True,0.7286
Eletroplessão,Via Pública,0,6,4,2023-04-10 04:22:00,3ª DP,"Empoamento, Luz forense/lanterna, Macrofotografia",False,False,0.1466
Abandono de Incapaz,Área Rural,4,31,1,2023-10-26 02:28:00,3ª DP,"Macrofotografia, Luz forense/lanterna, Empoamento",False,True,0.8567
Arremesso de Projétil,Terreno Baldio,2,18,4,2023-06-16 14:57:00,DCA (Criança e Adolescente),"Empoamento, Luz forense/lanterna, Macrofotografia",False,True,0.3173
Incêndio (sem vítima),DP,0,13,0,2023-08-20 18:39:00,2ª DP,Empoamento,False,False,0.1609
Dano Seguido de Lesão Corporal,Via Pública,5,20,0,2023-02-11 14:20:00,DEAM (Mulher),"Empoamento, Macrofotografia",True,False,0.5612
Maus Tratos de Animal,Residência,0,11,1,2023-10-31 18:34:00,DEAM (Mulher),"Macrofotografia, Luz forense/lanterna",False,True,0.2814
Arremesso de Projétil,Área Rural,2,17,5,2023-06-19 09:19:00,DRFC (Furtos),"Empoamento, Macrofotografia, Luz forense/lanterna",False,False,0.1274
Tentativa de Suicídio,Hospital,1,43,5,2023-10-23 20:33:00,DEAM (Mulher),"Macrofotografia, Empoamento",True,True,0.4877
Morte Aparentemente Natural,Estabelecimento Comercial,1,40,1,2023-02-24 18:50:00,2ª DP,"Empoamento, Luz forense/lanterna",True,False,0.2545
Latrocínio e/ou Tentativa de Latrocínio,Área Rural,3,8,5,2023-05-28 18:28:00,1ª DP,Macrofotografia,True,True,0.9589
Adulteração de Placa e/ou Lacre,Residência,6,10,0,2023-09-08 02:57:00,2ª DP,Empoamento,True,False,0.2974
Estelionato,Residência,0,23,1,2023-06-04 13:05:00,DRFC (Furtos),"Luz forense/lanterna, Macrofotografia, Empoamento",False,False,0.1604
Dano Seguido de Lesão Corporal,Hospital,3,12,2,2023-08-17 19:37:00,DHPP (Homicídios),"Macrofotografia, Empoamento",False,False,0.4176
Arremesso de Projétil,Residência,1,13,2,2023-09-20 17:00:00,DHPP (Homicídios),Macrofotografia,False,False,0.1132
Arremesso de Projétil,Hospital,2,29,0,2023-02-18 16:51:00,DRFC (Furtos),"Macrofotografia, Luz forense/lanterna, Empoamento",False,True,0.318
Incêndio (sem vítima),Terreno Baldio,2,27,0,2023-12-30 07:40:00,DHPP (Homicídios),"Luz forense/lanterna, Macrofotografia, Empoamento",True,False,0.2728
Roubo,Hospital,0,13,0,2023-01-07 05:58:00,DRFC (Furtos),"Empoamento, Luz forense/lanterna, Macrofotografia",True,False,0.5495
Cadáver Encontrado,Estabelecimento Comercial,1,8,3,2023-08-11 08:05:00,3ª DP,Macrofotografia,False,True,0.2995
Explosão (com vítima),DP,2,33,0,2023-01-17 20:41:00,DRFC (Furtos),"Macrofotografia, Luz forense/lanterna",False,False,0.3835
Homicídio,Via Pública,1,27,1,2023-10-07 12:30:00,DCA (Criança e Adolescente),"Empoamento, Macrofotografia",True,False,0.8258
Roubo Com Estupro,Área Rural,1,13,1,2023-02-25 12:28:00,2ª DP,Macrofotografia,False,True,0.8213
Tráfico de Entorpecentes,DP,3,29,2,2023-08-24 18:05:00,DRFC (Furtos),"Empoamento, Luz forense/lanterna",False,False,0.1662
Suicídio,Hospital,0,5,1,2023-11-10 17:02:00,2ª DP,"Empoamento, Luz forense/lanterna",True,False,0.3127
Dano Seguido de Lesão Corporal,Residência,1,11,0,2023-11-03 06:01:00,DEAM (Mulher),"Macrofotografia, Empoamento",True,False,0.5825
Receptação,Hospital,8,63,2,2023-06-27 10:43:00,DHPP (Homicídios),"Luz forense/lanterna, Empoamento",False,True,0.2848
Ossada Encontrada,DP,1,17,2,2023-03-23 10:29:00,2ª DP,"Luz forense/lanterna, Empoamento",True,False,0.2717
Roubo,Residência,1,16,0,2023-09-05 19:16:00,DHPP (Homicídios),"Macrofotografia, Luz forense/lanterna, Empoamento",False,False,0.3617
Morte Aparentemente Natural,Via Pública,0,28,4,2023-08-03 03:33:00,DEAM (Mulher),"Macrofotografia, Empoamento, Luz forense/lanterna",True,True,0.4417
Explosão (sem vítima),Área Rural,2,10,3,2023-05-15 12:22:00,3ª DP,Luz forense/lanterna,True,True,0.4647
Ossada Encontrada,Hospital,3,18,1,2023-12-20 06:28:00,DCA (Criança e Adolescente),"Empoamento, Luz forense/lanterna",True,True,0.4052
Feminicídio,Residência,3,7,4,2023-11-25 01:11:00,DEAM (Mulher),Luz forense/lanterna,True,False,0.8237
Local de Estupro e/ou Veículo Envolvido em Estupro,Via Pública,0,18,1,2023-05-20 11:27:00,DCA (Criança e Adolescente),"Empoamento, Luz forense/lanterna",True,False,0.8305
Furto d'água,Pátio,5,45,0,2023-04-03 03:28:00,1ª DP,"Macrofotografia, Empoamento, Luz forense/lanterna",True,False,0.2818
Adulteração de Placa e/ou Lacre,Hospital,10,22,0,2023-10-10 15:03:00,DEAM (Mulher),"Macrofotografia, Luz forense/lanterna",False,True,0.3415
Desmanche de Veículos,Residência,0,7,3,2023-06-28 05:54:00,DEAM (Mulher),Luz forense/lanterna,False,False,0.1691
Abandono de Incapaz,Pátio,5,26,1,2023-12-09 14:41:00,DHPP (Homicídios),"Luz forense/lanterna, Empoamento",False,False,0.69
Receptação,Residência,9,36,1,2023-08-05 10:52:00,1ª DP,Empoamento,True,False,0.2582
Abandono de Incapaz,Pátio,0,5,1,2023-10-16 23:11:00,3ª DP,Empoamento,True,False,0.8013
Ossada Encontrada,Área Rural,1,65,3,2023-07-25 23:02:00,1ª DP,Macrofotografia,False,False,0.147
Infanticídio,Terreno Baldio,0,12,0,2023-10-16 00:00:00,DRFC (Furtos),Luz forense/lanterna,True,False,0.8959
Furto Qualificado (arrombamento),Pátio,0,89,3,2023-12-24 19:14:00,DRFC (Furtos),Empoamento,False,True,0.2916
Explosão (com vítima),DP,1,44,0,2023-03-13 06:56:00,DHPP (Homicídios),"Luz forense/lanterna, Empoamento, Macrofotografia",True,False,0.5551
Tentativa de Homicídio,Residência,0,22,0,2023-07-24 19:16:00,DHPP (Homicídios),Macrofotografia,True,True,0.9766
Ossada Encontrada,Estabelecimento Comercial,3,16,1,2023-09-16 10:49:00,3ª DP,Luz forense/lanterna,True,False,0.3079
Receptação,Área Rural,1,36,3,2023-07-14 16:36:00,DHPP (Homicídios),"Empoamento, Macrofotografia",False,True,0.3484
Local de Estupro e/ou Veículo Envolvido em Estupro,Área Rural,0,49,1,2023-10-13 10:03:00,DEAM (Mulher),"Empoamento, Luz forense/lanterna",False,True,0.8573
Feto Encontrado,Área Rural,3,44,0,2023-07-21 20:48:00,DCA (Criança e Adolescente),Empoamento,False,True,0.8274
Aborto,Estabelecimento Comercial,0,26,5,2023-08-27 11:16:00,3ª DP,Macrofotografia,True,False,0.3346
Lesão Corporal,Área Rural,0,43,6,2023-01-24 01:04:00,DRFC (Furtos),Empoamento,True,True,0.655
Furto,Hospital,2,9,1,2023-12-09 19:50:00,1ª DP,"Empoamento, Macrofotografia",False,False,0.1513
Desmanche de Veículos,Estabelecimento Comercial,4,7,0,2023-11-10 20:06:00,DHPP (Homicídios),Empoamento,True,False,0.3319
Ossada Encontrada,Via Pública,2,21,1,2023-11-25 11:09:00,DHPP (Homicídios),"Empoamento, Macrofotografia, Luz forense/lanterna",False,True,0.2981
Violação de Sepultura,Residência,0,56,0,2023-05-06 01:55:00,DHPP (Homicídios),"Macrofotografia, Luz forense/lanterna, Empoamento",False,False,0.1661
Feminicídio,Terreno Baldio,0,31,4,2023-06-23 06:11:00,DEAM (Mulher),"Luz forense/lanterna, Empoamento",True,False,0.8003
Lesão Corporal,Estabelecimento Comercial,2,31,0,2023-06-13 11:14:00,DEAM (Mulher),Empoamento,False,True,0.5472
Explosão (sem vítima),Estabelecimento Comercial,1,39,1,2023-12-12 19:19:00,DEAM (Mulher),Macrofotografia,False,True,0.323
Roubo,Estabelecimento Comercial,7,55,0,2023-01-04 14:24:00,3ª DP,"Luz forense/lanterna, Empoamento, Macrofotografia",False,False,0.4473
Infanticídio,Hospital,0,5,8,2023-01-03 06:33:00,DHPP (Homicídios),"Luz forense/lanterna, Macrofotografia, Empoamento",False,True,0.8523
Roubo,Residência,0,25,2,2023-03-14 14:24:00,1ª DP,"Macrofotografia, Empoamento",False,False,0.3584
Local de Estupro e/ou Veículo Envolvido em Estupro,Pátio,1,52,1,2023-07-11 10:15:00,DHPP (Homicídios),"Macrofotografia, Empoamento",False,False,0.6658
Marca em Animal,Área Rural,7,32,3,2023-02-24 21:36:00,DCA (Criança e Adolescente),"Empoamento, Macrofotografia, Luz forense/lanterna",False,False,0.1978
Pichação,Pátio,2,5,3,2023-04-08 16:10:00,3ª DP,"Luz forense/lanterna, Empoamento, Macrofotografia",True,False,0.3306
Suicídio,Área Rural,0,33,1,2023-11-14 20:40:00,DEAM (Mulher),"Luz forense/lanterna, Macrofotografia, Empoamento",True,False,0.2588
Aborto,Terreno Baldio,0,23,2,2023-01-30 07:36:00,3ª DP,"Luz forense/lanterna, Macrofotografia",False,True,0.315
Morte Aparentemente Natural,DP,0,15,6,2023-10-29 23:12:00,3ª DP,Macrofotografia,False,False,0.1651
Exercício Arbitrário das Próprias Razões,Terreno Baldio,3,14,6,2023-06-05 04:57:00,3ª DP,"Luz forense/lanterna, Macrofotografia, Empoamento",False,False,0.1729
Afogamento,Área Rural,4,14,0,2023-12-13 06:47:00,DCA (Criança e Adolescente),"Macrofotografia, Luz forense/lanterna, Empoamento",True,False,0.2825
Roubo Com Estupro,Pátio,2,18,1,2023-04-25 01:59:00,1ª DP,Luz forense/lanterna,False,True,0.8847
Suicídio,DP,10,26,0,2023-03-15 07:05:00,DEAM (Mulher),Luz forense/lanterna,True,False,0.2615
Eletroplessão,Pátio,4,45,0,2023-11-12 01:00:00,1ª DP,"Luz forense/lanterna, Empoamento",True,False,0.2503
Ameaça,Estabelecimento Comercial,3,12,0,2023-04-30 13:41:00,DRFC (Furtos),Macrofotografia,True,True,0.4807
Incêndio (sem vítima),Via Pública,3,16,12,2023-03-23 02:18:00,DHPP (Homicídios),"Luz forense/lanterna, Empoamento, Macrofotografia",False,True,0.3072
Cadáver Encontrado,Hospital,7,13,0,2023-04-24 20:49:00,3ª DP,"Luz forense/lanterna, Macrofotografia, Empoamento",False,True,0.3165
Violação de Sepultura,Estabelecimento Comercial,2,14,0,2023-12-21 09:11:00,DRFC (Furtos),"Macrofotografia, Empoamento",False,False,0.1963
Afogamento,Pátio,0,11,0,2023-09-21 05:59:00,DCA (Criança e Adolescente),"Macrofotografia, Luz forense/lanterna, Empoamento",False,False,0.1144
Eletroplessão,Hospital,0,58,1,2023-12-11 12:12:00,DHPP (Homicídios),"Macrofotografia, Luz forense/lanterna, Empoamento",True,False,0.3146
Exercício Arbitrário das Próprias Razões,Pátio,1,19,0,2023-08-07 13:48:00,2ª DP,"Macrofotografia, Luz forense/lanterna, Empoamento",True,True,0.4675
Maus Tratos de Animal,Pátio,0,35,3,2023-03-07 03:02:00,DCA (Criança e Adolescente),Empoamento,True,True,0.4893
Desmanche de Veículos,Hospital,0,8,0,2023-08-13 22:32:00,DEAM (Mulher),"Luz forense/lanterna, Empoamento, Macrofotografia",False,False,0.1775
Extorsão,Área Rural,2,7,3,2023-05-23 13:21:00,DEAM (Mulher),"Luz forense/lanterna, Macrofotografia, Empoamento",False,True,0.5278
Infanticídio,Hospital,0,28,0,2023-06-17 17:23:00,DRFC (Furtos),"Empoamento, Macrofotografia, Luz forense/lanterna",False,False,0.7158
Roubo,Via Pública,1,69,0,2023-07-07 07:43:00,1ª DP,"Luz forense/lanterna, Macrofotografia",False,False,0.4289
Tentativa de Suicídio,Via Pública,0,15,4,2023-11-24 18:55:00,DHPP (Homicídios),Luz forense/lanterna,True,True,0.4902
Infanticídio,Terreno Baldio,1,6,3,2023-09-18 00:19:00,DEAM (Mulher),"Macrofotografia, Luz forense/lanterna",False,False,0.7461
Furto,Residência,1,5,11,2023-03-24 16:09:00,1ª DP,"Empoamento, Luz forense/lanterna, Macrofotografia",True,False,0.2538
Estelionato,DP,5,27,0,2023-10-28 23:27:00,3ª DP,Macrofotografia,False,False,0.1373
Disparo de Arma de Fogo,Via Pública,2,18,0,2023-03-15 20:03:00,DEAM (Mulher),"Luz forense/lanterna, Macrofotografia, Empoamento",False,False,0.4401
Afogamento,Residência,1,25,8,2023-08-09 01:19:00,2ª DP,"Macrofotografia, Luz forense/lanterna",False,False,0.115
Aborto,Hospital,1,28,0,2023-07-28 20:49:00,3ª DP,"Luz forense/lanterna, Empoamento, Macrofotografia",False,True,0.2518
Roubo,Pátio,7,6,2,2023-10-06 08:38:00,DHPP (Homicídios),Luz forense/lanterna,True,False,0.5116
Tentativa de Homicídio,Hospital,7,10,1,2023-12-08 07:38:00,3ª DP,"Macrofotografia, Empoamento",True,False,0.8671
Furto em Interior de Veículo,Estabelecimento Comercial,0,43,3,2023-05-03 23:24:00,1ª DP,Luz forense/lanterna,False,False,0.1414
Feto Encontrado,Via Pública,1,7,0,2023-05-26 14:59:00,1ª DP,"Macrofotografia, Empoamento, Luz forense/lanterna",False,True,0.8011
Marca em Animal,Via Pública,0,43,1,2023-09-19 21:13:00,1ª DP,"Empoamento, Macrofotografia, Luz forense/lanterna",True,True,0.4206
Suicídio,Pátio,1,11,3,2023-08-07 02:19:00,DCA (Criança e Adolescente),"Macrofotografia, Luz forense/lanterna, Empoamento",True,True,0.449
Roubo,Estabelecimento Comercial,2,181,1,2023-12-20 14:21:00,DCA (Criança e Adolescente),"Luz forense/lanterna, Macrofotografia, Empoamento",False,False,0.3981
Homicídio,Estabelecimento Comercial,0,7,1,2023-08-16 12:26:00,DEAM (Mulher),"Empoamento, Macrofotografia, Luz forense/lanterna",True,False,0.8751
Pichação,Residência,1,27,0,2023-07-26 05:31:00,DCA (Criança e Adolescente),"Empoamento, Macrofotografia, Luz forense/lanterna",True,True,0.4295
Local de Estupro e/ou Veículo Envolvido em Estupro,Área Rural,2,11,0,2023-08-20 06:18:00,1ª DP,Empoamento,True,True,0.9853
Desmanche de Veículos,DP,1,8,2,2023-12-11 11:48:00,2ª DP,Luz forense/lanterna,False,True,0.329
Feto Encontrado,Área Rural,1,8,0,2023-12-23 13:32:00,2ª DP,"Luz forense/lanterna, Macrofotografia",True,True,0.9557
Abandono de Incapaz,Terreno Baldio,1,56,4,2023-08-15 07:31:00,DCA (Criança e Adolescente),"Empoamento, Macrofotografia",False,False,0.742
Furto de Energia Elétrica ou Termodinâmica,Área Rural,2,37,2,2023-01-30 04:10:00,3ª DP,"Macrofotografia, Luz forense/lanterna",True,False,0.3392
Suicídio,Estabelecimento Comercial,0,10,0,2023-06-28 00:53:00,DRFC (Furtos),"Macrofotografia, Empoamento",True,False,0.3363
Explosão (com vítima),Residência,1,18,0,2023-10-14 03:24:00,DHPP (Homicídios),Empoamento,True,True,0.735
Ameaça,Estabelecimento Comercial,2,63,1,2023-10-20 23:13:00,DRFC (Furtos),"Luz forense/lanterna, Empoamento",True,False,0.2867
Dano,DP,1,28,0,2023-11-04 01:11:00,2ª DP,"Macrofotografia, Luz forense/lanterna, Empoamento",True,True,0.4763
Furto d'água,Terreno Baldio,1,13,3,2023-02-17 09:15:00,3ª DP,"Luz forense/lanterna, Macrofotografia, Empoamento",False,False,0.1776
Local de Estupro e/ou Veículo Envolvido em Estupro,Residência,0,25,1,2023-08-21 13:27:00,3ª DP,"Empoamento, Macrofotografia",True,True,1.0
Roubo,DP,7,19,0,2023-09-27 23:36:00,DEAM (Mulher),"Empoamento, Macrofotografia",False,True,0.5791
Violação de Sepultura,Residência,7,33,1,2023-12-14 12:54:00,3ª DP,Empoamento,False,True,0.2527
Dano Seguido de Lesão Corporal,Terreno Baldio,2,37,3,2023-07-19 05:20:00,3ª DP,"Empoamento, Macrofotografia",False,False,0.4298
Ameaça,Residência,3,14,1,2023-11-13 09:04:00,DCA (Criança e Adolescente),"Macrofotografia, Empoamento",True,False,0.3157
Dano Seguido de Lesão Corporal,Pátio,4,6,5,2023-08-29 12:47:00,DCA (Criança e Adolescente),Macrofotografia,False,False,0.4308
Furto em Interior de Veículo,Pátio,10,5,0,2023-10-23 13:32:00,DEAM (Mulher),Luz forense/lanterna,True,True,0.4458
Tráfico de Entorpecentes,Terreno Baldio,2,5,0,2023-06-22 17:54:00,DHPP (Homicídios),Empoamento,False,True,0.2562
Roubo Com Estupro,Via Pública,2,37,0,2023-12-18 12:40:00,DCA (Criança e Adolescente),"Macrofotografia, Empoamento",False,False,0.6952
Explosão (com vítima),Via Pública,6,12,1,2023-07-16 01:07:00,3ª DP,Macrofotografia,True,True,0.6607
Receptação,Via Pública,4,18,0,2023-06-23 22:24:00,DHPP (Homicídios),"Empoamento, Macrofotografia",True,False,0.2739
Feminicídio,Residência,1,16,3,2023-07-13 16:11:00,DEAM (Mulher),"Macrofotografia, Luz forense/lanterna, Empoamento",True,False,0.8974
Explosão (com vítima),Via Pública,0,63,0,2023-02-17 18:30:00,3ª DP,"Luz forense/lanterna, Empoamento, Macrofotografia",False,True,0.5714
Furto,Terreno Baldio,0,6,1,2023-07-12 10:13:00,3ª DP,"Macrofotografia, Empoamento",False,False,0.1184
Feminicídio,Hospital,0,12,0,2023-08-29 19:51:00,2ª DP,"Macrofotografia, Empoamento, Luz forense/lanterna",False,False,0.7427
Explosão (sem vítima),Residência,3,60,1,2023-08-19 09:58:00,DEAM (Mulher),"Empoamento, Luz forense/lanterna",True,False,0.2505
Violação de Domicílio,Terreno Baldio,9,16,0,2023-02-20 02:33:00,DEAM (Mulher),"Macrofotografia, Luz forense/lanterna",False,False,0.159
Afogamento,DP,4,43,2,2023-09-18 07:17:00,1ª DP,Empoamento,True,False,0.3093
Estelionato,Estabelecimento Comercial,0,54,1,2023-10-04 11:47:00,3ª DP,Macrofotografia,True,False,0.3298
Local de Estupro e/ou Veículo Envolvido em Estupro,Residência,1,6,1,2023-10-19 12:59:00,2ª DP,Empoamento,True,True,0.9661
Roubo,Pátio,4,13,1,2023-01-20 12:44:00,DHPP (Homicídios),"Macrofotografia, Luz forense/lanterna",False,False,0.3856
Infanticídio,Pátio,2,20,3,2023-05-28 19:46:00,3ª DP,Luz forense/lanterna,False,True,0.881
Estelionato,Terreno Baldio,3,27,1,2023-02-14 02:51:00,2ª DP,"Macrofotografia, Luz forense/lanterna",False,False,0.1467
Abandono de Incapaz,Pátio,2,11,3,2023-04-09 08:30:00,DCA (Criança e Adolescente),"Empoamento, Macrofotografia, Luz forense/lanterna",True,False,0.8749
Afogamento,Pátio,0,15,8,2023-07-01 05:15:00,DRFC (Furtos),Macrofotografia,True,False,0.3381
Dano Seguido de Lesão Corporal,Pátio,0,28,0,2023-04-22 23:32:00,1ª DP,Macrofotografia,True,False,0.5427
Lesão Corporal,Área Rural,0,8,2,2023-04-03 00:44:00,DCA (Criança e Adolescente),"Luz forense/lanterna, Macrofotografia, Empoamento",False,True,0.5812
Eletroplessão,Área Rural,0,5,1,2023-08-03 15:19:00,3ª DP,"Empoamento, Macrofotografia",False,False,0.1351
Lesão Corporal,Via Pública,5,8,6,2023-03-25 01:39:00,DHPP (Homicídios),"Luz forense/lanterna, Empoamento, Macrofotografia",False,False,0.4051
Aborto,Hospital,1,32,0,2023-11-10 16:17:00,DEAM (Mulher),"Empoamento, Luz forense/lanterna",True,True,0.4349
Infanticídio,DP,1,18,0,2023-02-20 23:48:00,DEAM (Mulher),"Macrofotografia, Empoamento, Luz forense/lanterna",False,False,0.7206
Furto de Energia Elétrica ou Termodinâmica,Pátio,0,7,0,2023-02-11 08:28:00,DEAM (Mulher),Empoamento,True,False,0.2517
Abandono de Incapaz,Pátio,2,48,0,2023-03-19 01:52:00,DEAM (Mulher),"Luz forense/lanterna, Macrofotografia",True,True,1.0
Marca em Animal,Pátio,10,33,2,2023-08-18 08:21:00,3ª DP,"Macrofotografia, Empoamento, Luz forense/lanterna",True,True,0.4268
Maus Tratos de Animal,Hospital,3,39,0,2023-12-04 06:41:00,DRFC (Furtos),"Macrofotografia, Luz forense/lanterna, Empoamento",False,True,0.3058
Marca em Animal,Hospital,2,54,2,2023-02-06 03:58:00,DEAM (Mulher),Empoamento,False,False,0.1433
Infanticídio,Terreno Baldio,0,7,1,2023-02-09 19:26:00,DHPP (Homicídios),"Macrofotografia, Empoamento",True,False,0.891
Abandono de Incapaz,Via Pública,1,75,0,2023-05-14 00:40:00,DRFC (Furtos),"Empoamento, Macrofotografia, Luz forense/lanterna",True,False,0.88
Cadáver Encontrado,Hospital,5,11,6,2023-06-02 04:44:00,DRFC (Furtos),"Luz forense/lanterna, Macrofotografia, Empoamento",True,True,0.4783
Incêndio (com vítima),Residência,6,13,0,2023-02-22 21:12:00,DHPP (Homicídios),"Empoamento, Macrofotografia",True,True,0.7466
Latrocínio e/ou Tentativa de Latrocínio,Área Rural,1,18,2,2023-06-22 20:12:00,2ª DP,Luz forense/lanterna,False,True,0.8795
Roubo,DP,5,22,0,2023-06-12 18:09:00,DCA (Criança e Adolescente),"Macrofotografia, Luz forense/lanterna, Empoamento",True,True,0.6784
Roubo,Residência,0,6,0,2023-06-14 07:55:00,1ª DP,"Empoamento, Macrofotografia, Luz forense/lanterna",True,False,0.5934
Abandono de Incapaz,Hospital,0,22,2,2023-05-31 10:40:00,2ª DP,"Empoamento, Luz forense/lanterna, Macrofotografia",False,True,0.8682
Dano Seguido de Lesão Corporal,Hospital,10,12,0,2023-11-02 11:46:00,DRFC (Furtos),"Luz forense/lanterna, Macrofotografia",True,False,0.5836
Ossada Encontrada,Terreno Baldio,1,53,1,2023-01-12 15:00:00,3ª DP,"Empoamento, Luz forense/lanterna",True,False,0.3254
Aborto,Via Pública,4,8,0,2023-09-22 19:45:00,DCA (Criança e Adolescente),"Empoamento, Luz forense/lanterna, Macrofotografia",True,False,0.2617
Cadáver Encontrado,Área Rural,1,22,1,2023-08-21 10:31:00,3ª DP,"Empoamento, Macrofotografia",True,False,0.3252
Violação de Domicílio,Estabelecimento Comercial,7,15,4,2023-07-15 09:03:00,2ª DP,Empoamento,True,True,0.4291
Maus Tratos de Animal,Residência,3,89,0,2023-05-22 09:16:00,DHPP (Homicídios),Empoamento,False,False,0.1028
Estelionato,DP,2,24,0,2023-04-12 03:59:00,DRFC (Furtos),"Luz forense/lanterna, Empoamento",True,True,0.4989
Infanticídio,DP,0,17,3,2023-01-01 12:17:00,DCA (Criança e Adolescente),"Empoamento, Luz forense/lanterna, Macrofotografia",False,True,0.8005
Desmanche de Veículos,Terreno Baldio,0,21,5,2023-09-26 13:54:00,DRFC (Furtos),"Luz forense/lanterna, Empoamento, Macrofotografia",False,False,0.1784
Afogamento,Estabelecimento Comercial,1,21,2,2023-08-20 09:53:00,1ª DP,Empoamento,False,False,0.1757
Dano Seguido de Lesão Corporal,Terreno Baldio,1,13,0,2023-07-06 07:23:00,1ª DP,"Macrofotografia, Empoamento, Luz forense/lanterna",False,True,0.563
Desmanche de Veículos,DP,1,18,0,2023-10-28 13:55:00,DHPP (Homicídios),"Macrofotografia, Luz forense/lanterna",False,True,0.2601
Roubo Com Estupro,Hospital,7,52,3,2023-12-23 16:40:00,DRFC (Furtos),"Macrofotografia, Luz forense/lanterna, Empoamento",False,True,0.8679
Explosão (com vítima),Hospital,2,39,0,2023-06-03 00:56:00,DHPP (Homicídios),Empoamento,True,False,0.544
Lesão Corporal,Terreno Baldio,0,9,5,2023-03-10 11:23:00,DHPP (Homicídios),"Macrofotografia, Luz forense/lanterna",True,False,0.5449
Estelionato,Área Rural,0,29,0,2023-10-19 06:41:00,DEAM (Mulher),"Empoamento, Macrofotografia, Luz forense/lanterna",False,False,0.1707
Tentativa de Suicídio,Estabelecimento Comercial,2,67,2,2023-07-18 11:58:00,DRFC (Furtos),Macrofotografia,False,True,0.3261
Tráfico de Entorpecentes,DP,7,49,0,2023-06-23 20:29:00,1ª DP,"Luz forense/lanterna, Empoamento, Macrofotografia",True,False,0.3329
Furto Qualificado (arrombamento),DP,0,6,4,2023-10-22 05:05:00,3ª DP,"Macrofotografia, Empoamento, Luz forense/lanterna",True,False,0.3249
Dano Seguido de Lesão Corporal,Via Pública,2,30,1,2023-06-25 15:10:00,DHPP (Homicídios),Luz forense/lanterna,False,False,0.4305
Infanticídio,DP,3,43,0,2023-11-15 12:44:00,DEAM (Mulher),"Empoamento, Luz forense/lanterna, Macrofotografia",False,False,0.7378
Adulteração de Placa e/ou Lacre,Residência,0,89,2,2023-08-28 01:14:00,DEAM (Mulher),"Empoamento, Macrofotografia",True,True,0.439
Afogamento,Pátio,0,25,4,2023-08-08 10:20:00,DHPP (Homicídios),"Empoamento, Luz forense/lanterna, Macrofotografia",True,False,0.2631
Explosão (sem vítima),Via Pública,4,7,1,2023-12-05 12:42:00,2ª DP,Macrofotografia,True,False,0.2678
Incêndio (sem vítima),Terreno Baldio,7,31,1,2023-06-06 11:05:00,DEAM (Mulher),Macrofotografia,True,False,0.2882
Violação de Domicílio,Terreno Baldio,0,93,0,2023-04-20 06:34:00,DRFC (Furtos),"Luz forense/lanterna, Empoamento, Macrofotografia",False,False,0.198
Furto de Energia Elétrica ou Termodinâmica,Estabelecimento Comercial,0,16,5,2023-02-17 22:19:00,DRFC (Furtos),"Macrofotografia, Luz forense/lanterna",False,False,0.1887
Adulteração de Placa e/ou Lacre,Terreno Baldio,4,12,0,2023-12-24 21:29:00,2ª DP,"Luz forense/lanterna, Macrofotografia",False,True,0.2716
Furto,Pátio,2,15,0,2023-08-02 07:17:00,DEAM (Mulher),Empoamento,False,False,0.1795
Disparo de Arma de Fogo,DP,1,13,0,2023-08-06 20:58:00,3ª DP,Macrofotografia,True,False,0.5278
Adulteração de Placa e/ou Lacre,DP,1,28,0,2023-04-03 02:25:00,1ª DP,"Macrofotografia, Luz forense/lanterna, Empoamento",False,False,0.1527
Abandono de Incapaz,Via Pública,1,58,7,2023-09-14 13:34:00,3ª DP,"Empoamento, Luz forense/lanterna, Macrofotografia",False,False,0.7247
Desmanche de Veículos,Via Pública,5,32,0,2023-11-23 11:10:00,DEAM (Mulher),"Luz forense/lanterna, Macrofotografia",True,False,0.2914
Feto Encontrado,Residência,1,31,0,2023-06-13 04:48:00,3ª DP,"Luz forense/lanterna, Macrofotografia, Empoamento",True,False,0.8086
Morte Aparentemente Natural,Estabelecimento Comercial,3,43,0,2023-01-16 19:08:00,3ª DP,Empoamento,False,False,0.193
Roubo,DP,2,27,3,2023-09-25 14:59:00,DEAM (Mulher),"Empoamento, Macrofotografia",False,True,0.5471
Ossada Encontrada,Terreno Baldio,2,6,0,2023-06-04 11:24:00,DHPP (Homicídios),"Macrofotografia, Empoamento, Luz forense/lanterna",False,False,0.1115
Receptação,DP,1,33,1,2023-04-03 14:23:00,DCA (Criança e Adolescente),Empoamento,False,False,0.121
Cadáver Encontrado,Estabelecimento Comercial,0,17,2,2023-12-13 14:17:00,2ª DP,"Empoamento, Macrofotografia",False,False,0.1152
Cadáver Encontrado,Via Pública,4,7,3,2023-08-21 01:15:00,3ª DP,Empoamento,True,True,0.4415
Receptação,Área Rural,3,109,2,2023-07-26 22:03:00,3ª DP,"Luz forense/lanterna, Macrofotografia, Empoamento",True,False,0.3369
Latrocínio e/ou Tentativa de Latrocínio,Hospital,2,5,0,2023-03-08 07:13:00,DEAM (Mulher),"Macrofotografia, Empoamento",True,False,0.8715
Cadáver Encontrado,DP,0,21,3,2023-04-30 16:08:00,1ª DP,"Macrofotografia, Luz forense/lanterna, Empoamento",True,True,0.421
Estelionato,Residência,0,40,0,2023-09-19 19:30:00,DHPP (Homicídios),"Luz forense/lanterna, Empoamento, Macrofotografia",False,False,0.194
Furto Qualificado (arrombamento),Residência,0,23,0,2023-08-01 07:54:00,DCA (Criança e Adolescente),"Luz forense/lanterna, Macrofotografia, Empoamento",True,False,0.284
Incêndio (com vítima),Hospital,4,61,2,2023-03-23 20:30:00,DHPP (Homicídios),"Luz forense/lanterna, Macrofotografia",False,False,0.3672
Disparo de Arma de Fogo,Estabelecimento Comercial,1,92,3,2023-11-14 03:13:00,DHPP (Homicídios),"Luz forense/lanterna, Macrofotografia, Empoamento",True,False,0.5768
Latrocínio e/ou Tentativa de Latrocínio,Área Rural,3,18,0,2023-06-19 07:02:00,DEAM (Mulher),"Luz forense/lanterna, Macrofotografia",True,False,0.8444
Aborto,Área Rural,4,21,1,2023-03-08 20:13:00,DEAM (Mulher),Empoamento,False,False,0.1758
Aborto,Estabelecimento Comercial,4,7,3,2023-11-17 08:35:00,DEAM (Mulher),"Empoamento, Luz forense/lanterna, Macrofotografia",False,False,0.1951
Cadáver Encontrado,Hospital,1,28,2,2023-08-10 09:45:00,2ª DP,"Macrofotografia, Empoamento, Luz forense/lanterna",False,False,0.1895
Desmanche de Veículos,Terreno Baldio,0,11,1,2023-04-11 13:14:00,DEAM (Mulher),"Empoamento, Macrofotografia",True,False,0.3254
Furto Qualificado (arrombamento),Pátio,4,8,0,2023-08-20 13:45:00,DCA (Criança e Adolescente),"Luz forense/lanterna, Macrofotografia",False,False,0.1892
Furto de Energia Elétrica ou Termodinâmica,DP,0,9,1,2023-06-22 15:51:00,1ª DP,"Luz forense/lanterna, Empoamento",False,False,0.1861
Afogamento,Via Pública,0,5,0,2023-12-21 08:18:00,DHPP (Homicídios),"Macrofotografia, Luz forense/lanterna, Empoamento",True,True,0.4677
Cadáver Encontrado,Terreno Baldio,0,24,5,2023-05-15 08:25:00,DHPP (Homicídios),"Empoamento, Luz forense/lanterna, Macrofotografia",True,False,0.3421
Maus Tratos de Animal,Residência,1,11,3,2023-09-03 02:58:00,DHPP (Homicídios),"Luz forense/lanterna, Empoamento",True,False,0.3433
Explosão (com vítima),Hospital,0,8,2,2023-05-22 14:45:00,DRFC (Furtos),Empoamento,False,False,0.4073
Explosão (sem vítima),Terreno Baldio,3,22,2,2023-02-23 14:53:00,DHPP (Homicídios),Empoamento,False,False,0.1744
Abandono de Incapaz,Terreno Baldio,1,16,1,2023-06-12 14:39:00,2ª DP,"Luz forense/lanterna, Macrofotografia, Empoamento",True,False,0.8728
Furto em Interior de Veículo,Via Pública,2,77,0,2023-03-28 23:54:00,DCA (Criança e Adolescente),"Empoamento, Macrofotografia",False,False,0.1829
Furto de Energia Elétrica ou Termodinâmica,Hospital,0,30,1,2023-08-03 12:08:00,DEAM (Mulher),"Empoamento, Macrofotografia, Luz forense/lanterna",True,True,0.4643
Roubo,Residência,3,13,1,2023-12-09 00:47:00,DEAM (Mulher),"Empoamento, Luz forense/lanterna, Macrofotografia",True,False,0.503
Lesão Corporal,Residência,12,21,2,2023-04-23 17:19:00,1ª DP,Luz forense/lanterna,False,True,0.5449
Veículo Localizado (furtado ou roubado),Área Rural,0,26,0,2023-12-25 08:53:00,DRFC (Furtos),"Empoamento, Macrofotografia",True,False,0.2673
Eletroplessão,Pátio,1,50,2,2023-05-25 20:37:00,2ª DP,"Empoamento, Luz forense/lanterna, Macrofotografia",True,False,0.3178
Furto de Energia Elétrica ou Termodinâmica,Estabelecimento Comercial,6,58,3,2023-10-11 04:51:00,DCA (Criança e Adolescente),"Empoamento, Luz forense/lanterna",True,True,0.4397
Explosão (com vítima),Estabelecimento Comercial,4,29,0,2023-12-18 05:45:00,DRFC (Furtos),"Luz forense/lanterna, Empoamento",True,False,0.5789
Feto Encontrado,Área Rural,4,8,0,2023-02-27 00:50:00,DCA (Criança e Adolescente),Luz forense/lanterna,True,False,0.8652
Pichação,Estabelecimento Comercial,4,29,4,2023-05-10 17:21:00,DHPP (Homicídios),"Luz forense/lanterna, Empoamento",True,False,0.3298
Roubo,Terreno Baldio,4,28,1,2023-10-25 15:57:00,2ª DP,"Luz forense/lanterna, Empoamento",False,False,0.4451
Morte Aparentemente Natural,Estabelecimento Comercial,0,30,1,2023-03-12 04:40:00,DEAM (Mulher),"Empoamento, Luz forense/lanterna, Macrofotografia",True,True,0.4016
Maus Tratos de Animal,Via Pública,10,29,1,2023-03-28 22:39:00,DRFC (Furtos),Empoamento,False,True,0.2571
Latrocínio e/ou Tentativa de Latrocínio,Via Pública,1,12,1,2023-03-30 15:09:00,DHPP (Homicídios),Empoamento,True,False,0.8535
Afogamento,DP,1,19,0,2023-02-26 02:11:00,DEAM (Mulher),"Luz forense/lanterna, Macrofotografia, Empoamento",True,False,0.3105
Local de Estupro e/ou Veículo Envolvido em Estupro,Hospital,19,11,1,2023-09-05 00:34:00,1ª DP,Luz forense/lanterna,False,False,0.739
Exercício Arbitrário das Próprias Razões,Estabelecimento Comercial,0,30,0,2023-07-17 19:45:00,DRFC (Furtos),"Macrofotografia, Empoamento, Luz forense/lanterna",False,False,0.1824
Receptação,Pátio,6,40,0,2023-12-24 20:06:00,1ª DP,"Luz forense/lanterna, Macrofotografia, Empoamento",False,False,0.1386
Tentativa de Suicídio,Residência,32,19,0,2023-10-07 22:45:00,DHPP (Homicídios),"Empoamento, Luz forense/lanterna, Macrofotografia",True,False,0.3448
Local de Estupro e/ou Veículo Envolvido em Estupro,Terreno Baldio,0,12,1,2023-02-09 05:45:00,DEAM (Mulher),Empoamento,True,True,0.9618
Aborto,Área Rural,3,34,0,2023-01-10 14:34:00,DHPP (Homicídios),"Luz forense/lanterna, Empoamento",False,False,0.1723
Furto,Via Pública,0,17,0,2023-05-25 15:20:00,DCA (Criança e Adolescente),Luz forense/lanterna,True,False,0.306
Infanticídio,Hospital,2,19,1,2023-02-11 03:30:00,DCA (Criança e Adolescente),Luz forense/lanterna,True,True,1.0
Infanticídio,Área Rural,1,18,4,2023-05-31 20:04:00,1ª DP,"Macrofotografia, Luz forense/lanterna",False,True,0.8264
Furto em Interior de Veículo,DP,0,12,4,2023-07-29 07:04:00,DCA (Criança e Adolescente),Luz forense/lanterna,True,False,0.2895
Exercício Arbitrário das Próprias Razões,Residência,0,69,0,2023-12-12 04:34:00,DRFC (Furtos),"Empoamento, Macrofotografia",False,False,0.1166
Explosão (sem vítima),Estabelecimento Comercial,0,16,0,2023-08-23 15:57:00,DCA (Criança e Adolescente),"Empoamento, Macrofotografia",False,True,0.3428
Tráfico de Entorpecentes,Via Pública,0,23,1,2023-03-17 18:53:00,2ª DP,"Luz forense/lanterna, Macrofotografia",True,True,0.476
Lesão Corporal,Via Pública,1,23,3,2023-05-24 22:53:00,2ª DP,Luz forense/lanterna,True,False,0.5608
Violação de Domicílio,Terreno Baldio,2,38,0,2023-07-13 15:02:00,1ª DP,"Empoamento, Luz forense/lanterna, Macrofotografia",True,True,0.428
Adulteração de Placa e/ou Lacre,Pátio,3,62,0,2023-07-31 12:42:00,2ª DP,"Empoamento, Luz forense/lanterna, Macrofotografia",False,False,0.1867
Desmanche de Veículos,Estabelecimento Comercial,0,17,2,2023-12-16 22:52:00,DHPP (Homicídios),Luz forense/lanterna,False,True,0.3261
Afogamento,Hospital,3,34,1,2023-01-13 11:31:00,DEAM (Mulher),Empoamento,False,False,0.1546
Pichação,Pátio,8,8,0,2023-06-06 11:21:00,DEAM (Mulher),"Macrofotografia, Empoamento, Luz forense/lanterna",False,True,0.2973
Incêndio (com vítima),Pátio,6,52,0,2023-03-29 11:44:00,1ª DP,"Macrofotografia, Luz forense/lanterna, Empoamento",True,True,0.7165
Local de Estupro e/ou Veículo Envolvido em Estupro,Estabelecimento Comercial,9,47,2,2023-03-01 00:18:00,DRFC (Furtos),"Empoamento, Luz forense/lanterna",True,True,0.9883
Suicídio,Terreno Baldio,1,18,1,2023-01-15 23:26:00,DHPP (Homicídios),"Empoamento, Luz forense/lanterna, Macrofotografia",False,True,0.2754
Extorsão,Estabelecimento Comercial,7,78,0,2023-01-18 03:38:00,3ª DP,"Luz forense/lanterna, Macrofotografia, Empoamento",False,False,0.425
Furto em Interior de Veículo,Pátio,1,19,1,2023-11-23 02:32:00,3ª DP,"Luz forense/lanterna, Empoamento, Macrofotografia",True,False,0.3134
Disparo de Arma de Fogo,DP,8,47,1,2023-03-01 08:23:00,DRFC (Furtos),"Macrofotografia, Luz forense/lanterna",True,True,0.731
Furto em Interior de Veículo,Terreno Baldio,1,32,3,2023-08-27 22:47:00,DEAM (Mulher),"Macrofotografia, Luz forense/lanterna, Empoamento",True,True,0.4623
Veículo Localizado (furtado ou roubado),Residência,6,39,0,2023-05-22 03:51:00,1ª DP,"Empoamento, Macrofotografia",True,False,0.3232
Marca em Animal,DP,3,69,9,2023-12-27 01:36:00,1ª DP,Macrofotografia,True,False,0.3171
Desmanche de Veículos,DP,1,31,0,2023-03-28 00:02:00,DEAM (Mulher),"Empoamento, Luz forense/lanterna, Macrofotografia",True,True,0.4593
Tentativa de Suicídio,DP,2,9,3,2023-07-16 19:33:00,DCA (Criança e Adolescente),Empoamento,True,True,0.4896
Explosão (com vítima),Hospital,3,25,1,2023-01-20 04:28:00,DEAM (Mulher),"Empoamento, Macrofotografia",False,False,0.4002
Lesão Corporal,Terreno Baldio,1,14,0,2023-10-15 16:41:00,3ª DP,"Luz forense/lanterna, Empoamento",True,False,0.5947
Explosão (com vítima),Residência,13,11,0,2023-11-29 09:53:00,DCA (Criança e Adolescente),"Luz forense/lanterna, Empoamento",False,False,0.4007
Feto Encontrado,Via Pública,2,16,0,2023-11-17 22:18:00,DCA (Criança e Adolescente),Macrofotografia,True,True,0.9985
Tráfico de Entorpecentes,Via Pública,2,35,3,2023-11-10 06:30:00,DCA (Criança e Adolescente),"Empoamento, Luz forense/lanterna, Macrofotografia",False,False,0.1211
Maus Tratos de Animal,DP,3,89,1,2023-07-12 10:49:00,3ª DP,"Luz forense/lanterna, Macrofotografia, Empoamento",True,False,0.2734
Ameaça,Estabelecimento Comercial,0,15,2,2023-03-28 22:21:00,DEAM (Mulher),"Macrofotografia, Empoamento, Luz forense/lanterna",True,False,0.2609
Roubo,Pátio,0,14,5,2023-07-22 13:13:00,DCA (Criança e Adolescente),"Macrofotografia, Luz forense/lanterna",False,True,0.5701
Dano Seguido de Lesão Corporal,Terreno Baldio,11,8,1,2023-07-09 06:47:00,DRFC (Furtos),Macrofotografia,True,False,0.5201
Roubo Com Estupro,Terreno Baldio,0,34,1,2023-10-14 15:19:00,1ª DP,"Macrofotografia, Luz forense/lanterna, Empoamento",False,False,0.7381
Tentativa de Homicídio,Área Rural,1,51,0,2023-04-22 06:25:00,DHPP (Homicídios),"Empoamento, Macrofotografia, Luz forense/lanterna",True,False,0.8249
Furto de Energia Elétrica ou Termodinâmica,Área Rural,2,8,0,2023-06-01 00:49:00,DHPP (Homicídios),Luz forense/lanterna,True,False,0.3211
Arremesso de Projétil,Área Rural,1,19,0,2023-01-31 02:08:00,1ª DP,"Luz forense/lanterna, Macrofotografia",False,True,0.3449
Afogamento,Terreno Baldio,0,17,0,2023-05-12 04:38:00,DHPP (Homicídios),Luz forense/lanterna,True,True,0.419
Receptação,DP,3,29,0,2023-11-22 10:17:00,DEAM (Mulher),Empoamento,True,True,0.4039
Furto em Interior de Veículo,Via Pública,1,9,3,2023-07-20 16:12:00,1ª DP,Macrofotografia,False,False,0.1582
Roubo,Área Rural,2,17,1,2023-09-21 05:38:00,DRFC (Furtos),"Empoamento, Macrofotografia",False,True,0.5824
Explosão (com vítima),DP,2,22,1,2023-09-07 03:19:00,DCA (Criança e Adolescente),"Luz forense/lanterna, Empoamento, Macrofotografia",True,True,0.658
Ossada Encontrada,Área Rural,2,18,3,2023-01-24 16:28:00,2ª DP,"Empoamento, Macrofotografia",False,False,0.1421
Ameaça,Hospital,1,58,0,2023-11-05 09:26:00,1ª DP,"Macrofotografia, Empoamento, Luz forense/lanterna",True,False,0.2745
Furto d'água,Hospital,4,17,4,2023-11-19 21:48:00,DHPP (Homicídios),Luz forense/lanterna,True,True,0.4298
Ossada Encontrada,Residência,2,7,0,2023-09-22 22:34:00,DRFC (Furtos),Macrofotografia,False,False,0.1891
Disparo de Arma de Fogo,Via Pública,2,42,0,2023-09-30 23:31:00,3ª DP,"Empoamento, Macrofotografia, Luz forense/lanterna",False,False,0.3601
Adulteração de Placa e/ou Lacre,Terreno Baldio,5,20,4,2023-07-09 22:25:00,2ª DP,"Macrofotografia, Empoamento",True,False,0.2504
Tentativa de Homicídio,Estabelecimento Comercial,0,7,0,2023-11-11 11:53:00,DRFC (Furtos),"Empoamento, Macrofotografia",True,False,0.8595
Ossada Encontrada,Pátio,5,26,1,2023-05-24 18:36:00,DEAM (Mulher),"Empoamento, Macrofotografia",True,False,0.2552
Feminicídio,Área Rural,6,24,0,2023-05-02 02:44:00,2ª DP,"Macrofotografia, Empoamento, Luz forense/lanterna",True,False,0.8906
Furto,Área Rural,1,5,1,2023-03-14 04:06:00,DHPP (Homicídios),"Empoamento, Macrofotografia",True,False,0.2788
Estelionato,Área Rural,3,65,1,2023-05-24 01:54:00,2ª DP,Luz forense/lanterna,True,False,0.3411
Extorsão,Estabelecimento Comercial,0,14,0,2023-03-18 02:10:00,DRFC (Furtos),"Empoamento, Macrofotografia, Luz forense/lanterna",True,True,0.7429
Furto,Via Pública,2,25,2,2023-10-23 10:32:00,DRFC (Furtos),"Macrofotografia, Luz forense/lanterna",True,False,0.2571
Incêndio (sem vítima),Residência,1,50,1,2023-12-24 18:47:00,1ª DP,"Empoamento, Macrofotografia, Luz forense/lanterna",True,False,0.3216
Aborto,Terreno Baldio,4,17,0,2023-10-27 11:33:00,DEAM (Mulher),Macrofotografia,True,False,0.2783
Furto,Residência,8,14,1,2023-10-02 09:19:00,3ª DP,"Macrofotografia, Luz forense/lanterna",True,False,0.3477
Afogamento,Estabelecimento Comercial,0,15,0,2023-04-28 17:55:00,DHPP (Homicídios),Empoamento,True,True,0.4578
Cadáver Encontrado,Terreno Baldio,2,44,12,2023-10-14 11:24:00,DHPP (Homicídios),Empoamento,True,False,0.2891
Aborto,Via Pública,1,23,3,2023-01-27 21:40:00,DEAM (Mulher),"Empoamento, Macrofotografia, Luz forense/lanterna",True,False,0.3095
Infanticídio,Pátio,0,23,1,2023-10-05 05:12:00,1ª DP,"Macrofotografia, Empoamento, Luz forense/lanterna",False,True,0.8653
Furto em Interior de Veículo,DP,1,20,0,2023-10-13 09:38:00,DRFC (Furtos),Empoamento,False,False,0.1973
Afogamento,Pátio,1,12,0,2023-01-14 03:13:00,3ª DP,"Luz forense/lanterna, Macrofotografia",True,True,0.4411
Explosão (com vítima),Estabelecimento Comercial,1,11,4,2023-12-02 22:23:00,2ª DP,"Macrofotografia, Empoamento",False,False,0.3571
Extorsão,Pátio,0,18,1,2023-02-09 12:05:00,DEAM (Mulher),"Luz forense/lanterna, Macrofotografia, Empoamento",True,False,0.581
Dano Seguido de Lesão Corporal,Via Pública,0,82,2,2023-10-06 04:01:00,DEAM (Mulher),"Macrofotografia, Luz forense/lanterna",True,False,0.5761
Abandono de Incapaz,Terreno Baldio,4,31,0,2023-05-05 13:35:00,1ª DP,"Empoamento, Luz forense/lanterna, Macrofotografia",False,False,0.6596
Furto,Residência,7,20,1,2023-03-03 10:27:00,DRFC (Furtos),"Luz forense/lanterna, Empoamento, Macrofotografia",True,False,0.2721
Eletroplessão,Via Pública,0,6,1,2023-05-08 07:53:00,DHPP (Homicídios),"Empoamento, Macrofotografia, Luz forense/lanterna",True,False,0.2891
Explosão (com vítima),Pátio,1,7,4,2023-08-01 12:46:00,DEAM (Mulher),Macrofotografia,True,False,0.5992
Suicídio,Estabelecimento Comercial,8,10,0,2023-05-26 13:22:00,3ª DP,Empoamento,True,False,0.317
Furto d'água,Terreno Baldio,3,33,1,2023-07-04 12:17:00,DRFC (Furtos),"Luz forense/lanterna, Macrofotografia, Empoamento",False,True,0.2624
Violação de Sepultura,Estabelecimento Comercial,4,65,2,2023-10-07 05:11:00,2ª DP,"Macrofotografia, Empoamento, Luz forense/lanterna",True,False,0.274
Feto Encontrado,Terreno Baldio,3,45,0,2023-08-04 20:42:00,3ª DP,Luz forense/lanterna,False,False,0.7169
Homicídio,DP,2,13,2,2023-01-03 19:59:00,DCA (Criança e Adolescente),"Macrofotografia, Empoamento, Luz forense/lanterna",False,True,0.8922
Extorsão,Via Pública,0,12,0,2023-12-26 01:05:00,DRFC (Furtos),"Empoamento, Macrofotografia, Luz forense/lanterna",False,False,0.3965
Maus Tratos de Animal,Via Pública,0,5,1,2023-08-10 19:43:00,DHPP (Homicídios),"Empoamento, Macrofotografia, Luz forense/lanterna",False,False,0.1396
Aborto,Área Rural,3,38,6,2023-05-27 06:36:00,DHPP (Homicídios),Macrofotografia,True,False,0.3139
Ameaça,Residência,4,65,3,2023-05-01 04:06:00,DRFC (Furtos),Macrofotografia,True,False,0.282
Incêndio (com vítima),Hospital,0,43,0,2023-02-25 00:12:00,DEAM (Mulher),"Empoamento, Macrofotografia",True,True,0.681
Maus Tratos de Animal,Terreno Baldio,0,13,3,2023-06-27 15:45:00,DRFC (Furtos),"Luz forense/lanterna, Empoamento",False,True,0.2937
Morte Aparentemente Natural,Residência,1,67,0,2023-09-22 18:01:00,3ª DP,"Empoamento, Luz forense/lanterna",False,True,0.3094
Estelionato,DP,3,8,3,2023-08-20 10:39:00,DRFC (Furtos),"Empoamento, Luz forense/lanterna",True,False,0.344
Incêndio (sem vítima),Hospital,1,33,0,2023-11-14 01:17:00,DRFC (Furtos),Macrofotografia,False,True,0.3385
Marca em Animal,Via Pública,3,67,1,2023-07-13 23:34:00,2ª DP,Macrofotografia,False,False,0.1883
Ossada Encontrada,Via Pública,6,49,2,2023-01-13 07:05:00,DHPP (Homicídios),"Macrofotografia, Luz forense/lanterna, Empoamento",False,False,0.1955
Abandono de Incapaz,Residência,0,7,6,2023-01-13 09:09:00,DHPP (Homicídios),"Macrofotografia, Empoamento",True,False,0.8872
Latrocínio e/ou Tentativa de Latrocínio,Estabelecimento Comercial,0,5,3,2023-01-18 08:39:00,3ª DP,"Luz forense/lanterna, Macrofotografia",True,False,0.8179
Furto Qualificado (arrombamento),Terreno Baldio,1,32,0,2023-09-11 04:32:00,DCA (Criança e Adolescente),"Luz forense/lanterna, Empoamento, Macrofotografia",False,False,0.1257
Violação de Sepultura,Residência,0,63,1,2023-09-15 22:58:00,2ª DP,"Macrofotografia, Empoamento",True,False,0.3329
Aborto,Via Pública,1,11,1,2023-10-22 09:07:00,3ª DP,"Luz forense/lanterna, Macrofotografia, Empoamento",False,False,0.196
Furto em Interior de Veículo,Via Pública,0,22,1,2023-02-11 13:52:00,DEAM (Mulher),"Empoamento, Macrofotografia",False,False,0.161
Feto Encontrado,Área Rural,5,8,1,2023-02-22 11:01:00,1ª DP,"Empoamento, Luz forense/lanterna, Macrofotografia",False,False,0.737
Receptação,Terreno Baldio,1,35,0,2023-05-03 08:20:00,DEAM (Mulher),"Luz forense/lanterna, Macrofotografia",True,True,0.4389
Suicídio,Estabelecimento Comercial,0,30,0,2023-12-27 09:09:00,2ª DP,Empoamento,True,True,0.45
Explosão (com vítima),Estabelecimento Comercial,0,46,4,2023-02-08 00:55:00,3ª DP,Empoamento,True,False,0.5228
Abandono de Incapaz,Residência,0,5,0,2023-10-03 12:44:00,DEAM (Mulher),Luz forense/lanterna,True,False,0.8353
Pichação,Estabelecimento Comercial,2,39,0,2023-02-20 12:14:00,1ª DP,Empoamento,False,False,0.1088
Furto,Residência,2,63,3,2023-08-14 07:00:00,DEAM (Mulher),"Luz forense/lanterna, Empoamento",False,True,0.2689
Cadáver Encontrado,Residência,3,31,2,2023-10-09 23:28:00,2ª DP,"Luz forense/lanterna, Empoamento",False,False,0.1205
Tráfico de Entorpecentes,Residência,1,56,1,2023-12-31 13:27:00,DCA (Criança e Adolescente),"Empoamento, Macrofotografia, Luz forense/lanterna",True,False,0.3004
Explosão (com vítima),Pátio,0,9,1,2023-06-21 00:59:00,DRFC (Furtos),"Macrofotografia, Luz forense/lanterna, Empoamento",True,False,0.5193
Lesão Corporal,Via Pública,2,39,5,2023-01-05 07:01:00,DCA (Criança e Adolescente),"Macrofotografia, Empoamento, Luz forense/lanterna",True,False,0.5444
Tentativa de Suicídio,Terreno Baldio,1,5,2,2023-03-28 14:48:00,DHPP (Homicídios),Macrofotografia,True,False,0.2832
Dano Seguido de Lesão Corporal,Via Pública,1,5,3,2023-12-31 15:38:00,2ª DP,"Empoamento, Luz forense/lanterna, Macrofotografia",True,False,0.5502
Incêndio (sem vítima),Residência,0,59,3,2023-02-28 04:02:00,DRFC (Furtos),"Macrofotografia, Empoamento, Luz forense/lanterna",True,False,0.323
Ameaça,Via Pública,4,5,0,2023-08-09 10:51:00,DEAM (Mulher),"Macrofotografia, Luz forense/lanterna",True,False,0.2579
Maus Tratos de Animal,DP,2,50,0,2023-05-02 19:45:00,DHPP (Homicídios),"Macrofotografia, Empoamento",False,True,0.2658
Dano Seguido de Lesão Corporal,Residência,10,17,1,2023-06-06 00:54:00,DCA (Criança e Adolescente),"Luz forense/lanterna, Empoamento, Macrofotografia",True,False,0.588
Tentativa de Suicídio,Estabelecimento Comercial,7,10,0,2023-09-26 04:52:00,DEAM (Mulher),"Luz forense/lanterna, Macrofotografia",True,False,0.3422
Marca em Animal,Residência,3,31,0,2023-02-27 11:41:00,DRFC (Furtos),Luz forense/lanterna,True,False,0.2528
Furto Qualificado (arrombamento),Residência,8,78,1,2023-04-03 20:56:00,3ª DP,"Macrofotografia, Empoamento",True,False,0.281
Feminicídio,Hospital,5,17,2,2023-07-18 21:50:00,3ª DP,Luz forense/lanterna,True,True,1.0
Explosão (sem vítima),Via Pública,1,11,0,2023-01-29 23:42:00,DEAM (Mulher),Macrofotografia,False,False,0.141
Afogamento,DP,0,6,0,2023-11-19 04:33:00,2ª DP,"Luz forense/lanterna, Empoamento, Macrofotografia",True,True,0.4065
Abandono de Incapaz,Área Rural,0,28,3,2023-07-22 13:57:00,DCA (Criança e Adolescente),"Luz forense/lanterna, Empoamento",False,False,0.6954
Ameaça,Via Pública,0,16,6,2023-04-18 03:18:00,1ª DP,Luz forense/lanterna,True,False,0.2875
Furto em Interior de Veículo,Pátio,0,13,1,2023-06-14 18:45:00,DCA (Criança e Adolescente),Macrofotografia,True,False,0.3471
Latrocínio e/ou Tentativa de Latrocínio,Via Pública,1,32,1,2023-10-08 02:59:00,DHPP (Homicídios),Macrofotografia,False,False,0.6899
Maus Tratos de Animal,Área Rural,2,13,0,2023-08-12 04:45:00,2ª DP,"Empoamento, Luz forense/lanterna, Macrofotografia",True,False,0.2655
Ameaça,Residência,5,11,4,2023-10-03 23:20:00,2ª DP,"Macrofotografia, Empoamento",True,True,0.4092
Furto em Interior de Veículo,Pátio,8,14,0,2023-04-16 14:45:00,1ª DP,"Macrofotografia, Luz forense/lanterna, Empoamento",True,False,0.3283
Tentativa de Suicídio,Via Pública,2,5,0,2023-06-06 06:17:00,2ª DP,Empoamento,False,True,0.2931
Lesão Corporal,Residência,0,39,0,2023-02-02 15:56:00,DCA (Criança e Adolescente),"Macrofotografia, Luz forense/lanterna",True,False,0.5497
Estelionato,Via Pública,2,38,3,2023-03-17 20:13:00,DCA (Criança e Adolescente),"Empoamento, Luz forense/lanterna",True,True,0.4623
Incêndio (com vítima),DP,2,17,0,2023-02-14 09:33:00,DRFC (Furtos),"Macrofotografia, Luz forense/lanterna",True,False,0.542
Afogamento,Hospital,6,36,0,2023-01-24 19:20:00,DHPP (Homicídios),"Luz forense/lanterna, Empoamento, Macrofotografia",False,False,0.1521
Feto Encontrado,Via Pública,4,63,0,2023-05-03 15:21:00,DCA (Criança e Adolescente),"Macrofotografia, Luz forense/lanterna",False,False,0.7059
Furto d'água,Pátio,3,55,0,2023-07-18 05:17:00,DEAM (Mulher),"Macrofotografia, Luz forense/lanterna",False,False,0.1156
Morte Aparentemente Natural,Área Rural,4,29,1,2023-01-21 19:31:00,DEAM (Mulher),"Macrofotografia, Luz forense/lanterna",False,True,0.315
Furto,Pátio,4,6,2,2023-03-23 12:07:00,2ª DP,"Empoamento, Luz forense/lanterna, Macrofotografia",False,False,0.1083
Roubo,Área Rural,0,13,0,2023-03-01 18:12:00,2ª DP,Luz forense/lanterna,True,False,0.5862
Extorsão,Estabelecimento Comercial,5,56,0,2023-10-03 02:09:00,3ª DP,Empoamento,False,True,0.5671
Furto Qualificado (arrombamento),Via Pública,8,21,4,2023-06-01 00:14:00,DEAM (Mulher),"Luz forense/lanterna, Macrofotografia",True,False,0.3427
Aborto,Pátio,2,5,0,2023-08-23 09:31:00,DHPP (Homicídios),Empoamento,False,True,0.3245
Furto em Interior de Veículo,Residência,2,17,0,2023-02-10 17:32:00,DRFC (Furtos),"Luz forense/lanterna, Macrofotografia, Empoamento",True,False,0.3475
Violação de Sepultura,Pátio,6,5,0,2023-03-04 06:09:00,DRFC (Furtos),Macrofotografia,True,False,0.3281
Feto Encontrado,Via Pública,6,72,0,2023-10-10 13:37:00,3ª DP,"Empoamento, Luz forense/lanterna, Macrofotografia",False,False,0.6896
Cadáver Encontrado,DP,2,48,0,2023-07-02 22:00:00,DHPP (Homicídios),"Luz forense/lanterna, Macrofotografia, Empoamento",True,False,0.3163
Tentativa de Suicídio,Hospital,0,77,1,2023-08-16 03:52:00,1ª DP,"Empoamento, Macrofotografia",False,True,0.3428
Explosão (com vítima),DP,0,8,1,2023-05-12 05:05:00,DCA (Criança e Adolescente),Luz forense/lanterna,False,True,0.572
Arremesso de Projétil,Estabelecimento Comercial,1,36,1,2023-08-29 15:25:00,DRFC (Furtos),"Macrofotografia, Empoamento",False,False,0.1455
Ameaça,Residência,2,11,2,2023-07-30 20:15:00,DRFC (Furtos),"Empoamento, Luz forense/lanterna, Macrofotografia",True,True,0.4377
Tentativa de Suicídio,Residência,2,78,0,2023-01-08 19:57:00,DCA (Criança e Adolescente),Macrofotografia,True,False,0.3165
Extorsão,Residência,4,27,0,2023-07-26 03:18:00,DRFC (Furtos),Luz forense/lanterna,True,False,0.5576
Adulteração de Placa e/ou Lacre,Via Pública,3,23,1,2023-05-07 23:51:00,DCA (Criança e Adolescente),"Empoamento, Luz forense/lanterna, Macrofotografia",True,False,0.2701
Tentativa de Suicídio,Residência,1,12,1,2023-04-24 02:25:00,DEAM (Mulher),"Macrofotografia, Luz forense/lanterna",False,True,0.3029
Ameaça,Via Pública,7,25,1,2023-09-18 02:54:00,2ª DP,Empoamento,True,False,0.3442
Homicídio,Área Rural,4,5,0,2023-01-17 10:56:00,DEAM (Mulher),Empoamento,False,False,0.6747
Roubo,Hospital,6,8,2,2023-09-20 21:03:00,2ª DP,"Empoamento, Macrofotografia, Luz forense/lanterna",False,False,0.4388
Adulteração de Placa e/ou Lacre,Terreno Baldio,2,33,1,2023-02-26 11:32:00,DEAM (Mulher),"Luz forense/lanterna, Empoamento, Macrofotografia",True,True,0.4554
Eletroplessão,DP,0,14,2,2023-10-03 11:58:00,2ª DP,Empoamento,True,False,0.251
Exercício Arbitrário das Próprias Razões,Via Pública,2,8,3,2023-11-01 01:27:00,2ª DP,"Empoamento, Macrofotografia, Luz forense/lanterna",True,True,0.419
Homicídio,Estabelecimento Comercial,3,26,0,2023-03-06 07:26:00,3ª DP,Luz forense/lanterna,True,False,0.8403
Local de Estupro e/ou Veículo Envolvido em Estupro,Área Rural,0,31,1,2023-03-24 04:35:00,DCA (Criança e Adolescente),Empoamento,True,False,0.8284
Veículo Localizado (furtado ou roubado),Estabelecimento Comercial,1,7,1,2023-03-22 06:39:00,DEAM (Mulher),"Empoamento, Luz forense/lanterna",True,False,0.3006
Violação de Domicílio,Via Pública,0,17,4,2023-01-25 02:08:00,DEAM (Mulher),"Macrofotografia, Empoamento, Luz forense/lanterna",False,False,0.1239
Dano,Residência,6,43,1,2023-05-02 20:39:00,1ª DP,Luz forense/lanterna,False,False,0.1164
Roubo,DP,0,49,0,2023-07-19 14:35:00,DEAM (Mulher),Empoamento,False,False,0.3966
Tentativa de Homicídio,Residência,6,25,0,2023-12-16 13:44:00,1ª DP,Empoamento,False,False,0.7007
Exercício Arbitrário das Próprias Razões,Estabelecimento Comercial,1,6,0,2023-04-29 12:30:00,DRFC (Furtos),"Luz forense/lanterna, Empoamento",False,False,0.1844
Explosão (com vítima),Pátio,0,5,5,2023-05-21 01:47:00,DCA (Criança e Adolescente),Empoamento,False,False,0.3615
Furto d'água,Residência,2,6,1,2023-04-27 22:16:00,DCA (Criança e Adolescente),Luz forense/lanterna,True,False,0.3198
Local de Estupro e/ou Veículo Envolvido em Estupro,Via Pública,7,11,4,2023-06-05 08:11:00,2ª DP,Empoamento,False,False,0.7146
Veículo Localizado (furtado ou roubado),DP,3,18,0,2023-05-19 04:52:00,DEAM (Mulher),"Empoamento, Macrofotografia",False,False,0.1478
Abandono de Incapaz,Área Rural,0,14,0,2023-12-29 14:28:00,2ª DP,"Luz forense/lanterna, Macrofotografia",False,True,0.8598
Furto em Interior de Veículo,Hospital,3,15,1,2023-07-08 23:44:00,2ª DP,Luz forense/lanterna,True,False,0.3142
Aborto,DP,5,44,1,2023-09-14 13:42:00,1ª DP,"Empoamento, Luz forense/lanterna, Macrofotografia",True,True,0.4897
Furto d'água,Estabelecimento Comercial,1,35,0,2023-05-26 21:57:00,DEAM (Mulher),"Empoamento, Luz forense/lanterna",True,False,0.2512
Veículo Localizado (furtado ou roubado),Residência,18,19,6,2023-05-14 13:46:00,1ª DP,Empoamento,False,False,0.1161
Veículo Localizado (furtado ou roubado),Via Pública,1,11,1,2023-09-15 21:28:00,2ª DP,Luz forense/lanterna,True,True,0.4467
Furto em Interior de Veículo,Área Rural,0,8,0,2023-09-15 07:52:00,DCA (Criança e Adolescente),"Luz forense/lanterna, Empoamento, Macrofotografia",False,False,0.1353
Incêndio (sem vítima),Área Rural,0,9,1,2023-07-12 17:44:00,DEAM (Mulher),"Empoamento, Macrofotografia",False,False,0.1842
Estelionato,Pátio,2,47,0,2023-03-12 03:12:00,1ª DP,Macrofotografia,False,False,0.1522
Local de Estupro e/ou Veículo Envolvido em Estupro,Hospital,3,21,2,2023-04-04 09:03:00,2ª DP,"Macrofotografia, Luz forense/lanterna",False,False,0.6553
Violação de Sepultura,DP,4,34,0,2023-07-07 05:51:00,3ª DP,Empoamento,True,True,0.486
Exercício Arbitrário das Próprias Razões,Hospital,2,14,1,2023-04-28 10:35:00,DEAM (Mulher),"Empoamento, Luz forense/lanterna, Macrofotografia",False,False,0.112
Aborto,Terreno Baldio,1,34,0,2023-01-13 22:43:00,1ª DP,"Empoamento, Macrofotografia, Luz forense/lanterna",False,False,0.1411
Furto em Interior de Veículo,Hospital,11,6,0,2023-03-03 12:33:00,DRFC (Furtos),Macrofotografia,True,False,0.2525
Violação de Domicílio,Terreno Baldio,2,5,0,2023-04-03 15:20:00,2ª DP,Empoamento,True,False,0.2902
Infanticídio,Área Rural,0,9,5,2023-09-10 12:44:00,DRFC (Furtos),Luz forense/lanterna,True,True,0.964
Furto,Via Pública,1,53,2,2023-12-26 20:58:00,3ª DP,Macrofotografia,True,False,0.2843
Marca em Animal,Pátio,1,17,0,2023-04-06 06:56:00,2ª DP,Empoamento,True,True,0.4462
Explosão (com vítima),DP,1,18,1,2023-07-08 05:27:00,1ª DP,"Empoamento, Macrofotografia, Luz forense/lanterna",True,False,0.5977
Incêndio (sem vítima),DP,0,38,1,2023-01-02 03:07:00,DRFC (Furtos),Empoamento,False,True,0.2841
Estelionato,Pátio,3,11,0,2023-12-19 00:01:00,DHPP (Homicídios),"Macrofotografia, Luz forense/lanterna",False,False,0.1516
Furto em Interior de Veículo,Estabelecimento Comercial,4,60,2,2023-06-15 00:09:00,DRFC (Furtos),"Macrofotografia, Empoamento",True,True,0.4085
Furto d'água,Via Pública,3,5,3,2023-05-07 16:49:00,DCA (Criança e Adolescente),"Luz forense/lanterna, Macrofotografia, Empoamento",True,True,0.4598
Furto d'água,Área Rural,5,36,1,2023-10-13 08:52:00,3ª DP,Empoamento,False,False,0.1613
Furto d'água,DP,7,31,6,2023-01-15 02:03:00,1ª DP,"Empoamento, Luz forense/lanterna",True,True,0.405
Roubo Com Estupro,Hospital,2,7,0,2023-09-15 05:05:00,1ª DP,"Empoamento, Macrofotografia",False,False,0.6585
Violação de Domicílio,DP,6,17,2,2023-06-12 13:51:00,1ª DP,"Luz forense/lanterna, Macrofotografia, Empoamento",True,False,0.2503
Ameaça,Terreno Baldio,1,20,4,2023-03-13 00:00:00,DEAM (Mulher),"Empoamento, Luz forense/lanterna, Macrofotografia",True,False,0.3093
Furto em Interior de Veículo,Pátio,4,35,3,2023-03-21 07:23:00,DCA (Criança e Adolescente),Luz forense/lanterna,True,False,0.2595
Furto em Interior de Veículo,Pátio,0,17,0,2023-05-02 07:52:00,1ª DP,Empoamento,False,False,0.1231
Tentativa de Suicídio,DP,3,15,0,2023-02-13 23:25:00,2ª DP,Empoamento,True,False,0.3078
Pichação,Residência,2,6,4,2023-01-14 07:49:00,DEAM (Mulher),"Luz forense/lanterna, Empoamento, Macrofotografia",False,False,0.1019
Afogamento,DP,1,27,0,2023-03-04 09:43:00,DRFC (Furtos),Macrofotografia,False,True,0.3091
Abandono de Incapaz,DP,0,7,3,2023-01-16 02:19:00,DHPP (Homicídios),"Empoamento, Luz forense/lanterna, Macrofotografia",False,True,0.8295
Homicídio,Área Rural,0,34,0,2023-12-12 03:04:00,2ª DP,Luz forense/lanterna,True,False,0.8408
Explosão (com vítima),Residência,4,15,2,2023-11-20 05:26:00,3ª DP,"Luz forense/lanterna, Empoamento, Macrofotografia",False,True,0.5566
Furto Qualificado (arrombamento),Residência,1,32,0,2023-11-16 19:55:00,DHPP (Homicídios),Macrofotografia,True,False,0.3107
Dano Seguido de Lesão Corporal,Estabelecimento Comercial,0,37,1,2023-08-23 07:24:00,2ª DP,"Luz forense/lanterna, Macrofotografia, Empoamento",False,False,0.3923
Aborto,Estabelecimento Comercial,1,7,0,2023-05-17 14:25:00,3ª DP,"Macrofotografia, Empoamento, Luz forense/lanterna",True,False,0.2534
Latrocínio e/ou Tentativa de Latrocínio,Residência,0,32,2,2023-04-23 16:06:00,DCA (Criança e Adolescente),"Luz forense/lanterna, Macrofotografia, Empoamento",False,True,0.8472
Extorsão,Estabelecimento Comercial,9,22,3,2023-12-25 23:34:00,DRFC (Furtos),Empoamento,True,False,0.5313
Ossada Encontrada,DP,3,12,4,2023-12-28 04:23:00,2ª DP,"Empoamento, Macrofotografia, Luz forense/lanterna",False,False,0.1626
Estelionato,Área Rural,6,36,1,2023-08-23 10:57:00,DRFC (Furtos),"Empoamento, Luz forense/lanterna",False,True,0.3268
Eletroplessão,Pátio,1,18,0,2023-06-04 04:22:00,DHPP (Homicídios),"Empoamento, Luz forense/lanterna",False,True,0.3019
Suicídio,Pátio,0,14,3,2023-10-17 15:32:00,DCA (Criança e Adolescente),Luz forense/lanterna,False,False,0.1348
Arremesso de Projétil,DP,0,32,1,2023-06-02 12:56:00,DRFC (Furtos),Empoamento,True,False,0.2697
Explosão (sem vítima),Pátio,0,8,0,2023-03-24 21:04:00,1ª DP,"Luz forense/lanterna, Empoamento, Macrofotografia",False,False,0.1117
Violação de Sepultura,Terreno Baldio,3,15,0,2023-10-22 03:02:00,DCA (Criança e Adolescente),Luz forense/lanterna,True,True,0.4491
Exercício Arbitrário das Próprias Razões,Estabelecimento Comercial,0,14,2,2023-06-30 15:46:00,DCA (Criança e Adolescente),"Empoamento, Macrofotografia, Luz forense/lanterna",True,False,0.3243
Dano Seguido de Lesão Corporal,Estabelecimento Comercial,6,7,1,2023-02-02 13:51:00,2ª DP,"Macrofotografia, Empoamento",False,False,0.4046
Furto em Interior de Veículo,Área Rural,4,61,1,2023-11-10 14:51:00,1ª DP,Luz forense/lanterna,True,True,0.4262
Morte Aparentemente Natural,Via Pública,4,8,1,2023-06-01 16:01:00,3ª DP,"Empoamento, Macrofotografia, Luz forense/lanterna",False,False,0.1028
Local de Estupro e/ou Veículo Envolvido em Estupro,Hospital,0,38,5,2023-11-06 03:07:00,DHPP (Homicídios),"Macrofotografia, Empoamento, Luz forense/lanterna",True,False,0.8336
Pichação,Estabelecimento Comercial,1,95,1,2023-01-27 23:11:00,3ª DP,Luz forense/lanterna,True,False,0.297
Ossada Encontrada,Via Pública,2,87,2,2023-01-07 05:53:00,DRFC (Furtos),Macrofotografia,True,True,0.4767
Desmanche de Veículos,Área Rural,0,12,3,2023-07-03 17:52:00,DRFC (Furtos),"Empoamento, Macrofotografia",True,False,0.279
Dano Seguido de Lesão Corporal,DP,0,11,0,2023-05-11 00:01:00,DHPP (Homicídios),"Empoamento, Macrofotografia",True,False,0.5019
Explosão (sem vítima),Estabelecimento Comercial,3,39,1,2023-07-27 16:38:00,DRFC (Furtos),"Macrofotografia, Empoamento",True,False,0.2796
Tentativa de Suicídio,Hospital,0,6,1,2023-02-12 12:33:00,DHPP (Homicídios),"Empoamento, Luz forense/lanterna, Macrofotografia",False,False,0.1823
Lesão Corporal,Via Pública,2,5,1,2023-07-25 23:19:00,DEAM (Mulher),"Macrofotografia, Luz forense/lanterna",True,False,0.5218
Exercício Arbitrário das Próprias Razões,Residência,0,65,2,2023-11-24 01:13:00,DCA (Criança e Adolescente),"Empoamento, Luz forense/lanterna, Macrofotografia",True,False,0.3451
Pichação,Terreno Baldio,0,12,0,2023-04-16 00:04:00,3ª DP,Empoamento,True,False,0.3004
Lesão Corporal,Estabelecimento Comercial,8,29,1,2023-05-26 03:33:00,DRFC (Furtos),Macrofotografia,True,False,0.5514
Roubo Com Estupro,DP,2,29,0,2023-10-30 00:26:00,2ª DP,Macrofotografia,True,True,0.9883
Feto Encontrado,Estabelecimento Comercial,11,30,2,2023-08-14 06:44:00,3ª DP,"Macrofotografia, Luz forense/lanterna, Empoamento",True,True,1.0
Violação de Sepultura,Pátio,17,13,0,2023-09-26 19:06:00,2ª DP,"Macrofotografia, Luz forense/lanterna, Empoamento",True,True,0.4752
Furto d'água,Área Rural,0,16,0,2023-05-08 09:53:00,DRFC (Furtos),Luz forense/lanterna,False,True,0.2873
Exercício Arbitrário das Próprias Razões,Terreno Baldio,2,63,0,2023-12-13 11:55:00,DRFC (Furtos),"Luz forense/lanterna, Macrofotografia",False,False,0.1743
Exercício Arbitrário das Próprias Razões,Estabelecimento Comercial,5,48,0,2023-11-05 08:31:00,2ª DP,Luz forense/lanterna,False,True,0.3273
Roubo,Área Rural,1,15,2,2023-03-04 08:53:00,DCA (Criança e Adolescente),Luz forense/lanterna,False,False,0.4038
Lesão Corporal,DP,0,13,0,2023-01-07 09:53:00,DCA (Criança e Adolescente),"Empoamento, Luz forense/lanterna",True,False,0.5897
Estelionato,DP,2,7,2,2023-05-19 01:57:00,DCA (Criança e Adolescente),Luz forense/lanterna,False,False,0.1455
Explosão (com vítima),DP,1,26,2,2023-11-25 05:13:00,2ª DP,"Luz forense/lanterna, Macrofotografia",True,True,0.6663
Violação de Domicílio,DP,2,8,1,2023-12-17 09:28:00,DCA (Criança e Adolescente),"Macrofotografia, Luz forense/lanterna",False,False,0.124
Homicídio,Terreno Baldio,0,41,1,2023-07-05 23:34:00,DCA (Criança e Adolescente),Empoamento,False,False,0.6896
Feto Encontrado,Pátio,2,9,0,2023-12-21 01:53:00,1ª DP,"Empoamento, Macrofotografia",True,False,0.8146
Ossada Encontrada,Área Rural,0,26,0,2023-04-12 21:08:00,DHPP (Homicídios),"Empoamento, Luz forense/lanterna, Macrofotografia",True,False,0.2692
Afogamento,DP,1,13,3,2023-04-03 08:02:00,DCA (Criança e Adolescente),Empoamento,True,False,0.2735
Roubo Com Estupro,Hospital,0,54,0,2023-09-14 18:58:00,DRFC (Furtos),"Luz forense/lanterna, Macrofotografia, Empoamento",True,False,0.8881
Tráfico de Entorpecentes,Hospital,0,41,3,2023-08-20 20:31:00,DHPP (Homicídios),"Macrofotografia, Empoamento, Luz forense/lanterna",False,False,0.1783
Explosão (sem vítima),Hospital,2,19,0,2023-08-30 10:23:00,2ª DP,Luz forense/lanterna,True,False,0.3183
Roubo Com Estupro,Residência,2,20,1,2023-01-16 01:46:00,DEAM (Mulher),Macrofotografia,False,True,0.8251
Roubo Com Estupro,Estabelecimento Comercial,2,8,1,2023-01-08 20:25:00,DCA (Criança e Adolescente),"Luz forense/lanterna, Macrofotografia",False,True,0.8595
Adulteração de Placa e/ou Lacre,Pátio,2,35,1,2023-12-23 13:36:00,DCA (Criança e Adolescente),Luz forense/lanterna,True,True,0.4292
Explosão (com vítima),DP,0,10,1,2023-01-11 07:53:00,DEAM (Mulher),Luz forense/lanterna,True,True,0.6767
Furto em Interior de Veículo,Via Pública,0,6,0,2023-03-02 19:39:00,DCA (Criança e Adolescente),Luz forense/lanterna,True,False,0.3383
Incêndio (sem vítima),Via Pública,2,19,1,2023-11-26 08:17:00,DCA (Criança e Adolescente),"Luz forense/lanterna, Macrofotografia, Empoamento",True,True,0.4145
Abandono de Incapaz,Residência,0,35,0,2023-05-30 11:07:00,DHPP (Homicídios),"Empoamento, Luz forense/lanterna, Macrofotografia",True,False,0.8604
Tentativa de Suicídio,Terreno Baldio,3,17,0,2023-05-31 06:45:00,DHPP (Homicídios),Luz forense/lanterna,True,False,0.3166
Desmanche de Veículos,Via Pública,0,7,3,2023-10-08 01:55:00,DCA (Criança e Adolescente),Empoamento,False,False,0.188
Feto Encontrado,DP,0,37,0,2023-09-20 11:33:00,DEAM (Mulher),"Macrofotografia, Empoamento, Luz forense/lanterna",False,False,0.7374
Adulteração de Placa e/ou Lacre,Área Rural,2,5,0,2023-12-15 11:26:00,3ª DP,"Luz forense/lanterna, Macrofotografia",True,True,0.4868
Aborto,DP,16,6,0,2023-02-16 09:31:00,3ª DP,"Empoamento, Macrofotografia, Luz forense/lanterna",False,True,0.3145
Homicídio,Terreno Baldio,7,8,0,2023-12-07 21:37:00,3ª DP,Macrofotografia,True,False,0.8429
Tráfico de Entorpecentes,Residência,1,41,0,2023-07-21 18:58:00,DEAM (Mulher),"Luz forense/lanterna, Empoamento",True,False,0.3014
Tentativa de Homicídio,Pátio,1,15,0,2023-09-01 05:53:00,DEAM (Mulher),"Macrofotografia, Empoamento, Luz forense/lanterna",True,False,0.8848
Homicídio,Pátio,1,16,0,2023-09-02 15:41:00,3ª DP,Macrofotografia,True,False,0.8161
Disparo de Arma de Fogo,Terreno Baldio,3,11,6,2023-03-14 01:56:00,DEAM (Mulher),"Macrofotografia, Luz forense/lanterna",True,True,0.6808
Incêndio (com vítima),Residência,1,34,0,2023-05-02 15:31:00,3ª DP,Empoamento,False,True,0.5332
Suicídio,Estabelecimento Comercial,7,15,0,2023-02-13 03:49:00,1ª DP,"Empoamento, Luz forense/lanterna, Macrofotografia",False,False,0.1974
Furto de Energia Elétrica ou Termodinâmica,DP,2,10,0,2023-04-03 04:23:00,1ª DP,"Empoamento, Macrofotografia, Luz forense/lanterna",False,False,0.1434
Furto de Energia Elétrica ou Termodinâmica,Estabelecimento Comercial,1,6,4,2023-09-26 00:30:00,DRFC (Furtos),"Luz forense/lanterna, Macrofotografia, Empoamento",True,True,0.439
Furto Qualificado (arrombamento),Estabelecimento Comercial,2,38,1,2023-05-30 18:33:00,DEAM (Mulher),"Empoamento, Luz forense/lanterna",True,False,0.3121
Ossada Encontrada,Pátio,0,40,0,2023-01-18 00:55:00,3ª DP,"Macrofotografia, Luz forense/lanterna",False,True,0.2585
Tráfico de Entorpecentes,Estabelecimento Comercial,0,10,2,2023-08-10 04:48:00,DRFC (Furtos),"Luz forense/lanterna, Macrofotografia",True,False,0.3034
Furto em Interior de Veículo,DP,1,10,1,2023-07-16 13:26:00,DRFC (Furtos),"Macrofotografia, Luz forense/lanterna, Empoamento",False,False,0.1331
Infanticídio,Residência,1,19,2,2023-01-10 22:25:00,1ª DP,"Luz forense/lanterna, Macrofotografia",True,True,0.9952
Morte Aparentemente Natural,Pátio,2,8,2,2023-06-25 05:57:00,DEAM (Mulher),"Luz forense/lanterna, Empoamento, Macrofotografia",False,False,0.139
Maus Tratos de Animal,Via Pública,6,9,6,2023-09-12 15:28:00,2ª DP,"Luz forense/lanterna, Macrofotografia",True,True,0.4435
Violação de Domicílio,Pátio,3,13,4,2023-10-21 15:25:00,DEAM (Mulher),"Luz forense/lanterna, Macrofotografia, Empoamento",True,False,0.3251
Feminicídio,Residência,7,72,0,2023-03-28 05:13:00,DCA (Criança e Adolescente),"Macrofotografia, Empoamento, Luz forense/lanterna",True,True,1.0
Homicídio,Terreno Baldio,3,81,0,2023-05-21 21:46:00,DCA (Criança e Adolescente),"Macrofotografia, Luz forense/lanterna",False,True,0.8986
Tráfico de Entorpecentes,Estabelecimento Comercial,6,87,4,2023-02-11 11:25:00,DCA (Criança e Adolescente),Luz forense/lanterna,True,True,0.4035
Tentativa de Suicídio,Pátio,6,55,0,2023-07-13 08:53:00,DCA (Criança e Adolescente),Empoamento,True,True,0.4405
Dano Seguido de Lesão Corporal,Estabelecimento Comercial,1,34,0,2023-07-19 05:07:00,DRFC (Furtos),"Empoamento, Luz forense/lanterna, Macrofotografia",False,False,0.4251
Explosão (com vítima),Residência,0,10,0,2023-10-09 18:16:00,DCA (Criança e Adolescente),Luz forense/lanterna,False,False,0.3809
Infanticídio,Terreno Baldio,1,7,3,2023-06-02 05:43:00,1ª DP,"Luz forense/lanterna, Macrofotografia",True,False,0.8233
Desmanche de Veículos,Área Rural,4,35,1,2023-11-30 00:20:00,DRFC (Furtos),Luz forense/lanterna,False,True,0.2956
Extorsão,DP,1,17,0,2023-05-02 05:48:00,DHPP (Homicídios),"Macrofotografia, Luz forense/lanterna, Empoamento",False,False,0.3571
Latrocínio e/ou Tentativa de Latrocínio,Hospital,1,20,6,2023-12-05 16:57:00,DRFC (Furtos),"Macrofotografia, Luz forense/lanterna",True,True,1.0
Aborto,Área Rural,3,24,2,2023-04-24 21:45:00,DEAM (Mulher),Empoamento,True,False,0.296
Dano,Via Pública,0,9,1,2023-03-23 19:58:00,DCA (Criança e Adolescente),"Luz forense/lanterna, Empoamento",True,True,0.4587
Homicídio,Via Pública,2,25,4,2023-11-23 01:57:00,DHPP (Homicídios),"Macrofotografia, Luz forense/lanterna",True,False,0.8222
Violação de Sepultura,Pátio,3,7,0,2023-11-03 12:32:00,3ª DP,"Luz forense/lanterna, Macrofotografia",True,True,0.4177
Violação de Sepultura,Residência,0,17,2,2023-03-21 22:36:00,1ª DP,"Luz forense/lanterna, Macrofotografia, Empoamento",True,False,0.3034
Disparo de Arma de Fogo,Estabelecimento Comercial,11,9,0,2023-09-09 17:08:00,2ª DP,"Luz forense/lanterna, Empoamento",True,False,0.5325
Furto em Interior de Veículo,Residência,2,12,3,2023-09-11 20:09:00,DEAM (Mulher),"Luz forense/lanterna, Empoamento, Macrofotografia",True,True,0.4224
Incêndio (sem vítima),Estabelecimento Comercial,0,7,2,2023-08-27 20:15:00,3ª DP,Luz forense/lanterna,False,False,0.151
Desmanche de Veículos,Terreno Baldio,4,10,1,2023-04-22 07:44:00,2ª DP,"Luz forense/lanterna, Empoamento",False,False,0.1175
Incêndio (com vítima),Hospital,0,24,1,2023-11-24 00:34:00,2ª DP,"Empoamento, Luz forense/lanterna, Macrofotografia",False,True,0.5022
Disparo de Arma de Fogo,Hospital,6,16,2,2023-09-09 00:33:00,DEAM (Mulher),"Luz forense/lanterna, Macrofotografia, Empoamento",True,True,0.7033
Adulteração de Placa e/ou Lacre,Área Rural,0,6,0,2023-10-12 18:06:00,DRFC (Furtos),"Macrofotografia, Luz forense/lanterna",False,True,0.2526
Aborto,Pátio,18,49,2,2023-03-20 20:39:00,1ª DP,"Macrofotografia, Luz forense/lanterna, Empoamento",False,False,0.1215
Adulteração de Placa e/ou Lacre,Área Rural,1,57,2,2023-09-11 21:57:00,1ª DP,"Luz forense/lanterna, Macrofotografia, Empoamento",True,False,0.323
Furto d'água,Área Rural,4,8,0,2023-12-18 23:39:00,3ª DP,Luz forense/lanterna,False,True,0.3148
Veículo Localizado (furtado ou roubado),Via Pública,2,15,0,2023-10-12 00:03:00,DRFC (Furtos),Macrofotografia,False,False,0.1369
Feminicídio,Hospital,3,28,0,2023-08-30 05:12:00,DRFC (Furtos),"Empoamento, Macrofotografia",False,True,0.8997
Dano,DP,2,5,11,2023-03-20 18:30:00,1ª DP,"Empoamento, Luz forense/lanterna, Macrofotografia",False,False,0.1467
Ossada Encontrada,Hospital,1,7,0,2023-12-02 21:20:00,2ª DP,"Luz forense/lanterna, Empoamento, Macrofotografia",False,False,0.1424
Dano Seguido de Lesão Corporal,Residência,7,8,0,2023-06-26 08:33:00,DEAM (Mulher),"Macrofotografia, Empoamento",True,False,0.5868
Marca em Animal,Residência,0,8,3,2023-05-23 19:23:00,2ª DP,Empoamento,True,False,0.2759
Receptação,Via Pública,7,9,1,2023-06-15 07:39:00,DRFC (Furtos),Empoamento,True,True,0.47
Receptação,Terreno Baldio,5,20,0,2023-07-14 11:55:00,1ª DP,"Luz forense/lanterna, Empoamento",True,True,0.4112
Abandono de Incapaz,Terreno Baldio,2,26,3,2023-05-15 15:08:00,2ª DP,"Empoamento, Luz forense/lanterna",False,False,0.6839
Furto Qualificado (arrombamento),Residência,1,12,1,2023-06-01 20:38:00,DCA (Criança e Adolescente),Empoamento,False,False,0.1194
Extorsão,Estabelecimento Comercial,4,15,0,2023-11-20 15:58:00,DEAM (Mulher),"Macrofotografia, Luz forense/lanterna, Empoamento",True,False,0.5095
Abandono de Incapaz,Via Pública,0,35,2,2023-10-10 12:37:00,2ª DP,"Macrofotografia, Empoamento",True,True,1.0
Latrocínio e/ou Tentativa de Latrocínio,DP,2,48,0,2023-02-15 04:33:00,DHPP (Homicídios),"Luz forense/lanterna, Empoamento",False,False,0.7217
Tráfico de Entorpecentes,Terreno Baldio,1,15,2,2023-08-29 12:43:00,1ª DP,"Macrofotografia, Empoamento, Luz forense/lanterna",False,False,0.1584
Roubo,Pátio,4,26,1,2023-09-04 09:15:00,DEAM (Mulher),"Luz forense/lanterna, Macrofotografia",False,True,0.5967
Roubo Com Estupro,Terreno Baldio,6,24,0,2023-07-22 15:06:00,DEAM (Mulher),Macrofotografia,True,False,0.8737
Abandono de Incapaz,Terreno Baldio,0,17,0,2023-01-01 05:50:00,DRFC (Furtos),Luz forense/lanterna,False,True,0.83
Aborto,Hospital,2,16,0,2023-04-08 18:30:00,DHPP (Homicídios),"Macrofotografia, Empoamento",True,False,0.3456
Veículo Localizado (furtado ou roubado),Residência,0,21,2,2023-03-25 01:45:00,DCA (Criança e Adolescente),"Empoamento, Macrofotografia, Luz forense/lanterna",True,False,0.2731
Violação de Sepultura,Terreno Baldio,0,6,4,2023-09-06 23:10:00,DCA (Criança e Adolescente),"Macrofotografia, Luz forense/lanterna, Empoamento",True,False,0.3445
Furto de Energia Elétrica ou Termodinâmica,Terreno Baldio,5,5,1,2023-04-02 20:39:00,2ª DP,Luz forense/lanterna,False,False,0.1073
Feto Encontrado,Área Rural,2,18,4,2023-09-06 02:26:00,1ª DP,"Macrofotografia, Empoamento",False,True,0.8461
Pichação,Área Rural,6,8,0,2023-02-18 00:53:00,DCA (Criança e Adolescente),Luz forense/lanterna,True,False,0.3286
Aborto,Estabelecimento Comercial,0,21,4,2023-02-14 07:07:00,3ª DP,"Luz forense/lanterna, Empoamento",False,False,0.1088
Veículo Localizado (furtado ou roubado),Residência,18,15,0,2023-04-28 19:29:00,2ª DP,"Luz forense/lanterna, Macrofotografia",False,False,0.1234
Local de Estupro e/ou Veículo Envolvido em Estupro,Hospital,1,38,11,2023-01-12 01:52:00,DCA (Criança e Adolescente),Macrofotografia,True,False,0.8976
Tráfico de Entorpecentes,Pátio,1,34,2,2023-06-27 10:38:00,3ª DP,Macrofotografia,True,True,0.4424
Arremesso de Projétil,Terreno Baldio,0,40,2,2023-10-14 12:47:00,3ª DP,"Luz forense/lanterna, Macrofotografia",True,False,0.2917
Adulteração de Placa e/ou Lacre,Hospital,2,6,3,2023-11-08 21:25:00,DEAM (Mulher),Macrofotografia,True,False,0.3257
Estelionato,Residência,1,71,2,2023-04-09 21:50:00,1ª DP,"Empoamento, Macrofotografia",False,False,0.122
Ameaça,Área Rural,3,29,1,2023-07-03 18:56:00,DEAM (Mulher),"Luz forense/lanterna, Macrofotografia, Empoamento",False,False,0.1859
Estelionato,Terreno Baldio,2,26,1,2023-05-11 17:58:00,DHPP (Homicídios),Macrofotografia,True,True,0.4842
Roubo,DP,0,34,2,2023-09-03 00:54:00,DEAM (Mulher),Luz forense/lanterna,False,True,0.5649
Furto,Estabelecimento Comercial,5,50,4,2023-12-18 16:12:00,DRFC (Furtos),"Luz forense/lanterna, Empoamento, Macrofotografia",True,False,0.2583
Marca em Animal,Estabelecimento Comercial,1,21,0,2023-05-10 22:24:00,1ª DP,"Macrofotografia, Luz forense/lanterna, Empoamento",False,False,0.105
Receptação,Estabelecimento Comercial,4,23,0,2023-04-21 08:55:00,DEAM (Mulher),"Macrofotografia, Luz forense/lanterna",False,True,0.2972
Tráfico de Entorpecentes,Hospital,7,25,1,2023-10-19 08:57:00,DEAM (Mulher),"Empoamento, Macrofotografia, Luz forense/lanterna",True,False,0.3052
Local de Estupro e/ou Veículo Envolvido em Estupro,Via Pública,4,17,7,2023-09-13 14:43:00,3ª DP,Empoamento,True,False,0.8273
Infanticídio,DP,0,67,2,2023-07-13 06:32:00,3ª DP,"Luz forense/lanterna, Empoamento, Macrofotografia",True,True,0.9597
Violação de Domicílio,DP,3,44,1,2023-04-14 12:45:00,1ª DP,"Macrofotografia, Empoamento, Luz forense/lanterna",True,False,0.307
Suicídio,Pátio,1,10,0,2023-08-24 03:13:00,DHPP (Homicídios),Luz forense/lanterna,True,False,0.3315
Violação de Sepultura,Estabelecimento Comercial,8,6,0,2023-08-26 23:35:00,2ª DP,"Macrofotografia, Luz forense/lanterna, Empoamento",True,True,0.4166
Incêndio (sem vítima),Estabelecimento Comercial,4,72,0,2023-03-07 03:13:00,DCA (Criança e Adolescente),"Empoamento, Macrofotografia, Luz forense/lanterna",True,True,0.4125
Ossada Encontrada,Residência,1,35,0,2023-01-21 08:41:00,DHPP (Homicídios),"Luz forense/lanterna, Empoamento",True,True,0.4406
Latrocínio e/ou Tentativa de Latrocínio,Estabelecimento Comercial,1,45,2,2023-10-07 07:50:00,1ª DP,"Luz forense/lanterna, Macrofotografia",True,False,0.8153
Morte Aparentemente Natural,Área Rural,5,51,1,2023-07-15 14:29:00,DCA (Criança e Adolescente),Empoamento,False,True,0.3044
Dano,DP,0,23,0,2023-06-02 09:11:00,2ª DP,Empoamento,True,False,0.2985
Homicídio,Residência,2,31,1,2023-08-12 20:05:00,2ª DP,"Empoamento, Luz forense/lanterna",True,False,0.8329
Adulteração de Placa e/ou Lacre,Área Rural,1,65,1,2023-11-10 09:27:00,3ª DP,"Luz forense/lanterna, Empoamento",True,True,0.4313
Ameaça,Terreno Baldio,6,10,1,2023-07-24 23:51:00,3ª DP,"Luz forense/lanterna, Macrofotografia",True,False,0.3277
Extorsão,Área Rural,3,40,2,2023-06-18 19:46:00,1ª DP,"Empoamento, Macrofotografia, Luz forense/lanterna",False,False,0.4294
Roubo Com Estupro,Hospital,1,32,1,2023-03-17 03:37:00,1ª DP,Empoamento,True,False,0.8388
Lesão Corporal,DP,9,27,0,2023-02-25 19:50:00,DCA (Criança e Adolescente),Empoamento,False,False,0.4306
Morte Aparentemente Natural,Residência,1,48,2,2023-04-01 04:21:00,3ª DP,"Macrofotografia, Empoamento, Luz forense/lanterna",False,False,0.1776
Furto Qualificado (arrombamento),Estabelecimento Comercial,2,10,0,2023-12-05 23:52:00,DHPP (Homicídios),"Empoamento, Luz forense/lanterna, Macrofotografia",False,False,0.1821
Violação de Domicílio,Via Pública,8,33,1,2023-04-03 01:11:00,2ª DP,Macrofotografia,True,False,0.2588
Morte Aparentemente Natural,DP,4,60,5,2023-07-29 06:15:00,DRFC (Furtos),"Empoamento, Luz forense/lanterna",False,False,0.1739
Cadáver Encontrado,Via Pública,12,22,5,2023-12-31 12:58:00,DCA (Criança e Adolescente),"Luz forense/lanterna, Macrofotografia, Empoamento",True,True,0.4712
Furto em Interior de Veículo,Estabelecimento Comercial,8,12,0,2023-01-12 14:50:00,DRFC (Furtos),"Luz forense/lanterna, Empoamento, Macrofotografia",True,False,0.2971
Explosão (sem vítima),Terreno Baldio,4,19,2,2023-06-13 20:53:00,2ª DP,"Luz forense/lanterna, Macrofotografia, Empoamento",True,True,0.4838
Exercício Arbitrário das Próprias Razões,Área Rural,6,21,0,2023-06-13 13:16:00,DCA (Criança e Adolescente),"Empoamento, Luz forense/lanterna, Macrofotografia",False,False,0.1065
Suicídio,Via Pública,0,18,0,2023-02-10 19:02:00,DCA (Criança e Adolescente),"Empoamento, Macrofotografia, Luz forense/lanterna",True,True,0.4141
Feminicídio,Residência,2,8,9,2023-05-23 16:34:00,1ª DP,"Empoamento, Macrofotografia, Luz forense/lanterna",False,False,0.6752
Cadáver Encontrado,DP,1,16,1,2023-06-16 03:25:00,DRFC (Furtos),Macrofotografia,False,False,0.1211
Violação de Domicílio,Hospital,12,11,1,2023-03-08 10:58:00,DEAM (Mulher),Macrofotografia,False,False,0.1692
Morte Aparentemente Natural,Hospital,1,14,0,2023-11-26 17:14:00,DHPP (Homicídios),"Empoamento, Macrofotografia",False,False,0.1362
Incêndio (sem vítima),Estabelecimento Comercial,4,22,0,2023-06-19 09:49:00,3ª DP,"Empoamento, Luz forense/lanterna, Macrofotografia",False,True,0.306
Furto,Hospital,3,25,5,2023-06-13 09:22:00,DCA (Criança e Adolescente),"Luz forense/lanterna, Macrofotografia",False,True,0.3008
Incêndio (sem vítima),Área Rural,10,16,1,2023-07-27 01:01:00,DHPP (Homicídios),"Empoamento, Luz forense/lanterna",False,False,0.1235
Ameaça,Residência,3,8,1,2023-01-04 11:08:00,DCA (Criança e Adolescente),"Luz forense/lanterna, Macrofotografia, Empoamento",True,False,0.2787
Furto em Interior de Veículo,Hospital,0,12,0,2023-03-15 21:08:00,DEAM (Mulher),"Luz forense/lanterna, Macrofotografia, Empoamento",True,False,0.2581
Furto em Interior de Veículo,Área Rural,0,11,3,2023-10-25 22:28:00,DRFC (Furtos),"Luz forense/lanterna, Empoamento",False,False,0.1903
Furto Qualificado (arrombamento),Pátio,8,16,0,2023-10-02 22:29:00,DEAM (Mulher),"Luz forense/lanterna, Empoamento, Macrofotografia",False,False,0.1167
Roubo Com Estupro,Via Pública,1,38,0,2023-08-04 16:22:00,3ª DP,"Macrofotografia, Luz forense/lanterna, Empoamento",False,True,0.8926
Afogamento,Área Rural,3,47,1,2023-02-15 13:32:00,DCA (Criança e Adolescente),"Empoamento, Luz forense/lanterna, Macrofotografia",False,False,0.1558
Infanticídio,Residência,1,36,0,2023-12-21 12:49:00,DEAM (Mulher),"Empoamento, Luz forense/lanterna",False,False,0.6733
Homicídio,Estabelecimento Comercial,0,62,3,2023-02-16 22:51:00,3ª DP,"Macrofotografia, Luz forense/lanterna, Empoamento",True,False,0.8747
Ossada Encontrada,DP,1,26,4,2023-11-13 21:03:00,DEAM (Mulher),"Macrofotografia, Empoamento, Luz forense/lanterna",False,True,0.3362
Furto,Hospital,1,7,0,2023-03-01 12:38:00,DCA (Criança e Adolescente),"Macrofotografia, Empoamento, Luz forense/lanterna",False,False,0.1388
Incêndio (com vítima),Estabelecimento Comercial,4,77,3,2023-09-15 18:08:00,2ª DP,Luz forense/lanterna,True,True,0.6752
Lesão Corporal,Hospital,4,17,0,2023-11-26 12:04:00,DEAM (Mulher),"Luz forense/lanterna, Empoamento",True,False,0.5385
Tentativa de Homicídio,Pátio,1,124,12,2023-09-29 23:51:00,DCA (Criança e Adolescente),"Macrofotografia, Luz forense/lanterna",True,True,1.0
Aborto,Via Pública,1,20,0,2023-07-11 06:43:00,DEAM (Mulher),"Luz forense/lanterna, Empoamento, Macrofotografia",True,False,0.2589
Furto Qualificado (arrombamento),Pátio,3,12,2,2023-08-26 23:29:00,1ª DP,"Luz forense/lanterna, Empoamento",True,False,0.3208
Ossada Encontrada,Área Rural,0,55,1,2023-02-17 19:58:00,DEAM (Mulher),"Luz forense/lanterna, Macrofotografia, Empoamento",False,False,0.1532
Extorsão,Via Pública,0,29,1,2023-11-26 04:38:00,DEAM (Mulher),Luz forense/lanterna,True,False,0.59
Furto de Energia Elétrica ou Termodinâmica,Hospital,6,6,2,2023-02-10 03:41:00,DCA (Criança e Adolescente),"Macrofotografia, Luz forense/lanterna, Empoamento",True,True,0.4874
Tentativa de Suicídio,DP,3,29,3,2023-08-19 18:38:00,DCA (Criança e Adolescente),"Macrofotografia, Luz forense/lanterna",True,False,0.3413
Disparo de Arma de Fogo,Área Rural,0,47,0,2023-07-10 07:22:00,2ª DP,"Luz forense/lanterna, Macrofotografia",True,False,0.5898
Eletroplessão,Residência,1,11,1,2023-07-16 17:48:00,DEAM (Mulher),"Empoamento, Luz forense/lanterna",False,False,0.1173
Homicídio,DP,5,26,0,2023-10-27 11:13:00,DRFC (Furtos),"Empoamento, Macrofotografia",False,True,0.8193
Estelionato,Pátio,0,16,0,2023-08-30 19:30:00,DHPP (Homicídios),"Luz forense/lanterna, Empoamento",True,False,0.2566
Tentativa de Suicídio,Estabelecimento Comercial,2,42,1,2023-10-30 03:53:00,DEAM (Mulher),"Luz forense/lanterna, Macrofotografia",True,True,0.4539
Latrocínio e/ou Tentativa de Latrocínio,Residência,0,39,1,2023-06-13 08:38:00,DHPP (Homicídios),"Luz forense/lanterna, Empoamento, Macrofotografia",False,False,0.7076
Desmanche de Veículos,Residência,6,5,0,2023-12-05 02:46:00,DCA (Criança e Adolescente),"Empoamento, Luz forense/lanterna, Macrofotografia",False,False,0.1064
Dano,Terreno Baldio,5,29,2,2023-11-11 12:30:00,1ª DP,Macrofotografia,True,True,0.4662
Feto Encontrado,Estabelecimento Comercial,6,42,7,2023-11-08 18:30:00,DHPP (Homicídios),"Macrofotografia, Empoamento, Luz forense/lanterna",False,False,0.6887
Adulteração de Placa e/ou Lacre,Terreno Baldio,4,20,1,2023-12-04 03:55:00,DRFC (Furtos),"Macrofotografia, Empoamento, Luz forense/lanterna",True,True,0.4426
Morte Aparentemente Natural,Residência,5,7,11,2023-02-24 03:16:00,2ª DP,Macrofotografia,True,False,0.3412
Explosão (com vítima),Terreno Baldio,4,18,2,2023-01-17 20:37:00,2ª DP,"Luz forense/lanterna, Macrofotografia, Empoamento",True,True,0.7336
Aborto,Residência,0,74,9,2023-01-13 15:57:00,1ª DP,"Empoamento, Macrofotografia",True,False,0.3474
Maus Tratos de Animal,Pátio,0,14,3,2023-07-11 16:15:00,DRFC (Furtos),"Empoamento, Macrofotografia",False,True,0.3135
Maus Tratos de Animal,Área Rural,8,35,0,2023-10-12 16:55:00,2ª DP,Luz forense/lanterna,True,False,0.2574
Infanticídio,DP,2,8,0,2023-12-20 14:56:00,1ª DP,"Macrofotografia, Empoamento",True,False,0.849
Morte Aparentemente Natural,Estabelecimento Comercial,2,20,0,2023-08-13 12:56:00,DRFC (Furtos),"Luz forense/lanterna, Macrofotografia, Empoamento",False,False,0.1227
Pichação,DP,0,25,0,2023-01-22 17:59:00,2ª DP,"Luz forense/lanterna, Empoamento, Macrofotografia",True,True,0.4188
Furto de Energia Elétrica ou Termodinâmica,Terreno Baldio,4,14,1,2023-08-01 15:06:00,DRFC (Furtos),"Empoamento, Macrofotografia",False,True,0.2927
Ameaça,Via Pública,8,6,0,2023-09-10 00:56:00,DEAM (Mulher),Luz forense/lanterna,True,False,0.3049
Dano,Via Pública,2,11,1,2023-01-04 14:04:00,1ª DP,"Luz forense/lanterna, Empoamento",False,False,0.1321
Disparo de Arma de Fogo,Residência,2,49,2,2023-07-16 20:30:00,DHPP (Homicídios),"Empoamento, Luz forense/lanterna",True,False,0.5661
Roubo Com Estupro,DP,3,80,0,2023-12-26 02:38:00,2ª DP,Luz forense/lanterna,False,False,0.665
Explosão (com vítima),Estabelecimento Comercial,2,5,1,2023-04-24 23:28:00,1ª DP,"Macrofotografia, Luz forense/lanterna",True,False,0.592
Desmanche de Veículos,Pátio,1,24,2,2023-12-30 15:25:00,2ª DP,"Empoamento, Luz forense/lanterna, Macrofotografia",True,False,0.3083
Explosão (sem vítima),Via Pública,1,23,2,2023-04-14 23:58:00,DHPP (Homicídios),"Luz forense/lanterna, Empoamento, Macrofotografia",False,False,0.1661
Roubo,Hospital,2,27,0,2023-04-05 10:22:00,1ª DP,"Luz forense/lanterna, Empoamento, Macrofotografia",False,False,0.3662
Dano,Hospital,1,24,0,2023-09-27 19:04:00,DCA (Criança e Adolescente),"Macrofotografia, Empoamento",True,False,0.3425
Suicídio,Terreno Baldio,6,31,1,2023-03-24 05:00:00,DRFC (Furtos),Luz forense/lanterna,True,True,0.4644
Morte Aparentemente Natural,Área Rural,6,23,0,2023-08-16 13:15:00,2ª DP,"Macrofotografia, Luz forense/lanterna, Empoamento",True,True,0.4155
Abandono de Incapaz,Terreno Baldio,2,11,0,2023-06-11 21:30:00,DRFC (Furtos),Luz forense/lanterna,True,True,0.9721
Desmanche de Veículos,Pátio,4,51,1,2023-06-20 01:32:00,DRFC (Furtos),"Luz forense/lanterna, Macrofotografia, Empoamento",False,False,0.1707
Tentativa de Homicídio,DP,4,16,1,2023-04-18 05:22:00,2ª DP,"Empoamento, Macrofotografia, Luz forense/lanterna",True,False,0.8612
Tentativa de Homicídio,DP,3,23,0,2023-07-07 05:49:00,DHPP (Homicídios),Luz forense/lanterna,False,True,0.8429
Roubo,Terreno Baldio,0,5,1,2023-01-31 04:19:00,2ª DP,"Empoamento, Macrofotografia",True,True,0.6567
Marca em Animal,DP,3,8,0,2023-09-08 22:26:00,DRFC (Furtos),"Macrofotografia, Luz forense/lanterna",True,True,0.4297
Tentativa de Suicídio,Residência,4,57,4,2023-07-11 10:32:00,DEAM (Mulher),"Luz forense/lanterna, Empoamento, Macrofotografia",True,True,0.4106
Ameaça,DP,0,23,0,2023-10-14 21:29:00,2ª DP,"Macrofotografia, Empoamento",True,True,0.4133
Lesão Corporal,DP,2,7,0,2023-04-11 07:18:00,DHPP (Homicídios),"Empoamento, Luz forense/lanterna",True,False,0.5792
Tentativa de Homicídio,Terreno Baldio,3,19,2,2023-06-10 21:03:00,2ª DP,"Luz forense/lanterna, Empoamento",False,False,0.7321
Receptação,Hospital,1,30,5,2023-11-24 08:53:00,3ª DP,Macrofotografia,True,True,0.4569
Estelionato,Hospital,12,30,0,2023-03-11 08:28:00,DEAM (Mulher),"Luz forense/lanterna, Macrofotografia",False,True,0.2733
Cadáver Encontrado,Residência,0,39,5,2023-11-24 09:23:00,DCA (Criança e Adolescente),Luz forense/lanterna,False,True,0.3236
Explosão (sem vítima),Terreno Baldio,1,50,0,2023-07-23 08:29:00,1ª DP,Macrofotografia,False,True,0.3249
Roubo Com Estupro,Via Pública,5,45,3,2023-07-23 18:48:00,DEAM (Mulher),"Luz forense/lanterna, Empoamento",True,False,0.8574
Furto de Energia Elétrica ou Termodinâmica,Pátio,2,16,3,2023-05-19 23:33:00,3ª DP,Empoamento,True,False,0.2578
Abandono de Incapaz,Pátio,0,40,5,2023-11-28 16:31:00,DRFC (Furtos),Macrofotografia,False,False,0.7274
Dano,DP,2,51,4,2023-07-27 14:28:00,DRFC (Furtos),"Luz forense/lanterna, Empoamento, Macrofotografia",True,False,0.3463
Furto em Interior de Veículo,Hospital,2,25,0,2023-06-11 14:39:00,DEAM (Mulher),Luz forense/lanterna,True,False,0.2938
Feto Encontrado,Pátio,1,20,1,2023-07-20 05:22:00,DCA (Criança e Adolescente),"Luz forense/lanterna, Empoamento, Macrofotografia",False,False,0.7245
Afogamento,Estabelecimento Comercial,1,15,1,2023-10-17 12:36:00,DHPP (Homicídios),"Luz forense/lanterna, Macrofotografia",True,True,0.4853
Tentativa de Homicídio,Estabelecimento Comercial,0,9,4,2023-05-17 14:20:00,1ª DP,Luz forense/lanterna,True,False,0.8953
Furto de Energia Elétrica ou Termodinâmica,Estabelecimento Comercial,2,30,4,2023-01-18 00:02:00,DEAM (Mulher),"Macrofotografia, Luz forense/lanterna",False,False,0.194
Explosão (sem vítima),Área Rural,1,7,3,2023-12-11 07:39:00,3ª DP,"Empoamento, Luz forense/lanterna",False,False,0.1411
Infanticídio,Terreno Baldio,1,44,2,2023-02-24 17:22:00,DCA (Criança e Adolescente),"Luz forense/lanterna, Empoamento",True,True,1.0
Receptação,DP,4,9,2,2023-06-02 19:20:00,DRFC (Furtos),"Empoamento, Luz forense/lanterna, Macrofotografia",True,False,0.3171
Infanticídio,Área Rural,5,23,1,2023-09-29 08:54:00,3ª DP,Luz forense/lanterna,True,False,0.8085
Local de Estupro e/ou Veículo Envolvido em Estupro,Pátio,0,7,3,2023-02-05 19:15:00,2ª DP,Luz forense/lanterna,True,False,0.8167
Desmanche de Veículos,Via Pública,4,14,1,2023-11-07 12:51:00,3ª DP,Macrofotografia,False,False,0.1749
Marca em Animal,Residência,5,43,2,2023-12-22 12:18:00,DCA (Criança e Adolescente),"Empoamento, Macrofotografia",False,True,0.3138
Furto,Hospital,0,28,0,2023-10-07 05:24:00,1ª DP,"Empoamento, Macrofotografia, Luz forense/lanterna",True,False,0.2552
Cadáver Encontrado,Área Rural,15,26,0,2023-12-18 13:00:00,DHPP (Homicídios),Luz forense/lanterna,True,False,0.3097
Desmanche de Veículos,DP,2,106,3,2023-02-02 06:47:00,DHPP (Homicídios),"Macrofotografia, Luz forense/lanterna",False,False,0.1169
Explosão (com vítima),Hospital,0,29,0,2023-03-11 14:59:00,1ª DP,"Macrofotografia, Empoamento, Luz forense/lanterna",False,False,0.3581
Morte Aparentemente Natural,Área Rural,3,6,1,2023-07-10 18:42:00,DCA (Criança e Adolescente),Luz forense/lanterna,True,True,0.4041
Receptação,Estabelecimento Comercial,0,51,1,2023-05-17 14:38:00,DCA (Criança e Adolescente),"Macrofotografia, Empoamento, Luz forense/lanterna",True,True,0.4807
Tentativa de Suicídio,Área Rural,0,52,1,2023-09-10 12:27:00,2ª DP,"Empoamento, Luz forense/lanterna",True,False,0.2584
Incêndio (sem vítima),Hospital,8,29,4,2023-12-31 08:22:00,DRFC (Furtos),"Macrofotografia, Luz forense/lanterna",True,True,0.4482
Homicídio,Residência,0,25,0,2023-11-19 06:05:00,DEAM (Mulher),"Macrofotografia, Luz forense/lanterna, Empoamento",False,False,0.7008
Furto de Energia Elétrica ou Termodinâmica,DP,0,12,1,2023-07-07 04:52:00,DRFC (Furtos),"Macrofotografia, Empoamento, Luz forense/lanterna",True,False,0.3456
Violação de Domicílio,DP,2,13,0,2023-09-09 21:08:00,1ª DP,"Empoamento, Macrofotografia, Luz forense/lanterna",True,False,0.3423
Cadáver Encontrado,Terreno Baldio,2,53,3,2023-12-04 06:40:00,1ª DP,Empoamento,False,False,0.1206
Ossada Encontrada,Pátio,0,12,1,2023-07-09 15:09:00,3ª DP,Macrofotografia,True,True,0.4474
Furto d'água,Pátio,0,19,0,2023-08-01 02:55:00,DEAM (Mulher),Macrofotografia,False,False,0.1971
Local de Estupro e/ou Veículo Envolvido em Estupro,DP,3,34,0,2023-12-29 01:52:00,DEAM (Mulher),"Macrofotografia, Luz forense/lanterna",True,True,0.9836
Ameaça,Hospital,0,5,2,2023-10-05 23:54:00,1ª DP,Empoamento,True,True,0.4895
Adulteração de Placa e/ou Lacre,Área Rural,1,31,1,2023-06-21 02:46:00,1ª DP,Luz forense/lanterna,False,True,0.2618
Morte Aparentemente Natural,DP,0,14,0,2024-01-01 10:18:00,DCA (Criança e Adolescente),"Luz forense/lanterna, Macrofotografia, Empoamento",True,True,0.4803
Dano,DP,2,33,0,2023-01-07 22:18:00,DHPP (Homicídios),Macrofotografia,True,False,0.3213
Infanticídio,Pátio,2,19,0,2023-06-24 10:12:00,DCA (Criança e Adolescente),Macrofotografia,False,False,0.6513
Explosão (com vítima),Pátio,2,9,1,2023-01-07 17:02:00,3ª DP,"Empoamento, Luz forense/lanterna",True,False,0.5358
Marca em Animal,Residência,5,14,3,2023-08-30 06:49:00,DHPP (Homicídios),"Luz forense/lanterna, Macrofotografia",False,False,0.1329
Incêndio (sem vítima),Estabelecimento Comercial,3,41,4,2023-05-01 01:07:00,2ª DP,"Macrofotografia, Luz forense/lanterna",False,False,0.189
Homicídio,Área Rural,0,17,4,2023-08-10 06:10:00,DRFC (Furtos),"Luz forense/lanterna, Empoamento",False,True,0.8671
Roubo,Via Pública,4,73,0,2023-08-25 06:44:00,1ª DP,Luz forense/lanterna,True,False,0.541
Dano Seguido de Lesão Corporal,Estabelecimento Comercial,1,61,3,2023-12-25 22:58:00,1ª DP,Macrofotografia,True,False,0.5813
Tráfico de Entorpecentes,Via Pública,2,40,0,2023-07-07 19:43:00,2ª DP,Empoamento,True,False,0.3109
Cadáver Encontrado,Terreno Baldio,9,52,1,2023-07-25 05:45:00,DEAM (Mulher),"Macrofotografia, Luz forense/lanterna",True,False,0.3033
Cadáver Encontrado,Terreno Baldio,0,8,1,2023-05-31 20:04:00,DHPP (Homicídios),"Luz forense/lanterna, Macrofotografia, Empoamento",False,True,0.2801
Ameaça,Residência,13,29,1,2023-07-19 18:36:00,3ª DP,"Macrofotografia, Empoamento",True,False,0.2656
Receptação,Pátio,1,19,1,2023-11-09 04:47:00,DRFC (Furtos),"Macrofotografia, Empoamento, Luz forense/lanterna",True,False,0.319
Tentativa de Suicídio,Terreno Baldio,0,12,1,2023-12-21 15:22:00,DRFC (Furtos),"Macrofotografia, Empoamento, Luz forense/lanterna",False,False,0.106
Ossada Encontrada,Pátio,2,25,0,2023-04-09 00:54:00,3ª DP,Empoamento,True,False,0.3189
Tentativa de Homicídio,Hospital,3,24,3,2023-01-21 17:16:00,3ª DP,"Luz forense/lanterna, Macrofotografia, Empoamento",False,False,0.7084
Latrocínio e/ou Tentativa de Latrocínio,DP,6,28,0,2023-06-24 11:47:00,DRFC (Furtos),"Empoamento, Luz forense/lanterna",False,False,0.7078
Infanticídio,Terreno Baldio,2,74,5,2023-05-20 11:40:00,DRFC (Furtos),"Macrofotografia, Luz forense/lanterna",False,False,0.6792
Dano,Via Pública,0,51,0,2023-01-24 10:29:00,1ª DP,"Empoamento, Luz forense/lanterna, Macrofotografia",True,False,0.2809
Violação de Sepultura,Área Rural,1,13,0,2023-09-13 17:56:00,2ª DP,"Luz forense/lanterna, Empoamento, Macrofotografia",True,True,0.4461
Arremesso de Projétil,DP,1,19,4,2023-06-13 02:18:00,2ª DP,"Macrofotografia, Luz forense/lanterna",True,False,0.2878
Tentativa de Homicídio,Via Pública,7,20,0,2023-09-09 08:21:00,DEAM (Mulher),"Luz forense/lanterna, Macrofotografia",False,True,0.8285
Ameaça,Residência,2,10,2,2023-11-18 02:45:00,1ª DP,"Empoamento, Macrofotografia",True,False,0.3155
Furto,Pátio,2,66,0,2023-06-22 20:45:00,1ª DP,"Empoamento, Macrofotografia, Luz forense/lanterna",True,False,0.2993
Desmanche de Veículos,Residência,5,16,5,2023-06-15 10:34:00,DEAM (Mulher),"Empoamento, Macrofotografia",True,False,0.3383
Dano Seguido de Lesão Corporal,Estabelecimento Comercial,3,37,0,2023-07-30 12:12:00,2ª DP,"Empoamento, Macrofotografia",True,False,0.5484
Furto em Interior de Veículo,Residência,6,7,0,2023-01-11 13:34:00,DHPP (Homicídios),Macrofotografia,False,True,0.2625
Aborto,Terreno Baldio,2,10,0,2023-04-21 03:21:00,DHPP (Homicídios),"Empoamento, Luz forense/lanterna",True,False,0.2521
Tráfico de Entorpecentes,Residência,2,11,1,2023-11-20 14:59:00,DCA (Criança e Adolescente),"Luz forense/lanterna, Empoamento",True,False,0.2542
Homicídio,Estabelecimento Comercial,0,47,1,2023-08-29 19:26:00,DCA (Criança e Adolescente),Empoamento,False,False,0.7141
Eletroplessão,Via Pública,0,8,0,2023-12-16 07:44:00,DCA (Criança e Adolescente),"Macrofotografia, Empoamento, Luz forense/lanterna",True,True,0.4981
Cadáver Encontrado,Via Pública,1,21,0,2023-11-06 02:52:00,2ª DP,Macrofotografia,False,False,0.1041
Latrocínio e/ou Tentativa de Latrocínio,Estabelecimento Comercial,4,23,1,2023-08-28 08:48:00,2ª DP,"Empoamento, Macrofotografia",True,True,1.0
Ossada Encontrada,DP,3,11,0,2023-05-15 22:33:00,2ª DP,"Luz forense/lanterna, Empoamento",False,False,0.1599
Abandono de Incapaz,Estabelecimento Comercial,2,20,2,2023-07-28 07:31:00,DCA (Criança e Adolescente),"Macrofotografia, Luz forense/lanterna",False,True,0.8416
Tráfico de Entorpecentes,Área Rural,3,53,0,2023-12-20 15:39:00,DEAM (Mulher),Luz forense/lanterna,True,False,0.3052
Arremesso de Projétil,DP,4,32,0,2023-06-15 02:05:00,1ª DP,Empoamento,False,True,0.2888
Tentativa de Suicídio,DP,5,13,5,2023-11-22 22:20:00,DHPP (Homicídios),"Macrofotografia, Empoamento",True,False,0.2771
Desmanche de Veículos,DP,6,73,6,2023-02-22 03:05:00,DEAM (Mulher),"Macrofotografia, Luz forense/lanterna, Empoamento",True,False,0.3341
Infanticídio,Via Pública,3,20,0,2023-04-27 16:54:00,DEAM (Mulher),Empoamento,True,False,0.8244
Feto Encontrado,Estabelecimento Comercial,0,30,0,2023-03-07 01:44:00,DEAM (Mulher),Luz forense/lanterna,False,False,0.7213
Afogamento,Terreno Baldio,1,7,1,2023-05-09 10:11:00,DEAM (Mulher),"Macrofotografia, Empoamento",False,True,0.274
Suicídio,Via Pública,6,43,0,2023-11-11 02:36:00,3ª DP,Macrofotografia,False,False,0.1487
Ameaça,Estabelecimento Comercial,11,13,0,2023-07-25 19:42:00,3ª DP,Empoamento,True,True,0.4947
Furto Qualificado (arrombamento),Hospital,0,16,1,2023-06-23 20:36:00,DEAM (Mulher),Luz forense/lanterna,True,False,0.2568
Dano Seguido de Lesão Corporal,Via Pública,0,9,0,2023-06-12 11:48:00,3ª DP,Macrofotografia,False,True,0.5535
Abandono de Incapaz,Estabelecimento Comercial,1,9,0,2023-09-13 22:53:00,2ª DP,"Macrofotografia, Empoamento",True,True,1.0
Cadáver Encontrado,Terreno Baldio,1,19,5,2023-02-02 10:18:00,DEAM (Mulher),"Luz forense/lanterna, Empoamento",False,False,0.1504
Violação de Sepultura,Hospital,6,27,2,2023-11-15 07:12:00,2ª DP,Luz forense/lanterna,False,True,0.2851
Morte Aparentemente Natural,Estabelecimento Comercial,5,30,2,2023-02-20 07:52:00,2ª DP,"Luz forense/lanterna, Macrofotografia",True,True,0.4614
Ameaça,Área Rural,2,27,0,2023-08-15 17:21:00,DEAM (Mulher),"Luz forense/lanterna, Empoamento",True,False,0.2758
Incêndio (sem vítima),DP,5,6,0,2023-01-07 12:40:00,3ª DP,"Macrofotografia, Luz forense/lanterna",False,False,0.1065
Roubo,Hospital,1,24,6,2023-02-08 10:11:00,DHPP (Homicídios),Macrofotografia,False,True,0.514
Exercício Arbitrário das Próprias Razões,Hospital,0,28,5,2023-03-22 12:52:00,DEAM (Mulher),"Luz forense/lanterna, Empoamento, Macrofotografia",True,False,0.298
Explosão (com vítima),Terreno Baldio,1,5,5,2023-06-06 02:57:00,1ª DP,"Macrofotografia, Empoamento, Luz forense/lanterna",True,True,0.6903
Marca em Animal,DP,2,12,1,2023-10-16 02:23:00,DEAM (Mulher),"Luz forense/lanterna, Macrofotografia, Empoamento",True,True,0.4877
Violação de Sepultura,Residência,0,8,1,2023-08-08 19:12:00,3ª DP,"Luz forense/lanterna, Empoamento, Macrofotografia",False,True,0.3401
Furto de Energia Elétrica ou Termodinâmica,Área Rural,1,7,1,2023-05-04 00:32:00,DCA (Criança e Adolescente),"Macrofotografia, Luz forense/lanterna",True,False,0.3095
Roubo Com Estupro,Via Pública,0,8,0,2023-01-20 01:02:00,DHPP (Homicídios),"Macrofotografia, Luz forense/lanterna",True,False,0.8278
Adulteração de Placa e/ou Lacre,Pátio,3,5,5,2023-01-04 14:38:00,DCA (Criança e Adolescente),Luz forense/lanterna,False,False,0.1852
Feto Encontrado,Hospital,1,44,0,2023-10-20 20:51:00,1ª DP,Macrofotografia,False,False,0.7324
Adulteração de Placa e/ou Lacre,Via Pública,2,9,0,2023-07-30 05:21:00,3ª DP,"Empoamento, Luz forense/lanterna",False,False,0.1999
Marca em Animal,Área Rural,2,30,0,2023-03-09 23:28:00,2ª DP,Luz forense/lanterna,False,True,0.2767
Pichação,Terreno Baldio,1,12,0,2023-10-27 22:12:00,3ª DP,Empoamento,False,False,0.1687
Homicídio,DP,3,28,0,2023-08-01 07:27:00,DHPP (Homicídios),Empoamento,False,True,0.8084
Aborto,Residência,1,14,6,2023-11-21 15:07:00,DHPP (Homicídios),Empoamento,False,True,0.2969
Explosão (com vítima),Via Pública,1,9,0,2023-04-10 04:32:00,DEAM (Mulher),"Empoamento, Macrofotografia",False,True,0.5843
Roubo,Via Pública,0,9,0,2023-03-20 22:54:00,DCA (Criança e Adolescente),"Luz forense/lanterna, Empoamento, Macrofotografia",True,False,0.5658
Local de Estupro e/ou Veículo Envolvido em Estupro,DP,0,10,1,2023-12-15 13:40:00,2ª DP,"Empoamento, Luz forense/lanterna, Macrofotografia",False,False,0.7128
Dano Seguido de Lesão Corporal,DP,3,86,1,2023-06-20 02:13:00,2ª DP,Macrofotografia,False,False,0.3564
Cadáver Encontrado,Terreno Baldio,0,30,0,2023-11-21 06:47:00,DCA (Criança e Adolescente),Luz forense/lanterna,False,False,0.1695
Suicídio,DP,6,83,0,2023-12-02 06:42:00,2ª DP,"Macrofotografia, Luz forense/lanterna, Empoamento",True,False,0.2775
Explosão (com vítima),Área Rural,1,53,0,2023-06-13 11:53:00,DEAM (Mulher),"Macrofotografia, Empoamento, Luz forense/lanterna",False,True,0.5236
Marca em Animal,Área Rural,0,6,0,2023-01-20 12:46:00,3ª DP,Luz forense/lanterna,True,False,0.3018
Roubo,Terreno Baldio,4,31,0,2023-10-29 04:13:00,2ª DP,"Empoamento, Luz forense/lanterna",False,False,0.3735
Explosão (sem vítima),Residência,9,26,3,2023-06-28 05:15:00,1ª DP,"Macrofotografia, Luz forense/lanterna",True,True,0.4921
Roubo,Terreno Baldio,0,9,1,2023-09-07 14:42:00,DEAM (Mulher),Luz forense/lanterna,False,False,0.4357
Exercício Arbitrário das Próprias Razões,Residência,1,31,3,2023-02-01 21:09:00,DCA (Criança e Adolescente),Empoamento,False,False,0.189
Extorsão,Estabelecimento Comercial,2,48,2,2023-05-14 13:51:00,2ª DP,"Macrofotografia, Luz forense/lanterna, Empoamento",True,True,0.7197
Pichação,Área Rural,3,12,1,2023-10-25 21:40:00,2ª DP,Empoamento,True,False,0.2769
Tráfico de Entorpecentes,Via Pública,2,15,4,2023-03-07 22:56:00,DRFC (Furtos),Empoamento,False,False,0.1197
Violação de Sepultura,Estabelecimento Comercial,7,37,1,2023-01-30 10:47:00,3ª DP,"Macrofotografia, Empoamento, Luz forense/lanterna",True,False,0.3098
Dano Seguido de Lesão Corporal,DP,1,9,8,2023-09-01 10:55:00,DHPP (Homicídios),"Luz forense/lanterna, Macrofotografia",False,False,0.3808
Dano Seguido de Lesão Corporal,Área Rural,4,20,5,2023-01-22 02:16:00,DRFC (Furtos),"Luz forense/lanterna, Macrofotografia",False,True,0.5338
Violação de Sepultura,Pátio,5,22,0,2023-08-14 11:42:00,3ª DP,"Luz forense/lanterna, Empoamento, Macrofotografia",True,True,0.4856
Furto de Energia Elétrica ou Termodinâmica,Terreno Baldio,1,22,5,2023-11-23 22:43:00,DEAM (Mulher),"Macrofotografia, Empoamento, Luz forense/lanterna",True,True,0.4001
Morte Aparentemente Natural,Terreno Baldio,16,60,0,2023-04-14 23:35:00,DRFC (Furtos),"Macrofotografia, Empoamento",True,True,0.4859
Estelionato,Pátio,1,13,1,2023-09-26 08:46:00,2ª DP,"Empoamento, Macrofotografia, Luz forense/lanterna",True,True,0.4638
Tráfico de Entorpecentes,DP,0,15,2,2023-12-10 00:58:00,DRFC (Furtos),"Macrofotografia, Luz forense/lanterna",True,False,0.3256
Estelionato,Terreno Baldio,0,6,1,2023-05-27 09:20:00,DEAM (Mulher),Luz forense/lanterna,True,False,0.3436
Cadáver Encontrado,DP,1,18,0,2023-03-13 06:44:00,2ª DP,"Empoamento, Luz forense/lanterna, Macrofotografia",True,False,0.2945
Tentativa de Suicídio,Residência,0,25,1,2023-05-31 10:42:00,DRFC (Furtos),"Macrofotografia, Empoamento, Luz forense/lanterna",False,False,0.1833
Furto Qualificado (arrombamento),Via Pública,1,9,0,2023-02-16 21:25:00,1ª DP,"Macrofotografia, Empoamento",False,False,0.1106
Pichação,Hospital,0,8,2,2023-05-20 21:39:00,2ª DP,Empoamento,True,True,0.4619
Eletroplessão,DP,0,54,0,2023-04-29 02:04:00,3ª DP,Empoamento,True,True,0.4066
Lesão Corporal,Estabelecimento Comercial,5,5,5,2023-10-05 16:25:00,1ª DP,"Macrofotografia, Luz forense/lanterna",True,True,0.6554
Afogamento,Via Pública,2,10,2,2023-07-23 04:23:00,1ª DP,Macrofotografia,True,False,0.3331
Veículo Localizado (furtado ou roubado),Área Rural,0,11,6,2023-06-25 12:11:00,DCA (Criança e Adolescente),"Luz forense/lanterna, Macrofotografia, Empoamento",False,False,0.1045
Maus Tratos de Animal,DP,1,25,2,2023-12-25 12:26:00,3ª DP,"Empoamento, Macrofotografia, Luz forense/lanterna",False,True,0.2647
Explosão (com vítima),Área Rural,0,51,3,2023-03-14 15:46:00,DCA (Criança e Adolescente),"Luz forense/lanterna, Empoamento, Macrofotografia",True,False,0.514
Disparo de Arma de Fogo,DP,2,10,0,2023-06-14 12:19:00,2ª DP,Luz forense/lanterna,False,False,0.3996
Dano,Área Rural,4,43,2,2023-03-28 10:55:00,DHPP (Homicídios),"Luz forense/lanterna, Macrofotografia",False,False,0.1233
Abandono de Incapaz,Pátio,0,9,2,2023-09-27 04:44:00,3ª DP,"Luz forense/lanterna, Empoamento, Macrofotografia",True,True,0.9962
Cadáver Encontrado,Pátio,0,51,0,2023-05-11 11:21:00,2ª DP,"Luz forense/lanterna, Empoamento, Macrofotografia",False,True,0.3134
Desmanche de Veículos,Área Rural,6,41,1,2023-07-05 13:02:00,DEAM (Mulher),"Luz forense/lanterna, Empoamento",False,False,0.1702
Pichação,DP,5,20,0,2023-10-27 12:05:00,DCA (Criança e Adolescente),"Empoamento, Luz forense/lanterna, Macrofotografia",False,True,0.2547
Furto Qualificado (arrombamento),Área Rural,10,32,4,2023-11-01 14:38:00,DHPP (Homicídios),"Macrofotografia, Empoamento",True,True,0.4785
Adulteração de Placa e/ou Lacre,Residência,1,22,0,2023-08-24 02:13:00,3ª DP,Luz forense/lanterna,False,False,0.1378
Local de Estupro e/ou Veículo Envolvido em Estupro,Via Pública,0,34,3,2023-02-07 15:05:00,2ª DP,"Empoamento, Luz forense/lanterna, Macrofotografia",False,False,0.6671
Incêndio (com vítima),Via Pública,6,6,1,2023-04-29 03:38:00,DEAM (Mulher),"Luz forense/lanterna, Macrofotografia, Empoamento",True,False,0.5458
Furto d'água,Área Rural,0,25,5,2023-05-18 02:44:00,1ª DP,"Empoamento, Luz forense/lanterna, Macrofotografia",False,False,0.146
Dano Seguido de Lesão Corporal,Via Pública,1,99,0,2023-04-26 11:48:00,DCA (Criança e Adolescente),Macrofotografia,False,False,0.3573
Estelionato,Via Pública,2,14,5,2023-11-29 22:16:00,DCA (Criança e Adolescente),"Macrofotografia, Luz forense/lanterna",False,False,0.1782
Latrocínio e/ou Tentativa de Latrocínio,Hospital,0,58,2,2023-03-26 15:30:00,DHPP (Homicídios),Empoamento,False,False,0.6799
Incêndio (sem vítima),Pátio,3,15,2,2023-12-24 15:51:00,2ª DP,Luz forense/lanterna,False,False,0.1551
Explosão (com vítima),Pátio,2,67,1,2023-01-17 14:31:00,3ª DP,Macrofotografia,False,False,0.3851
Cadáver Encontrado,Pátio,2,12,1,2023-10-24 01:08:00,3ª DP,Empoamento,False,True,0.2651
Exercício Arbitrário das Próprias Razões,Pátio,2,22,0,2023-01-26 15:27:00,2ª DP,"Empoamento, Macrofotografia",True,True,0.4864
Tentativa de Suicídio,DP,4,42,0,2023-02-07 13:44:00,3ª DP,"Macrofotografia, Luz forense/lanterna, Empoamento",False,False,0.1044
Marca em Animal,Hospital,0,17,1,2023-06-25 02:49:00,DHPP (Homicídios),"Luz forense/lanterna, Macrofotografia, Empoamento",True,False,0.2599
Ossada Encontrada,Pátio,3,19,12,2023-08-13 20:38:00,DRFC (Furtos),Empoamento,False,False,0.1166
Feto Encontrado,Estabelecimento Comercial,0,14,0,2023-10-12 22:14:00,DHPP (Homicídios),"Luz forense/lanterna, Empoamento",True,False,0.8204
Roubo,Terreno Baldio,1,32,0,2023-06-09 07:03:00,DHPP (Homicídios),"Luz forense/lanterna, Empoamento, Macrofotografia",False,False,0.4159
Tentativa de Homicídio,Via Pública,1,17,2,2023-03-29 11:21:00,3ª DP,"Luz forense/lanterna, Macrofotografia, Empoamento",True,False,0.8845
Pichação,Via Pública,7,5,0,2023-10-30 14:31:00,DHPP (Homicídios),Macrofotografia,False,False,0.1527
Feminicídio,Estabelecimento Comercial,10,44,0,2023-11-18 19:14:00,1ª DP,Luz forense/lanterna,False,False,0.7068
Ameaça,Área Rural,7,5,1,2023-06-29 03:57:00,2ª DP,"Macrofotografia, Luz forense/lanterna, Empoamento",True,False,0.3138
Suicídio,DP,4,33,1,2023-12-25 14:48:00,DHPP (Homicídios),"Empoamento, Luz forense/lanterna, Macrofotografia",False,False,0.1449
Lesão Corporal,Área Rural,6,13,0,2023-12-14 06:25:00,2ª DP,"Luz forense/lanterna, Empoamento, Macrofotografia",True,True,0.6987
Roubo,Via Pública,0,48,2,2023-09-10 18:14:00,DHPP (Homicídios),"Luz forense/lanterna, Empoamento, Macrofotografia",False,False,0.4154
Dano,Área Rural,1,11,7,2023-07-16 04:54:00,DHPP (Homicídios),Macrofotografia,False,False,0.1153
Infanticídio,DP,1,45,0,2023-08-19 20:43:00,DHPP (Homicídios),"Empoamento, Luz forense/lanterna",False,False,0.6983
Incêndio (com vítima),Área Rural,7,29,0,2023-10-04 12:20:00,DRFC (Furtos),"Empoamento, Luz forense/lanterna",False,False,0.4
Veículo Localizado (furtado ou roubado),Área Rural,1,24,3,2023-04-08 23:34:00,DHPP (Homicídios),Empoamento,False,True,0.3064
Roubo,Terreno Baldio,0,15,1,2023-03-16 18:36:00,DHPP (Homicídios),"Macrofotografia, Luz forense/lanterna, Empoamento",True,False,0.5053
Violação de Domicílio,Terreno Baldio,3,68,0,2023-07-25 00:58:00,DCA (Criança e Adolescente),"Luz forense/lanterna, Macrofotografia, Empoamento",True,True,0.4301
Suicídio,Via Pública,6,10,1,2023-08-08 22:31:00,DEAM (Mulher),"Luz forense/lanterna, Macrofotografia",False,False,0.1285
Roubo Com Estupro,DP,3,20,0,2023-11-29 21:06:00,2ª DP,"Empoamento, Luz forense/lanterna, Macrofotografia",False,False,0.7224
Roubo,Residência,3,46,2,2023-05-09 02:36:00,DEAM (Mulher),"Macrofotografia, Empoamento, Luz forense/lanterna",False,False,0.388
Infanticídio,Terreno Baldio,0,6,0,2023-12-12 08:07:00,DRFC (Furtos),"Empoamento, Luz forense/lanterna, Macrofotografia",True,False,0.8439
Furto em Interior de Veículo,DP,0,10,2,2023-02-28 08:50:00,DEAM (Mulher),Macrofotografia,True,True,0.4257
Incêndio (com vítima),Via Pública,2,20,2,2023-04-02 05:46:00,DCA (Criança e Adolescente),Luz forense/lanterna,False,True,0.5076
Violação de Domicílio,Residência,1,7,2,2023-11-14 21:22:00,DRFC (Furtos),"Empoamento, Macrofotografia",False,False,0.1531
Receptação,DP,0,18,2,2023-03-28 07:10:00,1ª DP,Empoamento,False,False,0.1689
Disparo de Arma de Fogo,DP,1,8,1,2023-08-23 14:33:00,2ª DP,"Macrofotografia, Empoamento",True,False,0.5242
Roubo,Residência,1,6,3,2023-08-10 23:03:00,DHPP (Homicídios),"Luz forense/lanterna, Macrofotografia, Empoamento",True,True,0.7255
Roubo,Estabelecimento Comercial,0,45,1,2023-01-31 14:44:00,DEAM (Mulher),Luz forense/lanterna,False,False,0.3895
Afogamento,Terreno Baldio,3,7,0,2023-08-12 15:59:00,DCA (Criança e Adolescente),"Macrofotografia, Empoamento",False,True,0.3118
Pichação,Pátio,1,8,0,2023-04-11 15:14:00,1ª DP,"Luz forense/lanterna, Empoamento, Macrofotografia",True,False,0.2747
Veículo Localizado (furtado ou roubado),Via Pública,1,7,1,2023-09-14 08:50:00,DEAM (Mulher),"Macrofotografia, Empoamento",True,False,0.3076
Eletroplessão,Área Rural,2,17,2,2023-04-15 06:45:00,2ª DP,Empoamento,False,False,0.1753
Roubo,Residência,0,15,3,2023-01-29 20:32:00,2ª DP,Empoamento,True,True,0.6742
Feto Encontrado,Residência,0,42,0,2023-06-03 21:35:00,DHPP (Homicídios),Macrofotografia,False,False,0.7435
Furto Qualificado (arrombamento),Área Rural,1,38,1,2023-01-30 08:09:00,DCA (Criança e Adolescente),Luz forense/lanterna,False,False,0.1557
Feminicídio,Residência,1,18,1,2023-03-09 01:31:00,DCA (Criança e Adolescente),Luz forense/lanterna,True,True,0.9872
Furto de Energia Elétrica ou Termodinâmica,Área Rural,12,20,1,2023-07-21 02:12:00,DRFC (Furtos),"Macrofotografia, Luz forense/lanterna",False,True,0.3018
Feminicídio,Hospital,6,12,1,2023-07-09 15:23:00,DCA (Criança e Adolescente),"Luz forense/lanterna, Macrofotografia, Empoamento",True,False,0.889
Marca em Animal,Hospital,1,10,2,2023-07-19 13:06:00,DEAM (Mulher),Luz forense/lanterna,True,True,0.4508
Furto d'água,Área Rural,2,9,3,2023-11-01 06:57:00,DCA (Criança e Adolescente),Empoamento,False,False,0.1237
Violação de Sepultura,Área Rural,2,22,1,2023-08-27 05:41:00,DRFC (Furtos),"Luz forense/lanterna, Macrofotografia, Empoamento",True,False,0.331
Eletroplessão,Hospital,0,7,0,2023-05-29 08:09:00,1ª DP,"Macrofotografia, Empoamento, Luz forense/lanterna",True,True,0.4198
Tráfico de Entorpecentes,Terreno Baldio,1,97,0,2023-01-13 12:04:00,3ª DP,"Empoamento, Macrofotografia, Luz forense/lanterna",True,True,0.4506
Pichação,Residência,1,13,5,2023-12-13 17:22:00,DHPP (Homicídios),"Luz forense/lanterna, Macrofotografia",True,True,0.4452
Suicídio,Área Rural,0,5,2,2023-02-05 06:17:00,DHPP (Homicídios),"Macrofotografia, Empoamento, Luz forense/lanterna",False,False,0.184
Furto,Residência,1,14,1,2023-02-21 18:46:00,1ª DP,Macrofotografia,True,False,0.2956
Local de Estupro e/ou Veículo Envolvido em Estupro,Via Pública,3,5,0,2023-09-04 19:05:00,1ª DP,"Empoamento, Luz forense/lanterna",True,True,0.9578
Latrocínio e/ou Tentativa de Latrocínio,Hospital,8,6,0,2023-01-27 09:09:00,DCA (Criança e Adolescente),Luz forense/lanterna,False,False,0.7437
Furto d'água,DP,7,72,9,2023-12-18 00:03:00,DHPP (Homicídios),"Empoamento, Macrofotografia",False,False,0.1984
Homicídio,Via Pública,2,9,7,2023-06-11 14:10:00,1ª DP,"Luz forense/lanterna, Empoamento",True,False,0.8596
Extorsão,Terreno Baldio,11,13,4,2023-12-12 03:04:00,3ª DP,"Empoamento, Macrofotografia, Luz forense/lanterna",False,False,0.4304
Latrocínio e/ou Tentativa de Latrocínio,Pátio,4,12,0,2023-10-06 00:31:00,DEAM (Mulher),"Luz forense/lanterna, Macrofotografia",True,False,0.8055
Veículo Localizado (furtado ou roubado),Via Pública,5,8,6,2023-05-01 08:11:00,DCA (Criança e Adolescente),Luz forense/lanterna,True,False,0.2733
Furto de Energia Elétrica ou Termodinâmica,Terreno Baldio,11,15,1,2023-05-13 06:05:00,DCA (Criança e Adolescente),"Luz forense/lanterna, Empoamento",False,False,0.1801
Roubo Com Estupro,Terreno Baldio,1,5,2,2023-04-09 18:04:00,DEAM (Mulher),Luz forense/lanterna,True,False,0.8662
Infanticídio,Estabelecimento Comercial,2,28,2,2023-06-09 01:58:00,DCA (Criança e Adolescente),"Luz forense/lanterna, Macrofotografia, Empoamento",False,True,0.8039
Disparo de Arma de Fogo,Área Rural,1,23,0,2023-01-08 17:11:00,1ª DP,"Empoamento, Macrofotografia, Luz forense/lanterna",True,False,0.5638
Roubo Com Estupro,Área Rural,5,6,1,2023-12-03 06:33:00,DEAM (Mulher),Luz forense/lanterna,False,True,0.8573
Aborto,Via Pública,7,65,0,2023-07-28 05:23:00,DRFC (Furtos),"Empoamento, Luz forense/lanterna",False,False,0.1442
Latrocínio e/ou Tentativa de Latrocínio,Área Rural,11,23,2,2023-07-07 02:23:00,DEAM (Mulher),Empoamento,False,True,0.8335
Furto,Residência,0,23,1,2023-12-30 17:24:00,DHPP (Homicídios),Macrofotografia,True,False,0.3058
Extorsão,Hospital,0,8,0,2023-02-24 08:07:00,DHPP (Homicídios),"Macrofotografia, Empoamento",False,True,0.56
Eletroplessão,Residência,10,65,1,2023-08-01 17:22:00,2ª DP,"Macrofotografia, Luz forense/lanterna, Empoamento",False,False,0.1035
Marca em Animal,Residência,2,20,2,2023-07-02 05:14:00,1ª DP,"Empoamento, Macrofotografia",False,False,0.1135
Abandono de Incapaz,Via Pública,1,53,0,2023-10-17 19:07:00,DRFC (Furtos),"Macrofotografia, Luz forense/lanterna, Empoamento",False,True,0.8352
Furto d'água,Residência,2,9,0,2023-03-12 20:10:00,1ª DP,"Empoamento, Macrofotografia",False,True,0.3366
Desmanche de Veículos,Área Rural,4,9,0,2023-09-17 15:04:00,DCA (Criança e Adolescente),"Macrofotografia, Luz forense/lanterna, Empoamento",True,False,0.2562
Extorsão,Hospital,1,18,0,2023-06-19 23:57:00,1ª DP,"Luz forense/lanterna, Macrofotografia, Empoamento",True,False,0.5666
Tráfico de Entorpecentes,Residência,4,7,4,2023-02-16 03:13:00,DEAM (Mulher),"Luz forense/lanterna, Macrofotografia, Empoamento",True,False,0.2567
Ameaça,Hospital,0,23,2,2023-12-22 15:36:00,DRFC (Furtos),"Empoamento, Luz forense/lanterna, Macrofotografia",True,True,0.4778
Feminicídio,Hospital,2,8,0,2023-02-24 20:35:00,DCA (Criança e Adolescente),Macrofotografia,True,False,0.8332
Roubo Com Estupro,Hospital,3,23,5,2023-09-24 18:30:00,3ª DP,"Luz forense/lanterna, Macrofotografia",False,False,0.7184
Lesão Corporal,DP,5,12,0,2023-12-22 06:01:00,1ª DP,"Empoamento, Luz forense/lanterna",True,False,0.5431
Cadáver Encontrado,Pátio,7,13,2,2023-07-19 05:15:00,DRFC (Furtos),"Luz forense/lanterna, Empoamento, Macrofotografia",True,True,0.4776
Dano,Estabelecimento Comercial,2,7,1,2023-03-13 08:26:00,2ª DP,"Macrofotografia, Luz forense/lanterna, Empoamento",True,False,0.2895
Dano Seguido de Lesão Corporal,Terreno Baldio,3,5,3,2023-11-23 01:29:00,DCA (Criança e Adolescente),Luz forense/lanterna,True,False,0.5253
Cadáver Encontrado,Residência,2,12,3,2023-03-30 02:22:00,2ª DP,"Empoamento, Macrofotografia, Luz forense/lanterna",False,False,0.1997
Extorsão,Terreno Baldio,1,5,3,2023-04-11 01:22:00,3ª DP,"Empoamento, Macrofotografia",True,False,0.5779
Exercício Arbitrário das Próprias Razões,Via Pública,0,51,0,2023-08-23 14:15:00,DRFC (Furtos),"Empoamento, Macrofotografia, Luz forense/lanterna",False,False,0.1338
Ossada Encontrada,Terreno Baldio,4,10,0,2023-12-01 23:47:00,DCA (Criança e Adolescente),"Macrofotografia, Empoamento",False,False,0.1866
Violação de Domicílio,Residência,2,13,2,2023-01-30 21:00:00,2ª DP,"Luz forense/lanterna, Macrofotografia, Empoamento",True,True,0.4204
Lesão Corporal,Residência,3,5,11,2023-08-06 00:38:00,DCA (Criança e Adolescente),"Empoamento, Macrofotografia",True,True,0.7305
Dano Seguido de Lesão Corporal,Hospital,6,7,0,2023-05-19 12:06:00,DHPP (Homicídios),Empoamento,False,True,0.5662
Explosão (sem vítima),Terreno Baldio,0,19,1,2023-12-09 10:43:00,1ª DP,Empoamento,False,False,0.1606
Explosão (sem vítima),Via Pública,0,19,0,2023-04-11 22:36:00,DEAM (Mulher),"Macrofotografia, Empoamento, Luz forense/lanterna",False,False,0.1529
Tentativa de Homicídio,Via Pública,0,26,1,2023-03-05 00:14:00,DCA (Criança e Adolescente),Macrofotografia,True,False,0.8599
Aborto,Área Rural,1,26,5,2023-02-17 05:53:00,DCA (Criança e Adolescente),"Luz forense/lanterna, Empoamento",False,False,0.1435
Marca em Animal,Via Pública,1,5,0,2023-10-16 02:30:00,3ª DP,"Luz forense/lanterna, Empoamento",False,True,0.3022
Adulteração de Placa e/ou Lacre,Residência,2,18,2,2023-04-17 02:58:00,3ª DP,"Luz forense/lanterna, Macrofotografia",False,False,0.1474
Eletroplessão,Terreno Baldio,0,6,6,2023-01-02 08:36:00,DRFC (Furtos),Macrofotografia,True,False,0.2803
Tentativa de Suicídio,Estabelecimento Comercial,6,31,3,2023-12-06 02:56:00,DEAM (Mulher),Macrofotografia,True,False,0.309
Morte Aparentemente Natural,DP,0,35,0,2023-01-27 10:12:00,DEAM (Mulher),Empoamento,False,False,0.101
Suicídio,Pátio,1,13,4,2023-01-21 00:38:00,DRFC (Furtos),"Luz forense/lanterna, Empoamento, Macrofotografia",False,False,0.129
Disparo de Arma de Fogo,Estabelecimento Comercial,1,29,0,2023-01-14 09:24:00,2ª DP,"Macrofotografia, Empoamento, Luz forense/lanterna",True,True,0.7351
Furto d'água,Hospital,6,7,2,2023-07-16 23:35:00,DHPP (Homicídios),Empoamento,False,False,0.1237
Cadáver Encontrado,Terreno Baldio,2,10,2,2023-03-25 22:51:00,DRFC (Furtos),"Empoamento, Macrofotografia, Luz forense/lanterna",False,False,0.1395
Explosão (com vítima),Terreno Baldio,0,28,2,2023-07-05 19:53:00,DCA (Criança e Adolescente),"Luz forense/lanterna, Empoamento, Macrofotografia",False,True,0.5665
Disparo de Arma de Fogo,Via Pública,0,6,0,2023-03-07 20:07:00,DRFC (Furtos),"Empoamento, Luz forense/lanterna, Macrofotografia",False,True,0.5417
Explosão (sem vítima),Residência,0,23,1,2023-12-03 02:49:00,DCA (Criança e Adolescente),"Luz forense/lanterna, Macrofotografia, Empoamento",False,False,0.1324
Maus Tratos de Animal,Terreno Baldio,0,33,6,2023-12-31 14:35:00,DRFC (Furtos),Macrofotografia,True,False,0.2997
Afogamento,Terreno Baldio,3,60,4,2023-02-27 14:45:00,DCA (Criança e Adolescente),Macrofotografia,True,True,0.4353
Dano Seguido de Lesão Corporal,DP,1,8,0,2023-05-10 08:43:00,DRFC (Furtos),"Macrofotografia, Empoamento, Luz forense/lanterna",False,False,0.3774
Afogamento,Terreno Baldio,0,5,0,2023-03-07 15:48:00,DHPP (Homicídios),"Empoamento, Macrofotografia",True,False,0.3361
Lesão Corporal,Residência,1,34,4,2023-04-09 01:38:00,1ª DP,"Macrofotografia, Luz forense/lanterna",True,False,0.5087
Exercício Arbitrário das Próprias Razões,Hospital,1,29,3,2023-10-09 17:21:00,3ª DP,Empoamento,True,False,0.2545
Tentativa de Suicídio,Terreno Baldio,0,6,1,2023-05-13 19:05:00,3ª DP,"Empoamento, Luz forense/lanterna, Macrofotografia",False,False,0.1704
Furto em Interior de Veículo,Pátio,0,6,0,2023-01-12 05:28:00,DCA (Criança e Adolescente),"Empoamento, Macrofotografia, Luz forense/lanterna",False,True,0.334
Incêndio (com vítima),Área Rural,1,43,0,2023-01-23 08:06:00,DEAM (Mulher),"Macrofotografia, Empoamento",True,True,0.747
Latrocínio e/ou Tentativa de Latrocínio,Pátio,11,39,0,2023-09-10 00:27:00,DHPP (Homicídios),Empoamento,True,False,0.8274
Afogamento,DP,2,22,0,2023-09-16 00:09:00,DCA (Criança e Adolescente),"Luz forense/lanterna, Macrofotografia, Empoamento",True,False,0.2726
Morte Aparentemente Natural,DP,0,11,1,2023-09-15 01:09:00,3ª DP,Empoamento,True,False,0.2717
Tentativa de Suicídio,Via Pública,7,11,0,2023-07-03 19:08:00,DEAM (Mulher),Macrofotografia,False,True,0.3073
Violação de Sepultura,DP,4,98,1,2023-07-18 08:35:00,DRFC (Furtos),"Empoamento, Macrofotografia",False,False,0.1995
Veículo Localizado (furtado ou roubado),Estabelecimento Comercial,1,16,0,2023-01-05 06:36:00,3ª DP,"Luz forense/lanterna, Empoamento",False,False,0.1554
Explosão (com vítima),Estabelecimento Comercial,0,5,0,2023-11-12 13:16:00,1ª DP,Luz forense/lanterna,False,True,0.5018
Ameaça,DP,0,34,0,2023-03-28 01:42:00,3ª DP,"Macrofotografia, Luz forense/lanterna",False,True,0.3324
Incêndio (com vítima),Terreno Baldio,1,8,3,2023-10-30 15:53:00,1ª DP,Macrofotografia,True,True,0.7237
Infanticídio,Residência,0,61,1,2023-02-03 01:42:00,DHPP (Homicídios),"Macrofotografia, Empoamento, Luz forense/lanterna",True,True,1.0
Incêndio (com vítima),Via Pública,0,32,3,2023-11-12 00:50:00,DRFC (Furtos),"Macrofotografia, Luz forense/lanterna, Empoamento",True,False,0.5563
Local de Estupro e/ou Veículo Envolvido em Estupro,Residência,0,39,3,2023-09-09 01:43:00,DEAM (Mulher),"Macrofotografia, Luz forense/lanterna, Empoamento",True,False,0.8496
Furto,Hospital,4,15,1,2023-09-23 17:29:00,DHPP (Homicídios),Empoamento,True,False,0.2536
Estelionato,Residência,0,46,0,2023-01-21 12:54:00,DEAM (Mulher),"Luz forense/lanterna, Empoamento, Macrofotografia",True,True,0.416
Explosão (com vítima),Residência,0,5,1,2023-06-28 09:39:00,DCA (Criança e Adolescente),Macrofotografia,False,False,0.3531
Tráfico de Entorpecentes,Estabelecimento Comercial,0,16,3,2023-01-08 23:05:00,1ª DP,"Luz forense/lanterna, Macrofotografia, Empoamento",True,False,0.2806
Marca em Animal,Terreno Baldio,2,17,0,2023-05-03 09:34:00,DRFC (Furtos),"Empoamento, Macrofotografia, Luz forense/lanterna",True,False,0.3057
Furto de Energia Elétrica ou Termodinâmica,Hospital,16,16,1,2023-01-27 17:43:00,DHPP (Homicídios),"Macrofotografia, Luz forense/lanterna",False,True,0.2844
Cadáver Encontrado,Área Rural,1,13,1,2023-12-07 03:22:00,DEAM (Mulher),Luz forense/lanterna,False,True,0.28
Furto Qualificado (arrombamento),Terreno Baldio,1,78,7,2023-11-02 20:28:00,DRFC (Furtos),"Macrofotografia, Empoamento, Luz forense/lanterna",True,True,0.4528
Eletroplessão,Área Rural,0,18,0,2023-09-15 17:40:00,1ª DP,"Macrofotografia, Luz forense/lanterna, Empoamento",False,False,0.1576
Afogamento,Residência,6,5,2,2023-05-16 01:06:00,DHPP (Homicídios),"Macrofotografia, Luz forense/lanterna, Empoamento",False,False,0.1576
Feminicídio,Estabelecimento Comercial,0,7,0,2023-12-24 20:00:00,DRFC (Furtos),"Macrofotografia, Empoamento",True,False,0.8473
Furto d'água,Residência,2,24,0,2023-06-14 00:40:00,3ª DP,"Macrofotografia, Empoamento",True,False,0.3171
Latrocínio e/ou Tentativa de Latrocínio,Pátio,4,8,1,2023-03-11 18:04:00,1ª DP,"Empoamento, Macrofotografia, Luz forense/lanterna",False,False,0.6719
Explosão (com vítima),DP,0,21,2,2023-03-28 03:54:00,3ª DP,"Empoamento, Luz forense/lanterna",False,True,0.5713
Morte Aparentemente Natural,DP,2,25,1,2023-02-13 01:53:00,1ª DP,"Macrofotografia, Empoamento, Luz forense/lanterna",True,True,0.4546
Roubo,Residência,1,11,0,2023-04-11 13:25:00,DHPP (Homicídios),"Luz forense/lanterna, Macrofotografia, Empoamento",False,False,0.4392
Ossada Encontrada,Terreno Baldio,1,26,0,2023-04-11 01:00:00,DCA (Criança e Adolescente),"Luz forense/lanterna, Macrofotografia, Empoamento",False,False,0.1825
Explosão (sem vítima),Pátio,0,11,1,2023-11-30 19:31:00,1ª DP,Empoamento,True,False,0.2987
Desmanche de Veículos,Terreno Baldio,2,6,2,2023-03-20 09:00:00,1ª DP,Macrofotografia,False,True,0.275
Furto d'água,Via Pública,0,53,4,2023-06-25 08:58:00,DEAM (Mulher),"Luz forense/lanterna, Empoamento, Macrofotografia",False,True,0.2592
Exercício Arbitrário das Próprias Razões,Residência,1,8,11,2023-06-11 15:58:00,2ª DP,Empoamento,True,True,0.4698
Tráfico de Entorpecentes,Via Pública,1,12,2,2023-08-08 23:49:00,DEAM (Mulher),"Macrofotografia, Empoamento",True,True,0.4984
Abandono de Incapaz,Estabelecimento Comercial,4,28,1,2023-03-26 23:16:00,3ª DP,"Empoamento, Macrofotografia, Luz forense/lanterna",False,False,0.707
Incêndio (sem vítima),Residência,2,8,2,2023-04-01 19:00:00,2ª DP,"Macrofotografia, Empoamento, Luz forense/lanterna",False,True,0.2805
Explosão (com vítima),Via Pública,2,12,0,2023-03-23 06:26:00,DHPP (Homicídios),"Empoamento, Luz forense/lanterna",False,False,0.3715
Lesão Corporal,Pátio,6,11,0,2023-02-19 16:22:00,3ª DP,Empoamento,True,True,0.7019
Afogamento,Residência,2,43,1,2023-02-13 07:24:00,DEAM (Mulher),Empoamento,True,False,0.3202
Feminicídio,DP,0,6,4,2023-09-17 04:12:00,DCA (Criança e Adolescente),"Macrofotografia, Empoamento",True,False,0.8876
Maus Tratos de Animal,Via Pública,0,8,0,2023-05-22 08:06:00,DCA (Criança e Adolescente),"Empoamento, Luz forense/lanterna, Macrofotografia",True,True,0.4813
Roubo,Estabelecimento Comercial,2,12,2,2023-11-08 07:31:00,2ª DP,"Macrofotografia, Empoamento",True,False,0.5072
Feto Encontrado,Residência,0,36,0,2023-04-28 12:43:00,1ª DP,"Macrofotografia, Luz forense/lanterna, Empoamento",True,False,0.8692
Incêndio (com vítima),Área Rural,2,8,6,2023-08-27 23:56:00,DCA (Criança e Adolescente),"Macrofotografia, Luz forense/lanterna",True,True,0.6773
Feminicídio,Área Rural,1,31,0,2023-04-16 11:20:00,DCA (Criança e Adolescente),"Empoamento, Macrofotografia, Luz forense/lanterna",True,True,1.0
Estelionato,Via Pública,0,33,2,2023-03-11 12:50:00,DEAM (Mulher),Luz forense/lanterna,True,False,0.3014
Tráfico de Entorpecentes,Terreno Baldio,2,16,2,2023-10-01 12:37:00,DCA (Criança e Adolescente),"Empoamento, Macrofotografia, Luz forense/lanterna",True,False,0.3182
Morte Aparentemente Natural,DP,1,64,0,2023-01-31 05:55:00,3ª DP,"Empoamento, Macrofotografia, Luz forense/lanterna",True,False,0.2672
Roubo Com Estupro,Residência,2,23,0,2023-08-24 23:17:00,DCA (Criança e Adolescente),Luz forense/lanterna,True,False,0.8339
Tentativa de Suicídio,Via Pública,3,22,1,2023-02-14 20:06:00,DEAM (Mulher),"Empoamento, Luz forense/lanterna",False,False,0.1397
Extorsão,Residência,4,19,0,2023-07-16 07:23:00,DEAM (Mulher),"Macrofotografia, Empoamento",False,False,0.3564
Dano Seguido de Lesão Corporal,Residência,0,5,1,2023-02-24 12:21:00,2ª DP,"Empoamento, Macrofotografia, Luz forense/lanterna",True,False,0.5748
Furto,Terreno Baldio,0,56,0,2023-03-14 13:14:00,3ª DP,"Macrofotografia, Empoamento",True,False,0.2592
Roubo,Área Rural,6,7,0,2023-10-07 08:02:00,3ª DP,"Empoamento, Luz forense/lanterna, Macrofotografia",False,True,0.5965
Feminicídio,Terreno Baldio,1,8,7,2023-01-01 15:39:00,1ª DP,Empoamento,True,False,0.8361
Incêndio (com vítima),Terreno Baldio,2,15,2,2023-01-14 15:49:00,2ª DP,Luz forense/lanterna,False,False,0.3525
Furto Qualificado (arrombamento),Hospital,1,6,0,2023-06-05 22:08:00,DRFC (Furtos),"Macrofotografia, Empoamento, Luz forense/lanterna",True,False,0.2871
Aborto,Pátio,1,10,4,2023-12-20 21:59:00,DCA (Criança e Adolescente),"Macrofotografia, Empoamento, Luz forense/lanterna",True,False,0.3145
Incêndio (com vítima),DP,0,52,0,2023-12-16 06:10:00,DEAM (Mulher),"Macrofotografia, Empoamento, Luz forense/lanterna",False,False,0.3964
Maus Tratos de Animal,Residência,0,51,0,2023-08-31 04:23:00,DEAM (Mulher),"Empoamento, Luz forense/lanterna",False,True,0.3492
Latrocínio e/ou Tentativa de Latrocínio,Via Pública,7,13,0,2023-08-18 05:32:00,3ª DP,Empoamento,False,True,0.8897
Dano,Estabelecimento Comercial,0,17,3,2023-09-21 12:56:00,DHPP (Homicídios),"Macrofotografia, Luz forense/lanterna, Empoamento",False,True,0.2503
Incêndio (com vítima),Hospital,6,14,0,2023-04-16 22:15:00,1ª DP,"Empoamento, Macrofotografia, Luz forense/lanterna",False,False,0.3824
Exercício Arbitrário das Próprias Razões,Hospital,4,72,4,2023-05-27 19:23:00,1ª DP,Empoamento,False,False,0.1136
Furto d'água,Área Rural,5,31,1,2023-05-26 14:32:00,DEAM (Mulher),Luz forense/lanterna,True,False,0.2695
Furto d'água,Pátio,2,18,0,2023-06-12 20:44:00,DHPP (Homicídios),Luz forense/lanterna,False,False,0.1211
Desmanche de Veículos,Área Rural,0,15,0,2023-11-03 06:43:00,3ª DP,"Empoamento, Macrofotografia, Luz forense/lanterna",False,False,0.1582
Ossada Encontrada,Estabelecimento Comercial,2,13,1,2023-03-12 07:57:00,DCA (Criança e Adolescente),"Macrofotografia, Empoamento, Luz forense/lanterna",True,False,0.3329
Extorsão,Via Pública,0,7,0,2023-04-09 18:55:00,DHPP (Homicídios),Empoamento,True,False,0.5713
Explosão (com vítima),Estabelecimento Comercial,1,66,2,2023-12-20 20:49:00,1ª DP,Macrofotografia,True,True,0.7297
Violação de Sepultura,Estabelecimento Comercial,0,90,2,2023-08-14 16:17:00,DCA (Criança e Adolescente),"Empoamento, Macrofotografia, Luz forense/lanterna",True,False,0.2945
Exercício Arbitrário das Próprias Razões,Estabelecimento Comercial,0,20,0,2023-04-03 03:58:00,DEAM (Mulher),"Macrofotografia, Empoamento",True,False,0.3251
Incêndio (com vítima),DP,0,39,3,2023-09-22 10:06:00,1ª DP,"Luz forense/lanterna, Macrofotografia",False,True,0.5245
Explosão (sem vítima),Área Rural,6,15,0,2023-10-27 09:43:00,1ª DP,Macrofotografia,True,False,0.2714
Afogamento,DP,3,52,1,2023-07-21 16:09:00,DHPP (Homicídios),"Empoamento, Luz forense/lanterna",False,False,0.1337
Tráfico de Entorpecentes,Estabelecimento Comercial,0,15,0,2023-05-31 05:18:00,1ª DP,"Empoamento, Macrofotografia, Luz forense/lanterna",True,True,0.4514
Morte Aparentemente Natural,Hospital,1,20,1,2023-09-02 13:48:00,3ª DP,Macrofotografia,False,False,0.1331
Violação de Sepultura,Terreno Baldio,1,53,0,2023-01-20 01:21:00,DCA (Criança e Adolescente),Luz forense/lanterna,True,False,0.3279
Local de Estupro e/ou Veículo Envolvido em Estupro,Terreno Baldio,2,19,0,2023-03-31 18:43:00,DRFC (Furtos),"Luz forense/lanterna, Empoamento",False,False,0.7482
Roubo,Hospital,1,16,0,2023-03-08 05:07:00,3ª DP,"Macrofotografia, Empoamento",True,False,0.5752
Afogamento,Residência,0,17,1,2023-11-16 06:29:00,DCA (Criança e Adolescente),"Macrofotografia, Empoamento, Luz forense/lanterna",False,False,0.107
Receptação,Estabelecimento Comercial,0,62,0,2023-08-17 22:23:00,DCA (Criança e Adolescente),Luz forense/lanterna,True,False,0.2933
Furto d'água,DP,0,19,0,2023-10-28 08:19:00,DCA (Criança e Adolescente),"Luz forense/lanterna, Empoamento, Macrofotografia",False,False,0.166
Estelionato,Hospital,1,29,3,2023-07-23 13:11:00,DHPP (Homicídios),Empoamento,False,False,0.1643
Ameaça,Residência,0,44,1,2023-04-17 05:40:00,DEAM (Mulher),"Luz forense/lanterna, Empoamento, Macrofotografia",True,False,0.2702
Violação de Domicílio,Via Pública,5,18,0,2023-05-19 20:25:00,DCA (Criança e Adolescente),"Empoamento, Macrofotografia",True,True,0.4015
Exercício Arbitrário das Próprias Razões,Residência,3,24,1,2023-03-06 17:19:00,DEAM (Mulher),Empoamento,True,False,0.3385
Receptação,Pátio,2,30,1,2023-03-22 07:24:00,2ª DP,Empoamento,False,False,0.1873
Roubo,Pátio,1,19,0,2023-10-24 18:14:00,DRFC (Furtos),"Empoamento, Macrofotografia, Luz forense/lanterna",False,False,0.4467
Incêndio (com vítima),Hospital,0,30,1,2023-11-29 07:20:00,DRFC (Furtos),"Luz forense/lanterna, Macrofotografia",False,False,0.4311
Violação de Domicílio,Via Pública,4,8,0,2023-10-24 12:33:00,DCA (Criança e Adolescente),"Luz forense/lanterna, Macrofotografia, Empoamento",False,True,0.3357
Furto d'água,Terreno Baldio,1,43,1,2023-02-22 12:54:00,DHPP (Homicídios),Luz forense/lanterna,False,False,0.1337
Furto d'água,Terreno Baldio,1,11,2,2023-05-26 09:10:00,DRFC (Furtos),"Luz forense/lanterna, Macrofotografia",False,False,0.1138
Explosão (sem vítima),Área Rural,5,5,0,2023-05-23 06:08:00,DHPP (Homicídios),"Luz forense/lanterna, Macrofotografia, Empoamento",True,False,0.2793
Explosão (com vítima),Hospital,3,82,0,2023-05-02 19:05:00,3ª DP,"Empoamento, Luz forense/lanterna",True,False,0.5195
Adulteração de Placa e/ou Lacre,Residência,0,8,2,2023-07-14 20:35:00,3ª DP,"Luz forense/lanterna, Macrofotografia, Empoamento",True,True,0.41
Pichação,Hospital,0,8,0,2023-04-07 05:01:00,DCA (Criança e Adolescente),"Macrofotografia, Luz forense/lanterna",True,True,0.4076
Aborto,Estabelecimento Comercial,1,32,4,2023-06-16 09:19:00,DRFC (Furtos),"Empoamento, Macrofotografia",True,False,0.301
Ameaça,Hospital,0,28,0,2023-12-05 03:56:00,2ª DP,Macrofotografia,True,False,0.2572
Infanticídio,Estabelecimento Comercial,0,5,0,2023-08-29 01:47:00,DRFC (Furtos),"Macrofotografia, Luz forense/lanterna",True,False,0.8571
Furto em Interior de Veículo,Via Pública,2,45,2,2023-08-23 17:02:00,3ª DP,"Empoamento, Luz forense/lanterna, Macrofotografia",True,False,0.2633
Violação de Domicílio,Residência,1,31,1,2023-10-11 03:40:00,DHPP (Homicídios),Macrofotografia,True,False,0.3115
Infanticídio,Estabelecimento Comercial,1,52,2,2023-09-13 13:23:00,DHPP (Homicídios),"Luz forense/lanterna, Macrofotografia",False,True,0.8118
Violação de Sepultura,Pátio,4,24,1,2023-10-25 21:43:00,DCA (Criança e Adolescente),"Empoamento, Macrofotografia, Luz forense/lanterna",False,False,0.1734
Cadáver Encontrado,Via Pública,9,20,0,2023-10-15 11:38:00,1ª DP,Empoamento,True,False,0.3423
Incêndio (sem vítima),Pátio,0,9,0,2023-06-03 21:41:00,3ª DP,"Macrofotografia, Luz forense/lanterna",False,True,0.2789
Furto,DP,5,36,1,2023-06-13 02:46:00,DCA (Criança e Adolescente),"Luz forense/lanterna, Macrofotografia, Empoamento",False,False,0.1676
Furto em Interior de Veículo,Área Rural,2,37,0,2023-01-25 02:35:00,DHPP (Homicídios),"Luz forense/lanterna, Empoamento, Macrofotografia",True,True,0.4914
Extorsão,Residência,0,22,2,2023-02-11 19:01:00,DRFC (Furtos),"Empoamento, Luz forense/lanterna",True,False,0.539
Tráfico de Entorpecentes,Residência,4,41,1,2023-08-14 07:48:00,DCA (Criança e Adolescente),"Macrofotografia, Luz forense/lanterna, Empoamento",False,False,0.1022
Explosão (sem vítima),Via Pública,0,39,0,2023-03-14 02:44:00,1ª DP,"Empoamento, Macrofotografia",True,False,0.2848
Furto em Interior de Veículo,Hospital,2,18,2,2023-04-17 12:02:00,2ª DP,Luz forense/lanterna,False,True,0.3255
Afogamento,DP,0,22,3,2023-12-20 00:58:00,3ª DP,"Macrofotografia, Luz forense/lanterna",False,False,0.1602
Violação de Domicílio,Pátio,4,18,3,2023-10-18 22:38:00,2ª DP,"Empoamento, Luz forense/lanterna",True,False,0.3213
Lesão Corporal,Residência,1,12,1,2023-07-06 18:44:00,DEAM (Mulher),"Luz forense/lanterna, Macrofotografia, Empoamento",True,False,0.5633
Abandono de Incapaz,Via Pública,5,10,5,2023-01-06 07:41:00,1ª DP,"Macrofotografia, Luz forense/lanterna, Empoamento",False,True,0.8089
Disparo de Arma de Fogo,Hospital,0,30,1,2023-12-09 20:14:00,DCA (Criança e Adolescente),"Macrofotografia, Empoamento",False,True,0.5825
Cadáver Encontrado,Residência,6,19,4,2023-06-27 19:53:00,DEAM (Mulher),Empoamento,False,False,0.1705
Feto Encontrado,Via Pública,2,7,2,2023-07-03 19:19:00,DCA (Criança e Adolescente),Macrofotografia,False,False,0.7499
Homicídio,Área Rural,21,36,1,2023-07-02 03:15:00,DEAM (Mulher),Empoamento,False,False,0.7453
Incêndio (com vítima),Pátio,4,7,2,2023-04-13 01:26:00,DEAM (Mulher),"Luz forense/lanterna, Empoamento, Macrofotografia",False,False,0.3529
Abandono de Incapaz,Via Pública,3,13,0,2023-04-22 02:55:00,DEAM (Mulher),Macrofotografia,True,False,0.881
Homicídio,Estabelecimento Comercial,2,5,0,2023-03-01 01:23:00,DHPP (Homicídios),Luz forense/lanterna,True,True,0.9613
Furto em Interior de Veículo,Terreno Baldio,2,31,4,2023-12-23 22:23:00,1ª DP,"Empoamento, Luz forense/lanterna",True,True,0.482
Furto Qualificado (arrombamento),Residência,5,15,0,2023-08-15 18:22:00,DEAM (Mulher),"Empoamento, Macrofotografia, Luz forense/lanterna",False,False,0.1498
Latrocínio e/ou Tentativa de Latrocínio,Residência,7,7,2,2023-05-13 09:17:00,DRFC (Furtos),"Macrofotografia, Empoamento, Luz forense/lanterna",True,True,1.0
Maus Tratos de Animal,Hospital,1,23,1,2023-05-16 14:07:00,1ª DP,Empoamento,False,False,0.1281
Incêndio (sem vítima),Estabelecimento Comercial,1,12,2,2023-02-20 06:29:00,3ª DP,"Empoamento, Macrofotografia, Luz forense/lanterna",False,False,0.111
Adulteração de Placa e/ou Lacre,Área Rural,1,11,0,2023-04-24 21:06:00,DEAM (Mulher),"Empoamento, Luz forense/lanterna",True,False,0.3125
Disparo de Arma de Fogo,Residência,8,7,9,2023-08-25 07:20:00,DHPP (Homicídios),"Luz forense/lanterna, Empoamento",False,True,0.5756
Morte Aparentemente Natural,Estabelecimento Comercial,2,50,1,2023-07-28 17:55:00,DEAM (Mulher),"Empoamento, Luz forense/lanterna, Macrofotografia",True,False,0.2598
Morte Aparentemente Natural,Terreno Baldio,3,13,0,2023-11-14 17:40:00,2ª DP,"Empoamento, Macrofotografia",True,False,0.2869
Marca em Animal,DP,2,26,0,2023-07-17 20:01:00,DEAM (Mulher),Empoamento,True,False,0.2663
Roubo Com Estupro,Residência,13,11,0,2023-11-18 22:31:00,1ª DP,Macrofotografia,True,False,0.8953
Infanticídio,Estabelecimento Comercial,5,23,3,2023-01-12 20:18:00,1ª DP,"Empoamento, Luz forense/lanterna, Macrofotografia",False,False,0.7484
Extorsão,Via Pública,1,50,0,2023-03-12 21:21:00,1ª DP,"Macrofotografia, Luz forense/lanterna",True,False,0.5556
Exercício Arbitrário das Próprias Razões,DP,5,14,1,2023-04-08 16:49:00,DCA (Criança e Adolescente),Luz forense/lanterna,True,False,0.3077
Furto d'água,Via Pública,0,5,2,2023-02-23 11:47:00,1ª DP,Luz forense/lanterna,False,False,0.1605
Cadáver Encontrado,DP,1,23,2,2023-09-21 19:36:00,2ª DP,Macrofotografia,True,False,0.3186
Veículo Localizado (furtado ou roubado),Residência,1,7,2,2023-12-04 21:42:00,DHPP (Homicídios),"Macrofotografia, Empoamento",True,False,0.2958
Eletroplessão,DP,0,14,5,2023-04-14 05:35:00,DCA (Criança e Adolescente),"Empoamento, Luz forense/lanterna",True,False,0.2967
Incêndio (sem vítima),Área Rural,8,8,5,2023-02-19 15:56:00,DEAM (Mulher),"Macrofotografia, Empoamento, Luz forense/lanterna",True,False,0.2532
Feto Encontrado,DP,0,18,0,2023-04-28 02:54:00,DHPP (Homicídios),"Macrofotografia, Empoamento, Luz forense/lanterna",False,False,0.6728
Extorsão,DP,2,48,3,2023-09-12 15:31:00,2ª DP,"Empoamento, Luz forense/lanterna",True,True,0.6953
Dano Seguido de Lesão Corporal,Pátio,1,22,3,2023-06-28 14:37:00,2ª DP,"Empoamento, Macrofotografia, Luz forense/lanterna",True,False,0.5858
Furto em Interior de Veículo,Pátio,1,32,3,2023-03-15 01:56:00,1ª DP,"Empoamento, Macrofotografia, Luz forense/lanterna",True,False,0.3228
Dano,Estabelecimento Comercial,1,6,0,2023-10-19 10:44:00,DEAM (Mulher),"Macrofotografia, Luz forense/lanterna, Empoamento",True,False,0.2988
Pichação,Terreno Baldio,0,15,3,2023-08-25 02:49:00,1ª DP,"Luz forense/lanterna, Empoamento, Macrofotografia",True,False,0.2958
Roubo,Estabelecimento Comercial,0,52,0,2023-08-03 08:57:00,DRFC (Furtos),Luz forense/lanterna,False,True,0.5486
Feminicídio,Hospital,1,22,0,2023-06-23 06:26:00,1ª DP,"Macrofotografia, Empoamento",True,False,0.856
Pichação,Via Pública,0,54,1,2023-07-06 13:50:00,DEAM (Mulher),"Empoamento, Luz forense/lanterna",True,False,0.2859
Explosão (com vítima),Pátio,5,20,9,2023-03-12 06:12:00,DHPP (Homicídios),Macrofotografia,True,True,0.6814
Maus Tratos de Animal,Pátio,2,14,1,2023-02-27 18:30:00,DEAM (Mulher),"Empoamento, Macrofotografia, Luz forense/lanterna",True,True,0.4086
Ossada Encontrada,Pátio,9,23,4,2023-05-13 16:57:00,DRFC (Furtos),"Empoamento, Luz forense/lanterna",False,False,0.1004
Dano,DP,1,7,0,2023-06-11 15:22:00,DHPP (Homicídios),"Empoamento, Macrofotografia",False,False,0.1995
Exercício Arbitrário das Próprias Razões,Residência,1,28,1,2023-09-23 18:27:00,2ª DP,Macrofotografia,True,False,0.3437
Feto Encontrado,DP,3,22,2,2023-05-26 14:11:00,2ª DP,Luz forense/lanterna,True,False,0.8561
Furto de Energia Elétrica ou Termodinâmica,DP,7,21,0,2023-01-04 03:09:00,1ª DP,"Empoamento, Luz forense/lanterna",True,True,0.4243
Morte Aparentemente Natural,DP,0,12,0,2023-08-19 20:10:00,2ª DP,"Empoamento, Macrofotografia",False,False,0.1386
Violação de Sepultura,Pátio,4,7,1,2023-09-18 11:02:00,DCA (Criança e Adolescente),"Empoamento, Luz forense/lanterna, Macrofotografia",True,False,0.2596
Marca em Animal,Residência,6,16,6,2023-08-21 03:11:00,3ª DP,Macrofotografia,False,True,0.2618
Arremesso de Projétil,Hospital,4,6,0,2023-06-05 12:00:00,DHPP (Homicídios),"Empoamento, Macrofotografia",False,False,0.1614
Aborto,Via Pública,3,54,6,2023-06-23 05:18:00,DCA (Criança e Adolescente),"Luz forense/lanterna, Empoamento",True,True,0.4376
Disparo de Arma de Fogo,Hospital,4,64,1,2023-12-16 08:07:00,DHPP (Homicídios),"Macrofotografia, Luz forense/lanterna, Empoamento",True,False,0.5876
Dano,DP,1,12,1,2023-08-09 22:51:00,DRFC (Furtos),"Macrofotografia, Luz forense/lanterna",False,True,0.337
Feminicídio,Via Pública,3,58,1,2023-03-03 17:09:00,DHPP (Homicídios),Empoamento,False,False,0.6702
Violação de Domicílio,Pátio,12,5,3,2023-11-01 23:41:00,DCA (Criança e Adolescente),"Macrofotografia, Empoamento, Luz forense/lanterna",True,False,0.3345
Suicídio,Residência,0,71,1,2023-04-01 14:11:00,DHPP (Homicídios),"Macrofotografia, Empoamento",False,False,0.1048
Disparo de Arma de Fogo,Residência,2,26,2,2023-03-15 22:12:00,2ª DP,"Luz forense/lanterna, Macrofotografia, Empoamento",True,True,0.7321
Feto Encontrado,Terreno Baldio,1,14,0,2023-02-05 15:26:00,DRFC (Furtos),Empoamento,True,True,0.9808
Tentativa de Homicídio,Estabelecimento Comercial,3,66,6,2023-12-26 08:25:00,DEAM (Mulher),Luz forense/lanterna,False,False,0.7292
Veículo Localizado (furtado ou roubado),Via Pública,1,84,2,2023-06-19 12:00:00,3ª DP,"Macrofotografia, Empoamento",True,True,0.417
Furto de Energia Elétrica ou Termodinâmica,Estabelecimento Comercial,0,68,2,2023-02-15 21:13:00,1ª DP,"Empoamento, Macrofotografia, Luz forense/lanterna",True,False,0.3378
Tráfico de Entorpecentes,DP,1,25,2,2023-04-18 05:33:00,3ª DP,"Luz forense/lanterna, Macrofotografia, Empoamento",False,False,0.1145
Infanticídio,Pátio,0,14,2,2023-10-30 10:46:00,2ª DP,Empoamento,True,False,0.8301
Tráfico de Entorpecentes,Área Rural,0,9,5,2023-11-09 12:16:00,1ª DP,"Macrofotografia, Luz forense/lanterna, Empoamento",True,False,0.2897
Furto Qualificado (arrombamento),DP,6,24,2,2023-08-11 13:22:00,DRFC (Furtos),"Luz forense/lanterna, Macrofotografia, Empoamento",True,False,0.2606
Tráfico de Entorpecentes,Pátio,2,14,1,2023-04-15 19:56:00,3ª DP,"Macrofotografia, Luz forense/lanterna",True,False,0.2918
Local de Estupro e/ou Veículo Envolvido em Estupro,Pátio,5,9,0,2023-10-06 15:47:00,DCA (Criança e Adolescente),"Luz forense/lanterna, Macrofotografia",True,False,0.8218
Adulteração de Placa e/ou Lacre,Hospital,1,10,2,2023-06-11 00:22:00,DCA (Criança e Adolescente),"Empoamento, Luz forense/lanterna, Macrofotografia",False,True,0.2617
Cadáver Encontrado,Área Rural,1,6,1,2023-06-14 20:19:00,DRFC (Furtos),Luz forense/lanterna,True,True,0.4803
Furto,Via Pública,10,9,1,2023-05-23 17:23:00,2ª DP,Luz forense/lanterna,False,False,0.1049
Roubo Com Estupro,Estabelecimento Comercial,2,33,0,2023-10-29 09:43:00,3ª DP,"Macrofotografia, Luz forense/lanterna, Empoamento",True,False,0.877
Adulteração de Placa e/ou Lacre,Hospital,0,34,0,2023-06-05 23:34:00,3ª DP,Luz forense/lanterna,True,True,0.4141
Incêndio (sem vítima),Área Rural,4,17,0,2023-01-19 02:04:00,3ª DP,"Luz forense/lanterna, Macrofotografia",False,False,0.1179
Disparo de Arma de Fogo,Via Pública,2,11,1,2023-08-22 06:52:00,3ª DP,"Empoamento, Luz forense/lanterna",True,False,0.5841
Desmanche de Veículos,Hospital,0,20,1,2023-01-13 00:14:00,3ª DP,"Empoamento, Luz forense/lanterna",True,False,0.3061
Feminicídio,Via Pública,1,27,0,2023-06-22 16:09:00,DHPP (Homicídios),"Macrofotografia, Luz forense/lanterna, Empoamento",False,True,0.8653
Explosão (com vítima),Hospital,0,33,1,2023-05-17 01:03:00,DEAM (Mulher),"Macrofotografia, Empoamento",True,False,0.5501
Explosão (com vítima),Residência,1,49,0,2023-04-04 03:40:00,DHPP (Homicídios),"Luz forense/lanterna, Macrofotografia",True,False,0.504
Furto em Interior de Veículo,Área Rural,2,21,0,2023-11-13 13:14:00,DEAM (Mulher),"Empoamento, Luz forense/lanterna",True,False,0.2971
Maus Tratos de Animal,DP,1,22,1,2023-03-15 03:31:00,DCA (Criança e Adolescente),Macrofotografia,True,False,0.3473
Veículo Localizado (furtado ou roubado),Pátio,1,7,3,2023-06-16 19:57:00,1ª DP,Empoamento,False,False,0.1193
Feto Encontrado,Estabelecimento Comercial,1,43,0,2023-04-29 00:59:00,DEAM (Mulher),Empoamento,False,True,0.8041
Furto Qualificado (arrombamento),Residência,6,10,1,2023-05-23 12:38:00,DHPP (Homicídios),"Luz forense/lanterna, Macrofotografia",False,False,0.1805
Veículo Localizado (furtado ou roubado),Terreno Baldio,7,17,0,2023-05-18 00:12:00,1ª DP,"Luz forense/lanterna, Empoamento",True,True,0.4279
Feminicídio,Estabelecimento Comercial,1,25,2,2023-06-20 11:47:00,DRFC (Furtos),"Luz forense/lanterna, Empoamento, Macrofotografia",True,True,1.0
Feminicídio,Hospital,3,12,0,2023-09-13 05:51:00,1ª DP,"Macrofotografia, Empoamento, Luz forense/lanterna",False,False,0.7152
Homicídio,Área Rural,10,6,4,2023-12-28 06:02:00,DCA (Criança e Adolescente),"Empoamento, Macrofotografia",True,False,0.8519
Infanticídio,Residência,2,19,1,2023-06-26 06:15:00,2ª DP,"Empoamento, Macrofotografia",False,False,0.7477
Violação de Domicílio,Área Rural,3,33,3,2023-06-28 01:32:00,DRFC (Furtos),"Luz forense/lanterna, Empoamento",False,True,0.3431
Aborto,DP,2,36,5,2023-10-22 14:32:00,DRFC (Furtos),Empoamento,False,True,0.3435
Feminicídio,DP,2,31,2,2023-06-01 08:07:00,DHPP (Homicídios),Empoamento,True,True,0.9638
Violação de Domicílio,Pátio,0,34,1,2023-11-05 19:56:00,DCA (Criança e Adolescente),"Luz forense/lanterna, Macrofotografia, Empoamento",True,False,0.2689
Extorsão,Estabelecimento Comercial,3,42,3,2023-09-05 22:02:00,DEAM (Mulher),"Macrofotografia, Empoamento",False,False,0.3767
Dano Seguido de Lesão Corporal,DP,15,26,2,2023-05-17 03:16:00,2ª DP,"Macrofotografia, Luz forense/lanterna, Empoamento",True,True,0.6569
Tentativa de Homicídio,Via Pública,1,16,6,2023-08-29 19:03:00,DRFC (Furtos),"Luz forense/lanterna, Macrofotografia",False,False,0.6997
Tentativa de Suicídio,Via Pública,2,12,4,2023-12-09 13:30:00,1ª DP,"Macrofotografia, Luz forense/lanterna",False,False,0.1132
Tentativa de Suicídio,Estabelecimento Comercial,0,6,1,2023-12-17 02:46:00,DCA (Criança e Adolescente),Empoamento,True,False,0.3056
Furto d'água,Terreno Baldio,2,27,0,2023-04-03 14:54:00,DHPP (Homicídios),"Macrofotografia, Luz forense/lanterna",True,False,0.3444
Extorsão,Via Pública,13,15,0,2023-08-09 02:38:00,1ª DP,"Macrofotografia, Luz forense/lanterna",True,False,0.5651
Infanticídio,Via Pública,0,20,0,2023-01-07 12:07:00,DEAM (Mulher),"Luz forense/lanterna, Macrofotografia, Empoamento",True,False,0.8008
Adulteração de Placa e/ou Lacre,Residência,1,53,0,2023-05-10 13:10:00,DCA (Criança e Adolescente),"Luz forense/lanterna, Macrofotografia",True,False,0.3344
Homicídio,Residência,0,13,0,2023-10-06 23:29:00,DCA (Criança e Adolescente),"Macrofotografia, Luz forense/lanterna",True,False,0.8702
Pichação,Via Pública,10,81,0,2023-12-04 19:57:00,DEAM (Mulher),Macrofotografia,False,False,0.163
Homicídio,Pátio,9,14,6,2023-09-21 19:56:00,2ª DP,Empoamento,False,True,0.8351
Morte Aparentemente Natural,Pátio,1,61,5,2023-02-21 09:08:00,DCA (Criança e Adolescente),"Empoamento, Luz forense/lanterna, Macrofotografia",True,False,0.2674
Ossada Encontrada,DP,1,9,0,2023-08-30 10:13:00,1ª DP,"Luz forense/lanterna, Macrofotografia, Empoamento",False,False,0.1227
Pichação,Estabelecimento Comercial,1,22,0,2023-09-15 14:27:00,DCA (Criança e Adolescente),Luz forense/lanterna,True,False,0.3072
Feminicídio,Terreno Baldio,1,21,6,2023-07-10 22:51:00,DEAM (Mulher),"Macrofotografia, Luz forense/lanterna",True,True,1.0
Roubo Com Estupro,Estabelecimento Comercial,0,5,3,2023-10-02 18:35:00,3ª DP,"Luz forense/lanterna, Empoamento",True,True,1.0
Furto Qualificado (arrombamento),Hospital,6,7,0,2023-07-17 05:39:00,DEAM (Mulher),"Luz forense/lanterna, Empoamento",True,False,0.2658
Incêndio (sem vítima),Hospital,0,9,0,2023-08-22 08:46:00,2ª DP,"Luz forense/lanterna, Macrofotografia, Empoamento",False,True,0.3447
Afogamento,Hospital,2,6,2,2023-10-29 12:45:00,DRFC (Furtos),"Empoamento, Luz forense/lanterna, Macrofotografia",True,False,0.3369
Feminicídio,Residência,5,14,0,2023-11-28 01:46:00,2ª DP,"Empoamento, Luz forense/lanterna, Macrofotografia",True,True,0.9926
Infanticídio,Estabelecimento Comercial,0,120,1,2023-01-12 22:52:00,DEAM (Mulher),Luz forense/lanterna,False,False,0.7118
Cadáver Encontrado,Hospital,1,31,4,2023-12-10 19:30:00,2ª DP,"Empoamento, Luz forense/lanterna, Macrofotografia",False,True,0.3116
Dano,Área Rural,1,7,2,2023-08-01 16:22:00,DCA (Criança e Adolescente),"Luz forense/lanterna, Empoamento",True,False,0.2542
Dano Seguido de Lesão Corporal,Estabelecimento Comercial,7,9,0,2023-06-06 09:13:00,DRFC (Furtos),"Macrofotografia, Empoamento",True,True,0.6921
Suicídio,Residência,9,30,2,2023-12-06 10:12:00,DHPP (Homicídios),"Empoamento, Luz forense/lanterna, Macrofotografia",True,False,0.2524
Roubo,Terreno Baldio,0,5,1,2023-10-14 08:24:00,2ª DP,Macrofotografia,True,True,0.6988
Arremesso de Projétil,Residência,0,5,2,2023-04-29 18:32:00,DEAM (Mulher),"Macrofotografia, Luz forense/lanterna, Empoamento",False,False,0.1295
Extorsão,Hospital,1,38,0,2023-06-14 10:46:00,DRFC (Furtos),Empoamento,True,False,0.5868
Latrocínio e/ou Tentativa de Latrocínio,Área Rural,2,21,0,2023-12-25 07:49:00,DCA (Criança e Adolescente),Luz forense/lanterna,False,False,0.698
Disparo de Arma de Fogo,Via Pública,3,14,0,2023-04-26 22:14:00,2ª DP,"Macrofotografia, Luz forense/lanterna",True,False,0.5178
Tráfico de Entorpecentes,Estabelecimento Comercial,2,34,0,2023-08-16 10:39:00,DEAM (Mulher),"Macrofotografia, Empoamento, Luz forense/lanterna",False,False,0.1976
Marca em Animal,Área Rural,0,12,0,2023-07-07 05:52:00,DRFC (Furtos),Luz forense/lanterna,False,True,0.3035
Feminicídio,Estabelecimento Comercial,2,23,6,2023-03-17 04:23:00,3ª DP,Macrofotografia,False,True,0.8865
Roubo,Pátio,2,18,0,2023-11-03 04:28:00,1ª DP,"Macrofotografia, Empoamento, Luz forense/lanterna",False,False,0.4479
Tentativa de Suicídio,Hospital,2,34,4,2023-08-10 18:34:00,DRFC (Furtos),"Empoamento, Luz forense/lanterna",True,False,0.2956
Lesão Corporal,Hospital,4,8,0,2023-04-01 02:35:00,DRFC (Furtos),"Luz forense/lanterna, Empoamento",True,False,0.5438
Extorsão,Residência,0,31,0,2023-11-12 17:52:00,3ª DP,Macrofotografia,True,False,0.5187
Tentativa de Homicídio,DP,6,18,3,2023-05-27 23:28:00,DHPP (Homicídios),"Luz forense/lanterna, Macrofotografia, Empoamento",True,False,0.8144
Roubo,Estabelecimento Comercial,11,41,1,2023-11-06 01:34:00,2ª DP,"Empoamento, Macrofotografia",False,True,0.5267
Lesão Corporal,Estabelecimento Comercial,2,9,0,2023-12-07 20:23:00,1ª DP,"Luz forense/lanterna, Macrofotografia",True,False,0.5361
Maus Tratos de Animal,Área Rural,5,59,1,2023-07-20 09:32:00,2ª DP,"Empoamento, Macrofotografia, Luz forense/lanterna",True,True,0.4174
Tentativa de Homicídio,Residência,5,34,1,2023-07-02 08:16:00,DCA (Criança e Adolescente),Macrofotografia,False,False,0.7312
Afogamento,Pátio,0,13,0,2023-11-18 01:12:00,2ª DP,"Luz forense/lanterna, Empoamento",True,False,0.2617
Dano Seguido de Lesão Corporal,Residência,4,27,0,2023-02-28 17:39:00,DCA (Criança e Adolescente),"Luz forense/lanterna, Macrofotografia",False,True,0.5512
Cadáver Encontrado,Residência,1,33,1,2023-01-16 10:47:00,DEAM (Mulher),"Macrofotografia, Luz forense/lanterna",True,False,0.3068
Afogamento,Via Pública,0,47,3,2023-09-04 08:10:00,DHPP (Homicídios),Luz forense/lanterna,False,False,0.1743
Furto,Área Rural,2,11,1,2023-05-08 22:01:00,2ª DP,Luz forense/lanterna,False,False,0.1366
Veículo Localizado (furtado ou roubado),Via Pública,3,20,1,2023-12-10 21:11:00,DRFC (Furtos),Empoamento,True,False,0.2966
Feto Encontrado,Pátio,0,47,2,2023-12-17 00:04:00,1ª DP,"Macrofotografia, Empoamento, Luz forense/lanterna",True,False,0.889
Veículo Localizado (furtado ou roubado),Terreno Baldio,4,24,2,2023-03-29 08:49:00,DCA (Criança e Adolescente),"Luz forense/lanterna, Empoamento",False,False,0.1021
Suicídio,Pátio,7,29,0,2023-10-30 15:04:00,DRFC (Furtos),"Macrofotografia, Empoamento",True,False,0.3122
Eletroplessão,Via Pública,1,77,1,2023-09-04 20:00:00,DRFC (Furtos),"Luz forense/lanterna, Empoamento, Macrofotografia",True,False,0.277
Maus Tratos de Animal,Residência,0,30,2,2023-03-23 00:27:00,DRFC (Furtos),"Luz forense/lanterna, Empoamento",True,False,0.2835
Feto Encontrado,Via Pública,2,14,1,2023-08-18 23:18:00,DHPP (Homicídios),Empoamento,True,True,1.0
Morte Aparentemente Natural,Estabelecimento Comercial,0,11,1,2023-10-31 08:54:00,DEAM (Mulher),Macrofotografia,True,True,0.4166
Furto em Interior de Veículo,Terreno Baldio,2,17,1,2023-08-06 09:55:00,DCA (Criança e Adolescente),"Luz forense/lanterna, Empoamento, Macrofotografia",False,True,0.3402
Incêndio (com vítima),Estabelecimento Comercial,2,14,0,2023-07-16 01:16:00,DHPP (Homicídios),"Luz forense/lanterna, Macrofotografia",False,False,0.4039
Eletroplessão,Hospital,2,92,3,2023-11-28 06:54:00,DRFC (Furtos),"Macrofotografia, Luz forense/lanterna",True,True,0.4366
Estelionato,Terreno Baldio,10,31,0,2023-02-18 06:35:00,DEAM (Mulher),Macrofotografia,True,False,0.3234
Estelionato,Área Rural,0,9,1,2023-10-27 10:44:00,2ª DP,"Luz forense/lanterna, Empoamento, Macrofotografia",False,True,0.2855
Roubo Com Estupro,Área Rural,0,13,3,2023-04-08 15:20:00,DRFC (Furtos),"Luz forense/lanterna, Empoamento, Macrofotografia",True,False,0.8333
Adulteração de Placa e/ou Lacre,Terreno Baldio,3,58,0,2023-03-03 18:43:00,3ª DP,Macrofotografia,False,False,0.1284
Marca em Animal,Estabelecimento Comercial,1,24,0,2023-07-09 13:43:00,DHPP (Homicídios),"Macrofotografia, Empoamento, Luz forense/lanterna",False,True,0.2897
Furto d'água,Terreno Baldio,0,28,1,2023-10-07 20:22:00,DHPP (Homicídios),"Macrofotografia, Luz forense/lanterna",False,True,0.3184
Latrocínio e/ou Tentativa de Latrocínio,Pátio,6,10,2,2023-04-02 03:45:00,DCA (Criança e Adolescente),"Macrofotografia, Luz forense/lanterna, Empoamento",False,False,0.6544
Morte Aparentemente Natural,Via Pública,8,6,0,2023-06-13 07:30:00,DRFC (Furtos),"Luz forense/lanterna, Macrofotografia",True,False,0.322
Tentativa de Suicídio,Pátio,1,12,0,2023-03-08 22:25:00,2ª DP,Macrofotografia,False,True,0.2789
Desmanche de Veículos,DP,2,8,1,2023-04-20 06:18:00,2ª DP,"Empoamento, Luz forense/lanterna, Macrofotografia",True,False,0.3467
Veículo Localizado (furtado ou roubado),Hospital,10,35,0,2023-02-26 05:36:00,1ª DP,Luz forense/lanterna,True,False,0.2645
Furto Qualificado (arrombamento),Estabelecimento Comercial,3,38,1,2023-05-01 06:51:00,3ª DP,"Empoamento, Macrofotografia, Luz forense/lanterna",False,False,0.1209
Eletroplessão,Via Pública,1,12,0,2023-04-11 20:10:00,3ª DP,Macrofotografia,True,True,0.4709
Furto Qualificado (arrombamento),Via Pública,0,32,0,2023-01-07 12:48:00,DEAM (Mulher),Empoamento,True,False,0.252
Incêndio (com vítima),Hospital,2,25,2,2023-04-17 14:34:00,2ª DP,"Macrofotografia, Luz forense/lanterna, Empoamento",True,True,0.7413
Veículo Localizado (furtado ou roubado),Estabelecimento Comercial,1,48,7,2023-10-15 08:52:00,2ª DP,"Empoamento, Luz forense/lanterna, Macrofotografia",False,True,0.2695
Tráfico de Entorpecentes,Via Pública,1,69,4,2023-04-19 16:06:00,2ª DP,"Empoamento, Luz forense/lanterna",True,False,0.3376
Ossada Encontrada,Terreno Baldio,1,23,1,2023-06-29 20:34:00,2ª DP,"Macrofotografia, Luz forense/lanterna, Empoamento",False,False,0.1196
Cadáver Encontrado,Via Pública,0,6,1,2023-11-29 14:50:00,2ª DP,Macrofotografia,False,False,0.1091
Feminicídio,Hospital,0,11,0,2023-03-14 14:38:00,2ª DP,"Luz forense/lanterna, Empoamento",True,False,0.8495
Extorsão,Estabelecimento Comercial,1,6,1,2023-03-19 06:09:00,DEAM (Mulher),"Luz forense/lanterna, Empoamento, Macrofotografia",False,False,0.4422
Adulteração de Placa e/ou Lacre,Estabelecimento Comercial,1,16,4,2023-06-03 09:23:00,3ª DP,"Empoamento, Macrofotografia",True,False,0.3037
Feto Encontrado,Terreno Baldio,8,14,1,2023-02-26 18:20:00,DHPP (Homicídios),Macrofotografia,True,False,0.8673
Violação de Sepultura,Área Rural,1,11,0,2023-09-07 03:56:00,DEAM (Mulher),"Empoamento, Luz forense/lanterna",True,True,0.4753
Violação de Sepultura,Hospital,1,26,0,2023-01-08 09:09:00,DCA (Criança e Adolescente),"Luz forense/lanterna, Empoamento",False,False,0.167
Eletroplessão,DP,0,8,0,2023-04-24 14:06:00,3ª DP,"Empoamento, Luz forense/lanterna",True,True,0.4026
Incêndio (sem vítima),Residência,5,33,1,2023-12-29 20:25:00,DRFC (Furtos),Luz forense/lanterna,False,True,0.2881
Maus Tratos de Animal,Estabelecimento Comercial,10,13,1,2023-04-23 12:09:00,DHPP (Homicídios),Luz forense/lanterna,True,True,0.4234
Dano Seguido de Lesão Corporal,Terreno Baldio,4,47,4,2023-08-27 12:26:00,DCA (Criança e Adolescente),Macrofotografia,False,False,0.3578
Pichação,DP,0,13,2,2023-11-08 12:34:00,DRFC (Furtos),"Macrofotografia, Luz forense/lanterna",False,False,0.1863
Furto em Interior de Veículo,Terreno Baldio,1,5,2,2023-10-28 11:32:00,DEAM (Mulher),Luz forense/lanterna,True,False,0.2569
Cadáver Encontrado,Via Pública,2,61,0,2023-07-03 10:59:00,2ª DP,"Macrofotografia, Empoamento, Luz forense/lanterna",False,False,0.1628
Tentativa de Homicídio,Residência,0,16,0,2023-06-19 01:02:00,2ª DP,Luz forense/lanterna,True,False,0.8315
Suicídio,Terreno Baldio,1,16,4,2023-08-01 03:12:00,3ª DP,Luz forense/lanterna,True,False,0.29
Arremesso de Projétil,DP,0,21,0,2023-07-25 08:52:00,DHPP (Homicídios),"Empoamento, Luz forense/lanterna",True,False,0.3438
Receptação,DP,5,17,1,2023-06-08 14:53:00,3ª DP,Luz forense/lanterna,True,False,0.3322
Tentativa de Suicídio,Via Pública,3,78,3,2023-06-15 11:51:00,DHPP (Homicídios),"Macrofotografia, Luz forense/lanterna, Empoamento",True,False,0.303
Tentativa de Suicídio,Terreno Baldio,0,31,6,2023-02-04 06:16:00,2ª DP,"Empoamento, Macrofotografia",True,True,0.4244
Receptação,Pátio,8,35,3,2023-09-02 12:23:00,2ª DP,"Luz forense/lanterna, Empoamento",True,False,0.3241
Receptação,Estabelecimento Comercial,3,39,0,2023-02-15 18:09:00,DCA (Criança e Adolescente),"Macrofotografia, Empoamento, Luz forense/lanterna",True,True,0.428
Furto Qualificado (arrombamento),Terreno Baldio,0,41,0,2023-02-12 00:40:00,DCA (Criança e Adolescente),"Empoamento, Luz forense/lanterna, Macrofotografia",False,False,0.192
Estelionato,DP,2,30,2,2023-07-20 08:44:00,DCA (Criança e Adolescente),Luz forense/lanterna,True,True,0.4584
Extorsão,Área Rural,11,5,2,2023-03-05 15:00:00,DHPP (Homicídios),Empoamento,True,True,0.7284
Latrocínio e/ou Tentativa de Latrocínio,Estabelecimento Comercial,0,51,2,2023-12-08 14:17:00,1ª DP,"Luz forense/lanterna, Empoamento, Macrofotografia",True,False,0.8187
Abandono de Incapaz,Pátio,6,12,0,2023-12-06 10:39:00,3ª DP,Empoamento,True,False,0.8471
Feto Encontrado,Terreno Baldio,0,27,1,2023-04-06 01:37:00,3ª DP,"Luz forense/lanterna, Macrofotografia",True,False,0.8102
Adulteração de Placa e/ou Lacre,Hospital,1,9,2,2023-10-02 03:02:00,3ª DP,Empoamento,False,True,0.2626
Furto Qualificado (arrombamento),Pátio,5,5,1,2023-08-17 09:20:00,3ª DP,Luz forense/lanterna,True,False,0.3334
Arremesso de Projétil,Área Rural,0,13,0,2023-06-03 22:17:00,DCA (Criança e Adolescente),"Macrofotografia, Empoamento",False,False,0.1505
Desmanche de Veículos,Estabelecimento Comercial,1,27,0,2023-09-05 17:50:00,DRFC (Furtos),Empoamento,False,False,0.1252
Morte Aparentemente Natural,Área Rural,4,6,0,2023-12-10 00:44:00,3ª DP,Empoamento,False,True,0.2845
Morte Aparentemente Natural,Hospital,5,5,0,2023-01-05 01:24:00,DRFC (Furtos),"Luz forense/lanterna, Macrofotografia, Empoamento",True,True,0.4223
Receptação,DP,0,28,0,2023-08-06 11:23:00,DEAM (Mulher),"Macrofotografia, Empoamento, Luz forense/lanterna",False,False,0.1399
Ossada Encontrada,Residência,0,19,1,2023-03-29 14:19:00,DHPP (Homicídios),"Luz forense/lanterna, Macrofotografia",True,True,0.4682
Receptação,Área Rural,2,8,2,2023-04-17 22:20:00,DCA (Criança e Adolescente),"Luz forense/lanterna, Macrofotografia",True,False,0.3279
Abandono de Incapaz,Via Pública,4,6,0,2023-09-09 13:45:00,1ª DP,"Luz forense/lanterna, Macrofotografia",True,True,1.0
Roubo Com Estupro,Via Pública,2,7,2,2023-01-10 15:58:00,DEAM (Mulher),"Macrofotografia, Empoamento",True,False,0.8389
Veículo Localizado (furtado ou roubado),Hospital,0,7,1,2023-06-17 07:53:00,3ª DP,Empoamento,True,False,0.3053
Tentativa de Homicídio,DP,6,27,1,2023-03-01 13:47:00,DEAM (Mulher),"Empoamento, Macrofotografia",True,False,0.8917
Feminicídio,Estabelecimento Comercial,1,29,2,2023-02-25 08:05:00,DEAM (Mulher),"Luz forense/lanterna, Macrofotografia, Empoamento",True,False,0.8131
Roubo Com Estupro,Estabelecimento Comercial,0,38,11,2023-08-06 03:14:00,DHPP (Homicídios),"Macrofotografia, Empoamento, Luz forense/lanterna",True,True,1.0
Suicídio,Residência,1,13,3,2023-09-18 20:53:00,DCA (Criança e Adolescente),Luz forense/lanterna,True,True,0.4768
Homicídio,Pátio,0,21,0,2023-04-17 13:26:00,DRFC (Furtos),"Empoamento, Luz forense/lanterna",True,True,0.9877
Dano,Terreno Baldio,5,58,1,2023-04-26 15:48:00,3ª DP,"Luz forense/lanterna, Macrofotografia, Empoamento",True,False,0.3243
Disparo de Arma de Fogo,DP,4,35,0,2023-12-26 22:35:00,DRFC (Furtos),"Luz forense/lanterna, Macrofotografia, Empoamento",True,False,0.54
Extorsão,Residência,0,48,0,2023-06-17 07:14:00,DHPP (Homicídios),Empoamento,True,False,0.5357
Roubo Com Estupro,Estabelecimento Comercial,0,30,0,2023-12-11 06:41:00,1ª DP,Luz forense/lanterna,True,True,1.0
Desmanche de Veículos,Estabelecimento Comercial,3,60,0,2023-09-29 17:33:00,DCA (Criança e Adolescente),Macrofotografia,False,True,0.2705
Local de Estupro e/ou Veículo Envolvido em Estupro,Pátio,0,15,2,2023-09-13 17:37:00,1ª DP,"Macrofotografia, Luz forense/lanterna",False,False,0.6756
Latrocínio e/ou Tentativa de Latrocínio,Via Pública,0,10,1,2023-03-16 00:14:00,DCA (Criança e Adolescente),Luz forense/lanterna,True,False,0.8202
Extorsão,Via Pública,6,7,0,2023-06-02 19:45:00,DEAM (Mulher),"Macrofotografia, Luz forense/lanterna",True,True,0.657
Explosão (com vítima),Pátio,3,10,0,2023-09-11 07:15:00,DCA (Criança e Adolescente),"Macrofotografia, Luz forense/lanterna, Empoamento",False,False,0.3653
Estelionato,Estabelecimento Comercial,15,15,0,2023-07-29 23:56:00,DHPP (Homicídios),"Macrofotografia, Empoamento",False,True,0.2595
Afogamento,Residência,3,6,0,2023-08-18 20:32:00,3ª DP,"Luz forense/lanterna, Empoamento",False,False,0.1416
Feto Encontrado,Terreno Baldio,5,13,6,2024-01-01 08:13:00,3ª DP,Luz forense/lanterna,True,False,0.8173
Suicídio,Residência,6,5,5,2023-12-26 23:30:00,1ª DP,"Empoamento, Luz forense/lanterna, Macrofotografia",True,True,0.484
Furto de Energia Elétrica ou Termodinâmica,Residência,8,19,0,2023-04-27 02:43:00,1ª DP,Luz forense/lanterna,True,False,0.3264
Violação de Sepultura,Terreno Baldio,0,15,0,2023-06-21 21:02:00,DHPP (Homicídios),"Macrofotografia, Luz forense/lanterna, Empoamento",False,False,0.1975
Roubo Com Estupro,Área Rural,1,10,2,2023-08-09 01:02:00,DRFC (Furtos),"Macrofotografia, Luz forense/lanterna, Empoamento",True,True,1.0
Afogamento,Área Rural,3,105,0,2023-08-21 03:48:00,1ª DP,"Macrofotografia, Empoamento, Luz forense/lanterna",False,False,0.1558
Furto d'água,Pátio,10,39,0,2023-10-18 04:20:00,DCA (Criança e Adolescente),"Luz forense/lanterna, Empoamento, Macrofotografia",True,False,0.3108
Incêndio (sem vítima),Área Rural,0,37,1,2023-12-30 14:03:00,DRFC (Furtos),Macrofotografia,True,False,0.3281
Dano,Hospital,0,15,1,2023-04-20 10:45:00,1ª DP,Empoamento,False,False,0.1778
Arremesso de Projétil,DP,0,11,1,2023-04-24 09:33:00,DHPP (Homicídios),Luz forense/lanterna,False,False,0.1148
Ameaça,Residência,2,19,0,2023-12-08 03:44:00,2ª DP,Empoamento,False,True,0.3048
Incêndio (com vítima),Terreno Baldio,1,13,1,2023-12-07 09:05:00,3ª DP,"Empoamento, Luz forense/lanterna",True,True,0.7287
Violação de Domicílio,Via Pública,0,11,5,2023-06-25 05:06:00,DEAM (Mulher),"Empoamento, Macrofotografia",True,False,0.2611
Maus Tratos de Animal,Hospital,1,25,1,2023-08-04 18:46:00,DRFC (Furtos),"Empoamento, Luz forense/lanterna",True,False,0.3361
Marca em Animal,Terreno Baldio,7,9,7,2023-02-04 05:16:00,1ª DP,Luz forense/lanterna,True,False,0.3317
Latrocínio e/ou Tentativa de Latrocínio,Área Rural,9,16,1,2024-01-01 08:28:00,DHPP (Homicídios),"Luz forense/lanterna, Macrofotografia",True,True,1.0
Explosão (sem vítima),Hospital,6,18,0,2023-08-13 07:25:00,DEAM (Mulher),"Luz forense/lanterna, Macrofotografia, Empoamento",True,False,0.3269
Tentativa de Homicídio,Estabelecimento Comercial,1,8,0,2023-06-24 07:02:00,DHPP (Homicídios),Macrofotografia,False,True,0.8697
Afogamento,Área Rural,0,19,0,2023-03-28 12:32:00,2ª DP,"Empoamento, Macrofotografia",False,True,0.3173
Tráfico de Entorpecentes,Terreno Baldio,0,31,5,2023-06-18 06:31:00,DEAM (Mulher),Luz forense/lanterna,False,False,0.1289
Maus Tratos de Animal,Área Rural,0,12,2,2023-09-11 01:40:00,3ª DP,"Luz forense/lanterna, Macrofotografia",True,True,0.4306
Furto em Interior de Veículo,Área Rural,4,44,2,2023-07-07 16:29:00,2ª DP,Macrofotografia,False,False,0.1453
Explosão (com vítima),Pátio,1,14,0,2023-06-15 19:10:00,DCA (Criança e Adolescente),"Empoamento, Macrofotografia, Luz forense/lanterna",True,False,0.5341
Extorsão,Hospital,8,37,3,2023-09-13 09:34:00,DHPP (Homicídios),"Luz forense/lanterna, Macrofotografia",False,False,0.438
Estelionato,Residência,0,40,0,2023-10-08 17:49:00,DCA (Criança e Adolescente),"Empoamento, Luz forense/lanterna",False,False,0.1219
Homicídio,Via Pública,1,30,0,2023-02-01 11:46:00,DRFC (Furtos),"Macrofotografia, Empoamento, Luz forense/lanterna",True,False,0.825
Furto d'água,DP,4,29,0,2023-08-26 11:20:00,3ª DP,Empoamento,False,False,0.1003
Veículo Localizado (furtado ou roubado),DP,6,12,0,2023-06-18 03:33:00,DRFC (Furtos),Empoamento,False,False,0.1762
Receptação,Hospital,5,18,2,2023-12-05 13:39:00,DCA (Criança e Adolescente),"Empoamento, Luz forense/lanterna",True,True,0.4695
Disparo de Arma de Fogo,Área Rural,1,15,0,2023-11-02 16:42:00,DHPP (Homicídios),"Luz forense/lanterna, Macrofotografia, Empoamento",True,True,0.7135
Explosão (sem vítima),DP,5,7,0,2023-11-12 09:36:00,DRFC (Furtos),Macrofotografia,False,True,0.3419
Incêndio (sem vítima),Via Pública,1,8,2,2023-07-25 11:17:00,DHPP (Homicídios),"Empoamento, Luz forense/lanterna",True,True,0.4866
Furto Qualificado (arrombamento),Via Pública,1,9,0,2023-03-10 11:30:00,DEAM (Mulher),"Luz forense/lanterna, Empoamento, Macrofotografia",False,False,0.1129
Furto Qualificado (arrombamento),Terreno Baldio,11,19,0,2023-09-11 04:34:00,DCA (Criança e Adolescente),"Macrofotografia, Empoamento, Luz forense/lanterna",False,False,0.1579
Infanticídio,Pátio,3,37,0,2023-01-22 12:31:00,DRFC (Furtos),Empoamento,True,True,0.9941
Lesão Corporal,Terreno Baldio,2,33,4,2023-04-02 02:02:00,1ª DP,"Empoamento, Macrofotografia, Luz forense/lanterna",True,True,0.6825
Tentativa de Homicídio,DP,9,5,5,2023-03-08 07:24:00,2ª DP,"Luz forense/lanterna, Empoamento",False,True,0.8388
Furto d'água,Pátio,10,35,1,2023-02-17 07:57:00,1ª DP,Luz forense/lanterna,False,True,0.2991
Roubo Com Estupro,Terreno Baldio,2,17,1,2023-04-02 19:27:00,1ª DP,"Empoamento, Luz forense/lanterna",False,False,0.6987
Maus Tratos de Animal,Estabelecimento Comercial,7,5,4,2023-06-21 09:52:00,DCA (Criança e Adolescente),Luz forense/lanterna,False,False,0.1942
Maus Tratos de Animal,Via Pública,0,79,1,2023-05-02 15:11:00,DCA (Criança e Adolescente),"Empoamento, Macrofotografia, Luz forense/lanterna",False,True,0.2519
Furto Qualificado (arrombamento),Hospital,1,16,0,2023-11-20 10:48:00,DHPP (Homicídios),"Empoamento, Macrofotografia",False,False,0.1923
Ossada Encontrada,DP,1,20,2,2023-02-11 12:21:00,DEAM (Mulher),"Empoamento, Macrofotografia",True,False,0.3391
Lesão Corporal,Área Rural,6,6,2,2023-08-26 15:42:00,3ª DP,Macrofotografia,True,True,0.7105
Explosão (com vítima),Terreno Baldio,0,57,1,2023-04-04 14:18:00,3ª DP,"Macrofotografia, Luz forense/lanterna",True,False,0.5026
Feto Encontrado,Pátio,3,7,0,2023-05-30 14:35:00,DCA (Criança e Adolescente),Luz forense/lanterna,True,True,1.0
Furto de Energia Elétrica ou Termodinâmica,Pátio,0,33,0,2023-09-24 12:07:00,DHPP (Homicídios),"Luz forense/lanterna, Macrofotografia, Empoamento",True,False,0.3018
Cadáver Encontrado,Residência,0,5,0,2023-06-30 13:14:00,DEAM (Mulher),"Luz forense/lanterna, Empoamento, Macrofotografia",False,True,0.2604
Cadáver Encontrado,Residência,6,44,0,2023-03-17 07:30:00,DCA (Criança e Adolescente),"Luz forense/lanterna, Empoamento",True,True,0.406
Homicídio,Hospital,6,8,1,2023-11-29 06:36:00,DRFC (Furtos),"Luz forense/lanterna, Macrofotografia, Empoamento",False,False,0.6702
Roubo Com Estupro,Residência,1,72,0,2023-12-26 18:04:00,3ª DP,Luz forense/lanterna,True,False,0.8817
Furto de Energia Elétrica ou Termodinâmica,DP,2,52,4,2023-06-21 08:04:00,DRFC (Furtos),Luz forense/lanterna,True,True,0.4811
Lesão Corporal,Pátio,0,30,2,2023-05-04 03:58:00,DHPP (Homicídios),"Luz forense/lanterna, Empoamento",True,False,0.5407
Arremesso de Projétil,Residência,1,14,1,2023-11-23 02:22:00,DHPP (Homicídios),"Luz forense/lanterna, Macrofotografia, Empoamento",False,False,0.1779
Latrocínio e/ou Tentativa de Latrocínio,Terreno Baldio,1,45,0,2023-05-04 15:56:00,DCA (Criança e Adolescente),"Macrofotografia, Luz forense/lanterna, Empoamento",True,False,0.8356
Disparo de Arma de Fogo,Área Rural,5,10,0,2023-05-17 20:21:00,DRFC (Furtos),"Luz forense/lanterna, Macrofotografia",False,True,0.5126
Incêndio (sem vítima),Residência,3,7,3,2023-07-17 15:27:00,DCA (Criança e Adolescente),"Macrofotografia, Luz forense/lanterna",False,False,0.1203
Roubo,Estabelecimento Comercial,1,5,1,2023-09-19 21:01:00,DEAM (Mulher),"Luz forense/lanterna, Macrofotografia",False,True,0.5962
Feto Encontrado,Hospital,5,11,0,2023-12-20 07:44:00,DHPP (Homicídios),"Empoamento, Macrofotografia",False,False,0.7
Furto de Energia Elétrica ou Termodinâmica,Pátio,2,8,0,2023-03-03 10:10:00,DCA (Criança e Adolescente),"Macrofotografia, Luz forense/lanterna",True,False,0.2756
Abandono de Incapaz,Residência,0,7,0,2023-04-26 07:38:00,2ª DP,Macrofotografia,True,False,0.8091
Furto Qualificado (arrombamento),Área Rural,5,12,0,2023-06-20 09:35:00,DHPP (Homicídios),"Empoamento, Macrofotografia",True,False,0.3459
Incêndio (com vítima),Residência,4,43,1,2023-09-08 06:08:00,3ª DP,"Luz forense/lanterna, Empoamento",False,True,0.5002
Incêndio (sem vítima),Estabelecimento Comercial,8,25,0,2023-05-01 15:18:00,3ª DP,"Macrofotografia, Luz forense/lanterna",True,False,0.3057
Estelionato,Via Pública,12,45,2,2023-11-20 03:03:00,DCA (Criança e Adolescente),"Empoamento, Luz forense/lanterna",True,False,0.2955
Dano Seguido de Lesão Corporal,DP,3,8,0,2023-12-04 21:21:00,DHPP (Homicídios),Macrofotografia,True,True,0.7371
Aborto,DP,3,57,0,2023-09-05 10:49:00,DEAM (Mulher),"Macrofotografia, Empoamento, Luz forense/lanterna",False,True,0.2563
Local de Estupro e/ou Veículo Envolvido em Estupro,Área Rural,0,13,2,2023-01-08 10:12:00,2ª DP,"Macrofotografia, Empoamento",False,False,0.6693
Aborto,Residência,0,19,3,2023-01-21 10:08:00,DCA (Criança e Adolescente),"Empoamento, Macrofotografia, Luz forense/lanterna",False,True,0.3177
Explosão (sem vítima),Pátio,3,7,1,2023-06-20 04:25:00,DRFC (Furtos),"Empoamento, Luz forense/lanterna, Macrofotografia",True,False,0.3234
Explosão (com vítima),Estabelecimento Comercial,10,5,0,2023-08-20 08:18:00,DCA (Criança e Adolescente),Macrofotografia,False,True,0.5993
Aborto,Área Rural,8,15,0,2023-08-12 16:06:00,DHPP (Homicídios),"Empoamento, Luz forense/lanterna, Macrofotografia",False,True,0.3181
Pichação,Pátio,4,7,2,2023-01-07 10:06:00,3ª DP,"Luz forense/lanterna, Macrofotografia, Empoamento",False,False,0.1478
Furto Qualificado (arrombamento),Área Rural,5,33,0,2023-11-26 11:58:00,2ª DP,"Macrofotografia, Luz forense/lanterna, Empoamento",True,False,0.3224
Disparo de Arma de Fogo,Estabelecimento Comercial,1,9,0,2023-07-11 17:42:00,1ª DP,Luz forense/lanterna,True,True,0.6884
Veículo Localizado (furtado ou roubado),Pátio,2,17,1,2023-02-28 22:47:00,3ª DP,"Macrofotografia, Luz forense/lanterna",True,False,0.2876
Marca em Animal,Hospital,13,8,0,2023-02-11 01:43:00,2ª DP,"Luz forense/lanterna, Macrofotografia, Empoamento",True,True,0.4788
Furto d'água,Área Rural,0,9,0,2023-07-06 06:52:00,1ª DP,"Macrofotografia, Empoamento",False,False,0.1709
Abandono de Incapaz,Pátio,5,17,1,2023-12-12 06:41:00,3ª DP,Luz forense/lanterna,False,True,0.8379
Adulteração de Placa e/ou Lacre,Terreno Baldio,6,11,3,2023-02-06 03:18:00,DCA (Criança e Adolescente),"Macrofotografia, Empoamento, Luz forense/lanterna",True,False,0.3355
Veículo Localizado (furtado ou roubado),Área Rural,3,29,2,2023-04-04 06:49:00,DCA (Criança e Adolescente),"Luz forense/lanterna, Empoamento, Macrofotografia",True,False,0.3449
Disparo de Arma de Fogo,Terreno Baldio,0,26,1,2023-03-24 00:24:00,3ª DP,Luz forense/lanterna,True,False,0.5965
Roubo Com Estupro,Terreno Baldio,1,20,1,2023-12-04 11:35:00,DHPP (Homicídios),Macrofotografia,False,False,0.7442
Desmanche de Veículos,Residência,0,13,1,2023-02-26 02:45:00,DEAM (Mulher),"Empoamento, Macrofotografia, Luz forense/lanterna",True,False,0.3423
Abandono de Incapaz,Hospital,0,34,0,2023-07-17 22:54:00,DHPP (Homicídios),"Luz forense/lanterna, Empoamento",False,False,0.6972
Incêndio (com vítima),Hospital,0,24,2,2023-03-09 22:26:00,DCA (Criança e Adolescente),"Empoamento, Macrofotografia",True,False,0.5646
Feto Encontrado,Estabelecimento Comercial,9,5,0,2023-06-02 18:03:00,DCA (Criança e Adolescente),"Macrofotografia, Luz forense/lanterna, Empoamento",False,True,0.8754
Pichação,Hospital,1,25,3,2023-01-20 04:11:00,DEAM (Mulher),Luz forense/lanterna,False,False,0.1295
Furto em Interior de Veículo,Área Rural,0,9,0,2023-03-20 16:15:00,DCA (Criança e Adolescente),Macrofotografia,True,True,0.4022
Furto em Interior de Veículo,Residência,2,11,7,2023-07-24 20:11:00,DCA (Criança e Adolescente),Macrofotografia,True,False,0.2683
Feto Encontrado,Pátio,2,18,5,2023-01-14 13:45:00,DHPP (Homicídios),Luz forense/lanterna,False,True,0.8951
Latrocínio e/ou Tentativa de Latrocínio,Terreno Baldio,2,6,2,2023-06-03 14:32:00,DHPP (Homicídios),"Macrofotografia, Luz forense/lanterna",True,False,0.8522
Abandono de Incapaz,Via Pública,5,8,1,2023-10-04 22:55:00,DEAM (Mulher),Luz forense/lanterna,False,False,0.7141
Tráfico de Entorpecentes,Estabelecimento Comercial,2,7,6,2023-08-20 06:59:00,DHPP (Homicídios),"Macrofotografia, Luz forense/lanterna",False,False,0.1847
Adulteração de Placa e/ou Lacre,Residência,0,14,0,2023-11-23 16:55:00,3ª DP,"Empoamento, Luz forense/lanterna",False,False,0.1314
Exercício Arbitrário das Próprias Razões,Residência,7,24,2,2023-09-27 12:00:00,DRFC (Furtos),Empoamento,False,False,0.1123
Explosão (com vítima),DP,4,46,1,2023-12-13 18:37:00,3ª DP,"Luz forense/lanterna, Macrofotografia",False,False,0.3676
Feto Encontrado,Área Rural,2,16,0,2023-10-13 10:45:00,1ª DP,"Empoamento, Luz forense/lanterna",True,False,0.8027
Furto em Interior de Veículo,Residência,1,18,0,2023-10-29 02:20:00,DCA (Criança e Adolescente),"Luz forense/lanterna, Macrofotografia, Empoamento",True,False,0.3071
Morte Aparentemente Natural,Área Rural,22,11,0,2023-07-17 07:48:00,DCA (Criança e Adolescente),Empoamento,False,False,0.1567
Tentativa de Suicídio,Área Rural,2,8,5,2023-09-08 15:51:00,DCA (Criança e Adolescente),"Luz forense/lanterna, Macrofotografia, Empoamento",False,True,0.2549
Tráfico de Entorpecentes,Residência,1,44,5,2023-04-06 21:45:00,DRFC (Furtos),Empoamento,False,False,0.1615
Furto d'água,Via Pública,8,21,1,2023-04-02 23:10:00,DRFC (Furtos),"Macrofotografia, Empoamento, Luz forense/lanterna",False,True,0.2962
Eletroplessão,Residência,2,33,1,2023-05-12 17:45:00,3ª DP,Macrofotografia,True,False,0.2774
Furto de Energia Elétrica ou Termodinâmica,Pátio,0,57,2,2023-03-21 11:02:00,DHPP (Homicídios),"Macrofotografia, Empoamento, Luz forense/lanterna",True,False,0.2704
Ameaça,Hospital,0,28,0,2023-04-02 03:42:00,DCA (Criança e Adolescente),"Macrofotografia, Luz forense/lanterna",True,False,0.324
Desmanche de Veículos,Pátio,14,25,1,2023-01-13 21:50:00,DEAM (Mulher),"Empoamento, Luz forense/lanterna",True,False,0.3369
Feminicídio,Hospital,0,11,2,2023-11-22 01:32:00,DRFC (Furtos),Empoamento,True,False,0.8903
Explosão (sem vítima),Área Rural,1,13,2,2023-06-29 05:55:00,DCA (Criança e Adolescente),"Macrofotografia, Luz forense/lanterna",False,False,0.1341
Abandono de Incapaz,Residência,4,70,0,2023-12-13 06:59:00,DRFC (Furtos),"Macrofotografia, Luz forense/lanterna, Empoamento",False,True,0.8646
Dano Seguido de Lesão Corporal,Hospital,0,12,3,2023-09-22 20:47:00,1ª DP,Empoamento,True,False,0.5795
Furto d'água,DP,1,31,0,2023-06-16 18:11:00,DEAM (Mulher),Macrofotografia,False,False,0.1206
Incêndio (com vítima),Estabelecimento Comercial,0,16,0,2023-11-01 18:46:00,DHPP (Homicídios),"Empoamento, Luz forense/lanterna, Macrofotografia",False,True,0.569
Local de Estupro e/ou Veículo Envolvido em Estupro,Terreno Baldio,3,65,0,2023-02-18 03:30:00,DCA (Criança e Adolescente),Macrofotografia,True,False,0.8845
Feto Encontrado,Via Pública,0,12,0,2023-10-14 21:25:00,3ª DP,"Empoamento, Luz forense/lanterna",True,False,0.8041
Veículo Localizado (furtado ou roubado),Terreno Baldio,0,32,0,2023-03-10 13:25:00,DCA (Criança e Adolescente),Empoamento,True,False,0.2958
Violação de Domicílio,Hospital,3,12,3,2023-11-02 03:55:00,DRFC (Furtos),Empoamento,False,False,0.1019
Eletroplessão,Via Pública,5,12,2,2023-05-12 21:22:00,2ª DP,"Empoamento, Luz forense/lanterna",True,False,0.3293
Furto d'água,Terreno Baldio,2,136,0,2023-12-16 12:21:00,DCA (Criança e Adolescente),"Macrofotografia, Empoamento",False,False,0.16
Furto,Terreno Baldio,1,48,1,2023-10-10 04:13:00,DHPP (Homicídios),"Macrofotografia, Empoamento",True,False,0.2685
Furto,Residência,5,18,1,2023-02-28 22:03:00,DRFC (Furtos),"Empoamento, Macrofotografia",False,False,0.1196
Adulteração de Placa e/ou Lacre,DP,0,12,0,2023-11-23 09:39:00,DHPP (Homicídios),Macrofotografia,False,False,0.129
Aborto,Hospital,2,20,0,2023-09-11 09:18:00,DEAM (Mulher),Empoamento,False,True,0.3367
Lesão Corporal,Hospital,16,21,0,2023-08-04 13:08:00,DCA (Criança e Adolescente),"Empoamento, Macrofotografia",True,False,0.536
Violação de Domicílio,Terreno Baldio,1,72,1,2023-08-01 13:57:00,1ª DP,Luz forense/lanterna,False,True,0.2542
Violação de Sepultura,Residência,8,26,0,2023-10-08 06:49:00,2ª DP,"Macrofotografia, Empoamento, Luz forense/lanterna",False,False,0.1704
Marca em Animal,DP,1,66,0,2023-08-06 01:07:00,1ª DP,"Macrofotografia, Empoamento, Luz forense/lanterna",False,True,0.3316
Explosão (sem vítima),Estabelecimento Comercial,1,13,2,2023-01-29 23:35:00,DRFC (Furtos),Empoamento,False,True,0.2647
Eletroplessão,Via Pública,0,26,0,2023-03-15 13:15:00,3ª DP,"Luz forense/lanterna, Empoamento",False,True,0.3025
Local de Estupro e/ou Veículo Envolvido em Estupro,DP,0,5,0,2023-10-04 01:34:00,DRFC (Furtos),"Macrofotografia, Empoamento, Luz forense/lanterna",False,False,0.7335
Estelionato,Estabelecimento Comercial,2,49,1,2023-09-11 18:21:00,3ª DP,"Empoamento, Luz forense/lanterna, Macrofotografia",False,True,0.2853
Infanticídio,Residência,0,13,2,2023-11-07 01:34:00,DEAM (Mulher),Macrofotografia,True,False,0.8299
Homicídio,Via Pública,7,37,0,2023-02-22 04:09:00,3ª DP,Luz forense/lanterna,False,False,0.7349
Desmanche de Veículos,Pátio,0,15,0,2023-08-15 07:15:00,1ª DP,Macrofotografia,False,False,0.1916
Feminicídio,Residência,9,141,0,2023-10-22 02:05:00,DHPP (Homicídios),Macrofotografia,True,False,0.8092
Suicídio,Residência,12,40,0,2023-06-02 10:53:00,3ª DP,"Luz forense/lanterna, Empoamento, Macrofotografia",False,False,0.1854
Maus Tratos de Animal,Pátio,1,44,3,2023-02-17 05:12:00,DHPP (Homicídios),Luz forense/lanterna,False,False,0.1399
Adulteração de Placa e/ou Lacre,Residência,8,64,0,2023-06-23 00:47:00,DRFC (Furtos),Empoamento,False,True,0.2924
Veículo Localizado (furtado ou roubado),Residência,0,20,0,2023-04-20 12:56:00,DHPP (Homicídios),"Empoamento, Luz forense/lanterna",True,False,0.3458
Furto,Residência,1,6,0,2023-08-15 02:52:00,DEAM (Mulher),Luz forense/lanterna,False,True,0.2685
Lesão Corporal,Estabelecimento Comercial,0,23,4,2023-06-05 01:50:00,1ª DP,"Macrofotografia, Luz forense/lanterna, Empoamento",False,False,0.4017
Feto Encontrado,Área Rural,0,19,0,2023-06-25 19:35:00,3ª DP,"Empoamento, Macrofotografia",True,False,0.835
Eletroplessão,Terreno Baldio,1,11,3,2023-09-18 17:03:00,1ª DP,"Luz forense/lanterna, Macrofotografia, Empoamento",False,True,0.3103
Incêndio (sem vítima),Pátio,1,46,0,2023-05-02 09:57:00,DEAM (Mulher),"Empoamento, Luz forense/lanterna, Macrofotografia",False,False,0.1211
Tentativa de Suicídio,Terreno Baldio,0,19,0,2023-03-03 19:55:00,1ª DP,"Luz forense/lanterna, Macrofotografia, Empoamento",False,True,0.3344
Furto,Estabelecimento Comercial,0,17,2,2023-01-01 17:49:00,DHPP (Homicídios),Luz forense/lanterna,False,True,0.3481
Aborto,Pátio,2,22,2,2023-10-17 03:30:00,3ª DP,Macrofotografia,True,True,0.4102
Ossada Encontrada,Estabelecimento Comercial,2,20,2,2023-10-13 23:13:00,1ª DP,"Luz forense/lanterna, Macrofotografia",False,True,0.2635
Incêndio (com vítima),Residência,7,12,3,2023-11-12 05:12:00,DHPP (Homicídios),Empoamento,True,True,0.7062
Feto Encontrado,Terreno Baldio,5,25,1,2023-06-27 14:18:00,DCA (Criança e Adolescente),"Luz forense/lanterna, Empoamento",True,True,1.0
Abandono de Incapaz,Área Rural,0,6,1,2023-01-15 22:11:00,DRFC (Furtos),"Macrofotografia, Luz forense/lanterna",True,True,0.9806
Roubo Com Estupro,Hospital,0,7,0,2023-11-04 19:52:00,3ª DP,"Empoamento, Luz forense/lanterna",True,False,0.8651
Arremesso de Projétil,Terreno Baldio,1,10,4,2023-02-17 01:59:00,DEAM (Mulher),"Macrofotografia, Luz forense/lanterna, Empoamento",False,True,0.2865
Furto d'água,Via Pública,1,15,6,2023-03-21 23:10:00,DHPP (Homicídios),"Empoamento, Macrofotografia, Luz forense/lanterna",False,False,0.1598
Estelionato,Hospital,1,17,2,2023-05-11 11:01:00,2ª DP,"Macrofotografia, Empoamento",False,True,0.2977
Morte Aparentemente Natural,Hospital,4,52,1,2023-02-05 16:42:00,1ª DP,Luz forense/lanterna,False,False,0.1399
Tentativa de Homicídio,Estabelecimento Comercial,0,16,2,2023-01-23 17:40:00,1ª DP,Luz forense/lanterna,False,False,0.6695
Incêndio (com vítima),Residência,1,64,5,2023-01-16 22:43:00,1ª DP,Luz forense/lanterna,False,True,0.5034
Incêndio (sem vítima),Hospital,2,15,1,2023-10-15 12:19:00,DEAM (Mulher),Luz forense/lanterna,False,False,0.163
Aborto,Hospital,20,7,3,2023-05-29 19:14:00,DCA (Criança e Adolescente),Macrofotografia,False,False,0.1586
Morte Aparentemente Natural,Hospital,0,14,0,2023-11-09 00:13:00,3ª DP,"Macrofotografia, Empoamento, Luz forense/lanterna",True,False,0.3238
Feto Encontrado,Residência,0,41,0,2023-12-24 04:25:00,DHPP (Homicídios),"Luz forense/lanterna, Macrofotografia",True,False,0.8943
Feminicídio,Estabelecimento Comercial,0,51,0,2023-03-10 21:24:00,DRFC (Furtos),"Luz forense/lanterna, Macrofotografia",True,False,0.8053
Dano,Pátio,0,13,1,2023-12-26 05:20:00,DHPP (Homicídios),Empoamento,True,True,0.4628
Incêndio (sem vítima),Área Rural,1,22,0,2023-01-03 13:27:00,3ª DP,Luz forense/lanterna,True,False,0.3104
Cadáver Encontrado,Via Pública,0,51,0,2023-10-17 09:22:00,1ª DP,Macrofotografia,False,False,0.1033
Veículo Localizado (furtado ou roubado),Terreno Baldio,3,19,0,2023-06-27 18:12:00,DRFC (Furtos),"Luz forense/lanterna, Macrofotografia, Empoamento",True,False,0.3147
Suicídio,Via Pública,3,47,0,2023-11-20 17:27:00,DHPP (Homicídios),"Luz forense/lanterna, Macrofotografia, Empoamento",True,False,0.3327
Homicídio,Via Pública,3,80,4,2023-03-26 10:55:00,DEAM (Mulher),"Macrofotografia, Empoamento",False,False,0.6548
Eletroplessão,DP,4,42,0,2023-12-04 18:18:00,DRFC (Furtos),Luz forense/lanterna,False,False,0.1739
Cadáver Encontrado,Via Pública,6,24,6,2023-06-22 07:35:00,DRFC (Furtos),"Luz forense/lanterna, Empoamento, Macrofotografia",False,False,0.1072
Veículo Localizado (furtado ou roubado),Residência,2,8,0,2023-07-31 04:25:00,DRFC (Furtos),"Macrofotografia, Empoamento",False,False,0.1482
Latrocínio e/ou Tentativa de Latrocínio,Terreno Baldio,1,17,5,2023-04-11 16:26:00,DHPP (Homicídios),"Empoamento, Luz forense/lanterna, Macrofotografia",False,True,0.8893
Local de Estupro e/ou Veículo Envolvido em Estupro,Estabelecimento Comercial,1,17,6,2023-07-06 04:20:00,DEAM (Mulher),"Macrofotografia, Luz forense/lanterna, Empoamento",False,True,0.8293
Furto,Pátio,2,36,0,2023-07-07 02:14:00,3ª DP,Macrofotografia,False,True,0.283
Violação de Domicílio,Via Pública,0,10,3,2023-12-16 02:01:00,1ª DP,Macrofotografia,False,False,0.1113
Estelionato,Terreno Baldio,1,29,0,2023-11-26 04:43:00,1ª DP,"Macrofotografia, Empoamento, Luz forense/lanterna",True,False,0.3056
Adulteração de Placa e/ou Lacre,Residência,2,22,0,2023-09-15 13:42:00,1ª DP,"Empoamento, Luz forense/lanterna",False,False,0.141
Lesão Corporal,Terreno Baldio,2,19,3,2023-03-29 11:42:00,DEAM (Mulher),"Empoamento, Luz forense/lanterna",False,False,0.3785
Aborto,Pátio,1,27,3,2023-12-19 19:20:00,DRFC (Furtos),Luz forense/lanterna,False,False,0.1716
Violação de Sepultura,Terreno Baldio,8,27,2,2023-11-15 02:57:00,1ª DP,Empoamento,True,True,0.4124
Feto Encontrado,Estabelecimento Comercial,0,10,8,2023-02-06 04:18:00,DRFC (Furtos),Macrofotografia,True,False,0.8638
Maus Tratos de Animal,Hospital,4,15,7,2023-02-22 09:55:00,DCA (Criança e Adolescente),"Macrofotografia, Luz forense/lanterna, Empoamento",True,True,0.4476
Marca em Animal,Hospital,0,7,8,2023-11-01 13:09:00,DEAM (Mulher),Luz forense/lanterna,True,False,0.306
Exercício Arbitrário das Próprias Razões,Hospital,3,5,6,2023-05-14 00:53:00,DCA (Criança e Adolescente),"Luz forense/lanterna, Macrofotografia, Empoamento",True,False,0.2705
Latrocínio e/ou Tentativa de Latrocínio,Área Rural,0,5,1,2023-02-02 08:38:00,1ª DP,"Empoamento, Macrofotografia",True,False,0.8358
Pichação,Pátio,2,9,0,2023-03-21 09:00:00,1ª DP,"Empoamento, Luz forense/lanterna, Macrofotografia",False,False,0.1202
Violação de Domicílio,Via Pública,6,36,0,2023-10-24 18:01:00,2ª DP,"Luz forense/lanterna, Macrofotografia, Empoamento",False,False,0.1712
Estelionato,Via Pública,1,33,1,2023-11-01 03:33:00,1ª DP,"Luz forense/lanterna, Empoamento",False,False,0.151
Roubo Com Estupro,Via Pública,1,7,1,2023-10-05 05:49:00,2ª DP,Macrofotografia,True,True,0.9904
Explosão (com vítima),DP,3,61,0,2023-04-27 07:47:00,3ª DP,"Empoamento, Macrofotografia, Luz forense/lanterna",True,True,0.7004
Violação de Sepultura,Residência,3,46,2,2023-05-10 08:04:00,2ª DP,Luz forense/lanterna,True,True,0.4467
Furto,Estabelecimento Comercial,0,35,1,2023-04-17 03:01:00,2ª DP,"Luz forense/lanterna, Macrofotografia",True,True,0.4599
Abandono de Incapaz,Residência,0,8,2,2023-03-11 04:17:00,DRFC (Furtos),Macrofotografia,True,True,1.0
Veículo Localizado (furtado ou roubado),Hospital,0,17,0,2023-05-17 14:17:00,3ª DP,Macrofotografia,False,True,0.3435
Furto de Energia Elétrica ou Termodinâmica,Pátio,3,29,1,2023-05-13 16:21:00,2ª DP,"Empoamento, Luz forense/lanterna, Macrofotografia",False,False,0.1723
Pichação,Residência,0,7,1,2023-05-28 13:02:00,DCA (Criança e Adolescente),"Empoamento, Macrofotografia, Luz forense/lanterna",False,False,0.1519
Infanticídio,Terreno Baldio,0,11,0,2023-08-12 02:08:00,DHPP (Homicídios),"Luz forense/lanterna, Macrofotografia",False,False,0.7342
Veículo Localizado (furtado ou roubado),Hospital,1,11,9,2023-07-19 23:57:00,DRFC (Furtos),"Luz forense/lanterna, Empoamento, Macrofotografia",False,False,0.152
Desmanche de Veículos,Hospital,2,22,6,2023-10-22 12:11:00,DRFC (Furtos),"Empoamento, Macrofotografia, Luz forense/lanterna",False,True,0.2811
Tráfico de Entorpecentes,Hospital,2,51,0,2023-10-20 10:11:00,1ª DP,"Macrofotografia, Luz forense/lanterna",True,False,0.2674
Aborto,Estabelecimento Comercial,2,12,0,2023-01-03 23:55:00,2ª DP,Empoamento,False,False,0.1475
Exercício Arbitrário das Próprias Razões,Terreno Baldio,0,28,2,2023-11-03 23:05:00,DCA (Criança e Adolescente),Luz forense/lanterna,False,True,0.278
Marca em Animal,Área Rural,0,6,3,2023-08-03 11:33:00,DEAM (Mulher),"Macrofotografia, Luz forense/lanterna, Empoamento",False,False,0.1837
Marca em Animal,Terreno Baldio,3,15,0,2023-04-14 17:27:00,2ª DP,"Empoamento, Luz forense/lanterna, Macrofotografia",False,False,0.136
Marca em Animal,Estabelecimento Comercial,10,26,2,2023-03-06 02:35:00,DHPP (Homicídios),"Empoamento, Macrofotografia, Luz forense/lanterna",True,False,0.285
Furto em Interior de Veículo,DP,2,6,0,2023-11-20 05:51:00,DCA (Criança e Adolescente),Empoamento,False,False,0.149
Dano Seguido de Lesão Corporal,Estabelecimento Comercial,0,37,1,2023-02-20 13:14:00,1ª DP,"Luz forense/lanterna, Empoamento, Macrofotografia",False,True,0.5115
Furto de Energia Elétrica ou Termodinâmica,Hospital,3,12,0,2023-08-07 10:07:00,DEAM (Mulher),"Empoamento, Macrofotografia",False,False,0.1312
Abandono de Incapaz,DP,1,33,0,2023-10-09 09:11:00,2ª DP,"Luz forense/lanterna, Empoamento, Macrofotografia",False,False,0.6961
Incêndio (sem vítima),Via Pública,3,29,0,2023-12-14 20:00:00,DCA (Criança e Adolescente),"Macrofotografia, Luz forense/lanterna, Empoamento",False,False,0.1161
Tentativa de Suicídio,DP,5,57,0,2023-11-20 00:43:00,3ª DP,"Empoamento, Luz forense/lanterna, Macrofotografia",True,False,0.2783
Morte Aparentemente Natural,Terreno Baldio,2,15,3,2023-03-18 20:50:00,3ª DP,"Luz forense/lanterna, Macrofotografia, Empoamento",False,False,0.163
Feto Encontrado,Terreno Baldio,1,8,0,2023-11-10 12:11:00,DCA (Criança e Adolescente),"Macrofotografia, Empoamento",True,True,0.9698
Veículo Localizado (furtado ou roubado),Pátio,7,23,0,2023-08-01 11:16:00,DCA (Criança e Adolescente),"Macrofotografia, Empoamento, Luz forense/lanterna",False,True,0.3074
Violação de Domicílio,Área Rural,0,154,0,2023-01-06 05:42:00,2ª DP,Empoamento,True,False,0.3103
Cadáver Encontrado,Residência,5,14,0,2023-08-16 02:24:00,DEAM (Mulher),"Empoamento, Macrofotografia",True,False,0.2951
Tentativa de Homicídio,Terreno Baldio,2,7,4,2023-06-10 12:40:00,3ª DP,Luz forense/lanterna,False,False,0.6848
Marca em Animal,Via Pública,2,10,0,2023-11-24 22:36:00,DRFC (Furtos),"Luz forense/lanterna, Macrofotografia",True,False,0.342
Incêndio (com vítima),Via Pública,2,27,0,2023-08-17 11:33:00,DHPP (Homicídios),"Luz forense/lanterna, Empoamento, Macrofotografia",True,True,0.6807
Adulteração de Placa e/ou Lacre,DP,25,19,0,2023-05-08 18:23:00,DCA (Criança e Adolescente),"Empoamento, Macrofotografia, Luz forense/lanterna",False,True,0.2755
Morte Aparentemente Natural,Via Pública,5,7,1,2023-06-03 19:24:00,1ª DP,Macrofotografia,False,True,0.3272
Aborto,Pátio,0,7,0,2023-12-05 04:15:00,2ª DP,"Luz forense/lanterna, Empoamento, Macrofotografia",False,False,0.1047
Feminicídio,Pátio,0,13,0,2023-09-15 21:26:00,DHPP (Homicídios),"Empoamento, Macrofotografia",True,False,0.8404
Furto em Interior de Veículo,Área Rural,0,48,1,2023-12-31 02:29:00,3ª DP,"Luz forense/lanterna, Macrofotografia, Empoamento",False,False,0.166
Tentativa de Homicídio,Residência,1,18,2,2023-08-10 20:09:00,1ª DP,"Empoamento, Luz forense/lanterna, Macrofotografia",True,True,0.991
Suicídio,Estabelecimento Comercial,0,34,2,2023-03-23 13:35:00,DRFC (Furtos),"Luz forense/lanterna, Macrofotografia",False,False,0.1467
Infanticídio,Residência,2,91,2,2023-07-08 08:55:00,1ª DP,"Luz forense/lanterna, Macrofotografia, Empoamento",True,False,0.8976
Incêndio (sem vítima),Via Pública,6,26,6,2023-01-13 12:18:00,DRFC (Furtos),"Empoamento, Luz forense/lanterna, Macrofotografia",False,False,0.1258
Estelionato,Hospital,0,7,1,2023-07-17 13:31:00,DHPP (Homicídios),"Empoamento, Macrofotografia",False,False,0.1951
Furto,Via Pública,2,11,1,2023-05-21 01:24:00,3ª DP,"Luz forense/lanterna, Macrofotografia, Empoamento",True,True,0.484
Roubo Com Estupro,Estabelecimento Comercial,1,24,3,2023-06-27 11:07:00,DRFC (Furtos),"Luz forense/lanterna, Macrofotografia",False,False,0.7057
Estelionato,Residência,0,9,0,2023-07-24 18:47:00,3ª DP,Luz forense/lanterna,True,True,0.487
Pichação,Terreno Baldio,0,8,2,2023-07-23 17:44:00,DCA (Criança e Adolescente),"Empoamento, Macrofotografia",True,False,0.2812
Dano Seguido de Lesão Corporal,Estabelecimento Comercial,8,16,0,2023-02-18 22:16:00,DEAM (Mulher),Luz forense/lanterna,True,False,0.5919
Ossada Encontrada,Hospital,0,26,0,2023-01-21 11:14:00,DHPP (Homicídios),"Luz forense/lanterna, Empoamento",True,True,0.4771
Furto Qualificado (arrombamento),Via Pública,1,20,4,2023-11-18 09:19:00,DRFC (Furtos),"Macrofotografia, Empoamento, Luz forense/lanterna",True,True,0.4872
Tráfico de Entorpecentes,Terreno Baldio,0,49,6,2023-10-16 12:45:00,3ª DP,Empoamento,True,False,0.3487
Exercício Arbitrário das Próprias Razões,Terreno Baldio,1,16,3,2023-06-20 05:14:00,3ª DP,"Macrofotografia, Luz forense/lanterna",True,False,0.2647
Tentativa de Suicídio,Pátio,1,20,0,2023-12-25 15:12:00,DHPP (Homicídios),"Macrofotografia, Luz forense/lanterna",False,True,0.3446
Veículo Localizado (furtado ou roubado),Pátio,5,26,1,2023-06-09 03:21:00,DHPP (Homicídios),"Macrofotografia, Luz forense/lanterna, Empoamento",True,True,0.4911
Furto Qualificado (arrombamento),Pátio,7,112,0,2023-10-16 19:30:00,DHPP (Homicídios),"Luz forense/lanterna, Empoamento, Macrofotografia",False,False,0.1235
Violação de Sepultura,Pátio,5,14,2,2023-10-11 13:00:00,DEAM (Mulher),Luz forense/lanterna,True,False,0.3236
Feto Encontrado,Área Rural,0,40,0,2023-10-01 13:21:00,3ª DP,"Macrofotografia, Luz forense/lanterna",False,False,0.7349
Furto Qualificado (arrombamento),Via Pública,2,24,1,2023-07-18 21:58:00,3ª DP,"Empoamento, Macrofotografia, Luz forense/lanterna",False,True,0.2959
Afogamento,Hospital,3,9,4,2023-05-19 12:20:00,DRFC (Furtos),"Empoamento, Luz forense/lanterna, Macrofotografia",False,True,0.2755
Abandono de Incapaz,Pátio,3,10,1,2023-10-06 02:55:00,DHPP (Homicídios),"Luz forense/lanterna, Macrofotografia, Empoamento",False,False,0.7329
Desmanche de Veículos,Terreno Baldio,4,66,0,2023-09-30 05:10:00,DEAM (Mulher),"Empoamento, Macrofotografia, Luz forense/lanterna",True,False,0.2566
Suicídio,Pátio,8,38,0,2023-02-11 01:13:00,DHPP (Homicídios),Macrofotografia,False,True,0.3191
Marca em Animal,DP,7,6,0,2023-02-20 03:57:00,DCA (Criança e Adolescente),"Luz forense/lanterna, Empoamento",False,True,0.2705
Cadáver Encontrado,Pátio,0,29,1,2023-05-17 09:33:00,DRFC (Furtos),"Luz forense/lanterna, Empoamento, Macrofotografia",False,False,0.1552
Lesão Corporal,DP,3,14,0,2023-12-27 00:25:00,DHPP (Homicídios),Empoamento,True,True,0.7496
Furto d'água,Área Rural,7,13,1,2023-10-15 00:36:00,2ª DP,Luz forense/lanterna,True,False,0.2595
Roubo Com Estupro,Área Rural,0,113,1,2023-05-22 11:24:00,1ª DP,Luz forense/lanterna,False,True,0.8543
Afogamento,Via Pública,0,10,1,2023-02-10 04:45:00,DEAM (Mulher),"Luz forense/lanterna, Macrofotografia",True,True,0.4446
Estelionato,Pátio,4,6,3,2023-12-20 05:54:00,DRFC (Furtos),"Macrofotografia, Empoamento",False,False,0.1499
Adulteração de Placa e/ou Lacre,Via Pública,0,15,0,2023-05-26 07:00:00,DRFC (Furtos),"Macrofotografia, Empoamento, Luz forense/lanterna",False,True,0.2915
Exercício Arbitrário das Próprias Razões,Hospital,3,21,1,2023-10-08 18:25:00,DHPP (Homicídios),"Luz forense/lanterna, Empoamento",True,True,0.441
Furto de Energia Elétrica ou Termodinâmica,Área Rural,6,9,0,2023-07-01 15:23:00,3ª DP,Empoamento,False,False,0.1728
Tentativa de Homicídio,Hospital,6,61,1,2023-08-03 15:18:00,3ª DP,"Luz forense/lanterna, Macrofotografia",True,True,0.977
Incêndio (com vítima),Estabelecimento Comercial,6,11,0,2023-11-26 06:51:00,3ª DP,"Luz forense/lanterna, Macrofotografia",False,False,0.4482
Homicídio,Estabelecimento Comercial,0,19,1,2023-12-12 12:57:00,DCA (Criança e Adolescente),"Macrofotografia, Empoamento, Luz forense/lanterna",False,False,0.6715
Explosão (sem vítima),Pátio,5,25,2,2023-05-09 17:49:00,3ª DP,"Empoamento, Luz forense/lanterna",False,False,0.1333
Ossada Encontrada,Estabelecimento Comercial,1,24,1,2023-10-08 05:18:00,DRFC (Furtos),"Luz forense/lanterna, Macrofotografia, Empoamento",False,True,0.3235
Morte Aparentemente Natural,Via Pública,7,11,1,2023-05-26 07:02:00,3ª DP,"Luz forense/lanterna, Empoamento, Macrofotografia",True,True,0.4008
Furto em Interior de Veículo,Estabelecimento Comercial,0,17,1,2023-12-25 02:45:00,3ª DP,"Macrofotografia, Luz forense/lanterna, Empoamento",True,False,0.3055
Adulteração de Placa e/ou Lacre,Via Pública,2,10,0,2023-07-19 09:54:00,1ª DP,Macrofotografia,False,False,0.1938
Marca em Animal,Área Rural,3,13,0,2023-01-15 02:56:00,DHPP (Homicídios),"Empoamento, Luz forense/lanterna",True,True,0.4682
Incêndio (com vítima),Área Rural,1,26,2,2023-12-13 16:00:00,DRFC (Furtos),Empoamento,True,False,0.5993
Tentativa de Suicídio,Pátio,6,22,0,2023-12-16 23:24:00,3ª DP,"Luz forense/lanterna, Empoamento, Macrofotografia",False,True,0.3233
Morte Aparentemente Natural,Área Rural,1,19,1,2023-12-14 02:25:00,DEAM (Mulher),"Macrofotografia, Luz forense/lanterna",False,False,0.183
Explosão (com vítima),Terreno Baldio,0,11,0,2023-05-05 18:08:00,1ª DP,"Luz forense/lanterna, Empoamento",True,False,0.597
Homicídio,Estabelecimento Comercial,7,18,0,2023-01-17 21:40:00,1ª DP,"Luz forense/lanterna, Empoamento",False,False,0.661
Incêndio (com vítima),Hospital,0,5,0,2023-06-15 05:12:00,DHPP (Homicídios),"Luz forense/lanterna, Empoamento, Macrofotografia",True,False,0.5447
Ameaça,Residência,0,42,6,2023-10-29 13:12:00,DCA (Criança e Adolescente),"Luz forense/lanterna, Empoamento, Macrofotografia",True,False,0.3371
Maus Tratos de Animal,DP,8,67,5,2023-10-03 15:17:00,DEAM (Mulher),"Luz forense/lanterna, Macrofotografia, Empoamento",False,False,0.1273
Explosão (sem vítima),Terreno Baldio,4,6,2,2023-01-13 03:37:00,3ª DP,Macrofotografia,False,False,0.1216
Adulteração de Placa e/ou Lacre,Via Pública,3,28,0,2023-09-26 03:48:00,1ª DP,"Empoamento, Luz forense/lanterna",False,False,0.1035
Aborto,Terreno Baldio,8,8,1,2023-12-29 18:45:00,2ª DP,"Macrofotografia, Luz forense/lanterna, Empoamento",False,True,0.35
Pichação,Área Rural,1,5,0,2023-12-21 10:28:00,DHPP (Homicídios),Empoamento,False,False,0.1603
Roubo,Residência,4,5,1,2023-11-11 14:40:00,1ª DP,Empoamento,True,False,0.5597
Furto de Energia Elétrica ou Termodinâmica,Estabelecimento Comercial,9,10,0,2023-07-16 01:40:00,DCA (Criança e Adolescente),"Macrofotografia, Empoamento",False,False,0.1905
Feto Encontrado,Pátio,1,10,0,2023-07-25 15:05:00,1ª DP,Macrofotografia,True,False,0.8561
Local de Estupro e/ou Veículo Envolvido em Estupro,Terreno Baldio,0,10,1,2023-08-29 14:00:00,DRFC (Furtos),Macrofotografia,True,False,0.831
Roubo,Pátio,0,14,0,2023-01-24 19:02:00,3ª DP,"Macrofotografia, Empoamento",True,True,0.6939
Desmanche de Veículos,Via Pública,3,45,1,2023-10-14 15:18:00,2ª DP,"Luz forense/lanterna, Macrofotografia, Empoamento",True,False,0.3414
Exercício Arbitrário das Próprias Razões,Terreno Baldio,12,5,2,2023-07-13 07:04:00,2ª DP,Luz forense/lanterna,False,True,0.264
Violação de Domicílio,Residência,2,30,1,2023-01-19 10:55:00,1ª DP,"Luz forense/lanterna, Empoamento, Macrofotografia",False,False,0.1854
Veículo Localizado (furtado ou roubado),Via Pública,1,8,1,2023-12-24 00:52:00,DHPP (Homicídios),"Luz forense/lanterna, Empoamento",False,False,0.1369
Furto em Interior de Veículo,Estabelecimento Comercial,2,27,1,2023-12-24 17:50:00,1ª DP,Macrofotografia,False,False,0.1332
Roubo,Estabelecimento Comercial,0,27,0,2023-08-11 21:11:00,DCA (Criança e Adolescente),"Empoamento, Luz forense/lanterna",False,False,0.3591
Estelionato,Terreno Baldio,0,19,1,2023-03-13 15:01:00,3ª DP,"Empoamento, Macrofotografia, Luz forense/lanterna",False,True,0.3117
Afogamento,Terreno Baldio,2,15,1,2023-07-21 12:42:00,DRFC (Furtos),"Macrofotografia, Luz forense/lanterna, Empoamento",False,True,0.3118
Tentativa de Suicídio,Hospital,0,14,0,2023-06-16 03:39:00,DCA (Criança e Adolescente),"Empoamento, Luz forense/lanterna, Macrofotografia",False,False,0.117
Violação de Sepultura,Hospital,0,68,5,2023-03-22 13:07:00,DRFC (Furtos),"Macrofotografia, Luz forense/lanterna",True,False,0.261
Feto Encontrado,DP,7,5,0,2023-12-19 05:16:00,DHPP (Homicídios),"Macrofotografia, Luz forense/lanterna",False,False,0.7381
Tentativa de Suicídio,Área Rural,4,38,1,2023-11-01 20:07:00,DCA (Criança e Adolescente),"Macrofotografia, Empoamento, Luz forense/lanterna",True,False,0.2821
Aborto,Via Pública,3,61,5,2023-08-27 17:54:00,3ª DP,"Empoamento, Luz forense/lanterna, Macrofotografia",True,True,0.4938
Eletroplessão,Hospital,12,15,3,2023-06-22 04:32:00,1ª DP,Luz forense/lanterna,True,False,0.2653
Arremesso de Projétil,Residência,5,11,0,2023-08-05 19:27:00,3ª DP,"Luz forense/lanterna, Empoamento",False,False,0.1711
Maus Tratos de Animal,Terreno Baldio,3,10,3,2023-10-06 14:48:00,DCA (Criança e Adolescente),"Macrofotografia, Empoamento",True,False,0.3147
Aborto,Área Rural,2,28,5,2023-07-31 17:32:00,3ª DP,Macrofotografia,True,False,0.2887
Local de Estupro e/ou Veículo Envolvido em Estupro,Terreno Baldio,1,16,2,2023-03-25 02:30:00,DRFC (Furtos),"Luz forense/lanterna, Macrofotografia",False,False,0.6918
Tentativa de Homicídio,Via Pública,8,29,2,2023-12-11 12:30:00,DRFC (Furtos),"Macrofotografia, Empoamento, Luz forense/lanterna",False,False,0.7468
Veículo Localizado (furtado ou roubado),DP,1,82,3,2023-11-11 23:32:00,DCA (Criança e Adolescente),"Macrofotografia, Empoamento",False,False,0.1644
Maus Tratos de Animal,Área Rural,0,7,0,2023-04-16 08:35:00,3ª DP,"Empoamento, Macrofotografia, Luz forense/lanterna",True,False,0.3162
Furto em Interior de Veículo,Via Pública,8,110,3,2023-01-05 05:43:00,DRFC (Furtos),"Empoamento, Macrofotografia, Luz forense/lanterna",True,False,0.3425
Arremesso de Projétil,Hospital,0,36,5,2023-03-19 06:58:00,DHPP (Homicídios),"Luz forense/lanterna, Macrofotografia",False,False,0.1476
Suicídio,Residência,10,14,8,2023-05-25 22:39:00,1ª DP,"Luz forense/lanterna, Empoamento, Macrofotografia",True,True,0.4166
Maus Tratos de Animal,Terreno Baldio,5,19,2,2023-02-26 20:01:00,2ª DP,"Macrofotografia, Luz forense/lanterna",True,True,0.4337
Furto,Pátio,0,33,2,2023-02-25 21:05:00,DCA (Criança e Adolescente),"Empoamento, Macrofotografia, Luz forense/lanterna",False,True,0.3326
Incêndio (com vítima),Pátio,8,9,1,2023-04-20 16:33:00,1ª DP,"Luz forense/lanterna, Macrofotografia, Empoamento",True,False,0.5412
Extorsão,Hospital,0,9,5,2023-02-13 18:48:00,DEAM (Mulher),"Luz forense/lanterna, Empoamento",True,False,0.5072
Latrocínio e/ou Tentativa de Latrocínio,DP,7,6,0,2023-04-07 22:12:00,DEAM (Mulher),"Luz forense/lanterna, Macrofotografia",False,False,0.7494
Furto de Energia Elétrica ou Termodinâmica,Via Pública,1,11,0,2023-12-11 14:20:00,DCA (Criança e Adolescente),"Luz forense/lanterna, Empoamento",False,False,0.1428
Receptação,Pátio,0,9,0,2023-02-12 12:14:00,2ª DP,Macrofotografia,True,True,0.4362
Furto,Via Pública,1,9,1,2023-12-01 20:36:00,3ª DP,Luz forense/lanterna,False,True,0.283
Feto Encontrado,DP,6,6,0,2023-11-04 20:49:00,DCA (Criança e Adolescente),"Macrofotografia, Luz forense/lanterna, Empoamento",False,False,0.6541
Tráfico de Entorpecentes,Residência,6,23,0,2023-02-14 15:32:00,DEAM (Mulher),Macrofotografia,False,False,0.1089
Tentativa de Homicídio,Terreno Baldio,13,14,0,2023-02-10 16:36:00,DCA (Criança e Adolescente),Empoamento,False,False,0.7298
Dano Seguido de Lesão Corporal,Estabelecimento Comercial,0,33,1,2023-05-29 01:54:00,DRFC (Furtos),"Macrofotografia, Luz forense/lanterna",True,True,0.6613
Explosão (sem vítima),Residência,0,6,0,2023-06-01 08:05:00,3ª DP,"Macrofotografia, Empoamento",True,False,0.3436
Extorsão,Hospital,2,25,1,2023-08-27 05:26:00,DEAM (Mulher),Empoamento,False,False,0.4354
Explosão (sem vítima),Estabelecimento Comercial,0,12,1,2023-06-19 12:41:00,DHPP (Homicídios),"Macrofotografia, Luz forense/lanterna",True,False,0.2879
Morte Aparentemente Natural,Residência,0,8,1,2023-02-17 22:59:00,DEAM (Mulher),"Macrofotografia, Luz forense/lanterna",True,False,0.2548
Morte Aparentemente Natural,Pátio,0,7,1,2023-03-03 18:00:00,1ª DP,Macrofotografia,False,True,0.2911
Cadáver Encontrado,Via Pública,2,32,1,2023-09-17 18:10:00,DRFC (Furtos),"Empoamento, Macrofotografia, Luz forense/lanterna",False,False,0.1462
Furto Qualificado (arrombamento),Terreno Baldio,2,18,2,2023-11-17 20:17:00,1ª DP,"Macrofotografia, Luz forense/lanterna",False,True,0.314
Latrocínio e/ou Tentativa de Latrocínio,Via Pública,6,5,0,2023-10-21 11:49:00,DRFC (Furtos),"Luz forense/lanterna, Macrofotografia",False,True,0.8896
Receptação,Residência,3,9,3,2023-06-06 10:26:00,DEAM (Mulher),Macrofotografia,False,True,0.3409
Desmanche de Veículos,Estabelecimento Comercial,9,12,2,2023-04-27 15:30:00,DCA (Criança e Adolescente),"Empoamento, Luz forense/lanterna, Macrofotografia",True,True,0.4922
Adulteração de Placa e/ou Lacre,DP,8,12,2,2023-11-10 09:04:00,3ª DP,"Luz forense/lanterna, Macrofotografia",True,False,0.3055
Estelionato,Área Rural,6,13,1,2023-07-29 13:34:00,DRFC (Furtos),"Empoamento, Macrofotografia, Luz forense/lanterna",True,True,0.4693
Suicídio,Pátio,0,46,0,2023-12-28 22:15:00,DCA (Criança e Adolescente),Macrofotografia,True,True,0.4716
Explosão (sem vítima),DP,1,9,0,2023-09-26 16:20:00,1ª DP,"Luz forense/lanterna, Macrofotografia, Empoamento",True,False,0.2622
Aborto,Estabelecimento Comercial,1,24,1,2023-01-26 09:59:00,DHPP (Homicídios),Macrofotografia,False,True,0.3078
Homicídio,Terreno Baldio,3,30,7,2023-03-26 06:28:00,DRFC (Furtos),"Empoamento, Luz forense/lanterna, Macrofotografia",False,True,0.8536
Marca em Animal,Área Rural,1,7,1,2023-03-24 13:25:00,DHPP (Homicídios),"Macrofotografia, Empoamento, Luz forense/lanterna",False,False,0.1658
Roubo Com Estupro,Área Rural,0,28,1,2023-04-11 23:59:00,DHPP (Homicídios),Luz forense/lanterna,False,False,0.7253
Violação de Domicílio,Área Rural,0,28,4,2023-08-04 14:32:00,DHPP (Homicídios),Empoamento,True,True,0.4605
Roubo Com Estupro,Hospital,2,33,1,2023-09-17 18:22:00,DHPP (Homicídios),"Macrofotografia, Empoamento, Luz forense/lanterna",False,True,0.8255
Furto Qualificado (arrombamento),Hospital,6,7,1,2023-01-31 19:56:00,DEAM (Mulher),Macrofotografia,False,True,0.3213
Suicídio,Hospital,5,17,0,2023-06-08 15:22:00,1ª DP,"Macrofotografia, Empoamento",True,False,0.2967
Dano,Hospital,2,20,2,2023-01-28 11:58:00,2ª DP,"Macrofotografia, Luz forense/lanterna",False,False,0.1399
Local de Estupro e/ou Veículo Envolvido em Estupro,Terreno Baldio,0,23,2,2023-10-24 03:30:00,DRFC (Furtos),"Luz forense/lanterna, Empoamento, Macrofotografia",False,False,0.6734
Dano,Estabelecimento Comercial,2,48,2,2023-03-05 20:43:00,3ª DP,"Luz forense/lanterna, Macrofotografia, Empoamento",False,False,0.1145
Ossada Encontrada,Via Pública,2,12,1,2023-02-21 08:19:00,2ª DP,"Empoamento, Macrofotografia, Luz forense/lanterna",True,False,0.295
Feminicídio,Área Rural,1,15,1,2023-09-12 21:17:00,2ª DP,"Empoamento, Macrofotografia, Luz forense/lanterna",True,False,0.8733
Adulteração de Placa e/ou Lacre,Área Rural,3,14,1,2023-03-18 03:16:00,3ª DP,"Luz forense/lanterna, Empoamento, Macrofotografia",True,True,0.4153
Furto d'água,Terreno Baldio,1,21,1,2023-05-07 17:27:00,1ª DP,"Macrofotografia, Luz forense/lanterna",True,False,0.3445
Lesão Corporal,Terreno Baldio,0,25,0,2023-12-25 00:45:00,DHPP (Homicídios),"Empoamento, Luz forense/lanterna",True,False,0.5391
Tentativa de Homicídio,Residência,1,15,5,2023-09-18 22:33:00,DCA (Criança e Adolescente),Luz forense/lanterna,False,False,0.7046
Abandono de Incapaz,Via Pública,5,45,10,2023-12-20 20:57:00,DRFC (Furtos),Empoamento,True,False,0.862
Furto em Interior de Veículo,Estabelecimento Comercial,1,19,0,2023-09-14 09:28:00,3ª DP,Luz forense/lanterna,False,False,0.1081
Morte Aparentemente Natural,Terreno Baldio,1,28,0,2023-08-05 19:33:00,1ª DP,"Macrofotografia, Empoamento",True,True,0.4049
Disparo de Arma de Fogo,Estabelecimento Comercial,2,6,2,2023-03-10 20:40:00,DEAM (Mulher),"Macrofotografia, Empoamento",False,False,0.3636
Violação de Sepultura,Via Pública,2,12,2,2023-11-28 17:04:00,2ª DP,Luz forense/lanterna,True,True,0.4561
Afogamento,Estabelecimento Comercial,0,9,2,2023-05-22 07:26:00,1ª DP,"Macrofotografia, Empoamento, Luz forense/lanterna",True,False,0.2719
Furto de Energia Elétrica ou Termodinâmica,Terreno Baldio,3,14,0,2023-09-17 23:18:00,1ª DP,Luz forense/lanterna,False,False,0.1479
Violação de Sepultura,Área Rural,3,33,3,2023-07-10 22:34:00,3ª DP,"Macrofotografia, Empoamento",False,False,0.1444
Explosão (sem vítima),Área Rural,3,7,4,2023-05-07 20:49:00,DHPP (Homicídios),"Macrofotografia, Empoamento",False,False,0.1878
Roubo,Estabelecimento Comercial,0,37,0,2023-10-21 01:24:00,DEAM (Mulher),Empoamento,True,False,0.5141
Morte Aparentemente Natural,Residência,0,7,1,2023-02-07 23:20:00,1ª DP,"Luz forense/lanterna, Macrofotografia",True,False,0.252
Furto d'água,Pátio,0,17,1,2023-10-20 10:51:00,2ª DP,"Luz forense/lanterna, Empoamento",False,False,0.1458
Receptação,Via Pública,5,42,0,2023-04-11 04:03:00,DCA (Criança e Adolescente),"Empoamento, Macrofotografia",True,False,0.2765
Receptação,Estabelecimento Comercial,2,31,1,2023-11-23 17:54:00,3ª DP,"Empoamento, Luz forense/lanterna",True,True,0.4798
Ossada Encontrada,Pátio,0,12,0,2023-04-09 04:56:00,3ª DP,"Macrofotografia, Empoamento, Luz forense/lanterna",False,True,0.3057
Tentativa de Suicídio,Terreno Baldio,3,16,0,2023-02-11 05:39:00,DEAM (Mulher),Macrofotografia,False,False,0.1825
Receptação,Estabelecimento Comercial,0,6,0,2023-07-26 20:30:00,DRFC (Furtos),Empoamento,True,False,0.2898
Estelionato,Hospital,0,27,0,2023-11-25 15:45:00,DHPP (Homicídios),Luz forense/lanterna,True,False,0.2823
Furto d'água,Hospital,1,5,4,2023-12-02 11:14:00,1ª DP,"Empoamento, Luz forense/lanterna, Macrofotografia",True,True,0.439
Roubo,Residência,0,121,2,2023-03-05 18:57:00,DHPP (Homicídios),"Macrofotografia, Empoamento, Luz forense/lanterna",True,True,0.6808
Aborto,Pátio,15,54,7,2023-01-03 09:03:00,DEAM (Mulher),"Empoamento, Macrofotografia, Luz forense/lanterna",False,True,0.2901
Estelionato,Terreno Baldio,2,7,0,2023-04-06 02:00:00,1ª DP,"Luz forense/lanterna, Macrofotografia, Empoamento",False,False,0.1781
Desmanche de Veículos,DP,9,8,0,2023-09-13 03:21:00,DEAM (Mulher),"Macrofotografia, Empoamento, Luz forense/lanterna",True,False,0.288
Pichação,Residência,0,46,1,2023-05-27 02:26:00,2ª DP,Macrofotografia,True,True,0.4441
Extorsão,Área Rural,4,56,4,2023-02-01 22:53:00,3ª DP,Luz forense/lanterna,False,False,0.3541
Ossada Encontrada,DP,4,36,0,2023-06-27 03:54:00,DRFC (Furtos),"Macrofotografia, Luz forense/lanterna",True,False,0.3129
Local de Estupro e/ou Veículo Envolvido em Estupro,Pátio,1,10,1,2023-10-09 09:07:00,DCA (Criança e Adolescente),"Luz forense/lanterna, Macrofotografia, Empoamento",True,True,0.9833
Estelionato,Área Rural,0,27,1,2023-12-29 05:21:00,DRFC (Furtos),"Macrofotografia, Luz forense/lanterna, Empoamento",True,True,0.4046
Roubo Com Estupro,Residência,1,36,0,2023-09-03 02:20:00,DHPP (Homicídios),"Macrofotografia, Empoamento, Luz forense/lanterna",True,False,0.8177
Furto Qualificado (arrombamento),DP,0,18,1,2023-12-26 17:51:00,2ª DP,Empoamento,True,False,0.3379
Furto,Via Pública,1,13,0,2023-10-02 20:42:00,DRFC (Furtos),"Empoamento, Macrofotografia",False,False,0.131
Veículo Localizado (furtado ou roubado),Estabelecimento Comercial,2,7,2,2023-01-23 20:38:00,DEAM (Mulher),"Macrofotografia, Empoamento",False,True,0.3481
Feminicídio,Área Rural,8,19,4,2023-05-27 16:03:00,DEAM (Mulher),"Macrofotografia, Empoamento, Luz forense/lanterna",True,False,0.8404
Arremesso de Projétil,Via Pública,6,50,0,2023-07-04 22:56:00,DHPP (Homicídios),"Empoamento, Luz forense/lanterna, Macrofotografia",True,False,0.3019
Incêndio (com vítima),DP,9,7,0,2023-12-19 06:14:00,DCA (Criança e Adolescente),Empoamento,True,True,0.7283
Disparo de Arma de Fogo,Hospital,1,15,0,2023-07-26 12:27:00,3ª DP,"Empoamento, Luz forense/lanterna, Macrofotografia",True,False,0.5331
Dano Seguido de Lesão Corporal,Residência,10,28,1,2023-11-15 17:49:00,DEAM (Mulher),"Macrofotografia, Empoamento, Luz forense/lanterna",False,False,0.3691
Disparo de Arma de Fogo,Pátio,3,54,3,2023-09-21 15:51:00,1ª DP,"Luz forense/lanterna, Macrofotografia, Empoamento",False,False,0.392
Disparo de Arma de Fogo,Terreno Baldio,2,27,0,2023-10-05 14:45:00,3ª DP,"Empoamento, Luz forense/lanterna, Macrofotografia",True,False,0.5632
Feminicídio,Residência,0,50,9,2023-04-09 08:05:00,DRFC (Furtos),"Luz forense/lanterna, Empoamento, Macrofotografia",True,False,0.8311
Explosão (sem vítima),Via Pública,0,30,0,2023-05-18 12:22:00,DEAM (Mulher),"Empoamento, Macrofotografia",False,True,0.2896
Disparo de Arma de Fogo,Estabelecimento Comercial,5,15,0,2023-11-26 17:42:00,DHPP (Homicídios),"Macrofotografia, Empoamento",True,False,0.5472
Marca em Animal,Estabelecimento Comercial,5,49,2,2023-10-05 20:47:00,DCA (Criança e Adolescente),"Macrofotografia, Luz forense/lanterna",True,True,0.4476
Eletroplessão,Residência,1,16,0,2023-12-31 14:24:00,3ª DP,"Empoamento, Luz forense/lanterna",False,False,0.1148
Tentativa de Homicídio,Residência,0,16,0,2023-05-30 16:55:00,DEAM (Mulher),"Luz forense/lanterna, Empoamento, Macrofotografia",True,True,1.0
Feto Encontrado,Hospital,4,7,3,2023-04-24 00:18:00,2ª DP,"Macrofotografia, Empoamento",True,True,1.0
Tentativa de Suicídio,Estabelecimento Comercial,1,5,5,2023-11-05 05:27:00,3ª DP,"Luz forense/lanterna, Macrofotografia",True,True,0.4873
Violação de Domicílio,DP,0,12,6,2023-08-09 23:05:00,DEAM (Mulher),Empoamento,False,True,0.276
Veículo Localizado (furtado ou roubado),Terreno Baldio,2,11,1,2023-08-04 09:52:00,2ª DP,"Luz forense/lanterna, Macrofotografia",True,False,0.2894
Cadáver Encontrado,Pátio,0,18,4,2023-11-15 01:13:00,DHPP (Homicídios),"Empoamento, Macrofotografia, Luz forense/lanterna",False,True,0.2705
Tráfico de Entorpecentes,Terreno Baldio,4,36,2,2023-10-31 15:30:00,3ª DP,"Luz forense/lanterna, Empoamento",False,False,0.1628
Ossada Encontrada,Via Pública,1,44,2,2023-10-28 07:38:00,1ª DP,Empoamento,True,False,0.2509
Furto de Energia Elétrica ou Termodinâmica,Terreno Baldio,0,27,0,2023-09-27 11:09:00,DEAM (Mulher),"Empoamento, Luz forense/lanterna",False,True,0.3492
Arremesso de Projétil,Residência,0,16,2,2023-09-07 23:33:00,DCA (Criança e Adolescente),Luz forense/lanterna,True,True,0.4335
Explosão (com vítima),Terreno Baldio,5,29,2,2023-07-18 19:23:00,1ª DP,Luz forense/lanterna,True,False,0.5374
Cadáver Encontrado,Terreno Baldio,0,12,3,2023-04-03 17:47:00,1ª DP,"Empoamento, Luz forense/lanterna, Macrofotografia",True,True,0.4731
Feto Encontrado,Pátio,0,46,2,2023-05-15 04:54:00,2ª DP,"Macrofotografia, Empoamento, Luz forense/lanterna",True,False,0.8274
Veículo Localizado (furtado ou roubado),Hospital,2,20,0,2023-04-17 12:01:00,DHPP (Homicídios),Empoamento,False,False,0.158
Ameaça,Terreno Baldio,4,18,0,2023-07-15 13:21:00,3ª DP,"Macrofotografia, Luz forense/lanterna, Empoamento",True,False,0.2798
Afogamento,Terreno Baldio,5,27,0,2023-12-19 23:48:00,DEAM (Mulher),Luz forense/lanterna,True,True,0.4316
Pichação,Área Rural,1,78,0,2023-08-01 21:33:00,DRFC (Furtos),Macrofotografia,False,False,0.1836
Maus Tratos de Animal,Hospital,1,27,2,2023-06-04 18:30:00,DCA (Criança e Adolescente),"Luz forense/lanterna, Empoamento, Macrofotografia",True,True,0.4574
Local de Estupro e/ou Veículo Envolvido em Estupro,Residência,7,13,2,2023-02-26 07:07:00,1ª DP,Macrofotografia,False,False,0.6635
Afogamento,Residência,1,19,2,2023-11-11 00:26:00,DHPP (Homicídios),"Luz forense/lanterna, Macrofotografia, Empoamento",True,False,0.2549
Suicídio,Estabelecimento Comercial,1,14,0,2023-04-24 08:31:00,3ª DP,"Empoamento, Luz forense/lanterna, Macrofotografia",False,False,0.1089
Roubo Com Estupro,Via Pública,6,10,0,2023-07-30 22:34:00,DHPP (Homicídios),Macrofotografia,True,True,1.0
Furto em Interior de Veículo,Terreno Baldio,1,7,3,2023-01-23 02:59:00,3ª DP,"Luz forense/lanterna, Macrofotografia",True,False,0.2759
Tentativa de Homicídio,Área Rural,0,11,0,2023-10-11 03:32:00,DCA (Criança e Adolescente),"Luz forense/lanterna, Empoamento, Macrofotografia",False,False,0.7346
Receptação,Via Pública,0,6,1,2023-04-24 20:14:00,DCA (Criança e Adolescente),"Luz forense/lanterna, Empoamento",True,False,0.3161
Dano,Terreno Baldio,12,41,0,2023-11-16 13:15:00,DRFC (Furtos),"Macrofotografia, Luz forense/lanterna",True,True,0.4142
Furto,DP,2,39,0,2023-04-12 20:00:00,DHPP (Homicídios),Empoamento,True,False,0.2714
Maus Tratos de Animal,Área Rural,8,20,0,2023-10-15 18:51:00,DEAM (Mulher),"Empoamento, Luz forense/lanterna, Macrofotografia",False,False,0.1064
Ossada Encontrada,Pátio,0,19,6,2023-02-07 17:50:00,DHPP (Homicídios),"Macrofotografia, Luz forense/lanterna",True,False,0.3498
Veículo Localizado (furtado ou roubado),Via Pública,9,43,1,2023-04-05 23:19:00,2ª DP,Macrofotografia,False,True,0.2656
Tentativa de Homicídio,Via Pública,8,30,0,2023-06-18 23:16:00,2ª DP,"Luz forense/lanterna, Macrofotografia",True,False,0.8377
Furto,Terreno Baldio,1,10,2,2023-01-31 06:06:00,DHPP (Homicídios),"Luz forense/lanterna, Empoamento",False,True,0.271
Tentativa de Homicídio,Estabelecimento Comercial,2,13,0,2023-03-03 05:02:00,1ª DP,Luz forense/lanterna,True,False,0.8517
Suicídio,Estabelecimento Comercial,1,66,2,2023-12-30 21:17:00,DRFC (Furtos),Macrofotografia,True,False,0.2874
Incêndio (com vítima),Estabelecimento Comercial,11,19,4,2023-09-26 22:27:00,DHPP (Homicídios),Empoamento,False,True,0.5851
Local de Estupro e/ou Veículo Envolvido em Estupro,DP,2,9,0,2023-04-12 17:13:00,2ª DP,Macrofotografia,True,False,0.8865
Eletroplessão,Pátio,2,17,2,2023-01-06 18:30:00,3ª DP,"Luz forense/lanterna, Empoamento, Macrofotografia",False,False,0.1443
Eletroplessão,Terreno Baldio,0,36,0,2023-07-06 06:41:00,DRFC (Furtos),"Empoamento, Macrofotografia, Luz forense/lanterna",True,True,0.4607
Explosão (com vítima),Hospital,4,14,0,2023-01-01 22:01:00,DEAM (Mulher),"Empoamento, Luz forense/lanterna",True,True,0.6969
Arremesso de Projétil,Residência,5,74,2,2023-11-27 01:55:00,1ª DP,"Macrofotografia, Empoamento",True,True,0.4426
Ameaça,Pátio,6,36,0,2023-02-22 11:00:00,DEAM (Mulher),"Macrofotografia, Empoamento, Luz forense/lanterna",True,False,0.3112
Feto Encontrado,Hospital,8,14,4,2023-11-03 19:32:00,DEAM (Mulher),Empoamento,True,False,0.8779
Furto Qualificado (arrombamento),Via Pública,6,57,1,2023-03-29 22:51:00,2ª DP,"Macrofotografia, Empoamento",False,True,0.271
Roubo,Área Rural,0,17,2,2023-02-05 14:35:00,DEAM (Mulher),"Macrofotografia, Luz forense/lanterna, Empoamento",True,True,0.7146
Aborto,Terreno Baldio,0,5,1,2023-07-06 10:42:00,1ª DP,"Empoamento, Macrofotografia",True,False,0.2847
Aborto,Via Pública,6,31,5,2023-12-06 02:47:00,1ª DP,"Luz forense/lanterna, Macrofotografia, Empoamento",True,False,0.2946
Homicídio,Residência,0,18,0,2023-05-04 01:50:00,3ª DP,"Empoamento, Luz forense/lanterna, Macrofotografia",True,False,0.8487
Arremesso de Projétil,Área Rural,1,18,3,2023-07-31 09:25:00,3ª DP,"Empoamento, Luz forense/lanterna, Macrofotografia",False,True,0.262
Dano Seguido de Lesão Corporal,Estabelecimento Comercial,6,23,0,2023-10-28 00:44:00,DEAM (Mulher),"Macrofotografia, Luz forense/lanterna",False,False,0.4295
Lesão Corporal,Pátio,1,6,1,2023-04-05 17:23:00,1ª DP,"Luz forense/lanterna, Macrofotografia, Empoamento",True,True,0.6697
Feto Encontrado,Terreno Baldio,1,82,3,2023-11-23 01:47:00,DCA (Criança e Adolescente),"Macrofotografia, Empoamento",False,False,0.6546
Suicídio,Estabelecimento Comercial,1,28,0,2023-02-19 13:11:00,3ª DP,Luz forense/lanterna,True,False,0.2563
Suicídio,Estabelecimento Comercial,1,11,1,2023-11-16 01:09:00,3ª DP,"Luz forense/lanterna, Empoamento, Macrofotografia",False,False,0.1178
Violação de Domicílio,Estabelecimento Comercial,4,18,3,2023-07-24 20:25:00,DHPP (Homicídios),"Luz forense/lanterna, Macrofotografia",True,True,0.4157
Desmanche de Veículos,Via Pública,6,15,0,2023-03-07 19:54:00,DEAM (Mulher),"Empoamento, Macrofotografia, Luz forense/lanterna",True,False,0.2853
Eletroplessão,Terreno Baldio,10,23,0,2023-02-16 10:51:00,1ª DP,"Luz forense/lanterna, Macrofotografia",False,False,0.181
Desmanche de Veículos,Hospital,0,11,3,2023-02-04 15:38:00,3ª DP,"Luz forense/lanterna, Empoamento, Macrofotografia",True,True,0.4317
Receptação,DP,2,28,0,2023-04-02 00:29:00,DEAM (Mulher),"Luz forense/lanterna, Macrofotografia",True,False,0.3336
Abandono de Incapaz,Hospital,0,25,1,2023-01-07 11:32:00,1ª DP,"Luz forense/lanterna, Macrofotografia",False,False,0.6779
Furto de Energia Elétrica ou Termodinâmica,Área Rural,2,17,0,2023-06-02 14:33:00,1ª DP,"Luz forense/lanterna, Macrofotografia",True,False,0.3342
Tentativa de Homicídio,Terreno Baldio,1,8,0,2023-09-21 06:12:00,DCA (Criança e Adolescente),"Luz forense/lanterna, Empoamento, Macrofotografia",True,False,0.8175
Veículo Localizado (furtado ou roubado),DP,1,33,5,2023-09-19 02:18:00,DHPP (Homicídios),"Macrofotografia, Empoamento, Luz forense/lanterna",False,True,0.3174
Exercício Arbitrário das Próprias Razões,Pátio,4,37,7,2023-02-11 18:06:00,3ª DP,Empoamento,True,False,0.2773
Disparo de Arma de Fogo,Hospital,0,18,0,2023-07-23 21:10:00,DEAM (Mulher),"Empoamento, Luz forense/lanterna",False,False,0.4437
Violação de Sepultura,Via Pública,4,55,1,2023-01-02 06:39:00,1ª DP,"Macrofotografia, Luz forense/lanterna, Empoamento",True,False,0.3261
Dano,Residência,1,88,0,2023-09-11 10:18:00,3ª DP,"Luz forense/lanterna, Empoamento",False,True,0.2946
Roubo Com Estupro,Via Pública,0,13,0,2023-04-06 21:12:00,DHPP (Homicídios),"Empoamento, Luz forense/lanterna, Macrofotografia",True,True,1.0
Infanticídio,Pátio,11,23,0,2023-04-13 13:57:00,2ª DP,"Empoamento, Luz forense/lanterna, Macrofotografia",False,True,0.8769
Violação de Sepultura,Área Rural,0,45,1,2023-04-04 05:16:00,DHPP (Homicídios),"Empoamento, Luz forense/lanterna",True,True,0.4466
Furto d'água,Terreno Baldio,3,20,0,2023-02-20 05:39:00,2ª DP,"Luz forense/lanterna, Macrofotografia, Empoamento",False,False,0.1891
Arremesso de Projétil,DP,3,22,3,2023-09-12 20:57:00,DRFC (Furtos),"Luz forense/lanterna, Empoamento",False,False,0.1675
Furto Qualificado (arrombamento),Residência,0,17,0,2023-08-16 19:50:00,3ª DP,"Empoamento, Macrofotografia, Luz forense/lanterna",False,False,0.1696
Latrocínio e/ou Tentativa de Latrocínio,Terreno Baldio,0,13,0,2023-12-13 03:37:00,DHPP (Homicídios),Luz forense/lanterna,True,False,0.8317
Furto,Via Pública,3,15,4,2023-12-03 04:13:00,1ª DP,Luz forense/lanterna,False,True,0.3177
Furto em Interior de Veículo,Pátio,7,36,1,2023-07-08 11:00:00,DHPP (Homicídios),"Luz forense/lanterna, Macrofotografia, Empoamento",True,False,0.3213
Arremesso de Projétil,Residência,0,76,8,2023-02-01 22:47:00,3ª DP,Macrofotografia,True,False,0.3335
Estelionato,Área Rural,1,18,1,2023-03-30 12:15:00,DCA (Criança e Adolescente),"Empoamento, Luz forense/lanterna",True,True,0.4509
Incêndio (sem vítima),Hospital,1,32,2,2023-02-16 17:59:00,DHPP (Homicídios),Luz forense/lanterna,False,True,0.2829
Disparo de Arma de Fogo,Terreno Baldio,0,31,3,2023-02-16 11:49:00,1ª DP,Macrofotografia,False,True,0.5551
Dano Seguido de Lesão Corporal,Via Pública,1,5,0,2023-01-03 01:56:00,DEAM (Mulher),"Luz forense/lanterna, Empoamento, Macrofotografia",False,False,0.3857
Local de Estupro e/ou Veículo Envolvido em Estupro,Estabelecimento Comercial,6,17,0,2023-10-13 04:16:00,DHPP (Homicídios),"Macrofotografia, Empoamento",True,False,0.883
Latrocínio e/ou Tentativa de Latrocínio,Hospital,9,6,0,2023-07-16 23:26:00,3ª DP,"Empoamento, Luz forense/lanterna, Macrofotografia",False,True,0.8965
Violação de Domicílio,Pátio,0,19,2,2023-07-05 05:24:00,DEAM (Mulher),"Empoamento, Luz forense/lanterna",False,False,0.133
Roubo,DP,1,6,0,2023-04-05 04:51:00,DRFC (Furtos),"Macrofotografia, Empoamento",False,False,0.443
Disparo de Arma de Fogo,Via Pública,7,12,1,2023-04-25 20:39:00,3ª DP,"Empoamento, Macrofotografia",False,False,0.4124
Furto d'água,Via Pública,0,39,1,2023-04-21 20:22:00,DHPP (Homicídios),Empoamento,False,False,0.1114
Tentativa de Suicídio,Pátio,3,9,0,2023-08-05 21:43:00,DRFC (Furtos),"Empoamento, Luz forense/lanterna",True,False,0.3101
Roubo,Estabelecimento Comercial,0,11,3,2023-06-08 20:11:00,DEAM (Mulher),Empoamento,False,False,0.3858
Marca em Animal,Residência,11,55,3,2023-10-13 04:27:00,DRFC (Furtos),"Luz forense/lanterna, Macrofotografia, Empoamento",False,True,0.3366
Furto,Via Pública,4,44,2,2023-12-22 13:56:00,1ª DP,"Luz forense/lanterna, Macrofotografia, Empoamento",False,False,0.1567
Violação de Domicílio,Estabelecimento Comercial,1,21,1,2023-12-14 13:55:00,DEAM (Mulher),"Luz forense/lanterna, Macrofotografia, Empoamento",True,False,0.3359
Marca em Animal,Estabelecimento Comercial,0,12,4,2023-06-22 11:54:00,DHPP (Homicídios),"Luz forense/lanterna, Macrofotografia, Empoamento",True,False,0.2942
Receptação,Hospital,13,33,6,2023-01-25 23:30:00,DHPP (Homicídios),"Macrofotografia, Luz forense/lanterna, Empoamento",True,False,0.3144
Morte Aparentemente Natural,Terreno Baldio,2,19,3,2023-12-02 12:27:00,DHPP (Homicídios),"Macrofotografia, Empoamento, Luz forense/lanterna",True,False,0.3202
Homicídio,DP,5,19,1,2023-11-11 12:40:00,2ª DP,Empoamento,False,False,0.7349
Arremesso de Projétil,Pátio,1,18,0,2023-05-23 17:17:00,DRFC (Furtos),"Luz forense/lanterna, Macrofotografia",False,False,0.1368
Feminicídio,Hospital,0,40,0,2023-02-20 14:20:00,1ª DP,"Empoamento, Luz forense/lanterna",True,False,0.846
Morte Aparentemente Natural,Pátio,2,30,0,2023-02-13 08:48:00,DEAM (Mulher),"Empoamento, Macrofotografia",True,True,0.4292
Violação de Sepultura,Estabelecimento Comercial,0,14,0,2023-03-14 05:16:00,DHPP (Homicídios),"Empoamento, Luz forense/lanterna, Macrofotografia",False,False,0.1602
Ameaça,Via Pública,2,19,3,2023-07-27 07:00:00,DRFC (Furtos),"Macrofotografia, Empoamento, Luz forense/lanterna",False,True,0.2504
Tráfico de Entorpecentes,Pátio,3,13,1,2023-10-24 16:55:00,DEAM (Mulher),Macrofotografia,False,False,0.1323
Cadáver Encontrado,Via Pública,2,18,0,2023-12-24 00:51:00,1ª DP,"Luz forense/lanterna, Empoamento",True,False,0.3055
Local de Estupro e/ou Veículo Envolvido em Estupro,Terreno Baldio,6,8,2,2023-11-05 18:03:00,1ª DP,Macrofotografia,True,False,0.8471
Explosão (com vítima),DP,4,5,0,2023-12-26 16:37:00,DHPP (Homicídios),Macrofotografia,False,True,0.5402
Aborto,Terreno Baldio,11,5,2,2023-12-21 19:48:00,DHPP (Homicídios),"Macrofotografia, Empoamento",False,False,0.1179
Receptação,Residência,3,49,2,2023-07-20 18:22:00,3ª DP,Luz forense/lanterna,True,True,0.4987
Aborto,Via Pública,0,90,2,2023-01-19 19:30:00,1ª DP,"Luz forense/lanterna, Empoamento",False,False,0.1378
Furto Qualificado (arrombamento),Via Pública,0,12,0,2023-01-14 13:31:00,DRFC (Furtos),"Empoamento, Macrofotografia, Luz forense/lanterna",False,True,0.2971
Violação de Sepultura,Estabelecimento Comercial,6,14,1,2023-11-13 05:58:00,DCA (Criança e Adolescente),"Luz forense/lanterna, Macrofotografia",False,False,0.1597
Dano,Hospital,1,53,1,2023-03-22 12:07:00,1ª DP,"Empoamento, Luz forense/lanterna",False,False,0.1265
Cadáver Encontrado,DP,3,27,3,2023-02-18 09:12:00,1ª DP,Luz forense/lanterna,False,False,0.152
Infanticídio,Hospital,0,27,0,2023-01-08 17:42:00,DCA (Criança e Adolescente),"Macrofotografia, Empoamento, Luz forense/lanterna",True,False,0.8962
Pichação,DP,1,18,5,2023-01-19 18:07:00,3ª DP,"Macrofotografia, Luz forense/lanterna",False,False,0.1858
Furto d'água,Área Rural,2,16,1,2023-06-16 19:24:00,3ª DP,"Empoamento, Luz forense/lanterna, Macrofotografia",True,False,0.2902
Violação de Domicílio,Residência,5,17,2,2023-02-14 03:46:00,DHPP (Homicídios),"Luz forense/lanterna, Macrofotografia",False,False,0.1604
Roubo Com Estupro,Residência,2,41,2,2023-10-27 06:29:00,DEAM (Mulher),"Macrofotografia, Luz forense/lanterna",True,True,0.9808
Feto Encontrado,DP,0,61,0,2023-08-10 17:28:00,DCA (Criança e Adolescente),"Macrofotografia, Empoamento, Luz forense/lanterna",False,False,0.704
Estelionato,DP,0,10,0,2023-06-13 01:23:00,1ª DP,"Luz forense/lanterna, Macrofotografia, Empoamento",False,False,0.1288
Suicídio,Área Rural,3,22,3,2023-07-30 07:59:00,DCA (Criança e Adolescente),"Macrofotografia, Luz forense/lanterna",True,False,0.2698
Tráfico de Entorpecentes,DP,2,78,1,2023-03-16 21:46:00,3ª DP,"Macrofotografia, Empoamento",True,False,0.2629
Homicídio,DP,1,20,2,2023-06-17 05:18:00,2ª DP,"Empoamento, Luz forense/lanterna",True,False,0.8462
Roubo,Hospital,1,13,0,2023-01-12 12:33:00,DCA (Criança e Adolescente),"Macrofotografia, Empoamento, Luz forense/lanterna",False,False,0.3517
Adulteração de Placa e/ou Lacre,Estabelecimento Comercial,2,29,3,2023-06-06 22:33:00,DRFC (Furtos),"Empoamento, Luz forense/lanterna, Macrofotografia",False,False,0.1104
Furto,Pátio,4,9,0,2023-04-12 13:18:00,1ª DP,"Luz forense/lanterna, Macrofotografia, Empoamento",True,False,0.261
Latrocínio e/ou Tentativa de Latrocínio,Residência,0,72,2,2023-10-14 05:05:00,3ª DP,Luz forense/lanterna,False,False,0.686
Dano,Pátio,23,19,0,2023-01-27 15:00:00,DHPP (Homicídios),Luz forense/lanterna,True,True,0.4055
Suicídio,Terreno Baldio,1,12,7,2023-04-24 05:10:00,DHPP (Homicídios),"Macrofotografia, Empoamento, Luz forense/lanterna",False,True,0.2604
Infanticídio,Terreno Baldio,2,5,0,2023-04-17 10:17:00,DRFC (Furtos),"Macrofotografia, Luz forense/lanterna",False,False,0.7226
Tentativa de Homicídio,Estabelecimento Comercial,1,9,0,2023-07-19 00:24:00,DHPP (Homicídios),"Empoamento, Luz forense/lanterna, Macrofotografia",False,True,0.8915
Homicídio,Hospital,1,60,1,2023-06-25 03:37:00,DHPP (Homicídios),"Macrofotografia, Luz forense/lanterna",False,False,0.6921
Receptação,Residência,5,13,0,2023-06-10 00:52:00,1ª DP,"Macrofotografia, Luz forense/lanterna",False,False,0.1285
Roubo Com Estupro,DP,0,24,0,2023-04-26 16:04:00,2ª DP,"Empoamento, Macrofotografia",False,True,0.8279
Tentativa de Homicídio,Pátio,1,5,3,2023-03-05 10:48:00,DEAM (Mulher),"Macrofotografia, Empoamento",True,True,1.0
Roubo Com Estupro,Estabelecimento Comercial,2,22,2,2023-04-28 14:59:00,DRFC (Furtos),"Luz forense/lanterna, Empoamento, Macrofotografia",False,True,0.8465
Adulteração de Placa e/ou Lacre,Hospital,2,26,1,2023-05-25 08:25:00,DRFC (Furtos),Empoamento,True,False,0.2534
Tentativa de Homicídio,DP,7,7,0,2023-07-15 00:22:00,DEAM (Mulher),Macrofotografia,True,True,0.9844
Arremesso de Projétil,Pátio,11,24,1,2023-12-01 14:44:00,2ª DP,"Luz forense/lanterna, Macrofotografia",False,False,0.1123
Incêndio (com vítima),Via Pública,1,60,0,2023-05-31 05:49:00,DRFC (Furtos),Macrofotografia,False,False,0.4236
Dano,Estabelecimento Comercial,2,25,0,2023-07-18 03:21:00,DEAM (Mulher),"Macrofotografia, Empoamento",False,False,0.1522
Cadáver Encontrado,Área Rural,3,16,1,2023-07-04 05:54:00,2ª DP,"Macrofotografia, Empoamento",True,False,0.2735
Incêndio (sem vítima),Terreno Baldio,2,29,1,2023-02-20 13:11:00,DHPP (Homicídios),"Empoamento, Luz forense/lanterna, Macrofotografia",True,True,0.4324
Afogamento,Estabelecimento Comercial,0,11,0,2023-09-08 03:33:00,DRFC (Furtos),Empoamento,True,False,0.3407
Homicídio,Residência,6,27,1,2023-08-23 12:09:00,DEAM (Mulher),"Macrofotografia, Empoamento, Luz forense/lanterna",False,True,0.8264
Ameaça,DP,11,12,2,2023-08-24 00:05:00,DHPP (Homicídios),"Luz forense/lanterna, Macrofotografia",False,False,0.1574
Aborto,Área Rural,3,6,2,2023-12-10 18:14:00,DHPP (Homicídios),"Luz forense/lanterna, Empoamento",False,False,0.1969
Dano,Via Pública,1,6,0,2023-12-20 09:28:00,DRFC (Furtos),"Macrofotografia, Empoamento",True,False,0.3208
Extorsão,Pátio,5,87,3,2023-12-23 13:34:00,DCA (Criança e Adolescente),Luz forense/lanterna,False,False,0.4103
Cadáver Encontrado,Residência,0,10,1,2023-08-29 17:34:00,DCA (Criança e Adolescente),"Empoamento, Luz forense/lanterna, Macrofotografia",True,False,0.3372
Infanticídio,Terreno Baldio,3,12,0,2023-01-03 17:31:00,DEAM (Mulher),Luz forense/lanterna,True,True,1.0
Latrocínio e/ou Tentativa de Latrocínio,Área Rural,2,57,0,2023-01-12 06:47:00,DHPP (Homicídios),"Empoamento, Macrofotografia",False,False,0.6545
Feto Encontrado,Área Rural,1,30,0,2023-11-30 18:54:00,3ª DP,"Empoamento, Macrofotografia",False,False,0.6962
Roubo Com Estupro,Área Rural,8,9,1,2023-01-04 04:51:00,DHPP (Homicídios),"Luz forense/lanterna, Macrofotografia, Empoamento",True,False,0.8428
Morte Aparentemente Natural,Pátio,0,13,0,2023-12-28 03:30:00,DRFC (Furtos),"Luz forense/lanterna, Empoamento",True,False,0.2801
Tentativa de Suicídio,Residência,1,21,1,2023-07-21 13:03:00,1ª DP,"Macrofotografia, Luz forense/lanterna",True,True,0.4191
Homicídio,Hospital,0,82,1,2023-02-24 06:25:00,DRFC (Furtos),"Empoamento, Luz forense/lanterna, Macrofotografia",False,False,0.668
Homicídio,DP,1,37,0,2023-08-11 04:35:00,DHPP (Homicídios),"Empoamento, Luz forense/lanterna",False,True,0.8287
Aborto,DP,0,60,0,2023-11-06 05:06:00,DRFC (Furtos),"Luz forense/lanterna, Empoamento, Macrofotografia",True,False,0.3093
Explosão (sem vítima),Pátio,2,26,1,2023-04-16 17:56:00,3ª DP,"Luz forense/lanterna, Empoamento",True,True,0.4751
Maus Tratos de Animal,Pátio,0,8,0,2023-05-01 00:26:00,DCA (Criança e Adolescente),Luz forense/lanterna,False,True,0.3052
Receptação,DP,0,28,1,2023-07-17 09:28:00,1ª DP,Luz forense/lanterna,False,True,0.2746
Dano,Hospital,0,8,1,2023-03-07 12:02:00,3ª DP,"Empoamento, Macrofotografia",True,False,0.3403
Maus Tratos de Animal,Residência,1,15,1,2023-12-14 02:57:00,DCA (Criança e Adolescente),"Empoamento, Macrofotografia, Luz forense/lanterna",True,True,0.4473
Exercício Arbitrário das Próprias Razões,DP,13,31,4,2023-08-11 07:41:00,DHPP (Homicídios),"Empoamento, Luz forense/lanterna, Macrofotografia",True,False,0.3289
Violação de Sepultura,Estabelecimento Comercial,2,37,1,2023-12-03 19:46:00,2ª DP,Macrofotografia,False,True,0.283
Aborto,Residência,1,97,0,2023-12-22 07:23:00,3ª DP,Macrofotografia,True,False,0.3449
Cadáver Encontrado,Via Pública,8,23,6,2023-07-21 04:28:00,DEAM (Mulher),Empoamento,False,False,0.1119
Desmanche de Veículos,Hospital,16,8,1,2023-07-16 07:22:00,3ª DP,Luz forense/lanterna,False,False,0.112
Pichação,DP,0,39,6,2023-07-20 12:18:00,2ª DP,Macrofotografia,True,False,0.3494
Dano Seguido de Lesão Corporal,Terreno Baldio,0,21,0,2023-12-18 20:14:00,DCA (Criança e Adolescente),"Empoamento, Macrofotografia, Luz forense/lanterna",True,False,0.5722
Afogamento,Estabelecimento Comercial,0,17,0,2023-03-02 14:27:00,2ª DP,"Macrofotografia, Luz forense/lanterna, Empoamento",True,False,0.2575
Estelionato,DP,5,31,2,2023-07-06 01:35:00,1ª DP,Luz forense/lanterna,True,False,0.304
Violação de Sepultura,Via Pública,12,29,0,2023-11-10 20:24:00,2ª DP,"Macrofotografia, Empoamento, Luz forense/lanterna",False,False,0.131
Morte Aparentemente Natural,Residência,9,14,2,2023-08-24 11:48:00,DRFC (Furtos),"Empoamento, Luz forense/lanterna",False,False,0.1542
Roubo,Terreno Baldio,0,30,3,2023-10-13 05:20:00,DHPP (Homicídios),"Luz forense/lanterna, Macrofotografia",False,True,0.5058
Ossada Encontrada,Estabelecimento Comercial,1,32,3,2023-08-07 19:42:00,DRFC (Furtos),"Macrofotografia, Luz forense/lanterna, Empoamento",True,False,0.3193
Desmanche de Veículos,DP,0,24,0,2023-01-23 06:56:00,DRFC (Furtos),Macrofotografia,False,False,0.1324
Local de Estupro e/ou Veículo Envolvido em Estupro,Via Pública,9,14,2,2023-07-09 07:02:00,1ª DP,"Luz forense/lanterna, Empoamento, Macrofotografia",True,False,0.8088
Furto em Interior de Veículo,Residência,1,42,4,2023-08-25 09:29:00,1ª DP,"Luz forense/lanterna, Empoamento, Macrofotografia",True,False,0.2882
Ameaça,Hospital,1,56,2,2023-03-12 22:20:00,DRFC (Furtos),"Luz forense/lanterna, Macrofotografia, Empoamento",True,False,0.2503
Veículo Localizado (furtado ou roubado),Pátio,8,5,5,2023-01-23 03:52:00,1ª DP,Luz forense/lanterna,False,False,0.1291
Pichação,Via Pública,6,13,2,2023-04-18 09:05:00,1ª DP,Luz forense/lanterna,False,False,0.1206
Feminicídio,Residência,0,18,2,2023-01-03 09:48:00,2ª DP,Luz forense/lanterna,True,False,0.8911
Exercício Arbitrário das Próprias Razões,Terreno Baldio,2,20,1,2023-09-02 01:52:00,DEAM (Mulher),"Macrofotografia, Empoamento, Luz forense/lanterna",True,True,0.4896
Incêndio (com vítima),Via Pública,3,9,3,2023-12-26 16:48:00,DCA (Criança e Adolescente),"Luz forense/lanterna, Macrofotografia",False,True,0.5049
Furto,Residência,1,52,3,2023-12-07 13:13:00,3ª DP,Macrofotografia,False,False,0.1083
Pichação,Via Pública,16,31,2,2023-06-04 20:07:00,2ª DP,"Empoamento, Macrofotografia, Luz forense/lanterna",True,False,0.319
Estelionato,Terreno Baldio,6,71,0,2023-02-13 23:16:00,3ª DP,"Luz forense/lanterna, Empoamento",False,False,0.1895
Extorsão,Via Pública,0,6,1,2023-01-16 21:01:00,DHPP (Homicídios),"Macrofotografia, Luz forense/lanterna",True,True,0.7262
Roubo,Pátio,4,65,1,2023-01-24 12:08:00,DRFC (Furtos),"Empoamento, Luz forense/lanterna",True,True,0.6787
Disparo de Arma de Fogo,Residência,0,12,1,2023-06-07 16:05:00,DHPP (Homicídios),"Macrofotografia, Empoamento",False,False,0.3811
Extorsão,Área Rural,2,15,0,2023-09-13 00:07:00,DEAM (Mulher),Empoamento,True,False,0.5497
Explosão (sem vítima),Área Rural,5,7,2,2023-06-21 19:55:00,DHPP (Homicídios),Empoamento,True,True,0.4529
Feminicídio,DP,4,24,1,2023-02-17 14:09:00,1ª DP,"Empoamento, Macrofotografia, Luz forense/lanterna",True,False,0.8157
Dano Seguido de Lesão Corporal,Via Pública,1,27,0,2023-07-02 15:51:00,DCA (Criança e Adolescente),"Luz forense/lanterna, Macrofotografia",False,False,0.4332
Extorsão,Terreno Baldio,1,21,1,2023-12-21 16:11:00,DCA (Criança e Adolescente),"Macrofotografia, Empoamento, Luz forense/lanterna",False,False,0.3753
Abandono de Incapaz,Área Rural,0,25,0,2023-07-07 20:44:00,3ª DP,"Luz forense/lanterna, Empoamento",False,False,0.6627
Furto,Via Pública,4,60,6,2023-10-18 09:17:00,DEAM (Mulher),"Empoamento, Macrofotografia, Luz forense/lanterna",True,False,0.2744
Roubo Com Estupro,DP,3,14,1,2023-12-01 16:35:00,2ª DP,Empoamento,False,False,0.6887
Receptação,DP,0,11,0,2023-10-06 11:51:00,2ª DP,Luz forense/lanterna,False,True,0.2536
Latrocínio e/ou Tentativa de Latrocínio,Área Rural,2,25,1,2023-06-20 05:58:00,DCA (Criança e Adolescente),"Macrofotografia, Luz forense/lanterna",False,False,0.6622
Furto d'água,Estabelecimento Comercial,3,24,2,2023-04-07 07:25:00,DHPP (Homicídios),"Macrofotografia, Luz forense/lanterna",True,True,0.4801
Homicídio,Via Pública,0,7,0,2023-06-02 06:21:00,2ª DP,"Empoamento, Macrofotografia, Luz forense/lanterna",False,False,0.6735
Furto de Energia Elétrica ou Termodinâmica,DP,1,27,0,2023-03-19 21:49:00,3ª DP,Empoamento,True,False,0.3144
Latrocínio e/ou Tentativa de Latrocínio,Pátio,2,6,1,2023-09-17 06:18:00,DCA (Criança e Adolescente),"Luz forense/lanterna, Macrofotografia",False,True,0.8748
Incêndio (sem vítima),Via Pública,2,103,7,2023-03-14 07:23:00,1ª DP,"Empoamento, Macrofotografia, Luz forense/lanterna",True,False,0.2835
Afogamento,Estabelecimento Comercial,0,14,1,2023-06-02 23:40:00,DHPP (Homicídios),"Luz forense/lanterna, Macrofotografia, Empoamento",True,False,0.2734
Disparo de Arma de Fogo,Estabelecimento Comercial,7,57,5,2023-03-02 13:31:00,DRFC (Furtos),Empoamento,False,False,0.4141
Tentativa de Suicídio,Via Pública,6,92,2,2023-09-29 11:19:00,1ª DP,"Macrofotografia, Luz forense/lanterna, Empoamento",True,False,0.2666
Incêndio (sem vítima),Terreno Baldio,6,5,0,2023-12-07 04:04:00,DHPP (Homicídios),Luz forense/lanterna,True,False,0.3426
Violação de Sepultura,Estabelecimento Comercial,0,5,5,2023-04-13 03:02:00,DHPP (Homicídios),"Luz forense/lanterna, Macrofotografia",True,True,0.4151
Dano,Área Rural,1,49,1,2023-04-23 01:07:00,DRFC (Furtos),"Empoamento, Macrofotografia",False,False,0.1584
Furto de Energia Elétrica ou Termodinâmica,Terreno Baldio,0,34,1,2023-06-17 03:09:00,2ª DP,Luz forense/lanterna,False,False,0.1613
Furto,Via Pública,1,18,3,2023-04-13 10:06:00,1ª DP,"Luz forense/lanterna, Macrofotografia",True,True,0.4766
Dano,Terreno Baldio,1,22,3,2023-04-28 09:15:00,DRFC (Furtos),Empoamento,False,False,0.151
Eletroplessão,Residência,0,18,9,2023-08-29 12:02:00,2ª DP,"Macrofotografia, Empoamento",True,True,0.4521
Maus Tratos de Animal,DP,6,15,1,2023-08-10 03:14:00,DRFC (Furtos),Empoamento,True,False,0.2705
Roubo Com Estupro,Área Rural,2,5,0,2023-11-14 04:20:00,DCA (Criança e Adolescente),"Macrofotografia, Luz forense/lanterna, Empoamento",False,False,0.7122
Maus Tratos de Animal,Via Pública,10,12,1,2023-01-19 12:03:00,DEAM (Mulher),"Luz forense/lanterna, Macrofotografia, Empoamento",False,False,0.1088
Aborto,Estabelecimento Comercial,6,7,0,2023-03-28 08:38:00,DEAM (Mulher),Macrofotografia,True,True,0.4774
Furto de Energia Elétrica ou Termodinâmica,Via Pública,3,51,2,2023-12-14 04:36:00,DCA (Criança e Adolescente),Macrofotografia,False,False,0.1975
Feminicídio,DP,6,28,0,2023-08-02 04:01:00,3ª DP,Macrofotografia,True,False,0.824
Furto d'água,Estabelecimento Comercial,1,16,1,2023-09-30 02:17:00,DEAM (Mulher),Macrofotografia,True,False,0.3058
Pichação,Residência,2,7,0,2023-02-09 22:35:00,3ª DP,"Macrofotografia, Empoamento, Luz forense/lanterna",False,False,0.1949
Feto Encontrado,Área Rural,12,8,1,2023-08-22 12:08:00,2ª DP,"Luz forense/lanterna, Empoamento",False,False,0.6942
Exercício Arbitrário das Próprias Razões,Pátio,0,26,1,2023-10-28 14:49:00,3ª DP,Empoamento,True,False,0.3109
Afogamento,Hospital,4,5,0,2023-10-05 21:35:00,2ª DP,"Empoamento, Luz forense/lanterna",False,True,0.3464
Veículo Localizado (furtado ou roubado),Área Rural,5,21,1,2023-03-12 16:49:00,1ª DP,"Empoamento, Macrofotografia",False,False,0.1864
Local de Estupro e/ou Veículo Envolvido em Estupro,Pátio,0,42,1,2023-06-17 21:02:00,2ª DP,Macrofotografia,True,False,0.8074
Furto em Interior de Veículo,Área Rural,0,10,2,2023-01-04 22:57:00,DHPP (Homicídios),Empoamento,False,True,0.3378
Receptação,Hospital,0,9,5,2023-06-11 08:49:00,DEAM (Mulher),"Empoamento, Macrofotografia",True,True,0.4007
Incêndio (com vítima),Estabelecimento Comercial,0,22,3,2023-07-22 05:51:00,2ª DP,Macrofotografia,False,False,0.3703
Explosão (com vítima),Residência,5,9,1,2023-08-30 10:13:00,2ª DP,"Macrofotografia, Empoamento, Luz forense/lanterna",True,False,0.5547
Feminicídio,Residência,1,17,1,2023-12-15 06:02:00,DEAM (Mulher),Macrofotografia,True,False,0.8708
Local de Estupro e/ou Veículo Envolvido em Estupro,Área Rural,0,5,0,2023-12-22 18:37:00,2ª DP,"Macrofotografia, Luz forense/lanterna, Empoamento",True,False,0.8824
Exercício Arbitrário das Próprias Razões,Estabelecimento Comercial,2,5,5,2023-09-13 16:41:00,1ª DP,"Luz forense/lanterna, Empoamento, Macrofotografia",True,False,0.3491
Dano Seguido de Lesão Corporal,Terreno Baldio,1,6,0,2023-03-08 03:02:00,1ª DP,"Macrofotografia, Luz forense/lanterna, Empoamento",False,False,0.3935
Exercício Arbitrário das Próprias Razões,Via Pública,0,25,0,2023-11-24 16:57:00,1ª DP,"Empoamento, Luz forense/lanterna",True,False,0.287
Suicídio,Residência,0,6,1,2023-01-21 16:57:00,3ª DP,"Macrofotografia, Empoamento, Luz forense/lanterna",False,False,0.1263
Homicídio,DP,1,13,2,2023-11-09 00:52:00,DHPP (Homicídios),"Luz forense/lanterna, Empoamento",False,True,0.8607
Infanticídio,Área Rural,7,18,7,2023-01-11 16:50:00,DHPP (Homicídios),"Macrofotografia, Luz forense/lanterna, Empoamento",False,False,0.6782
Furto de Energia Elétrica ou Termodinâmica,Terreno Baldio,5,14,2,2023-05-18 01:27:00,DEAM (Mulher),Macrofotografia,False,False,0.1234
Lesão Corporal,Via Pública,0,35,0,2023-03-02 21:43:00,DHPP (Homicídios),"Luz forense/lanterna, Macrofotografia",True,False,0.5386
Arremesso de Projétil,Terreno Baldio,1,6,2,2023-02-20 19:50:00,DHPP (Homicídios),"Macrofotografia, Empoamento, Luz forense/lanterna",True,True,0.4046
Explosão (com vítima),DP,5,11,0,2023-09-27 20:41:00,1ª DP,"Luz forense/lanterna, Empoamento, Macrofotografia",True,False,0.5622
Incêndio (sem vítima),Via Pública,6,5,9,2023-04-10 20:11:00,3ª DP,"Macrofotografia, Empoamento",False,True,0.3397
Furto d'água,Hospital,0,9,3,2023-01-24 16:44:00,DCA (Criança e Adolescente),"Macrofotografia, Empoamento",False,False,0.1584
Lesão Corporal,Via Pública,0,44,14,2023-05-22 21:06:00,2ª DP,"Empoamento, Luz forense/lanterna",False,False,0.415
Dano,Área Rural,3,13,0,2023-03-01 09:33:00,DRFC (Furtos),"Empoamento, Luz forense/lanterna",False,False,0.179
Latrocínio e/ou Tentativa de Latrocínio,Área Rural,2,17,9,2023-11-09 10:48:00,3ª DP,"Empoamento, Macrofotografia, Luz forense/lanterna",True,False,0.8167
Furto de Energia Elétrica ou Termodinâmica,Pátio,4,16,4,2023-05-13 18:02:00,DRFC (Furtos),"Empoamento, Macrofotografia",True,True,0.4769
Feto Encontrado,Via Pública,1,30,4,2023-04-13 21:58:00,DCA (Criança e Adolescente),"Luz forense/lanterna, Macrofotografia, Empoamento",True,True,1.0
Eletroplessão,Pátio,1,26,1,2023-04-13 13:21:00,DEAM (Mulher),"Macrofotografia, Luz forense/lanterna",True,True,0.4097
Tráfico de Entorpecentes,Residência,1,13,0,2023-07-27 10:18:00,DHPP (Homicídios),"Macrofotografia, Luz forense/lanterna, Empoamento",False,False,0.1058
Feto Encontrado,Hospital,0,17,0,2023-08-13 04:27:00,3ª DP,"Luz forense/lanterna, Macrofotografia, Empoamento",True,True,0.9727
Homicídio,Pátio,1,18,3,2023-04-19 05:43:00,1ª DP,"Luz forense/lanterna, Empoamento, Macrofotografia",True,False,0.8928
Violação de Sepultura,Pátio,5,7,1,2023-06-16 09:18:00,3ª DP,"Luz forense/lanterna, Empoamento, Macrofotografia",True,False,0.2862
Latrocínio e/ou Tentativa de Latrocínio,DP,1,12,0,2023-11-16 21:14:00,DEAM (Mulher),"Luz forense/lanterna, Empoamento, Macrofotografia",True,False,0.8771
Local de Estupro e/ou Veículo Envolvido em Estupro,Terreno Baldio,0,44,1,2023-11-05 07:02:00,2ª DP,"Macrofotografia, Empoamento",False,False,0.69
Abandono de Incapaz,Estabelecimento Comercial,1,30,1,2023-01-13 07:54:00,3ª DP,"Luz forense/lanterna, Empoamento, Macrofotografia",True,True,1.0
Disparo de Arma de Fogo,Via Pública,1,42,1,2023-07-08 06:05:00,DCA (Criança e Adolescente),"Luz forense/lanterna, Empoamento",False,True,0.5007
Homicídio,Estabelecimento Comercial,1,12,5,2023-04-13 22:34:00,DEAM (Mulher),"Luz forense/lanterna, Macrofotografia, Empoamento",False,False,0.6974
Tráfico de Entorpecentes,Estabelecimento Comercial,10,5,0,2023-10-22 15:13:00,2ª DP,Macrofotografia,True,False,0.2948
Cadáver Encontrado,Residência,2,9,4,2023-11-26 13:59:00,DCA (Criança e Adolescente),Empoamento,False,False,0.1051
Estelionato,Hospital,2,35,1,2023-03-19 23:10:00,DEAM (Mulher),"Empoamento, Luz forense/lanterna, Macrofotografia",False,False,0.1811
Morte Aparentemente Natural,Estabelecimento Comercial,1,29,3,2023-09-22 12:11:00,DEAM (Mulher),"Empoamento, Luz forense/lanterna",True,True,0.4372
Afogamento,DP,8,14,4,2023-09-09 21:20:00,2ª DP,"Empoamento, Macrofotografia, Luz forense/lanterna",True,False,0.3186
Adulteração de Placa e/ou Lacre,Terreno Baldio,1,19,0,2023-01-03 06:14:00,2ª DP,"Empoamento, Luz forense/lanterna",True,False,0.293
Incêndio (com vítima),Terreno Baldio,5,54,4,2023-04-30 09:49:00,DEAM (Mulher),Empoamento,True,False,0.5776
Feminicídio,Estabelecimento Comercial,3,8,0,2023-11-09 21:12:00,DRFC (Furtos),"Luz forense/lanterna, Empoamento",True,False,0.876
Afogamento,Área Rural,3,40,6,2023-02-22 14:44:00,DCA (Criança e Adolescente),Empoamento,False,False,0.1136
Roubo,Área Rural,0,53,1,2023-03-09 07:44:00,DRFC (Furtos),"Luz forense/lanterna, Empoamento",False,True,0.5589
Furto em Interior de Veículo,Área Rural,2,40,5,2023-05-12 04:18:00,DRFC (Furtos),"Macrofotografia, Empoamento, Luz forense/lanterna",True,True,0.4638
Tentativa de Suicídio,Pátio,3,10,5,2023-05-13 11:49:00,1ª DP,"Macrofotografia, Luz forense/lanterna",False,False,0.1421
Suicídio,Pátio,3,66,1,2023-11-08 22:47:00,DCA (Criança e Adolescente),Empoamento,True,False,0.2997
Cadáver Encontrado,Área Rural,4,27,3,2023-09-27 17:41:00,DCA (Criança e Adolescente),"Empoamento, Macrofotografia, Luz forense/lanterna",True,False,0.2511
Veículo Localizado (furtado ou roubado),Residência,13,31,4,2023-02-08 13:47:00,3ª DP,Macrofotografia,True,False,0.2814
Extorsão,Via Pública,1,14,2,2023-10-10 17:27:00,DRFC (Furtos),"Luz forense/lanterna, Macrofotografia",True,False,0.5281
Morte Aparentemente Natural,DP,9,23,6,2023-07-16 08:52:00,DCA (Criança e Adolescente),Empoamento,True,False,0.3357
Furto de Energia Elétrica ou Termodinâmica,Hospital,0,25,1,2023-03-13 21:58:00,2ª DP,"Macrofotografia, Empoamento, Luz forense/lanterna",True,False,0.2784
Abandono de Incapaz,Hospital,0,30,1,2023-02-21 06:27:00,3ª DP,"Empoamento, Macrofotografia, Luz forense/lanterna",True,False,0.8275
Aborto,Hospital,3,15,0,2023-06-12 11:56:00,2ª DP,"Macrofotografia, Empoamento",True,True,0.4389
Dano Seguido de Lesão Corporal,Área Rural,1,29,0,2023-01-22 18:17:00,DRFC (Furtos),"Macrofotografia, Luz forense/lanterna, Empoamento",False,False,0.4122
Furto Qualificado (arrombamento),Área Rural,0,56,2,2023-08-25 19:50:00,1ª DP,"Empoamento, Luz forense/lanterna",True,False,0.334
Estelionato,Via Pública,1,22,1,2023-03-09 22:01:00,2ª DP,Macrofotografia,True,True,0.4746
Violação de Domicílio,DP,3,9,3,2023-02-28 10:09:00,DHPP (Homicídios),"Macrofotografia, Empoamento, Luz forense/lanterna",True,True,0.4494
Incêndio (com vítima),Hospital,5,8,3,2023-05-14 08:25:00,3ª DP,Macrofotografia,True,False,0.5638
Exercício Arbitrário das Próprias Razões,Estabelecimento Comercial,3,8,2,2023-05-04 15:18:00,DRFC (Furtos),Luz forense/lanterna,True,True,0.4168
Ossada Encontrada,Residência,6,17,2,2023-11-20 04:29:00,DHPP (Homicídios),Luz forense/lanterna,True,True,0.4299
Roubo Com Estupro,Pátio,0,6,0,2023-08-13 19:51:00,2ª DP,"Macrofotografia, Empoamento, Luz forense/lanterna",True,False,0.8319
Cadáver Encontrado,Área Rural,1,23,1,2023-05-19 00:31:00,1ª DP,"Macrofotografia, Luz forense/lanterna, Empoamento",True,True,0.4244
Incêndio (com vítima),Estabelecimento Comercial,0,29,0,2023-05-19 02:52:00,3ª DP,Luz forense/lanterna,False,False,0.3817
Homicídio,Estabelecimento Comercial,0,18,3,2023-06-13 19:51:00,DCA (Criança e Adolescente),Luz forense/lanterna,False,False,0.6823
Receptação,Terreno Baldio,2,28,2,2023-12-18 14:08:00,1ª DP,"Macrofotografia, Luz forense/lanterna, Empoamento",True,False,0.3408
Infanticídio,DP,6,7,7,2023-02-17 23:04:00,2ª DP,"Luz forense/lanterna, Empoamento, Macrofotografia",True,False,0.8733
Feminicídio,Terreno Baldio,1,11,0,2023-07-12 06:08:00,3ª DP,"Empoamento, Macrofotografia, Luz forense/lanterna",True,False,0.8097
Disparo de Arma de Fogo,Estabelecimento Comercial,11,6,0,2023-03-01 00:34:00,DEAM (Mulher),"Empoamento, Luz forense/lanterna",False,True,0.5382
Roubo,DP,1,30,2,2023-06-04 13:21:00,1ª DP,"Empoamento, Luz forense/lanterna, Macrofotografia",False,True,0.5202
Roubo,Terreno Baldio,1,24,1,2023-08-10 11:11:00,2ª DP,"Empoamento, Macrofotografia, Luz forense/lanterna",False,True,0.5409
Ossada Encontrada,DP,1,10,0,2023-01-06 06:10:00,DEAM (Mulher),"Macrofotografia, Empoamento",False,False,0.1862
Pichação,DP,2,56,2,2023-02-25 12:16:00,1ª DP,"Macrofotografia, Luz forense/lanterna, Empoamento",False,True,0.3064
Violação de Sepultura,Hospital,1,16,1,2023-04-01 15:25:00,1ª DP,Empoamento,False,False,0.1896
Tráfico de Entorpecentes,DP,5,48,0,2023-01-12 07:01:00,DEAM (Mulher),"Empoamento, Luz forense/lanterna",False,False,0.17
Exercício Arbitrário das Próprias Razões,Hospital,0,16,0,2023-02-16 14:23:00,1ª DP,Luz forense/lanterna,False,True,0.2733
Roubo,DP,2,12,0,2023-10-22 04:56:00,1ª DP,Macrofotografia,False,True,0.574
Ameaça,Estabelecimento Comercial,6,42,2,2023-04-23 10:47:00,DCA (Criança e Adolescente),"Macrofotografia, Empoamento",True,False,0.2946
Ossada Encontrada,Estabelecimento Comercial,2,12,2,2023-08-11 01:24:00,1ª DP,"Empoamento, Macrofotografia",True,False,0.3103
Violação de Domicílio,Terreno Baldio,1,9,2,2023-10-22 11:13:00,3ª DP,Luz forense/lanterna,False,False,0.1143
Pichação,Área Rural,6,14,1,2023-11-29 19:34:00,DRFC (Furtos),"Empoamento, Luz forense/lanterna, Macrofotografia",True,False,0.3441
Feto Encontrado,Área Rural,8,9,3,2023-07-15 13:36:00,DCA (Criança e Adolescente),Macrofotografia,True,False,0.8538
Tentativa de Homicídio,Pátio,2,15,10,2023-06-30 08:39:00,2ª DP,Luz forense/lanterna,False,False,0.6759
Ossada Encontrada,Terreno Baldio,0,26,0,2023-03-05 02:38:00,DRFC (Furtos),"Empoamento, Macrofotografia",True,False,0.2931
Roubo Com Estupro,Via Pública,2,16,3,2023-07-13 03:45:00,2ª DP,"Empoamento, Luz forense/lanterna, Macrofotografia",True,False,0.8673
Aborto,Área Rural,8,5,1,2023-08-11 07:29:00,DHPP (Homicídios),Luz forense/lanterna,True,True,0.4048
Homicídio,Residência,1,8,1,2023-01-14 08:51:00,DCA (Criança e Adolescente),"Empoamento, Macrofotografia",True,False,0.8615
Dano,Área Rural,0,46,0,2023-06-10 03:59:00,DRFC (Furtos),"Luz forense/lanterna, Macrofotografia",False,True,0.3067
Furto de Energia Elétrica ou Termodinâmica,Área Rural,3,21,0,2023-05-01 16:46:00,DRFC (Furtos),"Luz forense/lanterna, Empoamento, Macrofotografia",True,False,0.269
Incêndio (com vítima),Hospital,6,30,1,2023-12-16 18:13:00,DHPP (Homicídios),"Luz forense/lanterna, Empoamento",True,True,0.7249
Latrocínio e/ou Tentativa de Latrocínio,Hospital,1,6,1,2023-04-22 20:19:00,DCA (Criança e Adolescente),Luz forense/lanterna,False,False,0.7498
Roubo Com Estupro,Área Rural,0,86,4,2023-10-04 18:39:00,DRFC (Furtos),"Empoamento, Macrofotografia, Luz forense/lanterna",False,False,0.6745
Furto de Energia Elétrica ou Termodinâmica,Hospital,6,41,0,2023-02-13 00:08:00,DHPP (Homicídios),"Empoamento, Macrofotografia, Luz forense/lanterna",False,False,0.1741
Cadáver Encontrado,Terreno Baldio,2,10,0,2023-04-07 13:28:00,DEAM (Mulher),"Macrofotografia, Empoamento, Luz forense/lanterna",False,False,0.1224
Desmanche de Veículos,Terreno Baldio,4,49,3,2023-12-09 09:15:00,1ª DP,"Luz forense/lanterna, Empoamento",False,False,0.1769
Violação de Sepultura,Estabelecimento Comercial,8,7,0,2023-07-25 12:16:00,DCA (Criança e Adolescente),"Empoamento, Luz forense/lanterna",True,True,0.4979
Ameaça,Pátio,0,16,0,2023-08-01 20:37:00,DRFC (Furtos),"Luz forense/lanterna, Macrofotografia",True,False,0.2652
Disparo de Arma de Fogo,Terreno Baldio,7,22,0,2023-09-13 07:14:00,3ª DP,"Macrofotografia, Luz forense/lanterna, Empoamento",True,True,0.7475
Tentativa de Suicídio,Via Pública,0,33,0,2023-08-19 19:17:00,DRFC (Furtos),Empoamento,False,False,0.195
Suicídio,DP,0,11,7,2023-10-05 23:00:00,DEAM (Mulher),"Macrofotografia, Empoamento, Luz forense/lanterna",False,False,0.1087
Roubo,Hospital,6,18,1,2023-02-01 15:28:00,DRFC (Furtos),"Macrofotografia, Luz forense/lanterna",True,False,0.5601
Furto d'água,Terreno Baldio,0,7,2,2023-07-04 17:16:00,2ª DP,"Luz forense/lanterna, Empoamento, Macrofotografia",True,False,0.2577
Ossada Encontrada,Estabelecimento Comercial,2,11,1,2023-01-31 19:30:00,2ª DP,"Macrofotografia, Luz forense/lanterna",True,True,0.4126
Furto de Energia Elétrica ou Termodinâmica,Hospital,0,73,1,2023-07-05 12:52:00,DRFC (Furtos),"Macrofotografia, Luz forense/lanterna, Empoamento",False,True,0.3066
Morte Aparentemente Natural,Residência,0,9,6,2023-05-27 01:15:00,3ª DP,Empoamento,True,False,0.2549
Roubo Com Estupro,Área Rural,0,41,0,2023-04-27 11:08:00,DEAM (Mulher),Luz forense/lanterna,True,True,0.953
Eletroplessão,Hospital,3,20,1,2023-08-09 08:21:00,DRFC (Furtos),"Empoamento, Macrofotografia, Luz forense/lanterna",False,True,0.3421
Violação de Domicílio,Terreno Baldio,0,20,0,2023-10-03 05:56:00,DHPP (Homicídios),Macrofotografia,False,True,0.3024
Explosão (sem vítima),Hospital,1,7,1,2023-06-28 04:52:00,DRFC (Furtos),"Macrofotografia, Empoamento, Luz forense/lanterna",True,True,0.4334
Abandono de Incapaz,Via Pública,1,45,1,2023-01-10 17:29:00,DEAM (Mulher),Luz forense/lanterna,False,False,0.6934
Furto,Terreno Baldio,3,53,0,2023-04-04 22:31:00,3ª DP,"Macrofotografia, Luz forense/lanterna",False,False,0.1802
Eletroplessão,Hospital,6,15,3,2023-07-11 13:00:00,DEAM (Mulher),"Macrofotografia, Luz forense/lanterna, Empoamento",True,False,0.2846
Feminicídio,Terreno Baldio,2,37,1,2023-05-20 04:02:00,DEAM (Mulher),Luz forense/lanterna,True,True,1.0
Homicídio,Estabelecimento Comercial,0,45,3,2023-02-13 08:27:00,2ª DP,"Macrofotografia, Empoamento",True,True,0.9894
Maus Tratos de Animal,Terreno Baldio,3,56,0,2023-12-27 03:17:00,2ª DP,Macrofotografia,False,True,0.3042
Furto Qualificado (arrombamento),Área Rural,1,22,0,2023-02-25 15:24:00,2ª DP,"Macrofotografia, Luz forense/lanterna",False,True,0.3496
Exercício Arbitrário das Próprias Razões,DP,3,15,11,2023-02-08 19:37:00,3ª DP,"Luz forense/lanterna, Empoamento",False,False,0.1323
Morte Aparentemente Natural,Área Rural,4,34,2,2023-08-10 22:34:00,DHPP (Homicídios),Luz forense/lanterna,True,True,0.4495
Explosão (sem vítima),Residência,5,23,2,2023-07-28 09:07:00,DCA (Criança e Adolescente),"Luz forense/lanterna, Macrofotografia, Empoamento",False,True,0.3047
Ameaça,Hospital,0,6,3,2023-01-21 17:41:00,DHPP (Homicídios),"Luz forense/lanterna, Macrofotografia, Empoamento",True,False,0.3111
Homicídio,DP,3,13,2,2023-12-01 11:17:00,DRFC (Furtos),"Empoamento, Luz forense/lanterna, Macrofotografia",True,True,1.0
Explosão (sem vítima),Via Pública,2,27,1,2023-05-03 06:36:00,3ª DP,Luz forense/lanterna,True,True,0.4592
Latrocínio e/ou Tentativa de Latrocínio,Hospital,2,17,5,2023-01-21 05:03:00,DEAM (Mulher),"Macrofotografia, Luz forense/lanterna, Empoamento",True,True,1.0
Latrocínio e/ou Tentativa de Latrocínio,Terreno Baldio,3,11,2,2023-01-07 17:07:00,DRFC (Furtos),"Macrofotografia, Luz forense/lanterna, Empoamento",True,False,0.8035
Cadáver Encontrado,Hospital,1,20,0,2023-03-18 13:20:00,2ª DP,"Empoamento, Luz forense/lanterna, Macrofotografia",False,False,0.151
Furto de Energia Elétrica ou Termodinâmica,Hospital,0,30,2,2023-01-18 23:55:00,DRFC (Furtos),Empoamento,False,True,0.2922
Veículo Localizado (furtado ou roubado),Terreno Baldio,1,6,0,2023-10-15 11:43:00,2ª DP,"Luz forense/lanterna, Macrofotografia, Empoamento",True,False,0.2753
Cadáver Encontrado,Pátio,1,17,1,2023-01-25 11:27:00,DCA (Criança e Adolescente),"Luz forense/lanterna, Macrofotografia",False,True,0.2947
Pichação,Terreno Baldio,1,37,4,2023-05-03 11:57:00,DRFC (Furtos),"Empoamento, Luz forense/lanterna, Macrofotografia",False,True,0.2843
Furto d'água,Via Pública,2,8,0,2023-12-30 04:50:00,DCA (Criança e Adolescente),"Empoamento, Macrofotografia, Luz forense/lanterna",True,False,0.2588
Exercício Arbitrário das Próprias Razões,Pátio,0,49,1,2023-06-16 07:08:00,DHPP (Homicídios),"Empoamento, Macrofotografia, Luz forense/lanterna",True,False,0.3438
Tentativa de Suicídio,Hospital,1,6,0,2023-08-03 19:46:00,DHPP (Homicídios),"Empoamento, Luz forense/lanterna, Macrofotografia",True,False,0.3292
Disparo de Arma de Fogo,Terreno Baldio,0,70,1,2023-08-29 16:19:00,3ª DP,"Luz forense/lanterna, Empoamento",False,False,0.4334
Desmanche de Veículos,DP,3,30,0,2023-06-05 05:58:00,DCA (Criança e Adolescente),"Macrofotografia, Empoamento",False,False,0.1865
Ameaça,Via Pública,0,18,1,2023-10-29 17:23:00,DEAM (Mulher),Luz forense/lanterna,True,True,0.4807
Feminicídio,Área Rural,3,9,2,2023-07-14 05:31:00,2ª DP,Luz forense/lanterna,True,True,0.9644
Maus Tratos de Animal,Via Pública,1,24,1,2023-10-19 00:40:00,DHPP (Homicídios),Macrofotografia,True,True,0.4515
Furto,Residência,3,5,0,2023-01-25 01:28:00,2ª DP,"Empoamento, Macrofotografia",False,True,0.2779
Dano,Via Pública,0,6,0,2023-06-13 17:02:00,3ª DP,"Luz forense/lanterna, Macrofotografia",True,False,0.2967
Incêndio (sem vítima),Pátio,0,25,1,2023-05-29 22:10:00,1ª DP,Empoamento,False,True,0.2906
Dano Seguido de Lesão Corporal,Via Pública,2,17,1,2023-12-13 05:53:00,DHPP (Homicídios),"Luz forense/lanterna, Macrofotografia",True,False,0.5192
Furto de Energia Elétrica ou Termodinâmica,DP,8,54,1,2023-07-08 20:18:00,DCA (Criança e Adolescente),Macrofotografia,True,True,0.4078
Extorsão,Área Rural,4,10,0,2023-10-29 04:40:00,3ª DP,Empoamento,True,False,0.5893
Marca em Animal,Estabelecimento Comercial,0,8,5,2023-12-30 09:37:00,DEAM (Mulher),"Empoamento, Macrofotografia, Luz forense/lanterna",True,False,0.2987
Cadáver Encontrado,Estabelecimento Comercial,8,9,1,2023-08-05 07:15:00,1ª DP,Luz forense/lanterna,True,True,0.4599
Veículo Localizado (furtado ou roubado),Área Rural,0,9,0,2023-06-27 20:02:00,DHPP (Homicídios),"Empoamento, Luz forense/lanterna, Macrofotografia",True,False,0.3012
Feminicídio,DP,0,13,2,2023-04-16 23:42:00,DCA (Criança e Adolescente),Luz forense/lanterna,False,False,0.7118
Afogamento,Hospital,0,14,2,2023-05-19 20:20:00,1ª DP,Luz forense/lanterna,True,False,0.3478
Estelionato,Terreno Baldio,0,6,2,2023-10-22 02:27:00,DCA (Criança e Adolescente),"Luz forense/lanterna, Macrofotografia, Empoamento",False,True,0.2961
Violação de Domicílio,DP,1,39,0,2023-07-01 16:02:00,DRFC (Furtos),Luz forense/lanterna,False,False,0.1767
Ameaça,DP,1,25,3,2023-10-12 16:43:00,DRFC (Furtos),Macrofotografia,True,False,0.2665
Adulteração de Placa e/ou Lacre,Estabelecimento Comercial,4,11,0,2023-09-18 13:41:00,DCA (Criança e Adolescente),Luz forense/lanterna,False,False,0.1794
Receptação,DP,6,17,1,2023-10-14 17:01:00,2ª DP,Macrofotografia,False,False,0.1708
Lesão Corporal,Hospital,7,28,3,2023-03-06 00:16:00,3ª DP,"Empoamento, Macrofotografia, Luz forense/lanterna",True,True,0.7259
Dano Seguido de Lesão Corporal,Terreno Baldio,7,26,0,2023-11-08 21:18:00,DHPP (Homicídios),Macrofotografia,False,True,0.5944
Infanticídio,Residência,1,8,1,2023-08-25 21:37:00,3ª DP,"Macrofotografia, Luz forense/lanterna, Empoamento",True,False,0.8686
Tráfico de Entorpecentes,Pátio,1,27,3,2023-08-07 21:46:00,2ª DP,"Empoamento, Macrofotografia",False,False,0.157
Veículo Localizado (furtado ou roubado),Terreno Baldio,3,10,1,2023-11-07 22:28:00,DHPP (Homicídios),"Macrofotografia, Empoamento, Luz forense/lanterna",False,False,0.1674
Veículo Localizado (furtado ou roubado),DP,0,10,1,2023-06-11 11:18:00,DHPP (Homicídios),"Empoamento, Luz forense/lanterna",True,False,0.3315
Lesão Corporal,Terreno Baldio,2,15,1,2023-02-02 21:46:00,DRFC (Furtos),Empoamento,True,False,0.5468
Eletroplessão,Área Rural,0,50,1,2023-09-26 08:33:00,1ª DP,"Macrofotografia, Luz forense/lanterna, Empoamento",True,True,0.4571
Extorsão,Pátio,1,5,1,2023-03-30 03:53:00,2ª DP,Luz forense/lanterna,True,True,0.7298
Incêndio (com vítima),Estabelecimento Comercial,25,50,1,2023-04-11 01:15:00,3ª DP,Macrofotografia,True,False,0.5801
Cadáver Encontrado,Via Pública,3,20,0,2023-10-05 11:33:00,2ª DP,"Empoamento, Macrofotografia",False,False,0.1757
Abandono de Incapaz,Estabelecimento Comercial,1,47,0,2023-10-07 08:25:00,3ª DP,Empoamento,True,False,0.8752
Exercício Arbitrário das Próprias Razões,DP,6,42,1,2023-08-10 07:31:00,DHPP (Homicídios),"Luz forense/lanterna, Macrofotografia",True,False,0.2615
Furto de Energia Elétrica ou Termodinâmica,Terreno Baldio,0,33,0,2023-07-05 16:16:00,3ª DP,"Luz forense/lanterna, Empoamento, Macrofotografia",False,True,0.3415
Local de Estupro e/ou Veículo Envolvido em Estupro,Estabelecimento Comercial,2,14,1,2023-06-12 20:04:00,DHPP (Homicídios),"Luz forense/lanterna, Macrofotografia, Empoamento",False,False,0.7014
Tráfico de Entorpecentes,Pátio,0,35,0,2023-10-21 12:04:00,3ª DP,Empoamento,False,False,0.1891
Veículo Localizado (furtado ou roubado),Estabelecimento Comercial,2,12,3,2023-02-13 08:50:00,DCA (Criança e Adolescente),"Luz forense/lanterna, Empoamento, Macrofotografia",False,False,0.1941
Furto,Terreno Baldio,4,19,3,2023-10-02 19:29:00,DCA (Criança e Adolescente),"Luz forense/lanterna, Macrofotografia",True,False,0.2881
Pichação,Hospital,0,41,1,2023-12-19 03:20:00,3ª DP,Macrofotografia,False,True,0.3334
Roubo Com Estupro,Área Rural,7,27,0,2023-11-14 07:27:00,3ª DP,"Luz forense/lanterna, Empoamento, Macrofotografia",False,False,0.7457
Furto,Hospital,4,33,0,2023-02-03 16:27:00,DEAM (Mulher),"Empoamento, Macrofotografia",True,True,0.4994
Extorsão,Estabelecimento Comercial,2,35,0,2023-10-03 21:49:00,DEAM (Mulher),"Empoamento, Macrofotografia, Luz forense/lanterna",False,True,0.5033
Roubo,Área Rural,1,20,0,2023-02-03 16:52:00,DEAM (Mulher),"Macrofotografia, Empoamento",True,False,0.5099
Tentativa de Suicídio,Residência,2,11,2,2023-04-13 10:42:00,DRFC (Furtos),"Luz forense/lanterna, Macrofotografia",False,True,0.3299
Estelionato,Terreno Baldio,2,29,6,2023-11-10 19:54:00,1ª DP,"Macrofotografia, Luz forense/lanterna, Empoamento",False,False,0.1177
Incêndio (sem vítima),DP,1,57,1,2023-10-07 03:49:00,DRFC (Furtos),"Luz forense/lanterna, Macrofotografia, Empoamento",True,False,0.2941
Infanticídio,Residência,0,51,1,2023-08-28 14:10:00,DEAM (Mulher),"Luz forense/lanterna, Macrofotografia",True,False,0.8816
Roubo,Hospital,1,18,5,2023-05-20 05:17:00,1ª DP,Empoamento,True,True,0.7226
Furto em Interior de Veículo,Residência,4,25,0,2023-07-19 09:46:00,DHPP (Homicídios),"Empoamento, Luz forense/lanterna, Macrofotografia",True,True,0.4182
Local de Estupro e/ou Veículo Envolvido em Estupro,Hospital,2,5,2,2023-03-17 14:44:00,DHPP (Homicídios),Empoamento,True,True,0.9648
Marca em Animal,Estabelecimento Comercial,1,5,0,2023-02-21 14:47:00,DRFC (Furtos),Luz forense/lanterna,True,False,0.2976
Ossada Encontrada,Pátio,2,71,2,2023-01-27 15:20:00,DHPP (Homicídios),Luz forense/lanterna,True,True,0.4345
Veículo Localizado (furtado ou roubado),Pátio,3,23,1,2023-07-01 17:27:00,DEAM (Mulher),Empoamento,True,False,0.3069
Maus Tratos de Animal,Área Rural,14,5,1,2023-06-16 16:10:00,2ª DP,Empoamento,False,False,0.1908
Local de Estupro e/ou Veículo Envolvido em Estupro,DP,7,7,0,2023-04-11 22:55:00,DCA (Criança e Adolescente),"Luz forense/lanterna, Empoamento, Macrofotografia",True,True,0.9688
Roubo,Via Pública,1,23,0,2023-10-30 17:31:00,DHPP (Homicídios),"Empoamento, Macrofotografia",False,False,0.4
Desmanche de Veículos,Residência,1,9,1,2023-06-23 01:22:00,1ª DP,"Macrofotografia, Empoamento, Luz forense/lanterna",True,False,0.2807
Disparo de Arma de Fogo,Hospital,12,16,0,2023-03-28 06:22:00,1ª DP,"Macrofotografia, Luz forense/lanterna",True,False,0.5875
Disparo de Arma de Fogo,Estabelecimento Comercial,0,13,1,2023-08-27 04:10:00,DHPP (Homicídios),Luz forense/lanterna,False,False,0.3981
Receptação,Terreno Baldio,0,33,3,2023-06-09 01:40:00,2ª DP,"Macrofotografia, Empoamento",False,False,0.1922
Morte Aparentemente Natural,Terreno Baldio,1,35,2,2023-09-20 07:29:00,1ª DP,Luz forense/lanterna,False,False,0.1752
Feto Encontrado,Residência,7,24,4,2023-03-17 13:16:00,DCA (Criança e Adolescente),Macrofotografia,False,False,0.6641
Veículo Localizado (furtado ou roubado),Estabelecimento Comercial,4,22,3,2023-01-23 11:24:00,DEAM (Mulher),"Luz forense/lanterna, Macrofotografia",False,True,0.2701
Furto de Energia Elétrica ou Termodinâmica,DP,0,47,2,2023-04-19 07:38:00,1ª DP,Luz forense/lanterna,True,True,0.4829
Lesão Corporal,DP,1,20,0,2023-04-21 02:52:00,DHPP (Homicídios),"Macrofotografia, Empoamento",True,True,0.6947
Furto Qualificado (arrombamento),DP,2,5,0,2023-08-27 20:15:00,1ª DP,Empoamento,False,True,0.32
Homicídio,Hospital,6,10,0,2023-09-22 18:50:00,DHPP (Homicídios),"Empoamento, Luz forense/lanterna",True,True,1.0
Tráfico de Entorpecentes,Terreno Baldio,0,8,4,2023-01-06 17:54:00,DHPP (Homicídios),"Luz forense/lanterna, Macrofotografia, Empoamento",False,False,0.1662
Furto de Energia Elétrica ou Termodinâmica,DP,0,5,1,2023-09-27 09:00:00,1ª DP,Macrofotografia,True,False,0.2975
Roubo Com Estupro,Pátio,0,74,0,2023-02-27 18:28:00,2ª DP,"Luz forense/lanterna, Macrofotografia",True,True,0.9902
Suicídio,Estabelecimento Comercial,1,10,2,2023-02-21 09:15:00,2ª DP,Luz forense/lanterna,False,False,0.1113
Infanticídio,Pátio,1,5,6,2023-02-24 09:25:00,DCA (Criança e Adolescente),Macrofotografia,True,False,0.8159
Disparo de Arma de Fogo,DP,2,11,1,2023-04-17 18:37:00,DHPP (Homicídios),"Empoamento, Luz forense/lanterna",False,False,0.3743
Homicídio,Terreno Baldio,2,8,0,2023-11-25 04:33:00,1ª DP,"Empoamento, Macrofotografia",False,False,0.6662
Ameaça,Residência,2,29,3,2023-10-10 23:11:00,2ª DP,"Luz forense/lanterna, Macrofotografia, Empoamento",True,False,0.2822
Marca em Animal,Terreno Baldio,2,47,3,2023-06-02 06:35:00,1ª DP,"Empoamento, Macrofotografia, Luz forense/lanterna",True,True,0.4058
Maus Tratos de Animal,Estabelecimento Comercial,2,12,5,2023-04-07 13:23:00,1ª DP,"Macrofotografia, Empoamento",False,True,0.2639
Dano Seguido de Lesão Corporal,Via Pública,4,16,1,2023-05-19 22:00:00,DCA (Criança e Adolescente),"Luz forense/lanterna, Macrofotografia",False,False,0.3958
Abandono de Incapaz,Residência,1,8,3,2023-11-02 11:45:00,3ª DP,"Luz forense/lanterna, Macrofotografia, Empoamento",False,True,0.8632
Furto de Energia Elétrica ou Termodinâmica,Terreno Baldio,2,7,0,2023-09-10 11:31:00,DHPP (Homicídios),Empoamento,False,False,0.1559
Local de Estupro e/ou Veículo Envolvido em Estupro,Via Pública,1,44,1,2023-01-20 05:17:00,2ª DP,"Macrofotografia, Empoamento, Luz forense/lanterna",True,True,0.9892
Ameaça,Residência,1,13,1,2023-01-21 05:26:00,DEAM (Mulher),"Empoamento, Macrofotografia",True,True,0.4593
Incêndio (com vítima),Terreno Baldio,0,8,0,2023-01-25 05:21:00,DCA (Criança e Adolescente),"Empoamento, Luz forense/lanterna",True,True,0.6793
Morte Aparentemente Natural,Hospital,5,8,3,2023-04-25 23:59:00,DRFC (Furtos),"Empoamento, Macrofotografia, Luz forense/lanterna",False,True,0.2746
Furto de Energia Elétrica ou Termodinâmica,Pátio,2,10,3,2023-03-28 02:29:00,DRFC (Furtos),"Luz forense/lanterna, Empoamento",True,True,0.4004
Dano,Estabelecimento Comercial,0,11,4,2023-10-03 07:03:00,DEAM (Mulher),"Empoamento, Macrofotografia, Luz forense/lanterna",False,False,0.1515
Tráfico de Entorpecentes,Hospital,2,43,1,2023-04-21 20:33:00,3ª DP,"Empoamento, Luz forense/lanterna, Macrofotografia",False,False,0.1536
Dano Seguido de Lesão Corporal,Hospital,6,10,1,2023-12-14 13:43:00,DEAM (Mulher),Empoamento,True,False,0.5814
Infanticídio,Estabelecimento Comercial,7,34,6,2023-03-02 08:18:00,2ª DP,"Luz forense/lanterna, Macrofotografia",False,False,0.7425
Infanticídio,Residência,10,24,1,2023-06-06 08:24:00,2ª DP,"Empoamento, Macrofotografia",True,False,0.8258
Feminicídio,Residência,8,29,6,2023-04-05 00:27:00,1ª DP,"Empoamento, Macrofotografia, Luz forense/lanterna",True,False,0.8952
Receptação,Residência,1,10,0,2023-07-01 04:27:00,DHPP (Homicídios),"Empoamento, Macrofotografia",False,False,0.1119
Afogamento,Estabelecimento Comercial,9,24,3,2023-03-23 08:56:00,DCA (Criança e Adolescente),"Luz forense/lanterna, Empoamento, Macrofotografia",False,True,0.2782
Abandono de Incapaz,Pátio,1,13,2,2023-04-09 11:02:00,DCA (Criança e Adolescente),Macrofotografia,True,False,0.8288
Dano Seguido de Lesão Corporal,Estabelecimento Comercial,2,54,2,2023-09-19 11:40:00,DHPP (Homicídios),"Empoamento, Macrofotografia, Luz forense/lanterna",True,False,0.5224
Desmanche de Veículos,Hospital,1,73,0,2023-02-01 21:00:00,1ª DP,"Macrofotografia, Luz forense/lanterna, Empoamento",True,False,0.3095
Tentativa de Homicídio,Hospital,0,24,2,2023-07-15 07:11:00,DCA (Criança e Adolescente),"Luz forense/lanterna, Macrofotografia, Empoamento",True,False,0.8762
Aborto,Área Rural,2,17,0,2023-02-17 21:12:00,3ª DP,"Empoamento, Luz forense/lanterna",True,False,0.3148
Incêndio (sem vítima),Área Rural,0,5,4,2023-11-08 08:56:00,DHPP (Homicídios),"Macrofotografia, Luz forense/lanterna, Empoamento",True,False,0.3282
Tráfico de Entorpecentes,Estabelecimento Comercial,1,58,1,2023-07-05 07:16:00,DCA (Criança e Adolescente),Empoamento,True,False,0.2715
Tentativa de Suicídio,Área Rural,5,40,0,2023-05-09 02:16:00,DRFC (Furtos),"Macrofotografia, Luz forense/lanterna, Empoamento",False,True,0.3351
Adulteração de Placa e/ou Lacre,DP,0,30,1,2023-03-14 23:27:00,3ª DP,"Empoamento, Macrofotografia, Luz forense/lanterna",False,True,0.3111
Veículo Localizado (furtado ou roubado),Pátio,4,16,0,2023-01-10 20:19:00,DHPP (Homicídios),"Macrofotografia, Empoamento",True,True,0.4877
Disparo de Arma de Fogo,Hospital,2,18,1,2023-06-04 19:32:00,2ª DP,"Empoamento, Macrofotografia",True,False,0.5931
Furto,Via Pública,11,66,1,2023-07-28 07:57:00,3ª DP,"Luz forense/lanterna, Empoamento, Macrofotografia",True,False,0.3033
Extorsão,Via Pública,5,26,2,2023-11-21 21:12:00,2ª DP,Macrofotografia,True,False,0.555
Afogamento,Estabelecimento Comercial,5,8,6,2023-05-08 01:57:00,DCA (Criança e Adolescente),"Empoamento, Luz forense/lanterna",True,False,0.2521
Incêndio (com vítima),Estabelecimento Comercial,3,7,4,2023-01-03 12:57:00,3ª DP,Luz forense/lanterna,True,True,0.6655
Furto de Energia Elétrica ou Termodinâmica,Via Pública,0,22,6,2023-06-10 23:25:00,2ª DP,"Empoamento, Macrofotografia",False,False,0.1376
Suicídio,Terreno Baldio,5,6,3,2023-09-18 23:11:00,2ª DP,"Empoamento, Luz forense/lanterna",False,False,0.1563
Furto em Interior de Veículo,Via Pública,2,15,0,2023-09-18 22:35:00,DEAM (Mulher),"Luz forense/lanterna, Empoamento, Macrofotografia",False,False,0.1608
Tentativa de Suicídio,DP,2,25,0,2023-04-28 09:53:00,DCA (Criança e Adolescente),Macrofotografia,True,True,0.4715
Arremesso de Projétil,DP,7,10,1,2023-05-20 06:16:00,1ª DP,Luz forense/lanterna,False,False,0.1021
Tráfico de Entorpecentes,Hospital,0,10,1,2023-01-07 07:17:00,2ª DP,Empoamento,False,False,0.1648
Local de Estupro e/ou Veículo Envolvido em Estupro,Via Pública,1,37,1,2023-08-14 22:50:00,DHPP (Homicídios),Empoamento,False,True,0.8677
Tentativa de Homicídio,Terreno Baldio,13,6,1,2023-04-17 09:54:00,3ª DP,"Luz forense/lanterna, Empoamento, Macrofotografia",False,False,0.6811
Incêndio (sem vítima),Pátio,2,9,1,2023-02-23 10:24:00,1ª DP,Empoamento,True,False,0.2887
Tráfico de Entorpecentes,Hospital,7,14,2,2023-06-03 15:24:00,3ª DP,"Macrofotografia, Luz forense/lanterna",False,False,0.1814
Ameaça,Hospital,2,29,12,2023-06-28 19:50:00,3ª DP,Luz forense/lanterna,True,False,0.3149
Estelionato,Hospital,0,8,2,2023-10-25 20:39:00,DCA (Criança e Adolescente),"Luz forense/lanterna, Empoamento",True,True,0.4768
Infanticídio,DP,3,12,7,2023-05-27 01:46:00,3ª DP,"Empoamento, Macrofotografia",False,False,0.6836
Homicídio,Terreno Baldio,1,53,1,2023-07-13 20:08:00,3ª DP,"Luz forense/lanterna, Empoamento, Macrofotografia",True,True,0.9547
Pichação,DP,4,48,0,2023-07-22 00:30:00,2ª DP,Macrofotografia,True,False,0.2741
Exercício Arbitrário das Próprias Razões,Terreno Baldio,8,14,1,2023-12-07 18:04:00,3ª DP,Empoamento,False,False,0.1696
Receptação,Terreno Baldio,7,17,3,2023-09-07 10:37:00,1ª DP,"Luz forense/lanterna, Empoamento",False,True,0.2627
Estelionato,Hospital,0,12,1,2023-08-05 21:59:00,2ª DP,Empoamento,True,True,0.4881
Violação de Domicílio,Via Pública,3,20,0,2023-07-08 09:02:00,3ª DP,"Macrofotografia, Luz forense/lanterna, Empoamento",False,False,0.1046
Infanticídio,Área Rural,0,7,1,2023-05-21 05:50:00,DHPP (Homicídios),Empoamento,True,True,0.9659
Roubo Com Estupro,DP,1,33,1,2023-09-24 23:28:00,DRFC (Furtos),Luz forense/lanterna,False,False,0.6942
Afogamento,Estabelecimento Comercial,2,7,2,2023-10-25 15:21:00,3ª DP,"Empoamento, Macrofotografia",True,True,0.4769
Extorsão,DP,1,9,2,2023-02-08 18:48:00,DHPP (Homicídios),"Luz forense/lanterna, Empoamento",False,False,0.3537
Explosão (sem vítima),Terreno Baldio,2,105,2,2023-10-20 18:05:00,DHPP (Homicídios),"Macrofotografia, Luz forense/lanterna",False,False,0.1947
Latrocínio e/ou Tentativa de Latrocínio,Estabelecimento Comercial,0,9,7,2023-11-02 19:57:00,DHPP (Homicídios),"Luz forense/lanterna, Empoamento, Macrofotografia",False,False,0.65
Adulteração de Placa e/ou Lacre,Estabelecimento Comercial,2,40,0,2023-01-21 09:17:00,DEAM (Mulher),Empoamento,True,False,0.3115
Arremesso de Projétil,Via Pública,2,5,5,2023-05-21 02:24:00,3ª DP,"Empoamento, Luz forense/lanterna",False,True,0.3236
Explosão (com vítima),Terreno Baldio,3,6,0,2023-11-08 07:19:00,1ª DP,Macrofotografia,False,True,0.5859
Incêndio (com vítima),Via Pública,0,33,0,2023-07-06 13:35:00,2ª DP,"Empoamento, Luz forense/lanterna",False,True,0.5326
Pichação,Estabelecimento Comercial,0,35,2,2023-01-06 17:14:00,DHPP (Homicídios),Macrofotografia,True,False,0.3395
Furto de Energia Elétrica ou Termodinâmica,Residência,4,19,0,2023-05-20 14:51:00,DRFC (Furtos),Empoamento,True,True,0.4769
Furto em Interior de Veículo,Estabelecimento Comercial,2,6,10,2023-02-08 15:57:00,DRFC (Furtos),Empoamento,False,True,0.2787
Ossada Encontrada,Via Pública,5,27,5,2023-07-16 09:10:00,1ª DP,Empoamento,False,False,0.1459
Dano Seguido de Lesão Corporal,Residência,2,40,1,2023-11-15 17:49:00,2ª DP,Luz forense/lanterna,True,False,0.54
Ameaça,Via Pública,0,6,1,2023-04-24 17:25:00,DHPP (Homicídios),"Empoamento, Macrofotografia",False,False,0.109
Tentativa de Homicídio,Pátio,0,28,2,2023-03-26 05:17:00,DCA (Criança e Adolescente),"Empoamento, Luz forense/lanterna",True,False,0.8399
Pichação,Pátio,2,166,1,2023-07-14 09:46:00,2ª DP,"Macrofotografia, Empoamento, Luz forense/lanterna",False,False,0.1942
Violação de Sepultura,DP,2,47,1,2023-07-17 22:02:00,3ª DP,"Macrofotografia, Empoamento",False,True,0.3315
Receptação,DP,3,9,1,2023-02-17 20:59:00,DEAM (Mulher),"Macrofotografia, Luz forense/lanterna",True,False,0.3069
Furto d'água,Estabelecimento Comercial,7,18,1,2023-05-15 13:16:00,DEAM (Mulher),"Macrofotografia, Luz forense/lanterna",False,False,0.1566
Tentativa de Homicídio,Estabelecimento Comercial,0,6,1,2023-12-21 16:59:00,DEAM (Mulher),"Empoamento, Luz forense/lanterna",True,False,0.8281
Extorsão,Residência,3,105,0,2023-03-28 00:10:00,DRFC (Furtos),Empoamento,True,False,0.5428
Dano,Pátio,0,15,2,2023-04-21 14:07:00,2ª DP,"Macrofotografia, Luz forense/lanterna, Empoamento",True,True,0.4429
Ossada Encontrada,Pátio,3,12,0,2023-07-26 08:32:00,DEAM (Mulher),Luz forense/lanterna,True,True,0.451
Lesão Corporal,Área Rural,0,29,1,2023-12-31 04:31:00,3ª DP,Macrofotografia,True,False,0.5319
Furto de Energia Elétrica ou Termodinâmica,Pátio,1,9,0,2023-05-29 02:50:00,3ª DP,Macrofotografia,False,False,0.116
Roubo Com Estupro,Via Pública,1,14,0,2023-12-20 17:08:00,3ª DP,Luz forense/lanterna,False,False,0.7242
Furto em Interior de Veículo,Pátio,0,23,0,2023-09-03 08:30:00,DEAM (Mulher),"Macrofotografia, Empoamento",False,False,0.1737
Aborto,Área Rural,2,41,2,2023-05-25 09:17:00,DHPP (Homicídios),Luz forense/lanterna,True,False,0.336
Abandono de Incapaz,Hospital,8,36,4,2023-12-11 21:58:00,DHPP (Homicídios),"Luz forense/lanterna, Empoamento",False,False,0.7142
Extorsão,Via Pública,0,15,0,2023-05-13 16:55:00,2ª DP,"Macrofotografia, Luz forense/lanterna",True,True,0.7162
Lesão Corporal,Residência,7,34,1,2023-07-22 04:30:00,DRFC (Furtos),Macrofotografia,False,False,0.4377
Violação de Sepultura,DP,5,6,2,2023-04-21 08:55:00,DEAM (Mulher),"Luz forense/lanterna, Empoamento",True,False,0.3361
Explosão (sem vítima),Pátio,5,19,0,2023-11-14 10:58:00,1ª DP,Macrofotografia,True,True,0.4371
Ameaça,Pátio,1,43,1,2023-12-05 17:08:00,DHPP (Homicídios),Luz forense/lanterna,True,False,0.3362
Furto d'água,Terreno Baldio,0,46,0,2023-05-30 03:16:00,DEAM (Mulher),"Luz forense/lanterna, Empoamento",False,False,0.146
Furto Qualificado (arrombamento),Hospital,12,11,0,2023-03-23 05:21:00,2ª DP,Macrofotografia,True,True,0.469
Cadáver Encontrado,DP,6,14,2,2023-04-05 15:41:00,DCA (Criança e Adolescente),"Empoamento, Luz forense/lanterna, Macrofotografia",False,False,0.1836
Explosão (sem vítima),Residência,2,30,0,2023-02-23 15:53:00,2ª DP,"Macrofotografia, Empoamento",False,False,0.1263
Suicídio,Pátio,1,24,0,2023-01-07 13:09:00,DEAM (Mulher),"Empoamento, Luz forense/lanterna, Macrofotografia",True,False,0.2705
Furto em Interior de Veículo,Hospital,2,14,1,2023-02-21 17:32:00,DCA (Criança e Adolescente),"Empoamento, Macrofotografia",False,False,0.109
Marca em Animal,Pátio,3,7,1,2023-12-20 18:13:00,DCA (Criança e Adolescente),Luz forense/lanterna,True,False,0.3364
Feminicídio,Pátio,0,9,0,2023-08-09 09:39:00,DHPP (Homicídios),"Luz forense/lanterna, Macrofotografia, Empoamento",False,True,0.879
Furto d'água,Estabelecimento Comercial,2,9,0,2023-03-06 01:00:00,DRFC (Furtos),Empoamento,False,False,0.109
Furto d'água,Pátio,0,9,1,2023-09-17 23:38:00,DCA (Criança e Adolescente),"Luz forense/lanterna, Empoamento",False,False,0.1342
Morte Aparentemente Natural,Via Pública,0,31,5,2023-01-04 19:19:00,2ª DP,"Macrofotografia, Empoamento",False,False,0.1594
Dano Seguido de Lesão Corporal,Via Pública,0,28,1,2023-11-19 22:04:00,DHPP (Homicídios),"Luz forense/lanterna, Empoamento",False,False,0.4216
Estelionato,Hospital,0,23,0,2023-10-19 08:52:00,DCA (Criança e Adolescente),"Empoamento, Luz forense/lanterna, Macrofotografia",False,False,0.1164
Aborto,Pátio,1,13,1,2023-12-01 07:37:00,DRFC (Furtos),"Macrofotografia, Luz forense/lanterna, Empoamento",True,False,0.326
Homicídio,Residência,1,5,1,2023-12-28 13:02:00,DRFC (Furtos),Luz forense/lanterna,False,False,0.6911
Furto d'água,Área Rural,0,8,1,2023-02-11 18:20:00,DRFC (Furtos),Macrofotografia,True,False,0.2725
Violação de Domicílio,Hospital,2,27,0,2023-08-06 20:48:00,DHPP (Homicídios),"Luz forense/lanterna, Macrofotografia",False,False,0.1044
Violação de Sepultura,Hospital,3,19,1,2023-05-01 02:02:00,DHPP (Homicídios),Macrofotografia,False,True,0.3401
Homicídio,Residência,3,18,2,2023-08-19 01:30:00,2ª DP,"Luz forense/lanterna, Empoamento",True,True,1.0
Furto,Estabelecimento Comercial,0,18,0,2023-03-28 13:20:00,DRFC (Furtos),"Luz forense/lanterna, Empoamento",False,False,0.1731
Exercício Arbitrário das Próprias Razões,Estabelecimento Comercial,1,32,5,2023-09-13 11:20:00,DRFC (Furtos),Macrofotografia,False,False,0.1447
Receptação,Estabelecimento Comercial,3,65,4,2023-08-12 00:37:00,1ª DP,"Luz forense/lanterna, Macrofotografia, Empoamento",True,False,0.3431
Feto Encontrado,Terreno Baldio,12,61,1,2023-01-23 20:46:00,DCA (Criança e Adolescente),"Empoamento, Macrofotografia, Luz forense/lanterna",False,False,0.6724
Arremesso de Projétil,Residência,0,31,7,2023-03-25 09:20:00,DHPP (Homicídios),Luz forense/lanterna,True,False,0.2845
Extorsão,Residência,1,33,5,2023-11-02 19:15:00,DEAM (Mulher),"Luz forense/lanterna, Empoamento, Macrofotografia",True,False,0.5585
Disparo de Arma de Fogo,Área Rural,7,93,0,2023-08-24 09:05:00,1ª DP,"Luz forense/lanterna, Macrofotografia, Empoamento",True,True,0.6952
Incêndio (sem vítima),DP,0,16,0,2023-11-29 20:31:00,2ª DP,"Macrofotografia, Empoamento",False,True,0.3257
Extorsão,DP,1,29,2,2023-08-28 07:47:00,DHPP (Homicídios),"Empoamento, Luz forense/lanterna, Macrofotografia",True,True,0.7384
Afogamento,Estabelecimento Comercial,0,8,3,2023-04-09 11:50:00,DRFC (Furtos),"Macrofotografia, Empoamento",False,False,0.1569
Cadáver Encontrado,Terreno Baldio,0,30,1,2023-11-26 01:38:00,2ª DP,"Empoamento, Macrofotografia",False,False,0.1872
Adulteração de Placa e/ou Lacre,Estabelecimento Comercial,5,6,1,2023-04-10 23:28:00,1ª DP,Macrofotografia,True,False,0.3003
Maus Tratos de Animal,Residência,1,25,0,2023-03-09 01:27:00,1ª DP,"Luz forense/lanterna, Empoamento",True,False,0.3387
Roubo,Estabelecimento Comercial,3,27,0,2023-07-14 09:07:00,DHPP (Homicídios),Luz forense/lanterna,False,True,0.5597
Homicídio,Residência,2,11,3,2023-01-23 08:18:00,2ª DP,Luz forense/lanterna,True,True,1.0
Ameaça,Pátio,0,17,0,2023-06-29 02:11:00,DRFC (Furtos),"Macrofotografia, Luz forense/lanterna",True,False,0.3199
Violação de Sepultura,Hospital,2,19,0,2023-01-28 06:10:00,2ª DP,"Macrofotografia, Luz forense/lanterna",True,False,0.3143
Maus Tratos de Animal,Via Pública,4,14,2,2023-03-16 07:11:00,3ª DP,"Luz forense/lanterna, Macrofotografia, Empoamento",False,False,0.1588
Tráfico de Entorpecentes,Hospital,7,12,1,2023-01-31 18:34:00,DCA (Criança e Adolescente),"Empoamento, Luz forense/lanterna, Macrofotografia",True,True,0.4034
Veículo Localizado (furtado ou roubado),Residência,1,65,0,2023-12-08 02:00:00,2ª DP,Luz forense/lanterna,True,True,0.4859
Infanticídio,Terreno Baldio,0,11,1,2023-09-15 19:41:00,DCA (Criança e Adolescente),Macrofotografia,False,False,0.6564
Ameaça,Estabelecimento Comercial,5,34,1,2023-09-15 23:31:00,3ª DP,Empoamento,True,False,0.3214
Ossada Encontrada,Área Rural,3,28,4,2023-02-03 17:39:00,1ª DP,Luz forense/lanterna,False,False,0.1048
Explosão (sem vítima),Pátio,7,31,0,2023-01-02 08:49:00,DHPP (Homicídios),Luz forense/lanterna,True,False,0.3394
Suicídio,Residência,3,80,3,2023-07-22 12:56:00,DCA (Criança e Adolescente),Macrofotografia,False,True,0.3285
Local de Estupro e/ou Veículo Envolvido em Estupro,Via Pública,0,9,2,2023-05-29 23:41:00,2ª DP,"Empoamento, Macrofotografia, Luz forense/lanterna",False,False,0.7193
Marca em Animal,Terreno Baldio,2,5,0,2023-10-18 20:24:00,2ª DP,"Macrofotografia, Luz forense/lanterna, Empoamento",False,False,0.1159
Furto d'água,Hospital,7,28,0,2023-12-24 03:18:00,DHPP (Homicídios),"Empoamento, Luz forense/lanterna",False,False,0.1606
Dano Seguido de Lesão Corporal,Hospital,0,17,0,2023-01-05 03:20:00,1ª DP,"Macrofotografia, Luz forense/lanterna",False,True,0.5357
Infanticídio,Via Pública,3,15,1,2023-05-09 09:39:00,1ª DP,"Luz forense/lanterna, Macrofotografia, Empoamento",False,True,0.8296
Incêndio (sem vítima),Pátio,9,40,0,2023-11-07 11:33:00,DEAM (Mulher),Macrofotografia,True,False,0.2817
Adulteração de Placa e/ou Lacre,Residência,0,22,2,2023-08-07 17:46:00,DEAM (Mulher),"Luz forense/lanterna, Empoamento, Macrofotografia",True,False,0.2763
Infanticídio,Área Rural,5,28,6,2023-04-20 20:07:00,DEAM (Mulher),"Empoamento, Luz forense/lanterna, Macrofotografia",True,True,1.0
Ossada Encontrada,Hospital,0,10,6,2023-08-24 21:00:00,DRFC (Furtos),Luz forense/lanterna,True,False,0.3349
Explosão (com vítima),Estabelecimento Comercial,3,37,0,2023-12-01 05:15:00,3ª DP,"Macrofotografia, Luz forense/lanterna",True,False,0.5445
Extorsão,Hospital,0,26,5,2023-07-08 17:29:00,DCA (Criança e Adolescente),"Luz forense/lanterna, Macrofotografia, Empoamento",True,False,0.502
Aborto,Via Pública,5,5,0,2023-07-04 08:54:00,3ª DP,Macrofotografia,False,True,0.2978
Desmanche de Veículos,Estabelecimento Comercial,1,14,6,2023-02-08 13:14:00,DCA (Criança e Adolescente),"Macrofotografia, Luz forense/lanterna, Empoamento",True,True,0.4642
Abandono de Incapaz,Residência,0,54,0,2023-02-28 08:44:00,2ª DP,"Macrofotografia, Luz forense/lanterna, Empoamento",True,True,0.9652
Exercício Arbitrário das Próprias Razões,Estabelecimento Comercial,3,11,2,2023-11-12 11:52:00,DCA (Criança e Adolescente),Macrofotografia,True,False,0.3041
Estelionato,Residência,0,92,1,2023-01-04 21:11:00,DCA (Criança e Adolescente),Empoamento,True,False,0.2974
Suicídio,DP,5,7,0,2023-10-31 13:00:00,DEAM (Mulher),"Empoamento, Luz forense/lanterna",False,True,0.2791
Receptação,Estabelecimento Comercial,2,32,1,2023-11-06 16:14:00,1ª DP,"Macrofotografia, Empoamento",True,True,0.4195
Explosão (com vítima),Residência,3,9,2,2023-07-16 17:16:00,DCA (Criança e Adolescente),Empoamento,True,True,0.7266
Estelionato,DP,1,24,4,2023-04-04 07:12:00,DRFC (Furtos),"Empoamento, Macrofotografia, Luz forense/lanterna",False,False,0.1269
Violação de Sepultura,Hospital,2,6,1,2023-03-11 02:52:00,3ª DP,Luz forense/lanterna,True,False,0.2888
Dano Seguido de Lesão Corporal,Terreno Baldio,7,33,2,2023-09-22 06:17:00,DRFC (Furtos),"Empoamento, Luz forense/lanterna, Macrofotografia",True,False,0.5608
Violação de Domicílio,Residência,1,10,1,2023-11-17 03:28:00,DCA (Criança e Adolescente),Luz forense/lanterna,True,True,0.433
Disparo de Arma de Fogo,Hospital,12,21,3,2023-08-01 04:15:00,DHPP (Homicídios),Macrofotografia,False,False,0.4024
Morte Aparentemente Natural,DP,1,9,4,2023-11-29 21:27:00,2ª DP,"Luz forense/lanterna, Empoamento",False,False,0.1812
Exercício Arbitrário das Próprias Razões,Terreno Baldio,2,13,0,2023-11-12 11:44:00,DHPP (Homicídios),Macrofotografia,True,True,0.4267
Eletroplessão,Estabelecimento Comercial,2,7,1,2023-02-08 10:14:00,1ª DP,"Macrofotografia, Empoamento",False,True,0.3439
Violação de Sepultura,Residência,1,8,1,2023-07-28 12:55:00,3ª DP,"Luz forense/lanterna, Empoamento",False,False,0.121
Marca em Animal,Área Rural,9,49,0,2023-01-22 23:25:00,DHPP (Homicídios),"Luz forense/lanterna, Empoamento",False,True,0.2916
Feto Encontrado,DP,1,15,1,2023-12-01 08:48:00,DRFC (Furtos),Macrofotografia,True,False,0.8678
Roubo,DP,1,16,0,2023-12-02 01:45:00,DCA (Criança e Adolescente),"Luz forense/lanterna, Macrofotografia",True,False,0.5979
Homicídio,Estabelecimento Comercial,2,7,1,2023-04-24 14:43:00,DHPP (Homicídios),Empoamento,False,False,0.6971
Incêndio (com vítima),Hospital,1,9,2,2023-08-14 18:30:00,DCA (Criança e Adolescente),"Luz forense/lanterna, Macrofotografia",True,True,0.6945
Incêndio (sem vítima),Residência,10,76,0,2023-02-15 16:00:00,DEAM (Mulher),Empoamento,True,False,0.3194
Furto d'água,DP,14,10,1,2023-02-01 04:48:00,DEAM (Mulher),Macrofotografia,False,False,0.1412
Exercício Arbitrário das Próprias Razões,Pátio,0,33,0,2023-01-11 02:16:00,DHPP (Homicídios),"Empoamento, Macrofotografia",False,True,0.3155
Desmanche de Veículos,Via Pública,0,29,1,2023-06-29 04:33:00,DEAM (Mulher),"Empoamento, Luz forense/lanterna",False,True,0.2913
Feminicídio,Hospital,3,27,0,2023-09-14 22:20:00,DEAM (Mulher),"Luz forense/lanterna, Empoamento, Macrofotografia",True,False,0.8758
Incêndio (sem vítima),Estabelecimento Comercial,2,33,6,2023-05-10 11:35:00,3ª DP,"Luz forense/lanterna, Macrofotografia, Empoamento",False,False,0.1892
Tentativa de Suicídio,Terreno Baldio,1,14,0,2023-10-27 22:27:00,3ª DP,"Luz forense/lanterna, Empoamento, Macrofotografia",False,True,0.3269
Suicídio,Terreno Baldio,0,8,0,2023-02-24 11:58:00,DHPP (Homicídios),"Luz forense/lanterna, Macrofotografia, Empoamento",False,False,0.1066
Violação de Domicílio,Terreno Baldio,0,33,0,2023-07-27 06:11:00,3ª DP,"Empoamento, Macrofotografia",False,False,0.1081
Violação de Domicílio,Área Rural,2,57,6,2023-11-27 03:41:00,DEAM (Mulher),"Luz forense/lanterna, Macrofotografia",True,True,0.4281
Veículo Localizado (furtado ou roubado),Residência,4,105,0,2023-06-04 06:25:00,DRFC (Furtos),"Luz forense/lanterna, Empoamento, Macrofotografia",True,False,0.335
Lesão Corporal,DP,0,22,0,2023-01-21 16:08:00,1ª DP,"Empoamento, Macrofotografia",True,False,0.5363
Explosão (sem vítima),Via Pública,2,19,2,2023-11-15 19:46:00,DHPP (Homicídios),"Macrofotografia, Luz forense/lanterna, Empoamento",False,True,0.3052
Tráfico de Entorpecentes,Terreno Baldio,2,38,0,2023-06-04 04:15:00,1ª DP,Luz forense/lanterna,True,False,0.2675
Furto de Energia Elétrica ou Termodinâmica,Pátio,1,25,2,2023-03-18 00:21:00,3ª DP,"Empoamento, Luz forense/lanterna, Macrofotografia",True,False,0.2636
Explosão (sem vítima),Via Pública,0,23,0,2023-08-14 20:10:00,DCA (Criança e Adolescente),Empoamento,True,True,0.4584
Estelionato,Residência,3,7,0,2023-07-06 21:04:00,DRFC (Furtos),"Macrofotografia, Luz forense/lanterna",True,False,0.2818
Extorsão,Pátio,2,7,0,2023-05-14 22:23:00,1ª DP,"Macrofotografia, Luz forense/lanterna, Empoamento",True,True,0.7184
Tentativa de Suicídio,Pátio,4,72,2,2023-06-30 21:08:00,1ª DP,"Empoamento, Macrofotografia, Luz forense/lanterna",True,False,0.2911
Morte Aparentemente Natural,Via Pública,5,10,2,2023-08-06 01:05:00,3ª DP,Macrofotografia,True,False,0.3223
Incêndio (com vítima),Via Pública,0,17,4,2023-06-13 20:31:00,3ª DP,Empoamento,False,False,0.4475
Receptação,Residência,1,10,1,2023-11-25 17:22:00,DEAM (Mulher),"Empoamento, Luz forense/lanterna, Macrofotografia",False,False,0.1342
Incêndio (com vítima),DP,6,17,3,2023-02-20 16:59:00,3ª DP,Empoamento,False,True,0.5727
Aborto,DP,1,12,3,2023-07-28 22:36:00,1ª DP,Empoamento,False,True,0.3429
Violação de Domicílio,Residência,3,11,5,2023-05-29 10:21:00,DHPP (Homicídios),"Empoamento, Macrofotografia, Luz forense/lanterna",False,False,0.1634
Feto Encontrado,Área Rural,7,9,7,2023-10-19 18:26:00,DEAM (Mulher),"Luz forense/lanterna, Macrofotografia, Empoamento",True,False,0.8042
Exercício Arbitrário das Próprias Razões,Área Rural,3,15,1,2023-12-05 15:45:00,DHPP (Homicídios),"Macrofotografia, Luz forense/lanterna",False,True,0.3347
Cadáver Encontrado,Terreno Baldio,0,6,3,2023-11-03 17:00:00,DEAM (Mulher),Luz forense/lanterna,False,False,0.1902
Eletroplessão,Área Rural,1,15,0,2023-06-01 14:00:00,DCA (Criança e Adolescente),"Empoamento, Luz forense/lanterna",False,False,0.1687
Morte Aparentemente Natural,Terreno Baldio,5,20,1,2023-03-12 19:01:00,DEAM (Mulher),"Luz forense/lanterna, Empoamento, Macrofotografia",True,True,0.4766
Marca em Animal,Estabelecimento Comercial,0,19,1,2023-01-20 09:43:00,1ª DP,"Luz forense/lanterna, Empoamento, Macrofotografia",False,False,0.1654
Furto d'água,Área Rural,1,10,0,2023-06-11 10:31:00,DEAM (Mulher),Macrofotografia,True,True,0.4395
Maus Tratos de Animal,Residência,0,44,0,2023-04-23 06:10:00,1ª DP,Luz forense/lanterna,True,False,0.2663
Local de Estupro e/ou Veículo Envolvido em Estupro,Estabelecimento Comercial,0,19,0,2023-08-02 02:48:00,DEAM (Mulher),"Empoamento, Macrofotografia",False,False,0.6567
Tráfico de Entorpecentes,Terreno Baldio,4,26,0,2023-01-27 11:51:00,3ª DP,Macrofotografia,True,True,0.4705
Homicídio,Estabelecimento Comercial,0,15,4,2023-11-24 21:39:00,DRFC (Furtos),"Empoamento, Macrofotografia",False,False,0.6601
Furto de Energia Elétrica ou Termodinâmica,Residência,3,16,1,2023-05-26 15:35:00,DEAM (Mulher),Empoamento,False,False,0.191
Estelionato,Via Pública,5,137,1,2023-04-14 05:15:00,2ª DP,Macrofotografia,False,False,0.1854
Adulteração de Placa e/ou Lacre,Estabelecimento Comercial,4,19,2,2023-06-30 10:15:00,DEAM (Mulher),"Luz forense/lanterna, Empoamento",True,False,0.3448
Furto de Energia Elétrica ou Termodinâmica,Via Pública,4,75,8,2023-09-04 03:24:00,2ª DP,"Empoamento, Luz forense/lanterna",False,False,0.1677
Eletroplessão,Via Pública,5,8,1,2023-12-30 01:16:00,DCA (Criança e Adolescente),"Luz forense/lanterna, Macrofotografia",True,True,0.4866
Latrocínio e/ou Tentativa de Latrocínio,DP,1,18,0,2023-09-21 01:14:00,3ª DP,Macrofotografia,False,False,0.7343
Afogamento,Hospital,1,15,0,2023-04-25 21:53:00,DCA (Criança e Adolescente),"Macrofotografia, Luz forense/lanterna, Empoamento",True,True,0.4323
Veículo Localizado (furtado ou roubado),Via Pública,4,24,0,2023-04-30 18:11:00,DCA (Criança e Adolescente),"Luz forense/lanterna, Empoamento, Macrofotografia",False,False,0.1543
Incêndio (sem vítima),Estabelecimento Comercial,6,20,1,2023-03-04 16:07:00,DCA (Criança e Adolescente),Luz forense/lanterna,True,False,0.3102
Explosão (com vítima),Via Pública,0,14,2,2023-11-20 15:48:00,DEAM (Mulher),"Macrofotografia, Luz forense/lanterna",False,True,0.5473
Furto,Estabelecimento Comercial,0,11,0,2023-11-18 17:06:00,DEAM (Mulher),Empoamento,True,True,0.4893
Homicídio,Estabelecimento Comercial,3,66,3,2023-09-09 03:32:00,DEAM (Mulher),"Empoamento, Macrofotografia, Luz forense/lanterna",False,True,0.8312
Ameaça,Via Pública,2,27,2,2023-03-19 10:59:00,1ª DP,"Empoamento, Luz forense/lanterna",False,False,0.1743
Veículo Localizado (furtado ou roubado),Via Pública,3,23,2,2023-11-28 08:39:00,2ª DP,"Empoamento, Macrofotografia, Luz forense/lanterna",True,True,0.4197
Furto de Energia Elétrica ou Termodinâmica,Hospital,5,5,0,2023-01-07 13:44:00,DRFC (Furtos),Macrofotografia,False,True,0.2581
Veículo Localizado (furtado ou roubado),Hospital,0,22,2,2023-02-26 09:02:00,DHPP (Homicídios),"Macrofotografia, Empoamento, Luz forense/lanterna",False,False,0.1077
Violação de Sepultura,DP,0,54,1,2023-02-09 15:38:00,DEAM (Mulher),"Luz forense/lanterna, Macrofotografia",True,False,0.2737
Feto Encontrado,Área Rural,2,54,1,2023-07-09 16:48:00,1ª DP,"Empoamento, Luz forense/lanterna, Macrofotografia",True,False,0.8792
Explosão (com vítima),Hospital,2,7,3,2023-09-01 12:41:00,DCA (Criança e Adolescente),"Macrofotografia, Luz forense/lanterna",True,True,0.718
Homicídio,DP,3,6,3,2023-09-08 07:50:00,DHPP (Homicídios),"Macrofotografia, Empoamento, Luz forense/lanterna",True,True,0.9625
Tentativa de Homicídio,Terreno Baldio,1,11,5,2023-07-01 23:11:00,3ª DP,Empoamento,False,True,0.8531
Abandono de Incapaz,Pátio,1,9,0,2023-02-09 02:41:00,DEAM (Mulher),Macrofotografia,False,False,0.7121
Ossada Encontrada,DP,4,23,0,2023-12-17 03:54:00,DHPP (Homicídios),"Macrofotografia, Empoamento, Luz forense/lanterna",True,False,0.2625
Furto de Energia Elétrica ou Termodinâmica,Área Rural,3,7,1,2023-03-03 01:29:00,DCA (Criança e Adolescente),Luz forense/lanterna,False,True,0.3437
Violação de Domicílio,Via Pública,0,9,3,2023-01-12 10:38:00,3ª DP,"Macrofotografia, Empoamento",True,True,0.4302
Estelionato,Estabelecimento Comercial,7,49,2,2023-09-21 02:09:00,DEAM (Mulher),Luz forense/lanterna,False,False,0.1063
Incêndio (sem vítima),Hospital,4,21,1,2023-01-17 14:38:00,2ª DP,"Luz forense/lanterna, Empoamento",True,True,0.4753
Veículo Localizado (furtado ou roubado),Pátio,2,7,0,2023-02-23 19:41:00,DHPP (Homicídios),"Macrofotografia, Empoamento, Luz forense/lanterna",False,False,0.1027
Explosão (sem vítima),Pátio,1,11,4,2023-08-18 07:47:00,DCA (Criança e Adolescente),"Macrofotografia, Luz forense/lanterna, Empoamento",True,True,0.4699
Extorsão,Residência,1,57,1,2023-06-13 02:45:00,DHPP (Homicídios),Luz forense/lanterna,True,True,0.744
Incêndio (com vítima),Hospital,6,17,1,2023-05-19 10:56:00,DEAM (Mulher),"Empoamento, Macrofotografia",True,False,0.5652
Pichação,Estabelecimento Comercial,5,8,0,2023-02-08 21:11:00,DCA (Criança e Adolescente),"Macrofotografia, Luz forense/lanterna",True,True,0.4207
Maus Tratos de Animal,Residência,7,5,0,2023-07-24 06:43:00,3ª DP,Macrofotografia,True,False,0.2709
Receptação,Estabelecimento Comercial,3,13,0,2023-01-04 04:52:00,DHPP (Homicídios),"Macrofotografia, Empoamento",False,False,0.1433
Tráfico de Entorpecentes,Residência,3,15,0,2023-12-21 10:28:00,3ª DP,"Empoamento, Macrofotografia",False,False,0.1082
Afogamento,Residência,5,35,0,2023-05-12 13:31:00,3ª DP,Empoamento,False,False,0.1356
Afogamento,Terreno Baldio,2,6,0,2023-01-19 07:18:00,DRFC (Furtos),"Empoamento, Macrofotografia",False,True,0.2823
Tentativa de Suicídio,Área Rural,4,16,3,2023-07-05 13:11:00,3ª DP,"Luz forense/lanterna, Empoamento",False,False,0.1083
Dano Seguido de Lesão Corporal,Terreno Baldio,1,43,5,2023-11-30 03:30:00,3ª DP,Luz forense/lanterna,True,False,0.5147
Desmanche de Veículos,Área Rural,1,14,2,2023-04-02 03:28:00,3ª DP,"Empoamento, Macrofotografia, Luz forense/lanterna",False,True,0.2945
Marca em Animal,Área Rural,3,24,1,2023-10-08 01:57:00,DHPP (Homicídios),Empoamento,True,True,0.4379
Estelionato,Hospital,11,6,0,2023-02-20 07:23:00,2ª DP,"Luz forense/lanterna, Empoamento",False,False,0.1926
Furto,Terreno Baldio,6,22,1,2023-03-11 17:47:00,2ª DP,"Luz forense/lanterna, Macrofotografia, Empoamento",False,False,0.1866
Ossada Encontrada,Hospital,0,10,1,2023-07-03 17:38:00,1ª DP,"Empoamento, Macrofotografia, Luz forense/lanterna",False,True,0.3212
Explosão (com vítima),DP,0,17,1,2023-09-04 00:02:00,3ª DP,"Macrofotografia, Empoamento, Luz forense/lanterna",False,True,0.5044
Aborto,Residência,0,78,0,2023-06-12 08:36:00,DCA (Criança e Adolescente),"Empoamento, Macrofotografia, Luz forense/lanterna",False,False,0.1255
Adulteração de Placa e/ou Lacre,Pátio,3,6,0,2023-01-15 03:44:00,2ª DP,Luz forense/lanterna,True,True,0.4958
Feto Encontrado,Terreno Baldio,2,25,1,2023-12-03 14:30:00,DEAM (Mulher),Empoamento,True,False,0.8591
Aborto,Via Pública,0,7,2,2023-04-05 15:25:00,DCA (Criança e Adolescente),"Luz forense/lanterna, Empoamento, Macrofotografia",True,True,0.446
Lesão Corporal,Residência,9,35,0,2023-06-10 18:07:00,DCA (Criança e Adolescente),Empoamento,True,True,0.736
Disparo de Arma de Fogo,Residência,0,11,1,2023-02-02 20:07:00,2ª DP,"Empoamento, Macrofotografia",True,False,0.5135
Marca em Animal,Hospital,6,27,0,2023-12-05 03:24:00,1ª DP,"Empoamento, Macrofotografia",True,False,0.3004
Lesão Corporal,Área Rural,5,29,2,2023-05-28 02:19:00,DCA (Criança e Adolescente),"Empoamento, Luz forense/lanterna, Macrofotografia",True,False,0.5576
Furto de Energia Elétrica ou Termodinâmica,Residência,0,13,3,2023-10-01 15:34:00,2ª DP,"Macrofotografia, Empoamento",True,True,0.4414
Desmanche de Veículos,Terreno Baldio,0,33,2,2023-10-30 01:22:00,DHPP (Homicídios),"Luz forense/lanterna, Macrofotografia",False,False,0.1224
Feto Encontrado,Área Rural,22,28,1,2023-07-31 01:22:00,DRFC (Furtos),"Empoamento, Luz forense/lanterna, Macrofotografia",True,False,0.8239
Receptação,Estabelecimento Comercial,0,7,4,2023-12-14 09:18:00,3ª DP,"Empoamento, Luz forense/lanterna",False,False,0.1543
Explosão (com vítima),Estabelecimento Comercial,0,14,0,2023-09-21 03:54:00,3ª DP,"Empoamento, Luz forense/lanterna",True,True,0.7483
Explosão (sem vítima),Área Rural,8,13,1,2023-11-13 02:51:00,DRFC (Furtos),"Empoamento, Macrofotografia",False,False,0.1143
Violação de Domicílio,Hospital,3,26,6,2023-07-20 09:53:00,2ª DP,"Macrofotografia, Luz forense/lanterna",True,False,0.3385
Receptação,DP,0,38,1,2023-08-17 08:26:00,DRFC (Furtos),Macrofotografia,True,True,0.484
Roubo,DP,0,22,1,2023-07-06 11:25:00,2ª DP,Luz forense/lanterna,True,True,0.7182
Marca em Animal,Via Pública,8,38,0,2023-01-28 21:12:00,DEAM (Mulher),"Macrofotografia, Empoamento",False,False,0.1081
Lesão Corporal,Hospital,1,53,5,2023-01-12 08:33:00,2ª DP,Luz forense/lanterna,True,True,0.7116
Afogamento,Residência,5,10,0,2023-02-23 22:06:00,3ª DP,"Luz forense/lanterna, Macrofotografia",False,False,0.1241
Veículo Localizado (furtado ou roubado),Hospital,1,19,1,2023-11-22 13:01:00,DHPP (Homicídios),"Macrofotografia, Luz forense/lanterna, Empoamento",True,True,0.4052
Adulteração de Placa e/ou Lacre,Estabelecimento Comercial,7,11,1,2023-01-17 12:03:00,2ª DP,"Luz forense/lanterna, Macrofotografia",False,False,0.1278
Furto d'água,Terreno Baldio,2,33,3,2023-09-30 21:06:00,DHPP (Homicídios),"Empoamento, Macrofotografia, Luz forense/lanterna",True,False,0.3213
Dano Seguido de Lesão Corporal,DP,5,63,0,2023-07-13 04:33:00,2ª DP,"Luz forense/lanterna, Empoamento, Macrofotografia",True,True,0.7475
Dano Seguido de Lesão Corporal,Terreno Baldio,5,5,0,2023-11-21 14:55:00,1ª DP,"Macrofotografia, Empoamento, Luz forense/lanterna",True,False,0.5007
Explosão (sem vítima),Via Pública,1,21,0,2023-07-30 16:42:00,DRFC (Furtos),"Empoamento, Macrofotografia, Luz forense/lanterna",True,False,0.3262
Tráfico de Entorpecentes,Terreno Baldio,0,7,0,2023-02-06 00:06:00,3ª DP,"Empoamento, Luz forense/lanterna, Macrofotografia",False,True,0.2998
Feto Encontrado,Terreno Baldio,1,43,1,2023-11-10 21:39:00,DHPP (Homicídios),Empoamento,True,True,1.0
Explosão (sem vítima),Estabelecimento Comercial,13,37,0,2023-11-26 07:19:00,DEAM (Mulher),"Luz forense/lanterna, Empoamento, Macrofotografia",True,False,0.2917
Feminicídio,Terreno Baldio,2,23,3,2023-03-02 22:17:00,DRFC (Furtos),Luz forense/lanterna,True,True,1.0
Maus Tratos de Animal,Residência,2,7,0,2023-06-18 02:59:00,2ª DP,"Empoamento, Luz forense/lanterna, Macrofotografia",False,False,0.1813
Exercício Arbitrário das Próprias Razões,DP,1,6,2,2023-07-27 06:40:00,3ª DP,"Luz forense/lanterna, Macrofotografia, Empoamento",False,False,0.1806
Tentativa de Homicídio,Terreno Baldio,5,25,1,2023-04-08 00:54:00,DEAM (Mulher),Empoamento,False,True,0.8436
Pichação,Terreno Baldio,9,18,0,2024-01-01 16:34:00,DHPP (Homicídios),"Macrofotografia, Empoamento, Luz forense/lanterna",False,False,0.1716
Furto de Energia Elétrica ou Termodinâmica,Residência,1,33,2,2023-08-17 16:30:00,1ª DP,"Macrofotografia, Luz forense/lanterna, Empoamento",False,False,0.1174
Exercício Arbitrário das Próprias Razões,Área Rural,1,25,0,2023-06-29 14:42:00,2ª DP,Macrofotografia,False,True,0.327
